2026-01-07.18:34:06.057|A|START log
2026-01-07.18:34:06.057|A|Platform use LITTLE_ENDIAN coding
2026-01-07.18:34:06.058|A|Integer32 Type size is: 8
2026-01-07.18:34:06.058|A|Integer64 Type size is: 8
2026-01-07.18:34:06.058|A|Configuration data:
                       | |option_log_file  [logs/radius-auth-client.log]
                       | |option_conf_file [config/radius/conf.auth-client.xml]
                       | |option_dico_file [config/radius/radius-dictionary.xml]
                       | |option_scen_file [scenario/radius/radius-auth.client.xml]
                       | |log_stat_file    [../logs/radius-auth-client-stat.csv]
                       | |option_log_level [ET]
                       | |option_bg_mode   [false]
                       | |call_rate        [1]
                       | |burst_limit      [0]
                       | |max_send         [200]
                       | |max_receive      [200]
                       | |select_timeout   [50]
                       | |max_simult_calls [2000]
                       | |call_timeout_ms  [10000]
                       | |msg_buffer_size  [4096]
                       | |display_period   [1]
                       | |log_stat_period  [1]
                       | |resp_time_repart [50,75,100,150,300,5000]
                       | |number_calls     [0]
                       | |notimelog        [false]
                       | |msg check        [false]
                       | |msg check mask   [P]
                       | |check behaviour  [warning]
                       | |call rate scale  [1]
                       | |model traffic    [best-effort]
                       | |external data file    [none]
                       | |external data select  [sequential]
2026-01-07.18:34:06.062|A|PID [515585]
2026-01-07.18:34:06.113|E|The value of the field [Authenticator] is not set
2026-01-07.18:34:06.113|T|Error while sending [[Access-Request
                       |M|[Code] = [ 1]
                       |M|[Identifier] = [ 1]
                       |M|[Length] = [ 0]
                       |M|[Authenticator] = [  NULL(empty)]
                       |M| [User-Name
                       |M| (Attr-Type = 1)] = [
                       |M| 75 73 65 72 31 30 30 31 40 65 78 61 6d 70 6c 65 
                       |M| 2e 63 6f 6d 
                       |M| ]
                       |M| [User-Password
                       |M| (Attr-Type = 2)] = [
                       |M| 70 61 73 73 77 6f 72 64 31 32 33 
                       |M| ]
                       |M| [NAS-IP-Address
                       |M| (Attr-Type = 4)] = [2130706433]
                       |M| [NAS-Port
                       |M| (Attr-Type = 5)] = [0]
                       |M| [Service-Type
                       |M| (Attr-Type = 6)] = [2]
                       |M| [NAS-Identifier
                       |M| (Attr-Type = 32)] = [
                       |M| 73 65 61 67 75 6c 6c 2d 74 65 73 74 2d 6e 61 73 
                       |M| ]
                       |M| [Called-Station-Id
                       |M| (Attr-Type = 30)] = [
                       |M| 30 30 2d 31 31 2d 32 32 2d 33 33 2d 34 34 2d 35 
                       |M| 35 
                       |M| ]
                       |M| [Calling-Station-Id
                       |M| (Attr-Type = 31)] = [
                       |M| 41 41 2d 42 42 2d 43 43 2d 44 44 2d 45 45 2d 46 
                       |M| 46 
                       |M| ]
                       |M|]]
2026-01-07.18:34:06.114|T|Send error on call with session-id [0]
2026-01-07.18:34:06.114|T|Execution error on call with session-id [0]
2026-01-07.18:34:07.068|E|The value of the field [Authenticator] is not set
2026-01-07.18:34:07.068|T|Error while sending [[Access-Request
                       |M|[Code] = [ 1]
                       |M|[Identifier] = [ 2]
                       |M|[Length] = [ 0]
                       |M|[Authenticator] = [  NULL(empty)]
                       |M| [User-Name
                       |M| (Attr-Type = 1)] = [
                       |M| 75 73 65 72 31 30 30 32 40 65 78 61 6d 70 6c 65 
                       |M| 2e 63 6f 6d 
                       |M| ]
                       |M| [User-Password
                       |M| (Attr-Type = 2)] = [
                       |M| 70 61 73 73 77 6f 72 64 31 32 33 
                       |M| ]
                       |M| [NAS-IP-Address
                       |M| (Attr-Type = 4)] = [2130706433]
                       |M| [NAS-Port
                       |M| (Attr-Type = 5)] = [0]
                       |M| [Service-Type
                       |M| (Attr-Type = 6)] = [2]
                       |M| [NAS-Identifier
                       |M| (Attr-Type = 32)] = [
                       |M| 73 65 61 67 75 6c 6c 2d 74 65 73 74 2d 6e 61 73 
                       |M| ]
                       |M| [Called-Station-Id
                       |M| (Attr-Type = 30)] = [
                       |M| 30 30 2d 31 31 2d 32 32 2d 33 33 2d 34 34 2d 35 
                       |M| 35 
                       |M| ]
                       |M| [Calling-Station-Id
                       |M| (Attr-Type = 31)] = [
                       |M| 41 41 2d 42 42 2d 43 43 2d 44 44 2d 45 45 2d 46 
                       |M| 46 
                       |M| ]
                       |M|]]
2026-01-07.18:34:07.069|T|Send error on call with session-id [0]
2026-01-07.18:34:07.069|T|Execution error on call with session-id [0]
2026-01-07.18:34:08.073|E|The value of the field [Authenticator] is not set
2026-01-07.18:34:08.073|T|Error while sending [[Access-Request
                       |M|[Code] = [ 1]
                       |M|[Identifier] = [ 3]
                       |M|[Length] = [ 0]
                       |M|[Authenticator] = [  NULL(empty)]
                       |M| [User-Name
                       |M| (Attr-Type = 1)] = [
                       |M| 75 73 65 72 31 30 30 33 40 65 78 61 6d 70 6c 65 
                       |M| 2e 63 6f 6d 
                       |M| ]
                       |M| [User-Password
                       |M| (Attr-Type = 2)] = [
                       |M| 70 61 73 73 77 6f 72 64 31 32 33 
                       |M| ]
                       |M| [NAS-IP-Address
                       |M| (Attr-Type = 4)] = [2130706433]
                       |M| [NAS-Port
                       |M| (Attr-Type = 5)] = [0]
                       |M| [Service-Type
                       |M| (Attr-Type = 6)] = [2]
                       |M| [NAS-Identifier
                       |M| (Attr-Type = 32)] = [
                       |M| 73 65 61 67 75 6c 6c 2d 74 65 73 74 2d 6e 61 73 
                       |M| ]
                       |M| [Called-Station-Id
                       |M| (Attr-Type = 30)] = [
                       |M| 30 30 2d 31 31 2d 32 32 2d 33 33 2d 34 34 2d 35 
                       |M| 35 
                       |M| ]
                       |M| [Calling-Station-Id
                       |M| (Attr-Type = 31)] = [
                       |M| 41 41 2d 42 42 2d 43 43 2d 44 44 2d 45 45 2d 46 
                       |M| 46 
                       |M| ]
                       |M|]]
2026-01-07.18:34:08.074|T|Send error on call with session-id [0]
2026-01-07.18:34:08.074|T|Execution error on call with session-id [0]
2026-01-07.18:34:09.079|E|The value of the field [Authenticator] is not set
2026-01-07.18:34:09.079|T|Error while sending [[Access-Request
                       |M|[Code] = [ 1]
                       |M|[Identifier] = [ 4]
                       |M|[Length] = [ 0]
                       |M|[Authenticator] = [  NULL(empty)]
                       |M| [User-Name
                       |M| (Attr-Type = 1)] = [
                       |M| 75 73 65 72 31 30 30 34 40 65 78 61 6d 70 6c 65 
                       |M| 2e 63 6f 6d 
                       |M| ]
                       |M| [User-Password
                       |M| (Attr-Type = 2)] = [
                       |M| 70 61 73 73 77 6f 72 64 31 32 33 
                       |M| ]
                       |M| [NAS-IP-Address
                       |M| (Attr-Type = 4)] = [2130706433]
                       |M| [NAS-Port
                       |M| (Attr-Type = 5)] = [0]
                       |M| [Service-Type
                       |M| (Attr-Type = 6)] = [2]
                       |M| [NAS-Identifier
                       |M| (Attr-Type = 32)] = [
                       |M| 73 65 61 67 75 6c 6c 2d 74 65 73 74 2d 6e 61 73 
                       |M| ]
                       |M| [Called-Station-Id
                       |M| (Attr-Type = 30)] = [
                       |M| 30 30 2d 31 31 2d 32 32 2d 33 33 2d 34 34 2d 35 
                       |M| 35 
                       |M| ]
                       |M| [Calling-Station-Id
                       |M| (Attr-Type = 31)] = [
                       |M| 41 41 2d 42 42 2d 43 43 2d 44 44 2d 45 45 2d 46 
                       |M| 46 
                       |M| ]
                       |M|]]
2026-01-07.18:34:09.079|T|Send error on call with session-id [0]
2026-01-07.18:34:09.079|T|Execution error on call with session-id [0]
2026-01-07.18:34:10.085|E|The value of the field [Authenticator] is not set
2026-01-07.18:34:10.086|T|Error while sending [[Access-Request
                       |M|[Code] = [ 1]
                       |M|[Identifier] = [ 5]
                       |M|[Length] = [ 0]
                       |M|[Authenticator] = [  NULL(empty)]
                       |M| [User-Name
                       |M| (Attr-Type = 1)] = [
                       |M| 75 73 65 72 31 30 30 35 40 65 78 61 6d 70 6c 65 
                       |M| 2e 63 6f 6d 
                       |M| ]
                       |M| [User-Password
                       |M| (Attr-Type = 2)] = [
                       |M| 70 61 73 73 77 6f 72 64 31 32 33 
                       |M| ]
                       |M| [NAS-IP-Address
                       |M| (Attr-Type = 4)] = [2130706433]
                       |M| [NAS-Port
                       |M| (Attr-Type = 5)] = [0]
                       |M| [Service-Type
                       |M| (Attr-Type = 6)] = [2]
                       |M| [NAS-Identifier
                       |M| (Attr-Type = 32)] = [
                       |M| 73 65 61 67 75 6c 6c 2d 74 65 73 74 2d 6e 61 73 
                       |M| ]
                       |M| [Called-Station-Id
                       |M| (Attr-Type = 30)] = [
                       |M| 30 30 2d 31 31 2d 32 32 2d 33 33 2d 34 34 2d 35 
                       |M| 35 
                       |M| ]
                       |M| [Calling-Station-Id
                       |M| (Attr-Type = 31)] = [
                       |M| 41 41 2d 42 42 2d 43 43 2d 44 44 2d 45 45 2d 46 
                       |M| 46 
                       |M| ]
                       |M|]]
2026-01-07.18:34:10.086|T|Send error on call with session-id [0]
2026-01-07.18:34:10.086|T|Execution error on call with session-id [0]
2026-01-07.18:34:11.089|E|The value of the field [Authenticator] is not set
2026-01-07.18:34:11.089|T|Error while sending [[Access-Request
                       |M|[Code] = [ 1]
                       |M|[Identifier] = [ 6]
                       |M|[Length] = [ 0]
                       |M|[Authenticator] = [  NULL(empty)]
                       |M| [User-Name
                       |M| (Attr-Type = 1)] = [
                       |M| 75 73 65 72 31 30 30 36 40 65 78 61 6d 70 6c 65 
                       |M| 2e 63 6f 6d 
                       |M| ]
                       |M| [User-Password
                       |M| (Attr-Type = 2)] = [
                       |M| 70 61 73 73 77 6f 72 64 31 32 33 
                       |M| ]
                       |M| [NAS-IP-Address
                       |M| (Attr-Type = 4)] = [2130706433]
                       |M| [NAS-Port
                       |M| (Attr-Type = 5)] = [0]
                       |M| [Service-Type
                       |M| (Attr-Type = 6)] = [2]
                       |M| [NAS-Identifier
                       |M| (Attr-Type = 32)] = [
                       |M| 73 65 61 67 75 6c 6c 2d 74 65 73 74 2d 6e 61 73 
                       |M| ]
                       |M| [Called-Station-Id
                       |M| (Attr-Type = 30)] = [
                       |M| 30 30 2d 31 31 2d 32 32 2d 33 33 2d 34 34 2d 35 
                       |M| 35 
                       |M| ]
                       |M| [Calling-Station-Id
                       |M| (Attr-Type = 31)] = [
                       |M| 41 41 2d 42 42 2d 43 43 2d 44 44 2d 45 45 2d 46 
                       |M| 46 
                       |M| ]
                       |M|]]
2026-01-07.18:34:11.089|T|Send error on call with session-id [0]
2026-01-07.18:34:11.089|T|Execution error on call with session-id [0]
2026-01-07.18:34:12.093|E|The value of the field [Authenticator] is not set
2026-01-07.18:34:12.093|T|Error while sending [[Access-Request
                       |M|[Code] = [ 1]
                       |M|[Identifier] = [ 7]
                       |M|[Length] = [ 0]
                       |M|[Authenticator] = [  NULL(empty)]
                       |M| [User-Name
                       |M| (Attr-Type = 1)] = [
                       |M| 75 73 65 72 31 30 30 37 40 65 78 61 6d 70 6c 65 
                       |M| 2e 63 6f 6d 
                       |M| ]
                       |M| [User-Password
                       |M| (Attr-Type = 2)] = [
                       |M| 70 61 73 73 77 6f 72 64 31 32 33 
                       |M| ]
                       |M| [NAS-IP-Address
                       |M| (Attr-Type = 4)] = [2130706433]
                       |M| [NAS-Port
                       |M| (Attr-Type = 5)] = [0]
                       |M| [Service-Type
                       |M| (Attr-Type = 6)] = [2]
                       |M| [NAS-Identifier
                       |M| (Attr-Type = 32)] = [
                       |M| 73 65 61 67 75 6c 6c 2d 74 65 73 74 2d 6e 61 73 
                       |M| ]
                       |M| [Called-Station-Id
                       |M| (Attr-Type = 30)] = [
                       |M| 30 30 2d 31 31 2d 32 32 2d 33 33 2d 34 34 2d 35 
                       |M| 35 
                       |M| ]
                       |M| [Calling-Station-Id
                       |M| (Attr-Type = 31)] = [
                       |M| 41 41 2d 42 42 2d 43 43 2d 44 44 2d 45 45 2d 46 
                       |M| 46 
                       |M| ]
                       |M|]]
2026-01-07.18:34:12.094|T|Send error on call with session-id [0]
2026-01-07.18:34:12.094|T|Execution error on call with session-id [0]
2026-01-07.18:34:13.097|E|The value of the field [Authenticator] is not set
2026-01-07.18:34:13.097|T|Error while sending [[Access-Request
                       |M|[Code] = [ 1]
                       |M|[Identifier] = [ 8]
                       |M|[Length] = [ 0]
                       |M|[Authenticator] = [  NULL(empty)]
                       |M| [User-Name
                       |M| (Attr-Type = 1)] = [
                       |M| 75 73 65 72 31 30 30 38 40 65 78 61 6d 70 6c 65 
                       |M| 2e 63 6f 6d 
                       |M| ]
                       |M| [User-Password
                       |M| (Attr-Type = 2)] = [
                       |M| 70 61 73 73 77 6f 72 64 31 32 33 
                       |M| ]
                       |M| [NAS-IP-Address
                       |M| (Attr-Type = 4)] = [2130706433]
                       |M| [NAS-Port
                       |M| (Attr-Type = 5)] = [0]
                       |M| [Service-Type
                       |M| (Attr-Type = 6)] = [2]
                       |M| [NAS-Identifier
                       |M| (Attr-Type = 32)] = [
                       |M| 73 65 61 67 75 6c 6c 2d 74 65 73 74 2d 6e 61 73 
                       |M| ]
                       |M| [Called-Station-Id
                       |M| (Attr-Type = 30)] = [
                       |M| 30 30 2d 31 31 2d 32 32 2d 33 33 2d 34 34 2d 35 
                       |M| 35 
                       |M| ]
                       |M| [Calling-Station-Id
                       |M| (Attr-Type = 31)] = [
                       |M| 41 41 2d 42 42 2d 43 43 2d 44 44 2d 45 45 2d 46 
                       |M| 46 
                       |M| ]
                       |M|]]
2026-01-07.18:34:13.098|T|Send error on call with session-id [0]
2026-01-07.18:34:13.098|T|Execution error on call with session-id [0]
2026-01-07.18:34:14.101|E|The value of the field [Authenticator] is not set
2026-01-07.18:34:14.101|T|Error while sending [[Access-Request
                       |M|[Code] = [ 1]
                       |M|[Identifier] = [ 9]
                       |M|[Length] = [ 0]
                       |M|[Authenticator] = [  NULL(empty)]
                       |M| [User-Name
                       |M| (Attr-Type = 1)] = [
                       |M| 75 73 65 72 31 30 30 39 40 65 78 61 6d 70 6c 65 
                       |M| 2e 63 6f 6d 
                       |M| ]
                       |M| [User-Password
                       |M| (Attr-Type = 2)] = [
                       |M| 70 61 73 73 77 6f 72 64 31 32 33 
                       |M| ]
                       |M| [NAS-IP-Address
                       |M| (Attr-Type = 4)] = [2130706433]
                       |M| [NAS-Port
                       |M| (Attr-Type = 5)] = [0]
                       |M| [Service-Type
                       |M| (Attr-Type = 6)] = [2]
                       |M| [NAS-Identifier
                       |M| (Attr-Type = 32)] = [
                       |M| 73 65 61 67 75 6c 6c 2d 74 65 73 74 2d 6e 61 73 
                       |M| ]
                       |M| [Called-Station-Id
                       |M| (Attr-Type = 30)] = [
                       |M| 30 30 2d 31 31 2d 32 32 2d 33 33 2d 34 34 2d 35 
                       |M| 35 
                       |M| ]
                       |M| [Calling-Station-Id
                       |M| (Attr-Type = 31)] = [
                       |M| 41 41 2d 42 42 2d 43 43 2d 44 44 2d 45 45 2d 46 
                       |M| 46 
                       |M| ]
                       |M|]]
2026-01-07.18:34:14.102|T|Send error on call with session-id [0]
2026-01-07.18:34:14.102|T|Execution error on call with session-id [0]
2026-01-07.18:34:15.105|E|The value of the field [Authenticator] is not set
2026-01-07.18:34:15.105|T|Error while sending [[Access-Request
                       |M|[Code] = [ 1]
                       |M|[Identifier] = [ 10]
                       |M|[Length] = [ 0]
                       |M|[Authenticator] = [  NULL(empty)]
                       |M| [User-Name
                       |M| (Attr-Type = 1)] = [
                       |M| 75 73 65 72 31 30 31 30 40 65 78 61 6d 70 6c 65 
                       |M| 2e 63 6f 6d 
                       |M| ]
                       |M| [User-Password
                       |M| (Attr-Type = 2)] = [
                       |M| 70 61 73 73 77 6f 72 64 31 32 33 
                       |M| ]
                       |M| [NAS-IP-Address
                       |M| (Attr-Type = 4)] = [2130706433]
                       |M| [NAS-Port
                       |M| (Attr-Type = 5)] = [0]
                       |M| [Service-Type
                       |M| (Attr-Type = 6)] = [2]
                       |M| [NAS-Identifier
                       |M| (Attr-Type = 32)] = [
                       |M| 73 65 61 67 75 6c 6c 2d 74 65 73 74 2d 6e 61 73 
                       |M| ]
                       |M| [Called-Station-Id
                       |M| (Attr-Type = 30)] = [
                       |M| 30 30 2d 31 31 2d 32 32 2d 33 33 2d 34 34 2d 35 
                       |M| 35 
                       |M| ]
                       |M| [Calling-Station-Id
                       |M| (Attr-Type = 31)] = [
                       |M| 41 41 2d 42 42 2d 43 43 2d 44 44 2d 45 45 2d 46 
                       |M| 46 
                       |M| ]
                       |M|]]
2026-01-07.18:34:15.106|T|Send error on call with session-id [0]
2026-01-07.18:34:15.106|T|Execution error on call with session-id [0]
2026-01-07.18:34:16.109|E|The value of the field [Authenticator] is not set
2026-01-07.18:34:16.109|T|Error while sending [[Access-Request
                       |M|[Code] = [ 1]
                       |M|[Identifier] = [ 11]
                       |M|[Length] = [ 0]
                       |M|[Authenticator] = [  NULL(empty)]
                       |M| [User-Name
                       |M| (Attr-Type = 1)] = [
                       |M| 75 73 65 72 31 30 31 31 40 65 78 61 6d 70 6c 65 
                       |M| 2e 63 6f 6d 
                       |M| ]
                       |M| [User-Password
                       |M| (Attr-Type = 2)] = [
                       |M| 70 61 73 73 77 6f 72 64 31 32 33 
                       |M| ]
                       |M| [NAS-IP-Address
                       |M| (Attr-Type = 4)] = [2130706433]
                       |M| [NAS-Port
                       |M| (Attr-Type = 5)] = [0]
                       |M| [Service-Type
                       |M| (Attr-Type = 6)] = [2]
                       |M| [NAS-Identifier
                       |M| (Attr-Type = 32)] = [
                       |M| 73 65 61 67 75 6c 6c 2d 74 65 73 74 2d 6e 61 73 
                       |M| ]
                       |M| [Called-Station-Id
                       |M| (Attr-Type = 30)] = [
                       |M| 30 30 2d 31 31 2d 32 32 2d 33 33 2d 34 34 2d 35 
                       |M| 35 
                       |M| ]
                       |M| [Calling-Station-Id
                       |M| (Attr-Type = 31)] = [
                       |M| 41 41 2d 42 42 2d 43 43 2d 44 44 2d 45 45 2d 46 
                       |M| 46 
                       |M| ]
                       |M|]]
2026-01-07.18:34:16.110|T|Send error on call with session-id [0]
2026-01-07.18:34:16.110|T|Execution error on call with session-id [0]
2026-01-07.18:34:17.063|E|The value of the field [Authenticator] is not set
2026-01-07.18:34:17.063|T|Error while sending [[Access-Request
                       |M|[Code] = [ 1]
                       |M|[Identifier] = [ 12]
                       |M|[Length] = [ 0]
                       |M|[Authenticator] = [  NULL(empty)]
                       |M| [User-Name
                       |M| (Attr-Type = 1)] = [
                       |M| 75 73 65 72 31 30 31 32 40 65 78 61 6d 70 6c 65 
                       |M| 2e 63 6f 6d 
                       |M| ]
                       |M| [User-Password
                       |M| (Attr-Type = 2)] = [
                       |M| 70 61 73 73 77 6f 72 64 31 32 33 
                       |M| ]
                       |M| [NAS-IP-Address
                       |M| (Attr-Type = 4)] = [2130706433]
                       |M| [NAS-Port
                       |M| (Attr-Type = 5)] = [0]
                       |M| [Service-Type
                       |M| (Attr-Type = 6)] = [2]
                       |M| [NAS-Identifier
                       |M| (Attr-Type = 32)] = [
                       |M| 73 65 61 67 75 6c 6c 2d 74 65 73 74 2d 6e 61 73 
                       |M| ]
                       |M| [Called-Station-Id
                       |M| (Attr-Type = 30)] = [
                       |M| 30 30 2d 31 31 2d 32 32 2d 33 33 2d 34 34 2d 35 
                       |M| 35 
                       |M| ]
                       |M| [Calling-Station-Id
                       |M| (Attr-Type = 31)] = [
                       |M| 41 41 2d 42 42 2d 43 43 2d 44 44 2d 45 45 2d 46 
                       |M| 46 
                       |M| ]
                       |M|]]
2026-01-07.18:34:17.063|T|Send error on call with session-id [0]
2026-01-07.18:34:17.063|T|Execution error on call with session-id [0]
2026-01-07.18:34:18.068|E|The value of the field [Authenticator] is not set
2026-01-07.18:34:18.068|T|Error while sending [[Access-Request
                       |M|[Code] = [ 1]
                       |M|[Identifier] = [ 13]
                       |M|[Length] = [ 0]
                       |M|[Authenticator] = [  NULL(empty)]
                       |M| [User-Name
                       |M| (Attr-Type = 1)] = [
                       |M| 75 73 65 72 31 30 31 33 40 65 78 61 6d 70 6c 65 
                       |M| 2e 63 6f 6d 
                       |M| ]
                       |M| [User-Password
                       |M| (Attr-Type = 2)] = [
                       |M| 70 61 73 73 77 6f 72 64 31 32 33 
                       |M| ]
                       |M| [NAS-IP-Address
                       |M| (Attr-Type = 4)] = [2130706433]
                       |M| [NAS-Port
                       |M| (Attr-Type = 5)] = [0]
                       |M| [Service-Type
                       |M| (Attr-Type = 6)] = [2]
                       |M| [NAS-Identifier
                       |M| (Attr-Type = 32)] = [
                       |M| 73 65 61 67 75 6c 6c 2d 74 65 73 74 2d 6e 61 73 
                       |M| ]
                       |M| [Called-Station-Id
                       |M| (Attr-Type = 30)] = [
                       |M| 30 30 2d 31 31 2d 32 32 2d 33 33 2d 34 34 2d 35 
                       |M| 35 
                       |M| ]
                       |M| [Calling-Station-Id
                       |M| (Attr-Type = 31)] = [
                       |M| 41 41 2d 42 42 2d 43 43 2d 44 44 2d 45 45 2d 46 
                       |M| 46 
                       |M| ]
                       |M|]]
2026-01-07.18:34:18.068|T|Send error on call with session-id [0]
2026-01-07.18:34:18.068|T|Execution error on call with session-id [0]
2026-01-07.18:34:19.073|E|The value of the field [Authenticator] is not set
2026-01-07.18:34:19.073|T|Error while sending [[Access-Request
                       |M|[Code] = [ 1]
                       |M|[Identifier] = [ 14]
                       |M|[Length] = [ 0]
                       |M|[Authenticator] = [  NULL(empty)]
                       |M| [User-Name
                       |M| (Attr-Type = 1)] = [
                       |M| 75 73 65 72 31 30 31 34 40 65 78 61 6d 70 6c 65 
                       |M| 2e 63 6f 6d 
                       |M| ]
                       |M| [User-Password
                       |M| (Attr-Type = 2)] = [
                       |M| 70 61 73 73 77 6f 72 64 31 32 33 
                       |M| ]
                       |M| [NAS-IP-Address
                       |M| (Attr-Type = 4)] = [2130706433]
                       |M| [NAS-Port
                       |M| (Attr-Type = 5)] = [0]
                       |M| [Service-Type
                       |M| (Attr-Type = 6)] = [2]
                       |M| [NAS-Identifier
                       |M| (Attr-Type = 32)] = [
                       |M| 73 65 61 67 75 6c 6c 2d 74 65 73 74 2d 6e 61 73 
                       |M| ]
                       |M| [Called-Station-Id
                       |M| (Attr-Type = 30)] = [
                       |M| 30 30 2d 31 31 2d 32 32 2d 33 33 2d 34 34 2d 35 
                       |M| 35 
                       |M| ]
                       |M| [Calling-Station-Id
                       |M| (Attr-Type = 31)] = [
                       |M| 41 41 2d 42 42 2d 43 43 2d 44 44 2d 45 45 2d 46 
                       |M| 46 
                       |M| ]
                       |M|]]
2026-01-07.18:34:19.073|T|Send error on call with session-id [0]
2026-01-07.18:34:19.073|T|Execution error on call with session-id [0]
2026-01-07.18:34:20.079|E|The value of the field [Authenticator] is not set
2026-01-07.18:34:20.079|T|Error while sending [[Access-Request
                       |M|[Code] = [ 1]
                       |M|[Identifier] = [ 15]
                       |M|[Length] = [ 0]
                       |M|[Authenticator] = [  NULL(empty)]
                       |M| [User-Name
                       |M| (Attr-Type = 1)] = [
                       |M| 75 73 65 72 31 30 31 35 40 65 78 61 6d 70 6c 65 
                       |M| 2e 63 6f 6d 
                       |M| ]
                       |M| [User-Password
                       |M| (Attr-Type = 2)] = [
                       |M| 70 61 73 73 77 6f 72 64 31 32 33 
                       |M| ]
                       |M| [NAS-IP-Address
                       |M| (Attr-Type = 4)] = [2130706433]
                       |M| [NAS-Port
                       |M| (Attr-Type = 5)] = [0]
                       |M| [Service-Type
                       |M| (Attr-Type = 6)] = [2]
                       |M| [NAS-Identifier
                       |M| (Attr-Type = 32)] = [
                       |M| 73 65 61 67 75 6c 6c 2d 74 65 73 74 2d 6e 61 73 
                       |M| ]
                       |M| [Called-Station-Id
                       |M| (Attr-Type = 30)] = [
                       |M| 30 30 2d 31 31 2d 32 32 2d 33 33 2d 34 34 2d 35 
                       |M| 35 
                       |M| ]
                       |M| [Calling-Station-Id
                       |M| (Attr-Type = 31)] = [
                       |M| 41 41 2d 42 42 2d 43 43 2d 44 44 2d 45 45 2d 46 
                       |M| 46 
                       |M| ]
                       |M|]]
2026-01-07.18:34:20.079|T|Send error on call with session-id [0]
2026-01-07.18:34:20.079|T|Execution error on call with session-id [0]
2026-01-07.18:34:21.083|E|The value of the field [Authenticator] is not set
2026-01-07.18:34:21.083|T|Error while sending [[Access-Request
                       |M|[Code] = [ 1]
                       |M|[Identifier] = [ 16]
                       |M|[Length] = [ 0]
                       |M|[Authenticator] = [  NULL(empty)]
                       |M| [User-Name
                       |M| (Attr-Type = 1)] = [
                       |M| 75 73 65 72 31 30 31 36 40 65 78 61 6d 70 6c 65 
                       |M| 2e 63 6f 6d 
                       |M| ]
                       |M| [User-Password
                       |M| (Attr-Type = 2)] = [
                       |M| 70 61 73 73 77 6f 72 64 31 32 33 
                       |M| ]
                       |M| [NAS-IP-Address
                       |M| (Attr-Type = 4)] = [2130706433]
                       |M| [NAS-Port
                       |M| (Attr-Type = 5)] = [0]
                       |M| [Service-Type
                       |M| (Attr-Type = 6)] = [2]
                       |M| [NAS-Identifier
                       |M| (Attr-Type = 32)] = [
                       |M| 73 65 61 67 75 6c 6c 2d 74 65 73 74 2d 6e 61 73 
                       |M| ]
                       |M| [Called-Station-Id
                       |M| (Attr-Type = 30)] = [
                       |M| 30 30 2d 31 31 2d 32 32 2d 33 33 2d 34 34 2d 35 
                       |M| 35 
                       |M| ]
                       |M| [Calling-Station-Id
                       |M| (Attr-Type = 31)] = [
                       |M| 41 41 2d 42 42 2d 43 43 2d 44 44 2d 45 45 2d 46 
                       |M| 46 
                       |M| ]
                       |M|]]
2026-01-07.18:34:21.083|T|Send error on call with session-id [0]
2026-01-07.18:34:21.083|T|Execution error on call with session-id [0]
2026-01-07.18:34:22.088|E|The value of the field [Authenticator] is not set
2026-01-07.18:34:22.088|T|Error while sending [[Access-Request
                       |M|[Code] = [ 1]
                       |M|[Identifier] = [ 17]
                       |M|[Length] = [ 0]
                       |M|[Authenticator] = [  NULL(empty)]
                       |M| [User-Name
                       |M| (Attr-Type = 1)] = [
                       |M| 75 73 65 72 31 30 31 37 40 65 78 61 6d 70 6c 65 
                       |M| 2e 63 6f 6d 
                       |M| ]
                       |M| [User-Password
                       |M| (Attr-Type = 2)] = [
                       |M| 70 61 73 73 77 6f 72 64 31 32 33 
                       |M| ]
                       |M| [NAS-IP-Address
                       |M| (Attr-Type = 4)] = [2130706433]
                       |M| [NAS-Port
                       |M| (Attr-Type = 5)] = [0]
                       |M| [Service-Type
                       |M| (Attr-Type = 6)] = [2]
                       |M| [NAS-Identifier
                       |M| (Attr-Type = 32)] = [
                       |M| 73 65 61 67 75 6c 6c 2d 74 65 73 74 2d 6e 61 73 
                       |M| ]
                       |M| [Called-Station-Id
                       |M| (Attr-Type = 30)] = [
                       |M| 30 30 2d 31 31 2d 32 32 2d 33 33 2d 34 34 2d 35 
                       |M| 35 
                       |M| ]
                       |M| [Calling-Station-Id
                       |M| (Attr-Type = 31)] = [
                       |M| 41 41 2d 42 42 2d 43 43 2d 44 44 2d 45 45 2d 46 
                       |M| 46 
                       |M| ]
                       |M|]]
2026-01-07.18:34:22.088|T|Send error on call with session-id [0]
2026-01-07.18:34:22.088|T|Execution error on call with session-id [0]
2026-01-07.18:34:23.093|E|The value of the field [Authenticator] is not set
2026-01-07.18:34:23.093|T|Error while sending [[Access-Request
                       |M|[Code] = [ 1]
                       |M|[Identifier] = [ 18]
                       |M|[Length] = [ 0]
                       |M|[Authenticator] = [  NULL(empty)]
                       |M| [User-Name
                       |M| (Attr-Type = 1)] = [
                       |M| 75 73 65 72 31 30 31 38 40 65 78 61 6d 70 6c 65 
                       |M| 2e 63 6f 6d 
                       |M| ]
                       |M| [User-Password
                       |M| (Attr-Type = 2)] = [
                       |M| 70 61 73 73 77 6f 72 64 31 32 33 
                       |M| ]
                       |M| [NAS-IP-Address
                       |M| (Attr-Type = 4)] = [2130706433]
                       |M| [NAS-Port
                       |M| (Attr-Type = 5)] = [0]
                       |M| [Service-Type
                       |M| (Attr-Type = 6)] = [2]
                       |M| [NAS-Identifier
                       |M| (Attr-Type = 32)] = [
                       |M| 73 65 61 67 75 6c 6c 2d 74 65 73 74 2d 6e 61 73 
                       |M| ]
                       |M| [Called-Station-Id
                       |M| (Attr-Type = 30)] = [
                       |M| 30 30 2d 31 31 2d 32 32 2d 33 33 2d 34 34 2d 35 
                       |M| 35 
                       |M| ]
                       |M| [Calling-Station-Id
                       |M| (Attr-Type = 31)] = [
                       |M| 41 41 2d 42 42 2d 43 43 2d 44 44 2d 45 45 2d 46 
                       |M| 46 
                       |M| ]
                       |M|]]
2026-01-07.18:34:23.093|T|Send error on call with session-id [0]
2026-01-07.18:34:23.093|T|Execution error on call with session-id [0]
2026-01-07.18:34:24.096|E|The value of the field [Authenticator] is not set
2026-01-07.18:34:24.096|T|Error while sending [[Access-Request
                       |M|[Code] = [ 1]
                       |M|[Identifier] = [ 19]
                       |M|[Length] = [ 0]
                       |M|[Authenticator] = [  NULL(empty)]
                       |M| [User-Name
                       |M| (Attr-Type = 1)] = [
                       |M| 75 73 65 72 31 30 31 39 40 65 78 61 6d 70 6c 65 
                       |M| 2e 63 6f 6d 
                       |M| ]
                       |M| [User-Password
                       |M| (Attr-Type = 2)] = [
                       |M| 70 61 73 73 77 6f 72 64 31 32 33 
                       |M| ]
                       |M| [NAS-IP-Address
                       |M| (Attr-Type = 4)] = [2130706433]
                       |M| [NAS-Port
                       |M| (Attr-Type = 5)] = [0]
                       |M| [Service-Type
                       |M| (Attr-Type = 6)] = [2]
                       |M| [NAS-Identifier
                       |M| (Attr-Type = 32)] = [
                       |M| 73 65 61 67 75 6c 6c 2d 74 65 73 74 2d 6e 61 73 
                       |M| ]
                       |M| [Called-Station-Id
                       |M| (Attr-Type = 30)] = [
                       |M| 30 30 2d 31 31 2d 32 32 2d 33 33 2d 34 34 2d 35 
                       |M| 35 
                       |M| ]
                       |M| [Calling-Station-Id
                       |M| (Attr-Type = 31)] = [
                       |M| 41 41 2d 42 42 2d 43 43 2d 44 44 2d 45 45 2d 46 
                       |M| 46 
                       |M| ]
                       |M|]]
2026-01-07.18:34:24.096|T|Send error on call with session-id [0]
2026-01-07.18:34:24.097|T|Execution error on call with session-id [0]
2026-01-07.18:34:25.100|E|The value of the field [Authenticator] is not set
2026-01-07.18:34:25.100|T|Error while sending [[Access-Request
                       |M|[Code] = [ 1]
                       |M|[Identifier] = [ 20]
                       |M|[Length] = [ 0]
                       |M|[Authenticator] = [  NULL(empty)]
                       |M| [User-Name
                       |M| (Attr-Type = 1)] = [
                       |M| 75 73 65 72 31 30 32 30 40 65 78 61 6d 70 6c 65 
                       |M| 2e 63 6f 6d 
                       |M| ]
                       |M| [User-Password
                       |M| (Attr-Type = 2)] = [
                       |M| 70 61 73 73 77 6f 72 64 31 32 33 
                       |M| ]
                       |M| [NAS-IP-Address
                       |M| (Attr-Type = 4)] = [2130706433]
                       |M| [NAS-Port
                       |M| (Attr-Type = 5)] = [0]
                       |M| [Service-Type
                       |M| (Attr-Type = 6)] = [2]
                       |M| [NAS-Identifier
                       |M| (Attr-Type = 32)] = [
                       |M| 73 65 61 67 75 6c 6c 2d 74 65 73 74 2d 6e 61 73 
                       |M| ]
                       |M| [Called-Station-Id
                       |M| (Attr-Type = 30)] = [
                       |M| 30 30 2d 31 31 2d 32 32 2d 33 33 2d 34 34 2d 35 
                       |M| 35 
                       |M| ]
                       |M| [Calling-Station-Id
                       |M| (Attr-Type = 31)] = [
                       |M| 41 41 2d 42 42 2d 43 43 2d 44 44 2d 45 45 2d 46 
                       |M| 46 
                       |M| ]
                       |M|]]
2026-01-07.18:34:25.101|T|Send error on call with session-id [0]
2026-01-07.18:34:25.101|T|Execution error on call with session-id [0]
2026-01-07.18:34:26.103|E|The value of the field [Authenticator] is not set
2026-01-07.18:34:26.103|T|Error while sending [[Access-Request
                       |M|[Code] = [ 1]
                       |M|[Identifier] = [ 21]
                       |M|[Length] = [ 0]
                       |M|[Authenticator] = [  NULL(empty)]
                       |M| [User-Name
                       |M| (Attr-Type = 1)] = [
                       |M| 75 73 65 72 31 30 32 31 40 65 78 61 6d 70 6c 65 
                       |M| 2e 63 6f 6d 
                       |M| ]
                       |M| [User-Password
                       |M| (Attr-Type = 2)] = [
                       |M| 70 61 73 73 77 6f 72 64 31 32 33 
                       |M| ]
                       |M| [NAS-IP-Address
                       |M| (Attr-Type = 4)] = [2130706433]
                       |M| [NAS-Port
                       |M| (Attr-Type = 5)] = [0]
                       |M| [Service-Type
                       |M| (Attr-Type = 6)] = [2]
                       |M| [NAS-Identifier
                       |M| (Attr-Type = 32)] = [
                       |M| 73 65 61 67 75 6c 6c 2d 74 65 73 74 2d 6e 61 73 
                       |M| ]
                       |M| [Called-Station-Id
                       |M| (Attr-Type = 30)] = [
                       |M| 30 30 2d 31 31 2d 32 32 2d 33 33 2d 34 34 2d 35 
                       |M| 35 
                       |M| ]
                       |M| [Calling-Station-Id
                       |M| (Attr-Type = 31)] = [
                       |M| 41 41 2d 42 42 2d 43 43 2d 44 44 2d 45 45 2d 46 
                       |M| 46 
                       |M| ]
                       |M|]]
2026-01-07.18:34:26.104|T|Send error on call with session-id [0]
2026-01-07.18:34:26.104|T|Execution error on call with session-id [0]
2026-01-07.18:34:27.107|E|The value of the field [Authenticator] is not set
2026-01-07.18:34:27.107|T|Error while sending [[Access-Request
                       |M|[Code] = [ 1]
                       |M|[Identifier] = [ 22]
                       |M|[Length] = [ 0]
                       |M|[Authenticator] = [  NULL(empty)]
                       |M| [User-Name
                       |M| (Attr-Type = 1)] = [
                       |M| 75 73 65 72 31 30 32 32 40 65 78 61 6d 70 6c 65 
                       |M| 2e 63 6f 6d 
                       |M| ]
                       |M| [User-Password
                       |M| (Attr-Type = 2)] = [
                       |M| 70 61 73 73 77 6f 72 64 31 32 33 
                       |M| ]
                       |M| [NAS-IP-Address
                       |M| (Attr-Type = 4)] = [2130706433]
                       |M| [NAS-Port
                       |M| (Attr-Type = 5)] = [0]
                       |M| [Service-Type
                       |M| (Attr-Type = 6)] = [2]
                       |M| [NAS-Identifier
                       |M| (Attr-Type = 32)] = [
                       |M| 73 65 61 67 75 6c 6c 2d 74 65 73 74 2d 6e 61 73 
                       |M| ]
                       |M| [Called-Station-Id
                       |M| (Attr-Type = 30)] = [
                       |M| 30 30 2d 31 31 2d 32 32 2d 33 33 2d 34 34 2d 35 
                       |M| 35 
                       |M| ]
                       |M| [Calling-Station-Id
                       |M| (Attr-Type = 31)] = [
                       |M| 41 41 2d 42 42 2d 43 43 2d 44 44 2d 45 45 2d 46 
                       |M| 46 
                       |M| ]
                       |M|]]
2026-01-07.18:34:27.107|T|Send error on call with session-id [0]
2026-01-07.18:34:27.107|T|Execution error on call with session-id [0]
2026-01-07.18:34:28.110|E|The value of the field [Authenticator] is not set
2026-01-07.18:34:28.110|T|Error while sending [[Access-Request
                       |M|[Code] = [ 1]
                       |M|[Identifier] = [ 23]
                       |M|[Length] = [ 0]
                       |M|[Authenticator] = [  NULL(empty)]
                       |M| [User-Name
                       |M| (Attr-Type = 1)] = [
                       |M| 75 73 65 72 31 30 32 33 40 65 78 61 6d 70 6c 65 
                       |M| 2e 63 6f 6d 
                       |M| ]
                       |M| [User-Password
                       |M| (Attr-Type = 2)] = [
                       |M| 70 61 73 73 77 6f 72 64 31 32 33 
                       |M| ]
                       |M| [NAS-IP-Address
                       |M| (Attr-Type = 4)] = [2130706433]
                       |M| [NAS-Port
                       |M| (Attr-Type = 5)] = [0]
                       |M| [Service-Type
                       |M| (Attr-Type = 6)] = [2]
                       |M| [NAS-Identifier
                       |M| (Attr-Type = 32)] = [
                       |M| 73 65 61 67 75 6c 6c 2d 74 65 73 74 2d 6e 61 73 
                       |M| ]
                       |M| [Called-Station-Id
                       |M| (Attr-Type = 30)] = [
                       |M| 30 30 2d 31 31 2d 32 32 2d 33 33 2d 34 34 2d 35 
                       |M| 35 
                       |M| ]
                       |M| [Calling-Station-Id
                       |M| (Attr-Type = 31)] = [
                       |M| 41 41 2d 42 42 2d 43 43 2d 44 44 2d 45 45 2d 46 
                       |M| 46 
                       |M| ]
                       |M|]]
2026-01-07.18:34:28.110|T|Send error on call with session-id [0]
2026-01-07.18:34:28.110|T|Execution error on call with session-id [0]
2026-01-07.18:34:29.063|E|The value of the field [Authenticator] is not set
2026-01-07.18:34:29.063|T|Error while sending [[Access-Request
                       |M|[Code] = [ 1]
                       |M|[Identifier] = [ 24]
                       |M|[Length] = [ 0]
                       |M|[Authenticator] = [  NULL(empty)]
                       |M| [User-Name
                       |M| (Attr-Type = 1)] = [
                       |M| 75 73 65 72 31 30 32 34 40 65 78 61 6d 70 6c 65 
                       |M| 2e 63 6f 6d 
                       |M| ]
                       |M| [User-Password
                       |M| (Attr-Type = 2)] = [
                       |M| 70 61 73 73 77 6f 72 64 31 32 33 
                       |M| ]
                       |M| [NAS-IP-Address
                       |M| (Attr-Type = 4)] = [2130706433]
                       |M| [NAS-Port
                       |M| (Attr-Type = 5)] = [0]
                       |M| [Service-Type
                       |M| (Attr-Type = 6)] = [2]
                       |M| [NAS-Identifier
                       |M| (Attr-Type = 32)] = [
                       |M| 73 65 61 67 75 6c 6c 2d 74 65 73 74 2d 6e 61 73 
                       |M| ]
                       |M| [Called-Station-Id
                       |M| (Attr-Type = 30)] = [
                       |M| 30 30 2d 31 31 2d 32 32 2d 33 33 2d 34 34 2d 35 
                       |M| 35 
                       |M| ]
                       |M| [Calling-Station-Id
                       |M| (Attr-Type = 31)] = [
                       |M| 41 41 2d 42 42 2d 43 43 2d 44 44 2d 45 45 2d 46 
                       |M| 46 
                       |M| ]
                       |M|]]
2026-01-07.18:34:29.063|T|Send error on call with session-id [0]
2026-01-07.18:34:29.063|T|Execution error on call with session-id [0]
2026-01-07.18:34:30.067|E|The value of the field [Authenticator] is not set
2026-01-07.18:34:30.067|T|Error while sending [[Access-Request
                       |M|[Code] = [ 1]
                       |M|[Identifier] = [ 25]
                       |M|[Length] = [ 0]
                       |M|[Authenticator] = [  NULL(empty)]
                       |M| [User-Name
                       |M| (Attr-Type = 1)] = [
                       |M| 75 73 65 72 31 30 32 35 40 65 78 61 6d 70 6c 65 
                       |M| 2e 63 6f 6d 
                       |M| ]
                       |M| [User-Password
                       |M| (Attr-Type = 2)] = [
                       |M| 70 61 73 73 77 6f 72 64 31 32 33 
                       |M| ]
                       |M| [NAS-IP-Address
                       |M| (Attr-Type = 4)] = [2130706433]
                       |M| [NAS-Port
                       |M| (Attr-Type = 5)] = [0]
                       |M| [Service-Type
                       |M| (Attr-Type = 6)] = [2]
                       |M| [NAS-Identifier
                       |M| (Attr-Type = 32)] = [
                       |M| 73 65 61 67 75 6c 6c 2d 74 65 73 74 2d 6e 61 73 
                       |M| ]
                       |M| [Called-Station-Id
                       |M| (Attr-Type = 30)] = [
                       |M| 30 30 2d 31 31 2d 32 32 2d 33 33 2d 34 34 2d 35 
                       |M| 35 
                       |M| ]
                       |M| [Calling-Station-Id
                       |M| (Attr-Type = 31)] = [
                       |M| 41 41 2d 42 42 2d 43 43 2d 44 44 2d 45 45 2d 46 
                       |M| 46 
                       |M| ]
                       |M|]]
2026-01-07.18:34:30.068|T|Send error on call with session-id [0]
2026-01-07.18:34:30.068|T|Execution error on call with session-id [0]
2026-01-07.18:34:31.072|E|The value of the field [Authenticator] is not set
2026-01-07.18:34:31.072|T|Error while sending [[Access-Request
                       |M|[Code] = [ 1]
                       |M|[Identifier] = [ 26]
                       |M|[Length] = [ 0]
                       |M|[Authenticator] = [  NULL(empty)]
                       |M| [User-Name
                       |M| (Attr-Type = 1)] = [
                       |M| 75 73 65 72 31 30 32 36 40 65 78 61 6d 70 6c 65 
                       |M| 2e 63 6f 6d 
                       |M| ]
                       |M| [User-Password
                       |M| (Attr-Type = 2)] = [
                       |M| 70 61 73 73 77 6f 72 64 31 32 33 
                       |M| ]
                       |M| [NAS-IP-Address
                       |M| (Attr-Type = 4)] = [2130706433]
                       |M| [NAS-Port
                       |M| (Attr-Type = 5)] = [0]
                       |M| [Service-Type
                       |M| (Attr-Type = 6)] = [2]
                       |M| [NAS-Identifier
                       |M| (Attr-Type = 32)] = [
                       |M| 73 65 61 67 75 6c 6c 2d 74 65 73 74 2d 6e 61 73 
                       |M| ]
                       |M| [Called-Station-Id
                       |M| (Attr-Type = 30)] = [
                       |M| 30 30 2d 31 31 2d 32 32 2d 33 33 2d 34 34 2d 35 
                       |M| 35 
                       |M| ]
                       |M| [Calling-Station-Id
                       |M| (Attr-Type = 31)] = [
                       |M| 41 41 2d 42 42 2d 43 43 2d 44 44 2d 45 45 2d 46 
                       |M| 46 
                       |M| ]
                       |M|]]
2026-01-07.18:34:31.072|T|Send error on call with session-id [0]
2026-01-07.18:34:31.072|T|Execution error on call with session-id [0]
2026-01-07.18:34:32.076|E|The value of the field [Authenticator] is not set
2026-01-07.18:34:32.076|T|Error while sending [[Access-Request
                       |M|[Code] = [ 1]
                       |M|[Identifier] = [ 27]
                       |M|[Length] = [ 0]
                       |M|[Authenticator] = [  NULL(empty)]
                       |M| [User-Name
                       |M| (Attr-Type = 1)] = [
                       |M| 75 73 65 72 31 30 32 37 40 65 78 61 6d 70 6c 65 
                       |M| 2e 63 6f 6d 
                       |M| ]
                       |M| [User-Password
                       |M| (Attr-Type = 2)] = [
                       |M| 70 61 73 73 77 6f 72 64 31 32 33 
                       |M| ]
                       |M| [NAS-IP-Address
                       |M| (Attr-Type = 4)] = [2130706433]
                       |M| [NAS-Port
                       |M| (Attr-Type = 5)] = [0]
                       |M| [Service-Type
                       |M| (Attr-Type = 6)] = [2]
                       |M| [NAS-Identifier
                       |M| (Attr-Type = 32)] = [
                       |M| 73 65 61 67 75 6c 6c 2d 74 65 73 74 2d 6e 61 73 
                       |M| ]
                       |M| [Called-Station-Id
                       |M| (Attr-Type = 30)] = [
                       |M| 30 30 2d 31 31 2d 32 32 2d 33 33 2d 34 34 2d 35 
                       |M| 35 
                       |M| ]
                       |M| [Calling-Station-Id
                       |M| (Attr-Type = 31)] = [
                       |M| 41 41 2d 42 42 2d 43 43 2d 44 44 2d 45 45 2d 46 
                       |M| 46 
                       |M| ]
                       |M|]]
2026-01-07.18:34:32.076|T|Send error on call with session-id [0]
2026-01-07.18:34:32.076|T|Execution error on call with session-id [0]
2026-01-07.18:34:33.080|E|The value of the field [Authenticator] is not set
2026-01-07.18:34:33.080|T|Error while sending [[Access-Request
                       |M|[Code] = [ 1]
                       |M|[Identifier] = [ 28]
                       |M|[Length] = [ 0]
                       |M|[Authenticator] = [  NULL(empty)]
                       |M| [User-Name
                       |M| (Attr-Type = 1)] = [
                       |M| 75 73 65 72 31 30 32 38 40 65 78 61 6d 70 6c 65 
                       |M| 2e 63 6f 6d 
                       |M| ]
                       |M| [User-Password
                       |M| (Attr-Type = 2)] = [
                       |M| 70 61 73 73 77 6f 72 64 31 32 33 
                       |M| ]
                       |M| [NAS-IP-Address
                       |M| (Attr-Type = 4)] = [2130706433]
                       |M| [NAS-Port
                       |M| (Attr-Type = 5)] = [0]
                       |M| [Service-Type
                       |M| (Attr-Type = 6)] = [2]
                       |M| [NAS-Identifier
                       |M| (Attr-Type = 32)] = [
                       |M| 73 65 61 67 75 6c 6c 2d 74 65 73 74 2d 6e 61 73 
                       |M| ]
                       |M| [Called-Station-Id
                       |M| (Attr-Type = 30)] = [
                       |M| 30 30 2d 31 31 2d 32 32 2d 33 33 2d 34 34 2d 35 
                       |M| 35 
                       |M| ]
                       |M| [Calling-Station-Id
                       |M| (Attr-Type = 31)] = [
                       |M| 41 41 2d 42 42 2d 43 43 2d 44 44 2d 45 45 2d 46 
                       |M| 46 
                       |M| ]
                       |M|]]
2026-01-07.18:34:33.080|T|Send error on call with session-id [0]
2026-01-07.18:34:33.080|T|Execution error on call with session-id [0]
2026-01-07.18:34:34.084|E|The value of the field [Authenticator] is not set
2026-01-07.18:34:34.084|T|Error while sending [[Access-Request
                       |M|[Code] = [ 1]
                       |M|[Identifier] = [ 29]
                       |M|[Length] = [ 0]
                       |M|[Authenticator] = [  NULL(empty)]
                       |M| [User-Name
                       |M| (Attr-Type = 1)] = [
                       |M| 75 73 65 72 31 30 32 39 40 65 78 61 6d 70 6c 65 
                       |M| 2e 63 6f 6d 
                       |M| ]
                       |M| [User-Password
                       |M| (Attr-Type = 2)] = [
                       |M| 70 61 73 73 77 6f 72 64 31 32 33 
                       |M| ]
                       |M| [NAS-IP-Address
                       |M| (Attr-Type = 4)] = [2130706433]
                       |M| [NAS-Port
                       |M| (Attr-Type = 5)] = [0]
                       |M| [Service-Type
                       |M| (Attr-Type = 6)] = [2]
                       |M| [NAS-Identifier
                       |M| (Attr-Type = 32)] = [
                       |M| 73 65 61 67 75 6c 6c 2d 74 65 73 74 2d 6e 61 73 
                       |M| ]
                       |M| [Called-Station-Id
                       |M| (Attr-Type = 30)] = [
                       |M| 30 30 2d 31 31 2d 32 32 2d 33 33 2d 34 34 2d 35 
                       |M| 35 
                       |M| ]
                       |M| [Calling-Station-Id
                       |M| (Attr-Type = 31)] = [
                       |M| 41 41 2d 42 42 2d 43 43 2d 44 44 2d 45 45 2d 46 
                       |M| 46 
                       |M| ]
                       |M|]]
2026-01-07.18:34:34.084|T|Send error on call with session-id [0]
2026-01-07.18:34:34.084|T|Execution error on call with session-id [0]
2026-01-07.18:34:35.087|E|The value of the field [Authenticator] is not set
2026-01-07.18:34:35.087|T|Error while sending [[Access-Request
                       |M|[Code] = [ 1]
                       |M|[Identifier] = [ 30]
                       |M|[Length] = [ 0]
                       |M|[Authenticator] = [  NULL(empty)]
                       |M| [User-Name
                       |M| (Attr-Type = 1)] = [
                       |M| 75 73 65 72 31 30 33 30 40 65 78 61 6d 70 6c 65 
                       |M| 2e 63 6f 6d 
                       |M| ]
                       |M| [User-Password
                       |M| (Attr-Type = 2)] = [
                       |M| 70 61 73 73 77 6f 72 64 31 32 33 
                       |M| ]
                       |M| [NAS-IP-Address
                       |M| (Attr-Type = 4)] = [2130706433]
                       |M| [NAS-Port
                       |M| (Attr-Type = 5)] = [0]
                       |M| [Service-Type
                       |M| (Attr-Type = 6)] = [2]
                       |M| [NAS-Identifier
                       |M| (Attr-Type = 32)] = [
                       |M| 73 65 61 67 75 6c 6c 2d 74 65 73 74 2d 6e 61 73 
                       |M| ]
                       |M| [Called-Station-Id
                       |M| (Attr-Type = 30)] = [
                       |M| 30 30 2d 31 31 2d 32 32 2d 33 33 2d 34 34 2d 35 
                       |M| 35 
                       |M| ]
                       |M| [Calling-Station-Id
                       |M| (Attr-Type = 31)] = [
                       |M| 41 41 2d 42 42 2d 43 43 2d 44 44 2d 45 45 2d 46 
                       |M| 46 
                       |M| ]
                       |M|]]
2026-01-07.18:34:35.087|T|Send error on call with session-id [0]
2026-01-07.18:34:35.087|T|Execution error on call with session-id [0]
2026-01-07.18:34:36.090|E|The value of the field [Authenticator] is not set
2026-01-07.18:34:36.090|T|Error while sending [[Access-Request
                       |M|[Code] = [ 1]
                       |M|[Identifier] = [ 31]
                       |M|[Length] = [ 0]
                       |M|[Authenticator] = [  NULL(empty)]
                       |M| [User-Name
                       |M| (Attr-Type = 1)] = [
                       |M| 75 73 65 72 31 30 33 31 40 65 78 61 6d 70 6c 65 
                       |M| 2e 63 6f 6d 
                       |M| ]
                       |M| [User-Password
                       |M| (Attr-Type = 2)] = [
                       |M| 70 61 73 73 77 6f 72 64 31 32 33 
                       |M| ]
                       |M| [NAS-IP-Address
                       |M| (Attr-Type = 4)] = [2130706433]
                       |M| [NAS-Port
                       |M| (Attr-Type = 5)] = [0]
                       |M| [Service-Type
                       |M| (Attr-Type = 6)] = [2]
                       |M| [NAS-Identifier
                       |M| (Attr-Type = 32)] = [
                       |M| 73 65 61 67 75 6c 6c 2d 74 65 73 74 2d 6e 61 73 
                       |M| ]
                       |M| [Called-Station-Id
                       |M| (Attr-Type = 30)] = [
                       |M| 30 30 2d 31 31 2d 32 32 2d 33 33 2d 34 34 2d 35 
                       |M| 35 
                       |M| ]
                       |M| [Calling-Station-Id
                       |M| (Attr-Type = 31)] = [
                       |M| 41 41 2d 42 42 2d 43 43 2d 44 44 2d 45 45 2d 46 
                       |M| 46 
                       |M| ]
                       |M|]]
2026-01-07.18:34:36.091|T|Send error on call with session-id [0]
2026-01-07.18:34:36.091|T|Execution error on call with session-id [0]
2026-01-07.18:34:37.094|E|The value of the field [Authenticator] is not set
2026-01-07.18:34:37.094|T|Error while sending [[Access-Request
                       |M|[Code] = [ 1]
                       |M|[Identifier] = [ 32]
                       |M|[Length] = [ 0]
                       |M|[Authenticator] = [  NULL(empty)]
                       |M| [User-Name
                       |M| (Attr-Type = 1)] = [
                       |M| 75 73 65 72 31 30 33 32 40 65 78 61 6d 70 6c 65 
                       |M| 2e 63 6f 6d 
                       |M| ]
                       |M| [User-Password
                       |M| (Attr-Type = 2)] = [
                       |M| 70 61 73 73 77 6f 72 64 31 32 33 
                       |M| ]
                       |M| [NAS-IP-Address
                       |M| (Attr-Type = 4)] = [2130706433]
                       |M| [NAS-Port
                       |M| (Attr-Type = 5)] = [0]
                       |M| [Service-Type
                       |M| (Attr-Type = 6)] = [2]
                       |M| [NAS-Identifier
                       |M| (Attr-Type = 32)] = [
                       |M| 73 65 61 67 75 6c 6c 2d 74 65 73 74 2d 6e 61 73 
                       |M| ]
                       |M| [Called-Station-Id
                       |M| (Attr-Type = 30)] = [
                       |M| 30 30 2d 31 31 2d 32 32 2d 33 33 2d 34 34 2d 35 
                       |M| 35 
                       |M| ]
                       |M| [Calling-Station-Id
                       |M| (Attr-Type = 31)] = [
                       |M| 41 41 2d 42 42 2d 43 43 2d 44 44 2d 45 45 2d 46 
                       |M| 46 
                       |M| ]
                       |M|]]
2026-01-07.18:34:37.094|T|Send error on call with session-id [0]
2026-01-07.18:34:37.094|T|Execution error on call with session-id [0]
2026-01-07.18:34:38.098|E|The value of the field [Authenticator] is not set
2026-01-07.18:34:38.098|T|Error while sending [[Access-Request
                       |M|[Code] = [ 1]
                       |M|[Identifier] = [ 33]
                       |M|[Length] = [ 0]
                       |M|[Authenticator] = [  NULL(empty)]
                       |M| [User-Name
                       |M| (Attr-Type = 1)] = [
                       |M| 75 73 65 72 31 30 33 33 40 65 78 61 6d 70 6c 65 
                       |M| 2e 63 6f 6d 
                       |M| ]
                       |M| [User-Password
                       |M| (Attr-Type = 2)] = [
                       |M| 70 61 73 73 77 6f 72 64 31 32 33 
                       |M| ]
                       |M| [NAS-IP-Address
                       |M| (Attr-Type = 4)] = [2130706433]
                       |M| [NAS-Port
                       |M| (Attr-Type = 5)] = [0]
                       |M| [Service-Type
                       |M| (Attr-Type = 6)] = [2]
                       |M| [NAS-Identifier
                       |M| (Attr-Type = 32)] = [
                       |M| 73 65 61 67 75 6c 6c 2d 74 65 73 74 2d 6e 61 73 
                       |M| ]
                       |M| [Called-Station-Id
                       |M| (Attr-Type = 30)] = [
                       |M| 30 30 2d 31 31 2d 32 32 2d 33 33 2d 34 34 2d 35 
                       |M| 35 
                       |M| ]
                       |M| [Calling-Station-Id
                       |M| (Attr-Type = 31)] = [
                       |M| 41 41 2d 42 42 2d 43 43 2d 44 44 2d 45 45 2d 46 
                       |M| 46 
                       |M| ]
                       |M|]]
2026-01-07.18:34:38.098|T|Send error on call with session-id [0]
2026-01-07.18:34:38.098|T|Execution error on call with session-id [0]
2026-01-07.18:34:39.102|E|The value of the field [Authenticator] is not set
2026-01-07.18:34:39.102|T|Error while sending [[Access-Request
                       |M|[Code] = [ 1]
                       |M|[Identifier] = [ 34]
                       |M|[Length] = [ 0]
                       |M|[Authenticator] = [  NULL(empty)]
                       |M| [User-Name
                       |M| (Attr-Type = 1)] = [
                       |M| 75 73 65 72 31 30 33 34 40 65 78 61 6d 70 6c 65 
                       |M| 2e 63 6f 6d 
                       |M| ]
                       |M| [User-Password
                       |M| (Attr-Type = 2)] = [
                       |M| 70 61 73 73 77 6f 72 64 31 32 33 
                       |M| ]
                       |M| [NAS-IP-Address
                       |M| (Attr-Type = 4)] = [2130706433]
                       |M| [NAS-Port
                       |M| (Attr-Type = 5)] = [0]
                       |M| [Service-Type
                       |M| (Attr-Type = 6)] = [2]
                       |M| [NAS-Identifier
                       |M| (Attr-Type = 32)] = [
                       |M| 73 65 61 67 75 6c 6c 2d 74 65 73 74 2d 6e 61 73 
                       |M| ]
                       |M| [Called-Station-Id
                       |M| (Attr-Type = 30)] = [
                       |M| 30 30 2d 31 31 2d 32 32 2d 33 33 2d 34 34 2d 35 
                       |M| 35 
                       |M| ]
                       |M| [Calling-Station-Id
                       |M| (Attr-Type = 31)] = [
                       |M| 41 41 2d 42 42 2d 43 43 2d 44 44 2d 45 45 2d 46 
                       |M| 46 
                       |M| ]
                       |M|]]
2026-01-07.18:34:39.102|T|Send error on call with session-id [0]
2026-01-07.18:34:39.102|T|Execution error on call with session-id [0]
2026-01-07.18:34:40.108|E|The value of the field [Authenticator] is not set
2026-01-07.18:34:40.108|T|Error while sending [[Access-Request
                       |M|[Code] = [ 1]
                       |M|[Identifier] = [ 35]
                       |M|[Length] = [ 0]
                       |M|[Authenticator] = [  NULL(empty)]
                       |M| [User-Name
                       |M| (Attr-Type = 1)] = [
                       |M| 75 73 65 72 31 30 33 35 40 65 78 61 6d 70 6c 65 
                       |M| 2e 63 6f 6d 
                       |M| ]
                       |M| [User-Password
                       |M| (Attr-Type = 2)] = [
                       |M| 70 61 73 73 77 6f 72 64 31 32 33 
                       |M| ]
                       |M| [NAS-IP-Address
                       |M| (Attr-Type = 4)] = [2130706433]
                       |M| [NAS-Port
                       |M| (Attr-Type = 5)] = [0]
                       |M| [Service-Type
                       |M| (Attr-Type = 6)] = [2]
                       |M| [NAS-Identifier
                       |M| (Attr-Type = 32)] = [
                       |M| 73 65 61 67 75 6c 6c 2d 74 65 73 74 2d 6e 61 73 
                       |M| ]
                       |M| [Called-Station-Id
                       |M| (Attr-Type = 30)] = [
                       |M| 30 30 2d 31 31 2d 32 32 2d 33 33 2d 34 34 2d 35 
                       |M| 35 
                       |M| ]
                       |M| [Calling-Station-Id
                       |M| (Attr-Type = 31)] = [
                       |M| 41 41 2d 42 42 2d 43 43 2d 44 44 2d 45 45 2d 46 
                       |M| 46 
                       |M| ]
                       |M|]]
2026-01-07.18:34:40.108|T|Send error on call with session-id [0]
2026-01-07.18:34:40.108|T|Execution error on call with session-id [0]
2026-01-07.18:34:41.112|E|The value of the field [Authenticator] is not set
2026-01-07.18:34:41.112|T|Error while sending [[Access-Request
                       |M|[Code] = [ 1]
                       |M|[Identifier] = [ 36]
                       |M|[Length] = [ 0]
                       |M|[Authenticator] = [  NULL(empty)]
                       |M| [User-Name
                       |M| (Attr-Type = 1)] = [
                       |M| 75 73 65 72 31 30 33 36 40 65 78 61 6d 70 6c 65 
                       |M| 2e 63 6f 6d 
                       |M| ]
                       |M| [User-Password
                       |M| (Attr-Type = 2)] = [
                       |M| 70 61 73 73 77 6f 72 64 31 32 33 
                       |M| ]
                       |M| [NAS-IP-Address
                       |M| (Attr-Type = 4)] = [2130706433]
                       |M| [NAS-Port
                       |M| (Attr-Type = 5)] = [0]
                       |M| [Service-Type
                       |M| (Attr-Type = 6)] = [2]
                       |M| [NAS-Identifier
                       |M| (Attr-Type = 32)] = [
                       |M| 73 65 61 67 75 6c 6c 2d 74 65 73 74 2d 6e 61 73 
                       |M| ]
                       |M| [Called-Station-Id
                       |M| (Attr-Type = 30)] = [
                       |M| 30 30 2d 31 31 2d 32 32 2d 33 33 2d 34 34 2d 35 
                       |M| 35 
                       |M| ]
                       |M| [Calling-Station-Id
                       |M| (Attr-Type = 31)] = [
                       |M| 41 41 2d 42 42 2d 43 43 2d 44 44 2d 45 45 2d 46 
                       |M| 46 
                       |M| ]
                       |M|]]
2026-01-07.18:34:41.113|T|Send error on call with session-id [0]
2026-01-07.18:34:41.113|T|Execution error on call with session-id [0]
2026-01-07.18:34:42.066|E|The value of the field [Authenticator] is not set
2026-01-07.18:34:42.066|T|Error while sending [[Access-Request
                       |M|[Code] = [ 1]
                       |M|[Identifier] = [ 37]
                       |M|[Length] = [ 0]
                       |M|[Authenticator] = [  NULL(empty)]
                       |M| [User-Name
                       |M| (Attr-Type = 1)] = [
                       |M| 75 73 65 72 31 30 33 37 40 65 78 61 6d 70 6c 65 
                       |M| 2e 63 6f 6d 
                       |M| ]
                       |M| [User-Password
                       |M| (Attr-Type = 2)] = [
                       |M| 70 61 73 73 77 6f 72 64 31 32 33 
                       |M| ]
                       |M| [NAS-IP-Address
                       |M| (Attr-Type = 4)] = [2130706433]
                       |M| [NAS-Port
                       |M| (Attr-Type = 5)] = [0]
                       |M| [Service-Type
                       |M| (Attr-Type = 6)] = [2]
                       |M| [NAS-Identifier
                       |M| (Attr-Type = 32)] = [
                       |M| 73 65 61 67 75 6c 6c 2d 74 65 73 74 2d 6e 61 73 
                       |M| ]
                       |M| [Called-Station-Id
                       |M| (Attr-Type = 30)] = [
                       |M| 30 30 2d 31 31 2d 32 32 2d 33 33 2d 34 34 2d 35 
                       |M| 35 
                       |M| ]
                       |M| [Calling-Station-Id
                       |M| (Attr-Type = 31)] = [
                       |M| 41 41 2d 42 42 2d 43 43 2d 44 44 2d 45 45 2d 46 
                       |M| 46 
                       |M| ]
                       |M|]]
2026-01-07.18:34:42.067|T|Send error on call with session-id [0]
2026-01-07.18:34:42.067|T|Execution error on call with session-id [0]
2026-01-07.18:34:43.070|E|The value of the field [Authenticator] is not set
2026-01-07.18:34:43.071|T|Error while sending [[Access-Request
                       |M|[Code] = [ 1]
                       |M|[Identifier] = [ 38]
                       |M|[Length] = [ 0]
                       |M|[Authenticator] = [  NULL(empty)]
                       |M| [User-Name
                       |M| (Attr-Type = 1)] = [
                       |M| 75 73 65 72 31 30 33 38 40 65 78 61 6d 70 6c 65 
                       |M| 2e 63 6f 6d 
                       |M| ]
                       |M| [User-Password
                       |M| (Attr-Type = 2)] = [
                       |M| 70 61 73 73 77 6f 72 64 31 32 33 
                       |M| ]
                       |M| [NAS-IP-Address
                       |M| (Attr-Type = 4)] = [2130706433]
                       |M| [NAS-Port
                       |M| (Attr-Type = 5)] = [0]
                       |M| [Service-Type
                       |M| (Attr-Type = 6)] = [2]
                       |M| [NAS-Identifier
                       |M| (Attr-Type = 32)] = [
                       |M| 73 65 61 67 75 6c 6c 2d 74 65 73 74 2d 6e 61 73 
                       |M| ]
                       |M| [Called-Station-Id
                       |M| (Attr-Type = 30)] = [
                       |M| 30 30 2d 31 31 2d 32 32 2d 33 33 2d 34 34 2d 35 
                       |M| 35 
                       |M| ]
                       |M| [Calling-Station-Id
                       |M| (Attr-Type = 31)] = [
                       |M| 41 41 2d 42 42 2d 43 43 2d 44 44 2d 45 45 2d 46 
                       |M| 46 
                       |M| ]
                       |M|]]
2026-01-07.18:34:43.071|T|Send error on call with session-id [0]
2026-01-07.18:34:43.071|T|Execution error on call with session-id [0]
2026-01-07.18:34:44.076|E|The value of the field [Authenticator] is not set
2026-01-07.18:34:44.076|T|Error while sending [[Access-Request
                       |M|[Code] = [ 1]
                       |M|[Identifier] = [ 39]
                       |M|[Length] = [ 0]
                       |M|[Authenticator] = [  NULL(empty)]
                       |M| [User-Name
                       |M| (Attr-Type = 1)] = [
                       |M| 75 73 65 72 31 30 33 39 40 65 78 61 6d 70 6c 65 
                       |M| 2e 63 6f 6d 
                       |M| ]
                       |M| [User-Password
                       |M| (Attr-Type = 2)] = [
                       |M| 70 61 73 73 77 6f 72 64 31 32 33 
                       |M| ]
                       |M| [NAS-IP-Address
                       |M| (Attr-Type = 4)] = [2130706433]
                       |M| [NAS-Port
                       |M| (Attr-Type = 5)] = [0]
                       |M| [Service-Type
                       |M| (Attr-Type = 6)] = [2]
                       |M| [NAS-Identifier
                       |M| (Attr-Type = 32)] = [
                       |M| 73 65 61 67 75 6c 6c 2d 74 65 73 74 2d 6e 61 73 
                       |M| ]
                       |M| [Called-Station-Id
                       |M| (Attr-Type = 30)] = [
                       |M| 30 30 2d 31 31 2d 32 32 2d 33 33 2d 34 34 2d 35 
                       |M| 35 
                       |M| ]
                       |M| [Calling-Station-Id
                       |M| (Attr-Type = 31)] = [
                       |M| 41 41 2d 42 42 2d 43 43 2d 44 44 2d 45 45 2d 46 
                       |M| 46 
                       |M| ]
                       |M|]]
2026-01-07.18:34:44.076|T|Send error on call with session-id [0]
2026-01-07.18:34:44.076|T|Execution error on call with session-id [0]
2026-01-07.18:34:45.080|E|The value of the field [Authenticator] is not set
2026-01-07.18:34:45.080|T|Error while sending [[Access-Request
                       |M|[Code] = [ 1]
                       |M|[Identifier] = [ 40]
                       |M|[Length] = [ 0]
                       |M|[Authenticator] = [  NULL(empty)]
                       |M| [User-Name
                       |M| (Attr-Type = 1)] = [
                       |M| 75 73 65 72 31 30 34 30 40 65 78 61 6d 70 6c 65 
                       |M| 2e 63 6f 6d 
                       |M| ]
                       |M| [User-Password
                       |M| (Attr-Type = 2)] = [
                       |M| 70 61 73 73 77 6f 72 64 31 32 33 
                       |M| ]
                       |M| [NAS-IP-Address
                       |M| (Attr-Type = 4)] = [2130706433]
                       |M| [NAS-Port
                       |M| (Attr-Type = 5)] = [0]
                       |M| [Service-Type
                       |M| (Attr-Type = 6)] = [2]
                       |M| [NAS-Identifier
                       |M| (Attr-Type = 32)] = [
                       |M| 73 65 61 67 75 6c 6c 2d 74 65 73 74 2d 6e 61 73 
                       |M| ]
                       |M| [Called-Station-Id
                       |M| (Attr-Type = 30)] = [
                       |M| 30 30 2d 31 31 2d 32 32 2d 33 33 2d 34 34 2d 35 
                       |M| 35 
                       |M| ]
                       |M| [Calling-Station-Id
                       |M| (Attr-Type = 31)] = [
                       |M| 41 41 2d 42 42 2d 43 43 2d 44 44 2d 45 45 2d 46 
                       |M| 46 
                       |M| ]
                       |M|]]
2026-01-07.18:34:45.081|T|Send error on call with session-id [0]
2026-01-07.18:34:45.081|T|Execution error on call with session-id [0]
2026-01-07.18:34:46.084|E|The value of the field [Authenticator] is not set
2026-01-07.18:34:46.084|T|Error while sending [[Access-Request
                       |M|[Code] = [ 1]
                       |M|[Identifier] = [ 41]
                       |M|[Length] = [ 0]
                       |M|[Authenticator] = [  NULL(empty)]
                       |M| [User-Name
                       |M| (Attr-Type = 1)] = [
                       |M| 75 73 65 72 31 30 34 31 40 65 78 61 6d 70 6c 65 
                       |M| 2e 63 6f 6d 
                       |M| ]
                       |M| [User-Password
                       |M| (Attr-Type = 2)] = [
                       |M| 70 61 73 73 77 6f 72 64 31 32 33 
                       |M| ]
                       |M| [NAS-IP-Address
                       |M| (Attr-Type = 4)] = [2130706433]
                       |M| [NAS-Port
                       |M| (Attr-Type = 5)] = [0]
                       |M| [Service-Type
                       |M| (Attr-Type = 6)] = [2]
                       |M| [NAS-Identifier
                       |M| (Attr-Type = 32)] = [
                       |M| 73 65 61 67 75 6c 6c 2d 74 65 73 74 2d 6e 61 73 
                       |M| ]
                       |M| [Called-Station-Id
                       |M| (Attr-Type = 30)] = [
                       |M| 30 30 2d 31 31 2d 32 32 2d 33 33 2d 34 34 2d 35 
                       |M| 35 
                       |M| ]
                       |M| [Calling-Station-Id
                       |M| (Attr-Type = 31)] = [
                       |M| 41 41 2d 42 42 2d 43 43 2d 44 44 2d 45 45 2d 46 
                       |M| 46 
                       |M| ]
                       |M|]]
2026-01-07.18:34:46.085|T|Send error on call with session-id [0]
2026-01-07.18:34:46.085|T|Execution error on call with session-id [0]
2026-01-07.18:34:47.088|E|The value of the field [Authenticator] is not set
2026-01-07.18:34:47.088|T|Error while sending [[Access-Request
                       |M|[Code] = [ 1]
                       |M|[Identifier] = [ 42]
                       |M|[Length] = [ 0]
                       |M|[Authenticator] = [  NULL(empty)]
                       |M| [User-Name
                       |M| (Attr-Type = 1)] = [
                       |M| 75 73 65 72 31 30 34 32 40 65 78 61 6d 70 6c 65 
                       |M| 2e 63 6f 6d 
                       |M| ]
                       |M| [User-Password
                       |M| (Attr-Type = 2)] = [
                       |M| 70 61 73 73 77 6f 72 64 31 32 33 
                       |M| ]
                       |M| [NAS-IP-Address
                       |M| (Attr-Type = 4)] = [2130706433]
                       |M| [NAS-Port
                       |M| (Attr-Type = 5)] = [0]
                       |M| [Service-Type
                       |M| (Attr-Type = 6)] = [2]
                       |M| [NAS-Identifier
                       |M| (Attr-Type = 32)] = [
                       |M| 73 65 61 67 75 6c 6c 2d 74 65 73 74 2d 6e 61 73 
                       |M| ]
                       |M| [Called-Station-Id
                       |M| (Attr-Type = 30)] = [
                       |M| 30 30 2d 31 31 2d 32 32 2d 33 33 2d 34 34 2d 35 
                       |M| 35 
                       |M| ]
                       |M| [Calling-Station-Id
                       |M| (Attr-Type = 31)] = [
                       |M| 41 41 2d 42 42 2d 43 43 2d 44 44 2d 45 45 2d 46 
                       |M| 46 
                       |M| ]
                       |M|]]
2026-01-07.18:34:47.089|T|Send error on call with session-id [0]
2026-01-07.18:34:47.089|T|Execution error on call with session-id [0]
2026-01-07.18:34:48.092|E|The value of the field [Authenticator] is not set
2026-01-07.18:34:48.092|T|Error while sending [[Access-Request
                       |M|[Code] = [ 1]
                       |M|[Identifier] = [ 43]
                       |M|[Length] = [ 0]
                       |M|[Authenticator] = [  NULL(empty)]
                       |M| [User-Name
                       |M| (Attr-Type = 1)] = [
                       |M| 75 73 65 72 31 30 34 33 40 65 78 61 6d 70 6c 65 
                       |M| 2e 63 6f 6d 
                       |M| ]
                       |M| [User-Password
                       |M| (Attr-Type = 2)] = [
                       |M| 70 61 73 73 77 6f 72 64 31 32 33 
                       |M| ]
                       |M| [NAS-IP-Address
                       |M| (Attr-Type = 4)] = [2130706433]
                       |M| [NAS-Port
                       |M| (Attr-Type = 5)] = [0]
                       |M| [Service-Type
                       |M| (Attr-Type = 6)] = [2]
                       |M| [NAS-Identifier
                       |M| (Attr-Type = 32)] = [
                       |M| 73 65 61 67 75 6c 6c 2d 74 65 73 74 2d 6e 61 73 
                       |M| ]
                       |M| [Called-Station-Id
                       |M| (Attr-Type = 30)] = [
                       |M| 30 30 2d 31 31 2d 32 32 2d 33 33 2d 34 34 2d 35 
                       |M| 35 
                       |M| ]
                       |M| [Calling-Station-Id
                       |M| (Attr-Type = 31)] = [
                       |M| 41 41 2d 42 42 2d 43 43 2d 44 44 2d 45 45 2d 46 
                       |M| 46 
                       |M| ]
                       |M|]]
2026-01-07.18:34:48.093|T|Send error on call with session-id [0]
2026-01-07.18:34:48.093|T|Execution error on call with session-id [0]
2026-01-07.18:34:49.096|E|The value of the field [Authenticator] is not set
2026-01-07.18:34:49.096|T|Error while sending [[Access-Request
                       |M|[Code] = [ 1]
                       |M|[Identifier] = [ 44]
                       |M|[Length] = [ 0]
                       |M|[Authenticator] = [  NULL(empty)]
                       |M| [User-Name
                       |M| (Attr-Type = 1)] = [
                       |M| 75 73 65 72 31 30 34 34 40 65 78 61 6d 70 6c 65 
                       |M| 2e 63 6f 6d 
                       |M| ]
                       |M| [User-Password
                       |M| (Attr-Type = 2)] = [
                       |M| 70 61 73 73 77 6f 72 64 31 32 33 
                       |M| ]
                       |M| [NAS-IP-Address
                       |M| (Attr-Type = 4)] = [2130706433]
                       |M| [NAS-Port
                       |M| (Attr-Type = 5)] = [0]
                       |M| [Service-Type
                       |M| (Attr-Type = 6)] = [2]
                       |M| [NAS-Identifier
                       |M| (Attr-Type = 32)] = [
                       |M| 73 65 61 67 75 6c 6c 2d 74 65 73 74 2d 6e 61 73 
                       |M| ]
                       |M| [Called-Station-Id
                       |M| (Attr-Type = 30)] = [
                       |M| 30 30 2d 31 31 2d 32 32 2d 33 33 2d 34 34 2d 35 
                       |M| 35 
                       |M| ]
                       |M| [Calling-Station-Id
                       |M| (Attr-Type = 31)] = [
                       |M| 41 41 2d 42 42 2d 43 43 2d 44 44 2d 45 45 2d 46 
                       |M| 46 
                       |M| ]
                       |M|]]
2026-01-07.18:34:49.096|T|Send error on call with session-id [0]
2026-01-07.18:34:49.096|T|Execution error on call with session-id [0]
2026-01-07.18:34:50.098|E|The value of the field [Authenticator] is not set
2026-01-07.18:34:50.098|T|Error while sending [[Access-Request
                       |M|[Code] = [ 1]
                       |M|[Identifier] = [ 45]
                       |M|[Length] = [ 0]
                       |M|[Authenticator] = [  NULL(empty)]
                       |M| [User-Name
                       |M| (Attr-Type = 1)] = [
                       |M| 75 73 65 72 31 30 34 35 40 65 78 61 6d 70 6c 65 
                       |M| 2e 63 6f 6d 
                       |M| ]
                       |M| [User-Password
                       |M| (Attr-Type = 2)] = [
                       |M| 70 61 73 73 77 6f 72 64 31 32 33 
                       |M| ]
                       |M| [NAS-IP-Address
                       |M| (Attr-Type = 4)] = [2130706433]
                       |M| [NAS-Port
                       |M| (Attr-Type = 5)] = [0]
                       |M| [Service-Type
                       |M| (Attr-Type = 6)] = [2]
                       |M| [NAS-Identifier
                       |M| (Attr-Type = 32)] = [
                       |M| 73 65 61 67 75 6c 6c 2d 74 65 73 74 2d 6e 61 73 
                       |M| ]
                       |M| [Called-Station-Id
                       |M| (Attr-Type = 30)] = [
                       |M| 30 30 2d 31 31 2d 32 32 2d 33 33 2d 34 34 2d 35 
                       |M| 35 
                       |M| ]
                       |M| [Calling-Station-Id
                       |M| (Attr-Type = 31)] = [
                       |M| 41 41 2d 42 42 2d 43 43 2d 44 44 2d 45 45 2d 46 
                       |M| 46 
                       |M| ]
                       |M|]]
2026-01-07.18:34:50.098|T|Send error on call with session-id [0]
2026-01-07.18:34:50.098|T|Execution error on call with session-id [0]
2026-01-07.18:34:51.102|E|The value of the field [Authenticator] is not set
2026-01-07.18:34:51.102|T|Error while sending [[Access-Request
                       |M|[Code] = [ 1]
                       |M|[Identifier] = [ 46]
                       |M|[Length] = [ 0]
                       |M|[Authenticator] = [  NULL(empty)]
                       |M| [User-Name
                       |M| (Attr-Type = 1)] = [
                       |M| 75 73 65 72 31 30 34 36 40 65 78 61 6d 70 6c 65 
                       |M| 2e 63 6f 6d 
                       |M| ]
                       |M| [User-Password
                       |M| (Attr-Type = 2)] = [
                       |M| 70 61 73 73 77 6f 72 64 31 32 33 
                       |M| ]
                       |M| [NAS-IP-Address
                       |M| (Attr-Type = 4)] = [2130706433]
                       |M| [NAS-Port
                       |M| (Attr-Type = 5)] = [0]
                       |M| [Service-Type
                       |M| (Attr-Type = 6)] = [2]
                       |M| [NAS-Identifier
                       |M| (Attr-Type = 32)] = [
                       |M| 73 65 61 67 75 6c 6c 2d 74 65 73 74 2d 6e 61 73 
                       |M| ]
                       |M| [Called-Station-Id
                       |M| (Attr-Type = 30)] = [
                       |M| 30 30 2d 31 31 2d 32 32 2d 33 33 2d 34 34 2d 35 
                       |M| 35 
                       |M| ]
                       |M| [Calling-Station-Id
                       |M| (Attr-Type = 31)] = [
                       |M| 41 41 2d 42 42 2d 43 43 2d 44 44 2d 45 45 2d 46 
                       |M| 46 
                       |M| ]
                       |M|]]
2026-01-07.18:34:51.103|T|Send error on call with session-id [0]
2026-01-07.18:34:51.103|T|Execution error on call with session-id [0]
2026-01-07.18:34:52.106|E|The value of the field [Authenticator] is not set
2026-01-07.18:34:52.106|T|Error while sending [[Access-Request
                       |M|[Code] = [ 1]
                       |M|[Identifier] = [ 47]
                       |M|[Length] = [ 0]
                       |M|[Authenticator] = [  NULL(empty)]
                       |M| [User-Name
                       |M| (Attr-Type = 1)] = [
                       |M| 75 73 65 72 31 30 34 37 40 65 78 61 6d 70 6c 65 
                       |M| 2e 63 6f 6d 
                       |M| ]
                       |M| [User-Password
                       |M| (Attr-Type = 2)] = [
                       |M| 70 61 73 73 77 6f 72 64 31 32 33 
                       |M| ]
                       |M| [NAS-IP-Address
                       |M| (Attr-Type = 4)] = [2130706433]
                       |M| [NAS-Port
                       |M| (Attr-Type = 5)] = [0]
                       |M| [Service-Type
                       |M| (Attr-Type = 6)] = [2]
                       |M| [NAS-Identifier
                       |M| (Attr-Type = 32)] = [
                       |M| 73 65 61 67 75 6c 6c 2d 74 65 73 74 2d 6e 61 73 
                       |M| ]
                       |M| [Called-Station-Id
                       |M| (Attr-Type = 30)] = [
                       |M| 30 30 2d 31 31 2d 32 32 2d 33 33 2d 34 34 2d 35 
                       |M| 35 
                       |M| ]
                       |M| [Calling-Station-Id
                       |M| (Attr-Type = 31)] = [
                       |M| 41 41 2d 42 42 2d 43 43 2d 44 44 2d 45 45 2d 46 
                       |M| 46 
                       |M| ]
                       |M|]]
2026-01-07.18:34:52.106|T|Send error on call with session-id [0]
2026-01-07.18:34:52.107|T|Execution error on call with session-id [0]
2026-01-07.18:34:53.110|E|The value of the field [Authenticator] is not set
2026-01-07.18:34:53.110|T|Error while sending [[Access-Request
                       |M|[Code] = [ 1]
                       |M|[Identifier] = [ 48]
                       |M|[Length] = [ 0]
                       |M|[Authenticator] = [  NULL(empty)]
                       |M| [User-Name
                       |M| (Attr-Type = 1)] = [
                       |M| 75 73 65 72 31 30 34 38 40 65 78 61 6d 70 6c 65 
                       |M| 2e 63 6f 6d 
                       |M| ]
                       |M| [User-Password
                       |M| (Attr-Type = 2)] = [
                       |M| 70 61 73 73 77 6f 72 64 31 32 33 
                       |M| ]
                       |M| [NAS-IP-Address
                       |M| (Attr-Type = 4)] = [2130706433]
                       |M| [NAS-Port
                       |M| (Attr-Type = 5)] = [0]
                       |M| [Service-Type
                       |M| (Attr-Type = 6)] = [2]
                       |M| [NAS-Identifier
                       |M| (Attr-Type = 32)] = [
                       |M| 73 65 61 67 75 6c 6c 2d 74 65 73 74 2d 6e 61 73 
                       |M| ]
                       |M| [Called-Station-Id
                       |M| (Attr-Type = 30)] = [
                       |M| 30 30 2d 31 31 2d 32 32 2d 33 33 2d 34 34 2d 35 
                       |M| 35 
                       |M| ]
                       |M| [Calling-Station-Id
                       |M| (Attr-Type = 31)] = [
                       |M| 41 41 2d 42 42 2d 43 43 2d 44 44 2d 45 45 2d 46 
                       |M| 46 
                       |M| ]
                       |M|]]
2026-01-07.18:34:53.111|T|Send error on call with session-id [0]
2026-01-07.18:34:53.111|T|Execution error on call with session-id [0]
2026-01-07.18:34:54.064|E|The value of the field [Authenticator] is not set
2026-01-07.18:34:54.065|T|Error while sending [[Access-Request
                       |M|[Code] = [ 1]
                       |M|[Identifier] = [ 49]
                       |M|[Length] = [ 0]
                       |M|[Authenticator] = [  NULL(empty)]
                       |M| [User-Name
                       |M| (Attr-Type = 1)] = [
                       |M| 75 73 65 72 31 30 34 39 40 65 78 61 6d 70 6c 65 
                       |M| 2e 63 6f 6d 
                       |M| ]
                       |M| [User-Password
                       |M| (Attr-Type = 2)] = [
                       |M| 70 61 73 73 77 6f 72 64 31 32 33 
                       |M| ]
                       |M| [NAS-IP-Address
                       |M| (Attr-Type = 4)] = [2130706433]
                       |M| [NAS-Port
                       |M| (Attr-Type = 5)] = [0]
                       |M| [Service-Type
                       |M| (Attr-Type = 6)] = [2]
                       |M| [NAS-Identifier
                       |M| (Attr-Type = 32)] = [
                       |M| 73 65 61 67 75 6c 6c 2d 74 65 73 74 2d 6e 61 73 
                       |M| ]
                       |M| [Called-Station-Id
                       |M| (Attr-Type = 30)] = [
                       |M| 30 30 2d 31 31 2d 32 32 2d 33 33 2d 34 34 2d 35 
                       |M| 35 
                       |M| ]
                       |M| [Calling-Station-Id
                       |M| (Attr-Type = 31)] = [
                       |M| 41 41 2d 42 42 2d 43 43 2d 44 44 2d 45 45 2d 46 
                       |M| 46 
                       |M| ]
                       |M|]]
2026-01-07.18:34:54.065|T|Send error on call with session-id [0]
2026-01-07.18:34:54.065|T|Execution error on call with session-id [0]
2026-01-07.18:34:55.069|E|The value of the field [Authenticator] is not set
2026-01-07.18:34:55.069|T|Error while sending [[Access-Request
                       |M|[Code] = [ 1]
                       |M|[Identifier] = [ 50]
                       |M|[Length] = [ 0]
                       |M|[Authenticator] = [  NULL(empty)]
                       |M| [User-Name
                       |M| (Attr-Type = 1)] = [
                       |M| 75 73 65 72 31 30 35 30 40 65 78 61 6d 70 6c 65 
                       |M| 2e 63 6f 6d 
                       |M| ]
                       |M| [User-Password
                       |M| (Attr-Type = 2)] = [
                       |M| 70 61 73 73 77 6f 72 64 31 32 33 
                       |M| ]
                       |M| [NAS-IP-Address
                       |M| (Attr-Type = 4)] = [2130706433]
                       |M| [NAS-Port
                       |M| (Attr-Type = 5)] = [0]
                       |M| [Service-Type
                       |M| (Attr-Type = 6)] = [2]
                       |M| [NAS-Identifier
                       |M| (Attr-Type = 32)] = [
                       |M| 73 65 61 67 75 6c 6c 2d 74 65 73 74 2d 6e 61 73 
                       |M| ]
                       |M| [Called-Station-Id
                       |M| (Attr-Type = 30)] = [
                       |M| 30 30 2d 31 31 2d 32 32 2d 33 33 2d 34 34 2d 35 
                       |M| 35 
                       |M| ]
                       |M| [Calling-Station-Id
                       |M| (Attr-Type = 31)] = [
                       |M| 41 41 2d 42 42 2d 43 43 2d 44 44 2d 45 45 2d 46 
                       |M| 46 
                       |M| ]
                       |M|]]
2026-01-07.18:34:55.069|T|Send error on call with session-id [0]
2026-01-07.18:34:55.069|T|Execution error on call with session-id [0]
2026-01-07.18:34:56.072|E|The value of the field [Authenticator] is not set
2026-01-07.18:34:56.072|T|Error while sending [[Access-Request
                       |M|[Code] = [ 1]
                       |M|[Identifier] = [ 51]
                       |M|[Length] = [ 0]
                       |M|[Authenticator] = [  NULL(empty)]
                       |M| [User-Name
                       |M| (Attr-Type = 1)] = [
                       |M| 75 73 65 72 31 30 35 31 40 65 78 61 6d 70 6c 65 
                       |M| 2e 63 6f 6d 
                       |M| ]
                       |M| [User-Password
                       |M| (Attr-Type = 2)] = [
                       |M| 70 61 73 73 77 6f 72 64 31 32 33 
                       |M| ]
                       |M| [NAS-IP-Address
                       |M| (Attr-Type = 4)] = [2130706433]
                       |M| [NAS-Port
                       |M| (Attr-Type = 5)] = [0]
                       |M| [Service-Type
                       |M| (Attr-Type = 6)] = [2]
                       |M| [NAS-Identifier
                       |M| (Attr-Type = 32)] = [
                       |M| 73 65 61 67 75 6c 6c 2d 74 65 73 74 2d 6e 61 73 
                       |M| ]
                       |M| [Called-Station-Id
                       |M| (Attr-Type = 30)] = [
                       |M| 30 30 2d 31 31 2d 32 32 2d 33 33 2d 34 34 2d 35 
                       |M| 35 
                       |M| ]
                       |M| [Calling-Station-Id
                       |M| (Attr-Type = 31)] = [
                       |M| 41 41 2d 42 42 2d 43 43 2d 44 44 2d 45 45 2d 46 
                       |M| 46 
                       |M| ]
                       |M|]]
2026-01-07.18:34:56.072|T|Send error on call with session-id [0]
2026-01-07.18:34:56.072|T|Execution error on call with session-id [0]
2026-01-07.18:34:57.076|E|The value of the field [Authenticator] is not set
2026-01-07.18:34:57.076|T|Error while sending [[Access-Request
                       |M|[Code] = [ 1]
                       |M|[Identifier] = [ 52]
                       |M|[Length] = [ 0]
                       |M|[Authenticator] = [  NULL(empty)]
                       |M| [User-Name
                       |M| (Attr-Type = 1)] = [
                       |M| 75 73 65 72 31 30 35 32 40 65 78 61 6d 70 6c 65 
                       |M| 2e 63 6f 6d 
                       |M| ]
                       |M| [User-Password
                       |M| (Attr-Type = 2)] = [
                       |M| 70 61 73 73 77 6f 72 64 31 32 33 
                       |M| ]
                       |M| [NAS-IP-Address
                       |M| (Attr-Type = 4)] = [2130706433]
                       |M| [NAS-Port
                       |M| (Attr-Type = 5)] = [0]
                       |M| [Service-Type
                       |M| (Attr-Type = 6)] = [2]
                       |M| [NAS-Identifier
                       |M| (Attr-Type = 32)] = [
                       |M| 73 65 61 67 75 6c 6c 2d 74 65 73 74 2d 6e 61 73 
                       |M| ]
                       |M| [Called-Station-Id
                       |M| (Attr-Type = 30)] = [
                       |M| 30 30 2d 31 31 2d 32 32 2d 33 33 2d 34 34 2d 35 
                       |M| 35 
                       |M| ]
                       |M| [Calling-Station-Id
                       |M| (Attr-Type = 31)] = [
                       |M| 41 41 2d 42 42 2d 43 43 2d 44 44 2d 45 45 2d 46 
                       |M| 46 
                       |M| ]
                       |M|]]
2026-01-07.18:34:57.076|T|Send error on call with session-id [0]
2026-01-07.18:34:57.076|T|Execution error on call with session-id [0]
2026-01-07.18:34:58.080|E|The value of the field [Authenticator] is not set
2026-01-07.18:34:58.080|T|Error while sending [[Access-Request
                       |M|[Code] = [ 1]
                       |M|[Identifier] = [ 53]
                       |M|[Length] = [ 0]
                       |M|[Authenticator] = [  NULL(empty)]
                       |M| [User-Name
                       |M| (Attr-Type = 1)] = [
                       |M| 75 73 65 72 31 30 35 33 40 65 78 61 6d 70 6c 65 
                       |M| 2e 63 6f 6d 
                       |M| ]
                       |M| [User-Password
                       |M| (Attr-Type = 2)] = [
                       |M| 70 61 73 73 77 6f 72 64 31 32 33 
                       |M| ]
                       |M| [NAS-IP-Address
                       |M| (Attr-Type = 4)] = [2130706433]
                       |M| [NAS-Port
                       |M| (Attr-Type = 5)] = [0]
                       |M| [Service-Type
                       |M| (Attr-Type = 6)] = [2]
                       |M| [NAS-Identifier
                       |M| (Attr-Type = 32)] = [
                       |M| 73 65 61 67 75 6c 6c 2d 74 65 73 74 2d 6e 61 73 
                       |M| ]
                       |M| [Called-Station-Id
                       |M| (Attr-Type = 30)] = [
                       |M| 30 30 2d 31 31 2d 32 32 2d 33 33 2d 34 34 2d 35 
                       |M| 35 
                       |M| ]
                       |M| [Calling-Station-Id
                       |M| (Attr-Type = 31)] = [
                       |M| 41 41 2d 42 42 2d 43 43 2d 44 44 2d 45 45 2d 46 
                       |M| 46 
                       |M| ]
                       |M|]]
2026-01-07.18:34:58.080|T|Send error on call with session-id [0]
2026-01-07.18:34:58.080|T|Execution error on call with session-id [0]
2026-01-07.18:34:59.085|E|The value of the field [Authenticator] is not set
2026-01-07.18:34:59.085|T|Error while sending [[Access-Request
                       |M|[Code] = [ 1]
                       |M|[Identifier] = [ 54]
                       |M|[Length] = [ 0]
                       |M|[Authenticator] = [  NULL(empty)]
                       |M| [User-Name
                       |M| (Attr-Type = 1)] = [
                       |M| 75 73 65 72 31 30 35 34 40 65 78 61 6d 70 6c 65 
                       |M| 2e 63 6f 6d 
                       |M| ]
                       |M| [User-Password
                       |M| (Attr-Type = 2)] = [
                       |M| 70 61 73 73 77 6f 72 64 31 32 33 
                       |M| ]
                       |M| [NAS-IP-Address
                       |M| (Attr-Type = 4)] = [2130706433]
                       |M| [NAS-Port
                       |M| (Attr-Type = 5)] = [0]
                       |M| [Service-Type
                       |M| (Attr-Type = 6)] = [2]
                       |M| [NAS-Identifier
                       |M| (Attr-Type = 32)] = [
                       |M| 73 65 61 67 75 6c 6c 2d 74 65 73 74 2d 6e 61 73 
                       |M| ]
                       |M| [Called-Station-Id
                       |M| (Attr-Type = 30)] = [
                       |M| 30 30 2d 31 31 2d 32 32 2d 33 33 2d 34 34 2d 35 
                       |M| 35 
                       |M| ]
                       |M| [Calling-Station-Id
                       |M| (Attr-Type = 31)] = [
                       |M| 41 41 2d 42 42 2d 43 43 2d 44 44 2d 45 45 2d 46 
                       |M| 46 
                       |M| ]
                       |M|]]
2026-01-07.18:34:59.085|T|Send error on call with session-id [0]
2026-01-07.18:34:59.085|T|Execution error on call with session-id [0]
2026-01-07.18:35:00.089|E|The value of the field [Authenticator] is not set
2026-01-07.18:35:00.089|T|Error while sending [[Access-Request
                       |M|[Code] = [ 1]
                       |M|[Identifier] = [ 55]
                       |M|[Length] = [ 0]
                       |M|[Authenticator] = [  NULL(empty)]
                       |M| [User-Name
                       |M| (Attr-Type = 1)] = [
                       |M| 75 73 65 72 31 30 35 35 40 65 78 61 6d 70 6c 65 
                       |M| 2e 63 6f 6d 
                       |M| ]
                       |M| [User-Password
                       |M| (Attr-Type = 2)] = [
                       |M| 70 61 73 73 77 6f 72 64 31 32 33 
                       |M| ]
                       |M| [NAS-IP-Address
                       |M| (Attr-Type = 4)] = [2130706433]
                       |M| [NAS-Port
                       |M| (Attr-Type = 5)] = [0]
                       |M| [Service-Type
                       |M| (Attr-Type = 6)] = [2]
                       |M| [NAS-Identifier
                       |M| (Attr-Type = 32)] = [
                       |M| 73 65 61 67 75 6c 6c 2d 74 65 73 74 2d 6e 61 73 
                       |M| ]
                       |M| [Called-Station-Id
                       |M| (Attr-Type = 30)] = [
                       |M| 30 30 2d 31 31 2d 32 32 2d 33 33 2d 34 34 2d 35 
                       |M| 35 
                       |M| ]
                       |M| [Calling-Station-Id
                       |M| (Attr-Type = 31)] = [
                       |M| 41 41 2d 42 42 2d 43 43 2d 44 44 2d 45 45 2d 46 
                       |M| 46 
                       |M| ]
                       |M|]]
2026-01-07.18:35:00.089|T|Send error on call with session-id [0]
2026-01-07.18:35:00.089|T|Execution error on call with session-id [0]
2026-01-07.18:35:01.092|E|The value of the field [Authenticator] is not set
2026-01-07.18:35:01.092|T|Error while sending [[Access-Request
                       |M|[Code] = [ 1]
                       |M|[Identifier] = [ 56]
                       |M|[Length] = [ 0]
                       |M|[Authenticator] = [  NULL(empty)]
                       |M| [User-Name
                       |M| (Attr-Type = 1)] = [
                       |M| 75 73 65 72 31 30 35 36 40 65 78 61 6d 70 6c 65 
                       |M| 2e 63 6f 6d 
                       |M| ]
                       |M| [User-Password
                       |M| (Attr-Type = 2)] = [
                       |M| 70 61 73 73 77 6f 72 64 31 32 33 
                       |M| ]
                       |M| [NAS-IP-Address
                       |M| (Attr-Type = 4)] = [2130706433]
                       |M| [NAS-Port
                       |M| (Attr-Type = 5)] = [0]
                       |M| [Service-Type
                       |M| (Attr-Type = 6)] = [2]
                       |M| [NAS-Identifier
                       |M| (Attr-Type = 32)] = [
                       |M| 73 65 61 67 75 6c 6c 2d 74 65 73 74 2d 6e 61 73 
                       |M| ]
                       |M| [Called-Station-Id
                       |M| (Attr-Type = 30)] = [
                       |M| 30 30 2d 31 31 2d 32 32 2d 33 33 2d 34 34 2d 35 
                       |M| 35 
                       |M| ]
                       |M| [Calling-Station-Id
                       |M| (Attr-Type = 31)] = [
                       |M| 41 41 2d 42 42 2d 43 43 2d 44 44 2d 45 45 2d 46 
                       |M| 46 
                       |M| ]
                       |M|]]
2026-01-07.18:35:01.092|T|Send error on call with session-id [0]
2026-01-07.18:35:01.092|T|Execution error on call with session-id [0]
2026-01-07.18:35:02.096|E|The value of the field [Authenticator] is not set
2026-01-07.18:35:02.096|T|Error while sending [[Access-Request
                       |M|[Code] = [ 1]
                       |M|[Identifier] = [ 57]
                       |M|[Length] = [ 0]
                       |M|[Authenticator] = [  NULL(empty)]
                       |M| [User-Name
                       |M| (Attr-Type = 1)] = [
                       |M| 75 73 65 72 31 30 35 37 40 65 78 61 6d 70 6c 65 
                       |M| 2e 63 6f 6d 
                       |M| ]
                       |M| [User-Password
                       |M| (Attr-Type = 2)] = [
                       |M| 70 61 73 73 77 6f 72 64 31 32 33 
                       |M| ]
                       |M| [NAS-IP-Address
                       |M| (Attr-Type = 4)] = [2130706433]
                       |M| [NAS-Port
                       |M| (Attr-Type = 5)] = [0]
                       |M| [Service-Type
                       |M| (Attr-Type = 6)] = [2]
                       |M| [NAS-Identifier
                       |M| (Attr-Type = 32)] = [
                       |M| 73 65 61 67 75 6c 6c 2d 74 65 73 74 2d 6e 61 73 
                       |M| ]
                       |M| [Called-Station-Id
                       |M| (Attr-Type = 30)] = [
                       |M| 30 30 2d 31 31 2d 32 32 2d 33 33 2d 34 34 2d 35 
                       |M| 35 
                       |M| ]
                       |M| [Calling-Station-Id
                       |M| (Attr-Type = 31)] = [
                       |M| 41 41 2d 42 42 2d 43 43 2d 44 44 2d 45 45 2d 46 
                       |M| 46 
                       |M| ]
                       |M|]]
2026-01-07.18:35:02.097|T|Send error on call with session-id [0]
2026-01-07.18:35:02.097|T|Execution error on call with session-id [0]
2026-01-07.18:35:03.101|E|The value of the field [Authenticator] is not set
2026-01-07.18:35:03.101|T|Error while sending [[Access-Request
                       |M|[Code] = [ 1]
                       |M|[Identifier] = [ 58]
                       |M|[Length] = [ 0]
                       |M|[Authenticator] = [  NULL(empty)]
                       |M| [User-Name
                       |M| (Attr-Type = 1)] = [
                       |M| 75 73 65 72 31 30 35 38 40 65 78 61 6d 70 6c 65 
                       |M| 2e 63 6f 6d 
                       |M| ]
                       |M| [User-Password
                       |M| (Attr-Type = 2)] = [
                       |M| 70 61 73 73 77 6f 72 64 31 32 33 
                       |M| ]
                       |M| [NAS-IP-Address
                       |M| (Attr-Type = 4)] = [2130706433]
                       |M| [NAS-Port
                       |M| (Attr-Type = 5)] = [0]
                       |M| [Service-Type
                       |M| (Attr-Type = 6)] = [2]
                       |M| [NAS-Identifier
                       |M| (Attr-Type = 32)] = [
                       |M| 73 65 61 67 75 6c 6c 2d 74 65 73 74 2d 6e 61 73 
                       |M| ]
                       |M| [Called-Station-Id
                       |M| (Attr-Type = 30)] = [
                       |M| 30 30 2d 31 31 2d 32 32 2d 33 33 2d 34 34 2d 35 
                       |M| 35 
                       |M| ]
                       |M| [Calling-Station-Id
                       |M| (Attr-Type = 31)] = [
                       |M| 41 41 2d 42 42 2d 43 43 2d 44 44 2d 45 45 2d 46 
                       |M| 46 
                       |M| ]
                       |M|]]
2026-01-07.18:35:03.102|T|Send error on call with session-id [0]
2026-01-07.18:35:03.102|T|Execution error on call with session-id [0]
2026-01-07.18:35:04.105|E|The value of the field [Authenticator] is not set
2026-01-07.18:35:04.106|T|Error while sending [[Access-Request
                       |M|[Code] = [ 1]
                       |M|[Identifier] = [ 59]
                       |M|[Length] = [ 0]
                       |M|[Authenticator] = [  NULL(empty)]
                       |M| [User-Name
                       |M| (Attr-Type = 1)] = [
                       |M| 75 73 65 72 31 30 35 39 40 65 78 61 6d 70 6c 65 
                       |M| 2e 63 6f 6d 
                       |M| ]
                       |M| [User-Password
                       |M| (Attr-Type = 2)] = [
                       |M| 70 61 73 73 77 6f 72 64 31 32 33 
                       |M| ]
                       |M| [NAS-IP-Address
                       |M| (Attr-Type = 4)] = [2130706433]
                       |M| [NAS-Port
                       |M| (Attr-Type = 5)] = [0]
                       |M| [Service-Type
                       |M| (Attr-Type = 6)] = [2]
                       |M| [NAS-Identifier
                       |M| (Attr-Type = 32)] = [
                       |M| 73 65 61 67 75 6c 6c 2d 74 65 73 74 2d 6e 61 73 
                       |M| ]
                       |M| [Called-Station-Id
                       |M| (Attr-Type = 30)] = [
                       |M| 30 30 2d 31 31 2d 32 32 2d 33 33 2d 34 34 2d 35 
                       |M| 35 
                       |M| ]
                       |M| [Calling-Station-Id
                       |M| (Attr-Type = 31)] = [
                       |M| 41 41 2d 42 42 2d 43 43 2d 44 44 2d 45 45 2d 46 
                       |M| 46 
                       |M| ]
                       |M|]]
2026-01-07.18:35:04.106|T|Send error on call with session-id [0]
2026-01-07.18:35:04.106|T|Execution error on call with session-id [0]
2026-01-07.18:35:05.110|E|The value of the field [Authenticator] is not set
2026-01-07.18:35:05.110|T|Error while sending [[Access-Request
                       |M|[Code] = [ 1]
                       |M|[Identifier] = [ 60]
                       |M|[Length] = [ 0]
                       |M|[Authenticator] = [  NULL(empty)]
                       |M| [User-Name
                       |M| (Attr-Type = 1)] = [
                       |M| 75 73 65 72 31 30 36 30 40 65 78 61 6d 70 6c 65 
                       |M| 2e 63 6f 6d 
                       |M| ]
                       |M| [User-Password
                       |M| (Attr-Type = 2)] = [
                       |M| 70 61 73 73 77 6f 72 64 31 32 33 
                       |M| ]
                       |M| [NAS-IP-Address
                       |M| (Attr-Type = 4)] = [2130706433]
                       |M| [NAS-Port
                       |M| (Attr-Type = 5)] = [0]
                       |M| [Service-Type
                       |M| (Attr-Type = 6)] = [2]
                       |M| [NAS-Identifier
                       |M| (Attr-Type = 32)] = [
                       |M| 73 65 61 67 75 6c 6c 2d 74 65 73 74 2d 6e 61 73 
                       |M| ]
                       |M| [Called-Station-Id
                       |M| (Attr-Type = 30)] = [
                       |M| 30 30 2d 31 31 2d 32 32 2d 33 33 2d 34 34 2d 35 
                       |M| 35 
                       |M| ]
                       |M| [Calling-Station-Id
                       |M| (Attr-Type = 31)] = [
                       |M| 41 41 2d 42 42 2d 43 43 2d 44 44 2d 45 45 2d 46 
                       |M| 46 
                       |M| ]
                       |M|]]
2026-01-07.18:35:05.110|T|Send error on call with session-id [0]
2026-01-07.18:35:05.110|T|Execution error on call with session-id [0]
2026-01-07.18:35:06.064|E|The value of the field [Authenticator] is not set
2026-01-07.18:35:06.064|T|Error while sending [[Access-Request
                       |M|[Code] = [ 1]
                       |M|[Identifier] = [ 61]
                       |M|[Length] = [ 0]
                       |M|[Authenticator] = [  NULL(empty)]
                       |M| [User-Name
                       |M| (Attr-Type = 1)] = [
                       |M| 75 73 65 72 31 30 36 31 40 65 78 61 6d 70 6c 65 
                       |M| 2e 63 6f 6d 
                       |M| ]
                       |M| [User-Password
                       |M| (Attr-Type = 2)] = [
                       |M| 70 61 73 73 77 6f 72 64 31 32 33 
                       |M| ]
                       |M| [NAS-IP-Address
                       |M| (Attr-Type = 4)] = [2130706433]
                       |M| [NAS-Port
                       |M| (Attr-Type = 5)] = [0]
                       |M| [Service-Type
                       |M| (Attr-Type = 6)] = [2]
                       |M| [NAS-Identifier
                       |M| (Attr-Type = 32)] = [
                       |M| 73 65 61 67 75 6c 6c 2d 74 65 73 74 2d 6e 61 73 
                       |M| ]
                       |M| [Called-Station-Id
                       |M| (Attr-Type = 30)] = [
                       |M| 30 30 2d 31 31 2d 32 32 2d 33 33 2d 34 34 2d 35 
                       |M| 35 
                       |M| ]
                       |M| [Calling-Station-Id
                       |M| (Attr-Type = 31)] = [
                       |M| 41 41 2d 42 42 2d 43 43 2d 44 44 2d 45 45 2d 46 
                       |M| 46 
                       |M| ]
                       |M|]]
2026-01-07.18:35:06.064|T|Send error on call with session-id [0]
2026-01-07.18:35:06.065|T|Execution error on call with session-id [0]
2026-01-07.18:35:07.069|E|The value of the field [Authenticator] is not set
2026-01-07.18:35:07.069|T|Error while sending [[Access-Request
                       |M|[Code] = [ 1]
                       |M|[Identifier] = [ 62]
                       |M|[Length] = [ 0]
                       |M|[Authenticator] = [  NULL(empty)]
                       |M| [User-Name
                       |M| (Attr-Type = 1)] = [
                       |M| 75 73 65 72 31 30 36 32 40 65 78 61 6d 70 6c 65 
                       |M| 2e 63 6f 6d 
                       |M| ]
                       |M| [User-Password
                       |M| (Attr-Type = 2)] = [
                       |M| 70 61 73 73 77 6f 72 64 31 32 33 
                       |M| ]
                       |M| [NAS-IP-Address
                       |M| (Attr-Type = 4)] = [2130706433]
                       |M| [NAS-Port
                       |M| (Attr-Type = 5)] = [0]
                       |M| [Service-Type
                       |M| (Attr-Type = 6)] = [2]
                       |M| [NAS-Identifier
                       |M| (Attr-Type = 32)] = [
                       |M| 73 65 61 67 75 6c 6c 2d 74 65 73 74 2d 6e 61 73 
                       |M| ]
                       |M| [Called-Station-Id
                       |M| (Attr-Type = 30)] = [
                       |M| 30 30 2d 31 31 2d 32 32 2d 33 33 2d 34 34 2d 35 
                       |M| 35 
                       |M| ]
                       |M| [Calling-Station-Id
                       |M| (Attr-Type = 31)] = [
                       |M| 41 41 2d 42 42 2d 43 43 2d 44 44 2d 45 45 2d 46 
                       |M| 46 
                       |M| ]
                       |M|]]
2026-01-07.18:35:07.070|T|Send error on call with session-id [0]
2026-01-07.18:35:07.070|T|Execution error on call with session-id [0]
2026-01-07.18:35:08.073|E|The value of the field [Authenticator] is not set
2026-01-07.18:35:08.073|T|Error while sending [[Access-Request
                       |M|[Code] = [ 1]
                       |M|[Identifier] = [ 63]
                       |M|[Length] = [ 0]
                       |M|[Authenticator] = [  NULL(empty)]
                       |M| [User-Name
                       |M| (Attr-Type = 1)] = [
                       |M| 75 73 65 72 31 30 36 33 40 65 78 61 6d 70 6c 65 
                       |M| 2e 63 6f 6d 
                       |M| ]
                       |M| [User-Password
                       |M| (Attr-Type = 2)] = [
                       |M| 70 61 73 73 77 6f 72 64 31 32 33 
                       |M| ]
                       |M| [NAS-IP-Address
                       |M| (Attr-Type = 4)] = [2130706433]
                       |M| [NAS-Port
                       |M| (Attr-Type = 5)] = [0]
                       |M| [Service-Type
                       |M| (Attr-Type = 6)] = [2]
                       |M| [NAS-Identifier
                       |M| (Attr-Type = 32)] = [
                       |M| 73 65 61 67 75 6c 6c 2d 74 65 73 74 2d 6e 61 73 
                       |M| ]
                       |M| [Called-Station-Id
                       |M| (Attr-Type = 30)] = [
                       |M| 30 30 2d 31 31 2d 32 32 2d 33 33 2d 34 34 2d 35 
                       |M| 35 
                       |M| ]
                       |M| [Calling-Station-Id
                       |M| (Attr-Type = 31)] = [
                       |M| 41 41 2d 42 42 2d 43 43 2d 44 44 2d 45 45 2d 46 
                       |M| 46 
                       |M| ]
                       |M|]]
2026-01-07.18:35:08.073|T|Send error on call with session-id [0]
2026-01-07.18:35:08.073|T|Execution error on call with session-id [0]
2026-01-07.18:35:09.077|E|The value of the field [Authenticator] is not set
2026-01-07.18:35:09.077|T|Error while sending [[Access-Request
                       |M|[Code] = [ 1]
                       |M|[Identifier] = [ 64]
                       |M|[Length] = [ 0]
                       |M|[Authenticator] = [  NULL(empty)]
                       |M| [User-Name
                       |M| (Attr-Type = 1)] = [
                       |M| 75 73 65 72 31 30 36 34 40 65 78 61 6d 70 6c 65 
                       |M| 2e 63 6f 6d 
                       |M| ]
                       |M| [User-Password
                       |M| (Attr-Type = 2)] = [
                       |M| 70 61 73 73 77 6f 72 64 31 32 33 
                       |M| ]
                       |M| [NAS-IP-Address
                       |M| (Attr-Type = 4)] = [2130706433]
                       |M| [NAS-Port
                       |M| (Attr-Type = 5)] = [0]
                       |M| [Service-Type
                       |M| (Attr-Type = 6)] = [2]
                       |M| [NAS-Identifier
                       |M| (Attr-Type = 32)] = [
                       |M| 73 65 61 67 75 6c 6c 2d 74 65 73 74 2d 6e 61 73 
                       |M| ]
                       |M| [Called-Station-Id
                       |M| (Attr-Type = 30)] = [
                       |M| 30 30 2d 31 31 2d 32 32 2d 33 33 2d 34 34 2d 35 
                       |M| 35 
                       |M| ]
                       |M| [Calling-Station-Id
                       |M| (Attr-Type = 31)] = [
                       |M| 41 41 2d 42 42 2d 43 43 2d 44 44 2d 45 45 2d 46 
                       |M| 46 
                       |M| ]
                       |M|]]
2026-01-07.18:35:09.078|T|Send error on call with session-id [0]
2026-01-07.18:35:09.078|T|Execution error on call with session-id [0]
2026-01-07.18:35:10.083|E|The value of the field [Authenticator] is not set
2026-01-07.18:35:10.083|T|Error while sending [[Access-Request
                       |M|[Code] = [ 1]
                       |M|[Identifier] = [ 65]
                       |M|[Length] = [ 0]
                       |M|[Authenticator] = [  NULL(empty)]
                       |M| [User-Name
                       |M| (Attr-Type = 1)] = [
                       |M| 75 73 65 72 31 30 36 35 40 65 78 61 6d 70 6c 65 
                       |M| 2e 63 6f 6d 
                       |M| ]
                       |M| [User-Password
                       |M| (Attr-Type = 2)] = [
                       |M| 70 61 73 73 77 6f 72 64 31 32 33 
                       |M| ]
                       |M| [NAS-IP-Address
                       |M| (Attr-Type = 4)] = [2130706433]
                       |M| [NAS-Port
                       |M| (Attr-Type = 5)] = [0]
                       |M| [Service-Type
                       |M| (Attr-Type = 6)] = [2]
                       |M| [NAS-Identifier
                       |M| (Attr-Type = 32)] = [
                       |M| 73 65 61 67 75 6c 6c 2d 74 65 73 74 2d 6e 61 73 
                       |M| ]
                       |M| [Called-Station-Id
                       |M| (Attr-Type = 30)] = [
                       |M| 30 30 2d 31 31 2d 32 32 2d 33 33 2d 34 34 2d 35 
                       |M| 35 
                       |M| ]
                       |M| [Calling-Station-Id
                       |M| (Attr-Type = 31)] = [
                       |M| 41 41 2d 42 42 2d 43 43 2d 44 44 2d 45 45 2d 46 
                       |M| 46 
                       |M| ]
                       |M|]]
2026-01-07.18:35:10.083|T|Send error on call with session-id [0]
2026-01-07.18:35:10.084|T|Execution error on call with session-id [0]
2026-01-07.18:35:11.087|E|The value of the field [Authenticator] is not set
2026-01-07.18:35:11.088|T|Error while sending [[Access-Request
                       |M|[Code] = [ 1]
                       |M|[Identifier] = [ 66]
                       |M|[Length] = [ 0]
                       |M|[Authenticator] = [  NULL(empty)]
                       |M| [User-Name
                       |M| (Attr-Type = 1)] = [
                       |M| 75 73 65 72 31 30 36 36 40 65 78 61 6d 70 6c 65 
                       |M| 2e 63 6f 6d 
                       |M| ]
                       |M| [User-Password
                       |M| (Attr-Type = 2)] = [
                       |M| 70 61 73 73 77 6f 72 64 31 32 33 
                       |M| ]
                       |M| [NAS-IP-Address
                       |M| (Attr-Type = 4)] = [2130706433]
                       |M| [NAS-Port
                       |M| (Attr-Type = 5)] = [0]
                       |M| [Service-Type
                       |M| (Attr-Type = 6)] = [2]
                       |M| [NAS-Identifier
                       |M| (Attr-Type = 32)] = [
                       |M| 73 65 61 67 75 6c 6c 2d 74 65 73 74 2d 6e 61 73 
                       |M| ]
                       |M| [Called-Station-Id
                       |M| (Attr-Type = 30)] = [
                       |M| 30 30 2d 31 31 2d 32 32 2d 33 33 2d 34 34 2d 35 
                       |M| 35 
                       |M| ]
                       |M| [Calling-Station-Id
                       |M| (Attr-Type = 31)] = [
                       |M| 41 41 2d 42 42 2d 43 43 2d 44 44 2d 45 45 2d 46 
                       |M| 46 
                       |M| ]
                       |M|]]
2026-01-07.18:35:11.088|T|Send error on call with session-id [0]
2026-01-07.18:35:11.088|T|Execution error on call with session-id [0]
2026-01-07.18:35:12.092|E|The value of the field [Authenticator] is not set
2026-01-07.18:35:12.092|T|Error while sending [[Access-Request
                       |M|[Code] = [ 1]
                       |M|[Identifier] = [ 67]
                       |M|[Length] = [ 0]
                       |M|[Authenticator] = [  NULL(empty)]
                       |M| [User-Name
                       |M| (Attr-Type = 1)] = [
                       |M| 75 73 65 72 31 30 36 37 40 65 78 61 6d 70 6c 65 
                       |M| 2e 63 6f 6d 
                       |M| ]
                       |M| [User-Password
                       |M| (Attr-Type = 2)] = [
                       |M| 70 61 73 73 77 6f 72 64 31 32 33 
                       |M| ]
                       |M| [NAS-IP-Address
                       |M| (Attr-Type = 4)] = [2130706433]
                       |M| [NAS-Port
                       |M| (Attr-Type = 5)] = [0]
                       |M| [Service-Type
                       |M| (Attr-Type = 6)] = [2]
                       |M| [NAS-Identifier
                       |M| (Attr-Type = 32)] = [
                       |M| 73 65 61 67 75 6c 6c 2d 74 65 73 74 2d 6e 61 73 
                       |M| ]
                       |M| [Called-Station-Id
                       |M| (Attr-Type = 30)] = [
                       |M| 30 30 2d 31 31 2d 32 32 2d 33 33 2d 34 34 2d 35 
                       |M| 35 
                       |M| ]
                       |M| [Calling-Station-Id
                       |M| (Attr-Type = 31)] = [
                       |M| 41 41 2d 42 42 2d 43 43 2d 44 44 2d 45 45 2d 46 
                       |M| 46 
                       |M| ]
                       |M|]]
2026-01-07.18:35:12.092|T|Send error on call with session-id [0]
2026-01-07.18:35:12.092|T|Execution error on call with session-id [0]
2026-01-07.18:35:13.096|E|The value of the field [Authenticator] is not set
2026-01-07.18:35:13.096|T|Error while sending [[Access-Request
                       |M|[Code] = [ 1]
                       |M|[Identifier] = [ 68]
                       |M|[Length] = [ 0]
                       |M|[Authenticator] = [  NULL(empty)]
                       |M| [User-Name
                       |M| (Attr-Type = 1)] = [
                       |M| 75 73 65 72 31 30 36 38 40 65 78 61 6d 70 6c 65 
                       |M| 2e 63 6f 6d 
                       |M| ]
                       |M| [User-Password
                       |M| (Attr-Type = 2)] = [
                       |M| 70 61 73 73 77 6f 72 64 31 32 33 
                       |M| ]
                       |M| [NAS-IP-Address
                       |M| (Attr-Type = 4)] = [2130706433]
                       |M| [NAS-Port
                       |M| (Attr-Type = 5)] = [0]
                       |M| [Service-Type
                       |M| (Attr-Type = 6)] = [2]
                       |M| [NAS-Identifier
                       |M| (Attr-Type = 32)] = [
                       |M| 73 65 61 67 75 6c 6c 2d 74 65 73 74 2d 6e 61 73 
                       |M| ]
                       |M| [Called-Station-Id
                       |M| (Attr-Type = 30)] = [
                       |M| 30 30 2d 31 31 2d 32 32 2d 33 33 2d 34 34 2d 35 
                       |M| 35 
                       |M| ]
                       |M| [Calling-Station-Id
                       |M| (Attr-Type = 31)] = [
                       |M| 41 41 2d 42 42 2d 43 43 2d 44 44 2d 45 45 2d 46 
                       |M| 46 
                       |M| ]
                       |M|]]
2026-01-07.18:35:13.096|T|Send error on call with session-id [0]
2026-01-07.18:35:13.096|T|Execution error on call with session-id [0]
2026-01-07.18:35:14.100|E|The value of the field [Authenticator] is not set
2026-01-07.18:35:14.100|T|Error while sending [[Access-Request
                       |M|[Code] = [ 1]
                       |M|[Identifier] = [ 69]
                       |M|[Length] = [ 0]
                       |M|[Authenticator] = [  NULL(empty)]
                       |M| [User-Name
                       |M| (Attr-Type = 1)] = [
                       |M| 75 73 65 72 31 30 36 39 40 65 78 61 6d 70 6c 65 
                       |M| 2e 63 6f 6d 
                       |M| ]
                       |M| [User-Password
                       |M| (Attr-Type = 2)] = [
                       |M| 70 61 73 73 77 6f 72 64 31 32 33 
                       |M| ]
                       |M| [NAS-IP-Address
                       |M| (Attr-Type = 4)] = [2130706433]
                       |M| [NAS-Port
                       |M| (Attr-Type = 5)] = [0]
                       |M| [Service-Type
                       |M| (Attr-Type = 6)] = [2]
                       |M| [NAS-Identifier
                       |M| (Attr-Type = 32)] = [
                       |M| 73 65 61 67 75 6c 6c 2d 74 65 73 74 2d 6e 61 73 
                       |M| ]
                       |M| [Called-Station-Id
                       |M| (Attr-Type = 30)] = [
                       |M| 30 30 2d 31 31 2d 32 32 2d 33 33 2d 34 34 2d 35 
                       |M| 35 
                       |M| ]
                       |M| [Calling-Station-Id
                       |M| (Attr-Type = 31)] = [
                       |M| 41 41 2d 42 42 2d 43 43 2d 44 44 2d 45 45 2d 46 
                       |M| 46 
                       |M| ]
                       |M|]]
2026-01-07.18:35:14.100|T|Send error on call with session-id [0]
2026-01-07.18:35:14.100|T|Execution error on call with session-id [0]
2026-01-07.18:35:15.104|E|The value of the field [Authenticator] is not set
2026-01-07.18:35:15.104|T|Error while sending [[Access-Request
                       |M|[Code] = [ 1]
                       |M|[Identifier] = [ 70]
                       |M|[Length] = [ 0]
                       |M|[Authenticator] = [  NULL(empty)]
                       |M| [User-Name
                       |M| (Attr-Type = 1)] = [
                       |M| 75 73 65 72 31 30 37 30 40 65 78 61 6d 70 6c 65 
                       |M| 2e 63 6f 6d 
                       |M| ]
                       |M| [User-Password
                       |M| (Attr-Type = 2)] = [
                       |M| 70 61 73 73 77 6f 72 64 31 32 33 
                       |M| ]
                       |M| [NAS-IP-Address
                       |M| (Attr-Type = 4)] = [2130706433]
                       |M| [NAS-Port
                       |M| (Attr-Type = 5)] = [0]
                       |M| [Service-Type
                       |M| (Attr-Type = 6)] = [2]
                       |M| [NAS-Identifier
                       |M| (Attr-Type = 32)] = [
                       |M| 73 65 61 67 75 6c 6c 2d 74 65 73 74 2d 6e 61 73 
                       |M| ]
                       |M| [Called-Station-Id
                       |M| (Attr-Type = 30)] = [
                       |M| 30 30 2d 31 31 2d 32 32 2d 33 33 2d 34 34 2d 35 
                       |M| 35 
                       |M| ]
                       |M| [Calling-Station-Id
                       |M| (Attr-Type = 31)] = [
                       |M| 41 41 2d 42 42 2d 43 43 2d 44 44 2d 45 45 2d 46 
                       |M| 46 
                       |M| ]
                       |M|]]
2026-01-07.18:35:15.105|T|Send error on call with session-id [0]
2026-01-07.18:35:15.105|T|Execution error on call with session-id [0]
2026-01-07.18:35:16.108|E|The value of the field [Authenticator] is not set
2026-01-07.18:35:16.108|T|Error while sending [[Access-Request
                       |M|[Code] = [ 1]
                       |M|[Identifier] = [ 71]
                       |M|[Length] = [ 0]
                       |M|[Authenticator] = [  NULL(empty)]
                       |M| [User-Name
                       |M| (Attr-Type = 1)] = [
                       |M| 75 73 65 72 31 30 37 31 40 65 78 61 6d 70 6c 65 
                       |M| 2e 63 6f 6d 
                       |M| ]
                       |M| [User-Password
                       |M| (Attr-Type = 2)] = [
                       |M| 70 61 73 73 77 6f 72 64 31 32 33 
                       |M| ]
                       |M| [NAS-IP-Address
                       |M| (Attr-Type = 4)] = [2130706433]
                       |M| [NAS-Port
                       |M| (Attr-Type = 5)] = [0]
                       |M| [Service-Type
                       |M| (Attr-Type = 6)] = [2]
                       |M| [NAS-Identifier
                       |M| (Attr-Type = 32)] = [
                       |M| 73 65 61 67 75 6c 6c 2d 74 65 73 74 2d 6e 61 73 
                       |M| ]
                       |M| [Called-Station-Id
                       |M| (Attr-Type = 30)] = [
                       |M| 30 30 2d 31 31 2d 32 32 2d 33 33 2d 34 34 2d 35 
                       |M| 35 
                       |M| ]
                       |M| [Calling-Station-Id
                       |M| (Attr-Type = 31)] = [
                       |M| 41 41 2d 42 42 2d 43 43 2d 44 44 2d 45 45 2d 46 
                       |M| 46 
                       |M| ]
                       |M|]]
2026-01-07.18:35:16.108|T|Send error on call with session-id [0]
2026-01-07.18:35:16.108|T|Execution error on call with session-id [0]
2026-01-07.18:35:17.112|E|The value of the field [Authenticator] is not set
2026-01-07.18:35:17.112|T|Error while sending [[Access-Request
                       |M|[Code] = [ 1]
                       |M|[Identifier] = [ 72]
                       |M|[Length] = [ 0]
                       |M|[Authenticator] = [  NULL(empty)]
                       |M| [User-Name
                       |M| (Attr-Type = 1)] = [
                       |M| 75 73 65 72 31 30 37 32 40 65 78 61 6d 70 6c 65 
                       |M| 2e 63 6f 6d 
                       |M| ]
                       |M| [User-Password
                       |M| (Attr-Type = 2)] = [
                       |M| 70 61 73 73 77 6f 72 64 31 32 33 
                       |M| ]
                       |M| [NAS-IP-Address
                       |M| (Attr-Type = 4)] = [2130706433]
                       |M| [NAS-Port
                       |M| (Attr-Type = 5)] = [0]
                       |M| [Service-Type
                       |M| (Attr-Type = 6)] = [2]
                       |M| [NAS-Identifier
                       |M| (Attr-Type = 32)] = [
                       |M| 73 65 61 67 75 6c 6c 2d 74 65 73 74 2d 6e 61 73 
                       |M| ]
                       |M| [Called-Station-Id
                       |M| (Attr-Type = 30)] = [
                       |M| 30 30 2d 31 31 2d 32 32 2d 33 33 2d 34 34 2d 35 
                       |M| 35 
                       |M| ]
                       |M| [Calling-Station-Id
                       |M| (Attr-Type = 31)] = [
                       |M| 41 41 2d 42 42 2d 43 43 2d 44 44 2d 45 45 2d 46 
                       |M| 46 
                       |M| ]
                       |M|]]
2026-01-07.18:35:17.112|T|Send error on call with session-id [0]
2026-01-07.18:35:17.112|T|Execution error on call with session-id [0]
2026-01-07.18:35:18.065|E|The value of the field [Authenticator] is not set
2026-01-07.18:35:18.065|T|Error while sending [[Access-Request
                       |M|[Code] = [ 1]
                       |M|[Identifier] = [ 73]
                       |M|[Length] = [ 0]
                       |M|[Authenticator] = [  NULL(empty)]
                       |M| [User-Name
                       |M| (Attr-Type = 1)] = [
                       |M| 75 73 65 72 31 30 37 33 40 65 78 61 6d 70 6c 65 
                       |M| 2e 63 6f 6d 
                       |M| ]
                       |M| [User-Password
                       |M| (Attr-Type = 2)] = [
                       |M| 70 61 73 73 77 6f 72 64 31 32 33 
                       |M| ]
                       |M| [NAS-IP-Address
                       |M| (Attr-Type = 4)] = [2130706433]
                       |M| [NAS-Port
                       |M| (Attr-Type = 5)] = [0]
                       |M| [Service-Type
                       |M| (Attr-Type = 6)] = [2]
                       |M| [NAS-Identifier
                       |M| (Attr-Type = 32)] = [
                       |M| 73 65 61 67 75 6c 6c 2d 74 65 73 74 2d 6e 61 73 
                       |M| ]
                       |M| [Called-Station-Id
                       |M| (Attr-Type = 30)] = [
                       |M| 30 30 2d 31 31 2d 32 32 2d 33 33 2d 34 34 2d 35 
                       |M| 35 
                       |M| ]
                       |M| [Calling-Station-Id
                       |M| (Attr-Type = 31)] = [
                       |M| 41 41 2d 42 42 2d 43 43 2d 44 44 2d 45 45 2d 46 
                       |M| 46 
                       |M| ]
                       |M|]]
2026-01-07.18:35:18.065|T|Send error on call with session-id [0]
2026-01-07.18:35:18.065|T|Execution error on call with session-id [0]
2026-01-07.18:35:19.068|E|The value of the field [Authenticator] is not set
2026-01-07.18:35:19.069|T|Error while sending [[Access-Request
                       |M|[Code] = [ 1]
                       |M|[Identifier] = [ 74]
                       |M|[Length] = [ 0]
                       |M|[Authenticator] = [  NULL(empty)]
                       |M| [User-Name
                       |M| (Attr-Type = 1)] = [
                       |M| 75 73 65 72 31 30 37 34 40 65 78 61 6d 70 6c 65 
                       |M| 2e 63 6f 6d 
                       |M| ]
                       |M| [User-Password
                       |M| (Attr-Type = 2)] = [
                       |M| 70 61 73 73 77 6f 72 64 31 32 33 
                       |M| ]
                       |M| [NAS-IP-Address
                       |M| (Attr-Type = 4)] = [2130706433]
                       |M| [NAS-Port
                       |M| (Attr-Type = 5)] = [0]
                       |M| [Service-Type
                       |M| (Attr-Type = 6)] = [2]
                       |M| [NAS-Identifier
                       |M| (Attr-Type = 32)] = [
                       |M| 73 65 61 67 75 6c 6c 2d 74 65 73 74 2d 6e 61 73 
                       |M| ]
                       |M| [Called-Station-Id
                       |M| (Attr-Type = 30)] = [
                       |M| 30 30 2d 31 31 2d 32 32 2d 33 33 2d 34 34 2d 35 
                       |M| 35 
                       |M| ]
                       |M| [Calling-Station-Id
                       |M| (Attr-Type = 31)] = [
                       |M| 41 41 2d 42 42 2d 43 43 2d 44 44 2d 45 45 2d 46 
                       |M| 46 
                       |M| ]
                       |M|]]
2026-01-07.18:35:19.069|T|Send error on call with session-id [0]
2026-01-07.18:35:19.069|T|Execution error on call with session-id [0]
2026-01-07.18:35:20.072|E|The value of the field [Authenticator] is not set
2026-01-07.18:35:20.072|T|Error while sending [[Access-Request
                       |M|[Code] = [ 1]
                       |M|[Identifier] = [ 75]
                       |M|[Length] = [ 0]
                       |M|[Authenticator] = [  NULL(empty)]
                       |M| [User-Name
                       |M| (Attr-Type = 1)] = [
                       |M| 75 73 65 72 31 30 37 35 40 65 78 61 6d 70 6c 65 
                       |M| 2e 63 6f 6d 
                       |M| ]
                       |M| [User-Password
                       |M| (Attr-Type = 2)] = [
                       |M| 70 61 73 73 77 6f 72 64 31 32 33 
                       |M| ]
                       |M| [NAS-IP-Address
                       |M| (Attr-Type = 4)] = [2130706433]
                       |M| [NAS-Port
                       |M| (Attr-Type = 5)] = [0]
                       |M| [Service-Type
                       |M| (Attr-Type = 6)] = [2]
                       |M| [NAS-Identifier
                       |M| (Attr-Type = 32)] = [
                       |M| 73 65 61 67 75 6c 6c 2d 74 65 73 74 2d 6e 61 73 
                       |M| ]
                       |M| [Called-Station-Id
                       |M| (Attr-Type = 30)] = [
                       |M| 30 30 2d 31 31 2d 32 32 2d 33 33 2d 34 34 2d 35 
                       |M| 35 
                       |M| ]
                       |M| [Calling-Station-Id
                       |M| (Attr-Type = 31)] = [
                       |M| 41 41 2d 42 42 2d 43 43 2d 44 44 2d 45 45 2d 46 
                       |M| 46 
                       |M| ]
                       |M|]]
2026-01-07.18:35:20.073|T|Send error on call with session-id [0]
2026-01-07.18:35:20.073|T|Execution error on call with session-id [0]
2026-01-07.18:35:21.076|E|The value of the field [Authenticator] is not set
2026-01-07.18:35:21.076|T|Error while sending [[Access-Request
                       |M|[Code] = [ 1]
                       |M|[Identifier] = [ 76]
                       |M|[Length] = [ 0]
                       |M|[Authenticator] = [  NULL(empty)]
                       |M| [User-Name
                       |M| (Attr-Type = 1)] = [
                       |M| 75 73 65 72 31 30 37 36 40 65 78 61 6d 70 6c 65 
                       |M| 2e 63 6f 6d 
                       |M| ]
                       |M| [User-Password
                       |M| (Attr-Type = 2)] = [
                       |M| 70 61 73 73 77 6f 72 64 31 32 33 
                       |M| ]
                       |M| [NAS-IP-Address
                       |M| (Attr-Type = 4)] = [2130706433]
                       |M| [NAS-Port
                       |M| (Attr-Type = 5)] = [0]
                       |M| [Service-Type
                       |M| (Attr-Type = 6)] = [2]
                       |M| [NAS-Identifier
                       |M| (Attr-Type = 32)] = [
                       |M| 73 65 61 67 75 6c 6c 2d 74 65 73 74 2d 6e 61 73 
                       |M| ]
                       |M| [Called-Station-Id
                       |M| (Attr-Type = 30)] = [
                       |M| 30 30 2d 31 31 2d 32 32 2d 33 33 2d 34 34 2d 35 
                       |M| 35 
                       |M| ]
                       |M| [Calling-Station-Id
                       |M| (Attr-Type = 31)] = [
                       |M| 41 41 2d 42 42 2d 43 43 2d 44 44 2d 45 45 2d 46 
                       |M| 46 
                       |M| ]
                       |M|]]
2026-01-07.18:35:21.076|T|Send error on call with session-id [0]
2026-01-07.18:35:21.076|T|Execution error on call with session-id [0]
2026-01-07.18:35:22.080|E|The value of the field [Authenticator] is not set
2026-01-07.18:35:22.080|T|Error while sending [[Access-Request
                       |M|[Code] = [ 1]
                       |M|[Identifier] = [ 77]
                       |M|[Length] = [ 0]
                       |M|[Authenticator] = [  NULL(empty)]
                       |M| [User-Name
                       |M| (Attr-Type = 1)] = [
                       |M| 75 73 65 72 31 30 37 37 40 65 78 61 6d 70 6c 65 
                       |M| 2e 63 6f 6d 
                       |M| ]
                       |M| [User-Password
                       |M| (Attr-Type = 2)] = [
                       |M| 70 61 73 73 77 6f 72 64 31 32 33 
                       |M| ]
                       |M| [NAS-IP-Address
                       |M| (Attr-Type = 4)] = [2130706433]
                       |M| [NAS-Port
                       |M| (Attr-Type = 5)] = [0]
                       |M| [Service-Type
                       |M| (Attr-Type = 6)] = [2]
                       |M| [NAS-Identifier
                       |M| (Attr-Type = 32)] = [
                       |M| 73 65 61 67 75 6c 6c 2d 74 65 73 74 2d 6e 61 73 
                       |M| ]
                       |M| [Called-Station-Id
                       |M| (Attr-Type = 30)] = [
                       |M| 30 30 2d 31 31 2d 32 32 2d 33 33 2d 34 34 2d 35 
                       |M| 35 
                       |M| ]
                       |M| [Calling-Station-Id
                       |M| (Attr-Type = 31)] = [
                       |M| 41 41 2d 42 42 2d 43 43 2d 44 44 2d 45 45 2d 46 
                       |M| 46 
                       |M| ]
                       |M|]]
2026-01-07.18:35:22.081|T|Send error on call with session-id [0]
2026-01-07.18:35:22.081|T|Execution error on call with session-id [0]
2026-01-07.18:35:23.085|E|The value of the field [Authenticator] is not set
2026-01-07.18:35:23.085|T|Error while sending [[Access-Request
                       |M|[Code] = [ 1]
                       |M|[Identifier] = [ 78]
                       |M|[Length] = [ 0]
                       |M|[Authenticator] = [  NULL(empty)]
                       |M| [User-Name
                       |M| (Attr-Type = 1)] = [
                       |M| 75 73 65 72 31 30 37 38 40 65 78 61 6d 70 6c 65 
                       |M| 2e 63 6f 6d 
                       |M| ]
                       |M| [User-Password
                       |M| (Attr-Type = 2)] = [
                       |M| 70 61 73 73 77 6f 72 64 31 32 33 
                       |M| ]
                       |M| [NAS-IP-Address
                       |M| (Attr-Type = 4)] = [2130706433]
                       |M| [NAS-Port
                       |M| (Attr-Type = 5)] = [0]
                       |M| [Service-Type
                       |M| (Attr-Type = 6)] = [2]
                       |M| [NAS-Identifier
                       |M| (Attr-Type = 32)] = [
                       |M| 73 65 61 67 75 6c 6c 2d 74 65 73 74 2d 6e 61 73 
                       |M| ]
                       |M| [Called-Station-Id
                       |M| (Attr-Type = 30)] = [
                       |M| 30 30 2d 31 31 2d 32 32 2d 33 33 2d 34 34 2d 35 
                       |M| 35 
                       |M| ]
                       |M| [Calling-Station-Id
                       |M| (Attr-Type = 31)] = [
                       |M| 41 41 2d 42 42 2d 43 43 2d 44 44 2d 45 45 2d 46 
                       |M| 46 
                       |M| ]
                       |M|]]
2026-01-07.18:35:23.086|T|Send error on call with session-id [0]
2026-01-07.18:35:23.086|T|Execution error on call with session-id [0]
2026-01-07.18:35:24.090|E|The value of the field [Authenticator] is not set
2026-01-07.18:35:24.090|T|Error while sending [[Access-Request
                       |M|[Code] = [ 1]
                       |M|[Identifier] = [ 79]
                       |M|[Length] = [ 0]
                       |M|[Authenticator] = [  NULL(empty)]
                       |M| [User-Name
                       |M| (Attr-Type = 1)] = [
                       |M| 75 73 65 72 31 30 37 39 40 65 78 61 6d 70 6c 65 
                       |M| 2e 63 6f 6d 
                       |M| ]
                       |M| [User-Password
                       |M| (Attr-Type = 2)] = [
                       |M| 70 61 73 73 77 6f 72 64 31 32 33 
                       |M| ]
                       |M| [NAS-IP-Address
                       |M| (Attr-Type = 4)] = [2130706433]
                       |M| [NAS-Port
                       |M| (Attr-Type = 5)] = [0]
                       |M| [Service-Type
                       |M| (Attr-Type = 6)] = [2]
                       |M| [NAS-Identifier
                       |M| (Attr-Type = 32)] = [
                       |M| 73 65 61 67 75 6c 6c 2d 74 65 73 74 2d 6e 61 73 
                       |M| ]
                       |M| [Called-Station-Id
                       |M| (Attr-Type = 30)] = [
                       |M| 30 30 2d 31 31 2d 32 32 2d 33 33 2d 34 34 2d 35 
                       |M| 35 
                       |M| ]
                       |M| [Calling-Station-Id
                       |M| (Attr-Type = 31)] = [
                       |M| 41 41 2d 42 42 2d 43 43 2d 44 44 2d 45 45 2d 46 
                       |M| 46 
                       |M| ]
                       |M|]]
2026-01-07.18:35:24.090|T|Send error on call with session-id [0]
2026-01-07.18:35:24.090|T|Execution error on call with session-id [0]
2026-01-07.18:35:25.094|E|The value of the field [Authenticator] is not set
2026-01-07.18:35:25.094|T|Error while sending [[Access-Request
                       |M|[Code] = [ 1]
                       |M|[Identifier] = [ 80]
                       |M|[Length] = [ 0]
                       |M|[Authenticator] = [  NULL(empty)]
                       |M| [User-Name
                       |M| (Attr-Type = 1)] = [
                       |M| 75 73 65 72 31 30 38 30 40 65 78 61 6d 70 6c 65 
                       |M| 2e 63 6f 6d 
                       |M| ]
                       |M| [User-Password
                       |M| (Attr-Type = 2)] = [
                       |M| 70 61 73 73 77 6f 72 64 31 32 33 
                       |M| ]
                       |M| [NAS-IP-Address
                       |M| (Attr-Type = 4)] = [2130706433]
                       |M| [NAS-Port
                       |M| (Attr-Type = 5)] = [0]
                       |M| [Service-Type
                       |M| (Attr-Type = 6)] = [2]
                       |M| [NAS-Identifier
                       |M| (Attr-Type = 32)] = [
                       |M| 73 65 61 67 75 6c 6c 2d 74 65 73 74 2d 6e 61 73 
                       |M| ]
                       |M| [Called-Station-Id
                       |M| (Attr-Type = 30)] = [
                       |M| 30 30 2d 31 31 2d 32 32 2d 33 33 2d 34 34 2d 35 
                       |M| 35 
                       |M| ]
                       |M| [Calling-Station-Id
                       |M| (Attr-Type = 31)] = [
                       |M| 41 41 2d 42 42 2d 43 43 2d 44 44 2d 45 45 2d 46 
                       |M| 46 
                       |M| ]
                       |M|]]
2026-01-07.18:35:25.094|T|Send error on call with session-id [0]
2026-01-07.18:35:25.094|T|Execution error on call with session-id [0]
2026-01-07.18:35:26.097|E|The value of the field [Authenticator] is not set
2026-01-07.18:35:26.097|T|Error while sending [[Access-Request
                       |M|[Code] = [ 1]
                       |M|[Identifier] = [ 81]
                       |M|[Length] = [ 0]
                       |M|[Authenticator] = [  NULL(empty)]
                       |M| [User-Name
                       |M| (Attr-Type = 1)] = [
                       |M| 75 73 65 72 31 30 38 31 40 65 78 61 6d 70 6c 65 
                       |M| 2e 63 6f 6d 
                       |M| ]
                       |M| [User-Password
                       |M| (Attr-Type = 2)] = [
                       |M| 70 61 73 73 77 6f 72 64 31 32 33 
                       |M| ]
                       |M| [NAS-IP-Address
                       |M| (Attr-Type = 4)] = [2130706433]
                       |M| [NAS-Port
                       |M| (Attr-Type = 5)] = [0]
                       |M| [Service-Type
                       |M| (Attr-Type = 6)] = [2]
                       |M| [NAS-Identifier
                       |M| (Attr-Type = 32)] = [
                       |M| 73 65 61 67 75 6c 6c 2d 74 65 73 74 2d 6e 61 73 
                       |M| ]
                       |M| [Called-Station-Id
                       |M| (Attr-Type = 30)] = [
                       |M| 30 30 2d 31 31 2d 32 32 2d 33 33 2d 34 34 2d 35 
                       |M| 35 
                       |M| ]
                       |M| [Calling-Station-Id
                       |M| (Attr-Type = 31)] = [
                       |M| 41 41 2d 42 42 2d 43 43 2d 44 44 2d 45 45 2d 46 
                       |M| 46 
                       |M| ]
                       |M|]]
2026-01-07.18:35:26.097|T|Send error on call with session-id [0]
2026-01-07.18:35:26.097|T|Execution error on call with session-id [0]
2026-01-07.18:35:27.100|E|The value of the field [Authenticator] is not set
2026-01-07.18:35:27.101|T|Error while sending [[Access-Request
                       |M|[Code] = [ 1]
                       |M|[Identifier] = [ 82]
                       |M|[Length] = [ 0]
                       |M|[Authenticator] = [  NULL(empty)]
                       |M| [User-Name
                       |M| (Attr-Type = 1)] = [
                       |M| 75 73 65 72 31 30 38 32 40 65 78 61 6d 70 6c 65 
                       |M| 2e 63 6f 6d 
                       |M| ]
                       |M| [User-Password
                       |M| (Attr-Type = 2)] = [
                       |M| 70 61 73 73 77 6f 72 64 31 32 33 
                       |M| ]
                       |M| [NAS-IP-Address
                       |M| (Attr-Type = 4)] = [2130706433]
                       |M| [NAS-Port
                       |M| (Attr-Type = 5)] = [0]
                       |M| [Service-Type
                       |M| (Attr-Type = 6)] = [2]
                       |M| [NAS-Identifier
                       |M| (Attr-Type = 32)] = [
                       |M| 73 65 61 67 75 6c 6c 2d 74 65 73 74 2d 6e 61 73 
                       |M| ]
                       |M| [Called-Station-Id
                       |M| (Attr-Type = 30)] = [
                       |M| 30 30 2d 31 31 2d 32 32 2d 33 33 2d 34 34 2d 35 
                       |M| 35 
                       |M| ]
                       |M| [Calling-Station-Id
                       |M| (Attr-Type = 31)] = [
                       |M| 41 41 2d 42 42 2d 43 43 2d 44 44 2d 45 45 2d 46 
                       |M| 46 
                       |M| ]
                       |M|]]
2026-01-07.18:35:27.101|T|Send error on call with session-id [0]
2026-01-07.18:35:27.101|T|Execution error on call with session-id [0]
2026-01-07.18:35:28.103|E|The value of the field [Authenticator] is not set
2026-01-07.18:35:28.103|T|Error while sending [[Access-Request
                       |M|[Code] = [ 1]
                       |M|[Identifier] = [ 83]
                       |M|[Length] = [ 0]
                       |M|[Authenticator] = [  NULL(empty)]
                       |M| [User-Name
                       |M| (Attr-Type = 1)] = [
                       |M| 75 73 65 72 31 30 38 33 40 65 78 61 6d 70 6c 65 
                       |M| 2e 63 6f 6d 
                       |M| ]
                       |M| [User-Password
                       |M| (Attr-Type = 2)] = [
                       |M| 70 61 73 73 77 6f 72 64 31 32 33 
                       |M| ]
                       |M| [NAS-IP-Address
                       |M| (Attr-Type = 4)] = [2130706433]
                       |M| [NAS-Port
                       |M| (Attr-Type = 5)] = [0]
                       |M| [Service-Type
                       |M| (Attr-Type = 6)] = [2]
                       |M| [NAS-Identifier
                       |M| (Attr-Type = 32)] = [
                       |M| 73 65 61 67 75 6c 6c 2d 74 65 73 74 2d 6e 61 73 
                       |M| ]
                       |M| [Called-Station-Id
                       |M| (Attr-Type = 30)] = [
                       |M| 30 30 2d 31 31 2d 32 32 2d 33 33 2d 34 34 2d 35 
                       |M| 35 
                       |M| ]
                       |M| [Calling-Station-Id
                       |M| (Attr-Type = 31)] = [
                       |M| 41 41 2d 42 42 2d 43 43 2d 44 44 2d 45 45 2d 46 
                       |M| 46 
                       |M| ]
                       |M|]]
2026-01-07.18:35:28.104|T|Send error on call with session-id [0]
2026-01-07.18:35:28.104|T|Execution error on call with session-id [0]
2026-01-07.18:35:29.107|E|The value of the field [Authenticator] is not set
2026-01-07.18:35:29.107|T|Error while sending [[Access-Request
                       |M|[Code] = [ 1]
                       |M|[Identifier] = [ 84]
                       |M|[Length] = [ 0]
                       |M|[Authenticator] = [  NULL(empty)]
                       |M| [User-Name
                       |M| (Attr-Type = 1)] = [
                       |M| 75 73 65 72 31 30 38 34 40 65 78 61 6d 70 6c 65 
                       |M| 2e 63 6f 6d 
                       |M| ]
                       |M| [User-Password
                       |M| (Attr-Type = 2)] = [
                       |M| 70 61 73 73 77 6f 72 64 31 32 33 
                       |M| ]
                       |M| [NAS-IP-Address
                       |M| (Attr-Type = 4)] = [2130706433]
                       |M| [NAS-Port
                       |M| (Attr-Type = 5)] = [0]
                       |M| [Service-Type
                       |M| (Attr-Type = 6)] = [2]
                       |M| [NAS-Identifier
                       |M| (Attr-Type = 32)] = [
                       |M| 73 65 61 67 75 6c 6c 2d 74 65 73 74 2d 6e 61 73 
                       |M| ]
                       |M| [Called-Station-Id
                       |M| (Attr-Type = 30)] = [
                       |M| 30 30 2d 31 31 2d 32 32 2d 33 33 2d 34 34 2d 35 
                       |M| 35 
                       |M| ]
                       |M| [Calling-Station-Id
                       |M| (Attr-Type = 31)] = [
                       |M| 41 41 2d 42 42 2d 43 43 2d 44 44 2d 45 45 2d 46 
                       |M| 46 
                       |M| ]
                       |M|]]
2026-01-07.18:35:29.107|T|Send error on call with session-id [0]
2026-01-07.18:35:29.107|T|Execution error on call with session-id [0]
2026-01-07.18:35:30.110|E|The value of the field [Authenticator] is not set
2026-01-07.18:35:30.110|T|Error while sending [[Access-Request
                       |M|[Code] = [ 1]
                       |M|[Identifier] = [ 85]
                       |M|[Length] = [ 0]
                       |M|[Authenticator] = [  NULL(empty)]
                       |M| [User-Name
                       |M| (Attr-Type = 1)] = [
                       |M| 75 73 65 72 31 30 38 35 40 65 78 61 6d 70 6c 65 
                       |M| 2e 63 6f 6d 
                       |M| ]
                       |M| [User-Password
                       |M| (Attr-Type = 2)] = [
                       |M| 70 61 73 73 77 6f 72 64 31 32 33 
                       |M| ]
                       |M| [NAS-IP-Address
                       |M| (Attr-Type = 4)] = [2130706433]
                       |M| [NAS-Port
                       |M| (Attr-Type = 5)] = [0]
                       |M| [Service-Type
                       |M| (Attr-Type = 6)] = [2]
                       |M| [NAS-Identifier
                       |M| (Attr-Type = 32)] = [
                       |M| 73 65 61 67 75 6c 6c 2d 74 65 73 74 2d 6e 61 73 
                       |M| ]
                       |M| [Called-Station-Id
                       |M| (Attr-Type = 30)] = [
                       |M| 30 30 2d 31 31 2d 32 32 2d 33 33 2d 34 34 2d 35 
                       |M| 35 
                       |M| ]
                       |M| [Calling-Station-Id
                       |M| (Attr-Type = 31)] = [
                       |M| 41 41 2d 42 42 2d 43 43 2d 44 44 2d 45 45 2d 46 
                       |M| 46 
                       |M| ]
                       |M|]]
2026-01-07.18:35:30.111|T|Send error on call with session-id [0]
2026-01-07.18:35:30.111|T|Execution error on call with session-id [0]
2026-01-07.18:35:31.064|E|The value of the field [Authenticator] is not set
2026-01-07.18:35:31.064|T|Error while sending [[Access-Request
                       |M|[Code] = [ 1]
                       |M|[Identifier] = [ 86]
                       |M|[Length] = [ 0]
                       |M|[Authenticator] = [  NULL(empty)]
                       |M| [User-Name
                       |M| (Attr-Type = 1)] = [
                       |M| 75 73 65 72 31 30 38 36 40 65 78 61 6d 70 6c 65 
                       |M| 2e 63 6f 6d 
                       |M| ]
                       |M| [User-Password
                       |M| (Attr-Type = 2)] = [
                       |M| 70 61 73 73 77 6f 72 64 31 32 33 
                       |M| ]
                       |M| [NAS-IP-Address
                       |M| (Attr-Type = 4)] = [2130706433]
                       |M| [NAS-Port
                       |M| (Attr-Type = 5)] = [0]
                       |M| [Service-Type
                       |M| (Attr-Type = 6)] = [2]
                       |M| [NAS-Identifier
                       |M| (Attr-Type = 32)] = [
                       |M| 73 65 61 67 75 6c 6c 2d 74 65 73 74 2d 6e 61 73 
                       |M| ]
                       |M| [Called-Station-Id
                       |M| (Attr-Type = 30)] = [
                       |M| 30 30 2d 31 31 2d 32 32 2d 33 33 2d 34 34 2d 35 
                       |M| 35 
                       |M| ]
                       |M| [Calling-Station-Id
                       |M| (Attr-Type = 31)] = [
                       |M| 41 41 2d 42 42 2d 43 43 2d 44 44 2d 45 45 2d 46 
                       |M| 46 
                       |M| ]
                       |M|]]
2026-01-07.18:35:31.065|T|Send error on call with session-id [0]
2026-01-07.18:35:31.065|T|Execution error on call with session-id [0]
2026-01-07.18:35:32.068|E|The value of the field [Authenticator] is not set
2026-01-07.18:35:32.068|T|Error while sending [[Access-Request
                       |M|[Code] = [ 1]
                       |M|[Identifier] = [ 87]
                       |M|[Length] = [ 0]
                       |M|[Authenticator] = [  NULL(empty)]
                       |M| [User-Name
                       |M| (Attr-Type = 1)] = [
                       |M| 75 73 65 72 31 30 38 37 40 65 78 61 6d 70 6c 65 
                       |M| 2e 63 6f 6d 
                       |M| ]
                       |M| [User-Password
                       |M| (Attr-Type = 2)] = [
                       |M| 70 61 73 73 77 6f 72 64 31 32 33 
                       |M| ]
                       |M| [NAS-IP-Address
                       |M| (Attr-Type = 4)] = [2130706433]
                       |M| [NAS-Port
                       |M| (Attr-Type = 5)] = [0]
                       |M| [Service-Type
                       |M| (Attr-Type = 6)] = [2]
                       |M| [NAS-Identifier
                       |M| (Attr-Type = 32)] = [
                       |M| 73 65 61 67 75 6c 6c 2d 74 65 73 74 2d 6e 61 73 
                       |M| ]
                       |M| [Called-Station-Id
                       |M| (Attr-Type = 30)] = [
                       |M| 30 30 2d 31 31 2d 32 32 2d 33 33 2d 34 34 2d 35 
                       |M| 35 
                       |M| ]
                       |M| [Calling-Station-Id
                       |M| (Attr-Type = 31)] = [
                       |M| 41 41 2d 42 42 2d 43 43 2d 44 44 2d 45 45 2d 46 
                       |M| 46 
                       |M| ]
                       |M|]]
2026-01-07.18:35:32.069|T|Send error on call with session-id [0]
2026-01-07.18:35:32.069|T|Execution error on call with session-id [0]
2026-01-07.18:35:33.072|E|The value of the field [Authenticator] is not set
2026-01-07.18:35:33.072|T|Error while sending [[Access-Request
                       |M|[Code] = [ 1]
                       |M|[Identifier] = [ 88]
                       |M|[Length] = [ 0]
                       |M|[Authenticator] = [  NULL(empty)]
                       |M| [User-Name
                       |M| (Attr-Type = 1)] = [
                       |M| 75 73 65 72 31 30 38 38 40 65 78 61 6d 70 6c 65 
                       |M| 2e 63 6f 6d 
                       |M| ]
                       |M| [User-Password
                       |M| (Attr-Type = 2)] = [
                       |M| 70 61 73 73 77 6f 72 64 31 32 33 
                       |M| ]
                       |M| [NAS-IP-Address
                       |M| (Attr-Type = 4)] = [2130706433]
                       |M| [NAS-Port
                       |M| (Attr-Type = 5)] = [0]
                       |M| [Service-Type
                       |M| (Attr-Type = 6)] = [2]
                       |M| [NAS-Identifier
                       |M| (Attr-Type = 32)] = [
                       |M| 73 65 61 67 75 6c 6c 2d 74 65 73 74 2d 6e 61 73 
                       |M| ]
                       |M| [Called-Station-Id
                       |M| (Attr-Type = 30)] = [
                       |M| 30 30 2d 31 31 2d 32 32 2d 33 33 2d 34 34 2d 35 
                       |M| 35 
                       |M| ]
                       |M| [Calling-Station-Id
                       |M| (Attr-Type = 31)] = [
                       |M| 41 41 2d 42 42 2d 43 43 2d 44 44 2d 45 45 2d 46 
                       |M| 46 
                       |M| ]
                       |M|]]
2026-01-07.18:35:33.073|T|Send error on call with session-id [0]
2026-01-07.18:35:33.073|T|Execution error on call with session-id [0]
2026-01-07.18:35:34.076|E|The value of the field [Authenticator] is not set
2026-01-07.18:35:34.076|T|Error while sending [[Access-Request
                       |M|[Code] = [ 1]
                       |M|[Identifier] = [ 89]
                       |M|[Length] = [ 0]
                       |M|[Authenticator] = [  NULL(empty)]
                       |M| [User-Name
                       |M| (Attr-Type = 1)] = [
                       |M| 75 73 65 72 31 30 38 39 40 65 78 61 6d 70 6c 65 
                       |M| 2e 63 6f 6d 
                       |M| ]
                       |M| [User-Password
                       |M| (Attr-Type = 2)] = [
                       |M| 70 61 73 73 77 6f 72 64 31 32 33 
                       |M| ]
                       |M| [NAS-IP-Address
                       |M| (Attr-Type = 4)] = [2130706433]
                       |M| [NAS-Port
                       |M| (Attr-Type = 5)] = [0]
                       |M| [Service-Type
                       |M| (Attr-Type = 6)] = [2]
                       |M| [NAS-Identifier
                       |M| (Attr-Type = 32)] = [
                       |M| 73 65 61 67 75 6c 6c 2d 74 65 73 74 2d 6e 61 73 
                       |M| ]
                       |M| [Called-Station-Id
                       |M| (Attr-Type = 30)] = [
                       |M| 30 30 2d 31 31 2d 32 32 2d 33 33 2d 34 34 2d 35 
                       |M| 35 
                       |M| ]
                       |M| [Calling-Station-Id
                       |M| (Attr-Type = 31)] = [
                       |M| 41 41 2d 42 42 2d 43 43 2d 44 44 2d 45 45 2d 46 
                       |M| 46 
                       |M| ]
                       |M|]]
2026-01-07.18:35:34.076|T|Send error on call with session-id [0]
2026-01-07.18:35:34.077|T|Execution error on call with session-id [0]
2026-01-07.18:35:35.080|E|The value of the field [Authenticator] is not set
2026-01-07.18:35:35.080|T|Error while sending [[Access-Request
                       |M|[Code] = [ 1]
                       |M|[Identifier] = [ 90]
                       |M|[Length] = [ 0]
                       |M|[Authenticator] = [  NULL(empty)]
                       |M| [User-Name
                       |M| (Attr-Type = 1)] = [
                       |M| 75 73 65 72 31 30 39 30 40 65 78 61 6d 70 6c 65 
                       |M| 2e 63 6f 6d 
                       |M| ]
                       |M| [User-Password
                       |M| (Attr-Type = 2)] = [
                       |M| 70 61 73 73 77 6f 72 64 31 32 33 
                       |M| ]
                       |M| [NAS-IP-Address
                       |M| (Attr-Type = 4)] = [2130706433]
                       |M| [NAS-Port
                       |M| (Attr-Type = 5)] = [0]
                       |M| [Service-Type
                       |M| (Attr-Type = 6)] = [2]
                       |M| [NAS-Identifier
                       |M| (Attr-Type = 32)] = [
                       |M| 73 65 61 67 75 6c 6c 2d 74 65 73 74 2d 6e 61 73 
                       |M| ]
                       |M| [Called-Station-Id
                       |M| (Attr-Type = 30)] = [
                       |M| 30 30 2d 31 31 2d 32 32 2d 33 33 2d 34 34 2d 35 
                       |M| 35 
                       |M| ]
                       |M| [Calling-Station-Id
                       |M| (Attr-Type = 31)] = [
                       |M| 41 41 2d 42 42 2d 43 43 2d 44 44 2d 45 45 2d 46 
                       |M| 46 
                       |M| ]
                       |M|]]
2026-01-07.18:35:35.080|T|Send error on call with session-id [0]
2026-01-07.18:35:35.080|T|Execution error on call with session-id [0]
2026-01-07.18:35:36.083|E|The value of the field [Authenticator] is not set
2026-01-07.18:35:36.083|T|Error while sending [[Access-Request
                       |M|[Code] = [ 1]
                       |M|[Identifier] = [ 91]
                       |M|[Length] = [ 0]
                       |M|[Authenticator] = [  NULL(empty)]
                       |M| [User-Name
                       |M| (Attr-Type = 1)] = [
                       |M| 75 73 65 72 31 30 39 31 40 65 78 61 6d 70 6c 65 
                       |M| 2e 63 6f 6d 
                       |M| ]
                       |M| [User-Password
                       |M| (Attr-Type = 2)] = [
                       |M| 70 61 73 73 77 6f 72 64 31 32 33 
                       |M| ]
                       |M| [NAS-IP-Address
                       |M| (Attr-Type = 4)] = [2130706433]
                       |M| [NAS-Port
                       |M| (Attr-Type = 5)] = [0]
                       |M| [Service-Type
                       |M| (Attr-Type = 6)] = [2]
                       |M| [NAS-Identifier
                       |M| (Attr-Type = 32)] = [
                       |M| 73 65 61 67 75 6c 6c 2d 74 65 73 74 2d 6e 61 73 
                       |M| ]
                       |M| [Called-Station-Id
                       |M| (Attr-Type = 30)] = [
                       |M| 30 30 2d 31 31 2d 32 32 2d 33 33 2d 34 34 2d 35 
                       |M| 35 
                       |M| ]
                       |M| [Calling-Station-Id
                       |M| (Attr-Type = 31)] = [
                       |M| 41 41 2d 42 42 2d 43 43 2d 44 44 2d 45 45 2d 46 
                       |M| 46 
                       |M| ]
                       |M|]]
2026-01-07.18:35:36.083|T|Send error on call with session-id [0]
2026-01-07.18:35:36.083|T|Execution error on call with session-id [0]
2026-01-07.18:35:37.086|E|The value of the field [Authenticator] is not set
2026-01-07.18:35:37.086|T|Error while sending [[Access-Request
                       |M|[Code] = [ 1]
                       |M|[Identifier] = [ 92]
                       |M|[Length] = [ 0]
                       |M|[Authenticator] = [  NULL(empty)]
                       |M| [User-Name
                       |M| (Attr-Type = 1)] = [
                       |M| 75 73 65 72 31 30 39 32 40 65 78 61 6d 70 6c 65 
                       |M| 2e 63 6f 6d 
                       |M| ]
                       |M| [User-Password
                       |M| (Attr-Type = 2)] = [
                       |M| 70 61 73 73 77 6f 72 64 31 32 33 
                       |M| ]
                       |M| [NAS-IP-Address
                       |M| (Attr-Type = 4)] = [2130706433]
                       |M| [NAS-Port
                       |M| (Attr-Type = 5)] = [0]
                       |M| [Service-Type
                       |M| (Attr-Type = 6)] = [2]
                       |M| [NAS-Identifier
                       |M| (Attr-Type = 32)] = [
                       |M| 73 65 61 67 75 6c 6c 2d 74 65 73 74 2d 6e 61 73 
                       |M| ]
                       |M| [Called-Station-Id
                       |M| (Attr-Type = 30)] = [
                       |M| 30 30 2d 31 31 2d 32 32 2d 33 33 2d 34 34 2d 35 
                       |M| 35 
                       |M| ]
                       |M| [Calling-Station-Id
                       |M| (Attr-Type = 31)] = [
                       |M| 41 41 2d 42 42 2d 43 43 2d 44 44 2d 45 45 2d 46 
                       |M| 46 
                       |M| ]
                       |M|]]
2026-01-07.18:35:37.087|T|Send error on call with session-id [0]
2026-01-07.18:35:37.087|T|Execution error on call with session-id [0]
2026-01-07.18:35:38.090|E|The value of the field [Authenticator] is not set
2026-01-07.18:35:38.090|T|Error while sending [[Access-Request
                       |M|[Code] = [ 1]
                       |M|[Identifier] = [ 93]
                       |M|[Length] = [ 0]
                       |M|[Authenticator] = [  NULL(empty)]
                       |M| [User-Name
                       |M| (Attr-Type = 1)] = [
                       |M| 75 73 65 72 31 30 39 33 40 65 78 61 6d 70 6c 65 
                       |M| 2e 63 6f 6d 
                       |M| ]
                       |M| [User-Password
                       |M| (Attr-Type = 2)] = [
                       |M| 70 61 73 73 77 6f 72 64 31 32 33 
                       |M| ]
                       |M| [NAS-IP-Address
                       |M| (Attr-Type = 4)] = [2130706433]
                       |M| [NAS-Port
                       |M| (Attr-Type = 5)] = [0]
                       |M| [Service-Type
                       |M| (Attr-Type = 6)] = [2]
                       |M| [NAS-Identifier
                       |M| (Attr-Type = 32)] = [
                       |M| 73 65 61 67 75 6c 6c 2d 74 65 73 74 2d 6e 61 73 
                       |M| ]
                       |M| [Called-Station-Id
                       |M| (Attr-Type = 30)] = [
                       |M| 30 30 2d 31 31 2d 32 32 2d 33 33 2d 34 34 2d 35 
                       |M| 35 
                       |M| ]
                       |M| [Calling-Station-Id
                       |M| (Attr-Type = 31)] = [
                       |M| 41 41 2d 42 42 2d 43 43 2d 44 44 2d 45 45 2d 46 
                       |M| 46 
                       |M| ]
                       |M|]]
2026-01-07.18:35:38.091|T|Send error on call with session-id [0]
2026-01-07.18:35:38.091|T|Execution error on call with session-id [0]
2026-01-07.18:35:39.095|E|The value of the field [Authenticator] is not set
2026-01-07.18:35:39.095|T|Error while sending [[Access-Request
                       |M|[Code] = [ 1]
                       |M|[Identifier] = [ 94]
                       |M|[Length] = [ 0]
                       |M|[Authenticator] = [  NULL(empty)]
                       |M| [User-Name
                       |M| (Attr-Type = 1)] = [
                       |M| 75 73 65 72 31 30 39 34 40 65 78 61 6d 70 6c 65 
                       |M| 2e 63 6f 6d 
                       |M| ]
                       |M| [User-Password
                       |M| (Attr-Type = 2)] = [
                       |M| 70 61 73 73 77 6f 72 64 31 32 33 
                       |M| ]
                       |M| [NAS-IP-Address
                       |M| (Attr-Type = 4)] = [2130706433]
                       |M| [NAS-Port
                       |M| (Attr-Type = 5)] = [0]
                       |M| [Service-Type
                       |M| (Attr-Type = 6)] = [2]
                       |M| [NAS-Identifier
                       |M| (Attr-Type = 32)] = [
                       |M| 73 65 61 67 75 6c 6c 2d 74 65 73 74 2d 6e 61 73 
                       |M| ]
                       |M| [Called-Station-Id
                       |M| (Attr-Type = 30)] = [
                       |M| 30 30 2d 31 31 2d 32 32 2d 33 33 2d 34 34 2d 35 
                       |M| 35 
                       |M| ]
                       |M| [Calling-Station-Id
                       |M| (Attr-Type = 31)] = [
                       |M| 41 41 2d 42 42 2d 43 43 2d 44 44 2d 45 45 2d 46 
                       |M| 46 
                       |M| ]
                       |M|]]
2026-01-07.18:35:39.095|T|Send error on call with session-id [0]
2026-01-07.18:35:39.095|T|Execution error on call with session-id [0]
2026-01-07.18:35:40.100|E|The value of the field [Authenticator] is not set
2026-01-07.18:35:40.100|T|Error while sending [[Access-Request
                       |M|[Code] = [ 1]
                       |M|[Identifier] = [ 95]
                       |M|[Length] = [ 0]
                       |M|[Authenticator] = [  NULL(empty)]
                       |M| [User-Name
                       |M| (Attr-Type = 1)] = [
                       |M| 75 73 65 72 31 30 39 35 40 65 78 61 6d 70 6c 65 
                       |M| 2e 63 6f 6d 
                       |M| ]
                       |M| [User-Password
                       |M| (Attr-Type = 2)] = [
                       |M| 70 61 73 73 77 6f 72 64 31 32 33 
                       |M| ]
                       |M| [NAS-IP-Address
                       |M| (Attr-Type = 4)] = [2130706433]
                       |M| [NAS-Port
                       |M| (Attr-Type = 5)] = [0]
                       |M| [Service-Type
                       |M| (Attr-Type = 6)] = [2]
                       |M| [NAS-Identifier
                       |M| (Attr-Type = 32)] = [
                       |M| 73 65 61 67 75 6c 6c 2d 74 65 73 74 2d 6e 61 73 
                       |M| ]
                       |M| [Called-Station-Id
                       |M| (Attr-Type = 30)] = [
                       |M| 30 30 2d 31 31 2d 32 32 2d 33 33 2d 34 34 2d 35 
                       |M| 35 
                       |M| ]
                       |M| [Calling-Station-Id
                       |M| (Attr-Type = 31)] = [
                       |M| 41 41 2d 42 42 2d 43 43 2d 44 44 2d 45 45 2d 46 
                       |M| 46 
                       |M| ]
                       |M|]]
2026-01-07.18:35:40.100|T|Send error on call with session-id [0]
2026-01-07.18:35:40.100|T|Execution error on call with session-id [0]
2026-01-07.18:35:41.104|E|The value of the field [Authenticator] is not set
2026-01-07.18:35:41.104|T|Error while sending [[Access-Request
                       |M|[Code] = [ 1]
                       |M|[Identifier] = [ 96]
                       |M|[Length] = [ 0]
                       |M|[Authenticator] = [  NULL(empty)]
                       |M| [User-Name
                       |M| (Attr-Type = 1)] = [
                       |M| 75 73 65 72 31 30 39 36 40 65 78 61 6d 70 6c 65 
                       |M| 2e 63 6f 6d 
                       |M| ]
                       |M| [User-Password
                       |M| (Attr-Type = 2)] = [
                       |M| 70 61 73 73 77 6f 72 64 31 32 33 
                       |M| ]
                       |M| [NAS-IP-Address
                       |M| (Attr-Type = 4)] = [2130706433]
                       |M| [NAS-Port
                       |M| (Attr-Type = 5)] = [0]
                       |M| [Service-Type
                       |M| (Attr-Type = 6)] = [2]
                       |M| [NAS-Identifier
                       |M| (Attr-Type = 32)] = [
                       |M| 73 65 61 67 75 6c 6c 2d 74 65 73 74 2d 6e 61 73 
                       |M| ]
                       |M| [Called-Station-Id
                       |M| (Attr-Type = 30)] = [
                       |M| 30 30 2d 31 31 2d 32 32 2d 33 33 2d 34 34 2d 35 
                       |M| 35 
                       |M| ]
                       |M| [Calling-Station-Id
                       |M| (Attr-Type = 31)] = [
                       |M| 41 41 2d 42 42 2d 43 43 2d 44 44 2d 45 45 2d 46 
                       |M| 46 
                       |M| ]
                       |M|]]
2026-01-07.18:35:41.105|T|Send error on call with session-id [0]
2026-01-07.18:35:41.105|T|Execution error on call with session-id [0]
2026-01-07.18:35:42.108|E|The value of the field [Authenticator] is not set
2026-01-07.18:35:42.108|T|Error while sending [[Access-Request
                       |M|[Code] = [ 1]
                       |M|[Identifier] = [ 97]
                       |M|[Length] = [ 0]
                       |M|[Authenticator] = [  NULL(empty)]
                       |M| [User-Name
                       |M| (Attr-Type = 1)] = [
                       |M| 75 73 65 72 31 30 39 37 40 65 78 61 6d 70 6c 65 
                       |M| 2e 63 6f 6d 
                       |M| ]
                       |M| [User-Password
                       |M| (Attr-Type = 2)] = [
                       |M| 70 61 73 73 77 6f 72 64 31 32 33 
                       |M| ]
                       |M| [NAS-IP-Address
                       |M| (Attr-Type = 4)] = [2130706433]
                       |M| [NAS-Port
                       |M| (Attr-Type = 5)] = [0]
                       |M| [Service-Type
                       |M| (Attr-Type = 6)] = [2]
                       |M| [NAS-Identifier
                       |M| (Attr-Type = 32)] = [
                       |M| 73 65 61 67 75 6c 6c 2d 74 65 73 74 2d 6e 61 73 
                       |M| ]
                       |M| [Called-Station-Id
                       |M| (Attr-Type = 30)] = [
                       |M| 30 30 2d 31 31 2d 32 32 2d 33 33 2d 34 34 2d 35 
                       |M| 35 
                       |M| ]
                       |M| [Calling-Station-Id
                       |M| (Attr-Type = 31)] = [
                       |M| 41 41 2d 42 42 2d 43 43 2d 44 44 2d 45 45 2d 46 
                       |M| 46 
                       |M| ]
                       |M|]]
2026-01-07.18:35:42.109|T|Send error on call with session-id [0]
2026-01-07.18:35:42.109|T|Execution error on call with session-id [0]
2026-01-07.18:35:43.063|E|The value of the field [Authenticator] is not set
2026-01-07.18:35:43.063|T|Error while sending [[Access-Request
                       |M|[Code] = [ 1]
                       |M|[Identifier] = [ 98]
                       |M|[Length] = [ 0]
                       |M|[Authenticator] = [  NULL(empty)]
                       |M| [User-Name
                       |M| (Attr-Type = 1)] = [
                       |M| 75 73 65 72 31 30 39 38 40 65 78 61 6d 70 6c 65 
                       |M| 2e 63 6f 6d 
                       |M| ]
                       |M| [User-Password
                       |M| (Attr-Type = 2)] = [
                       |M| 70 61 73 73 77 6f 72 64 31 32 33 
                       |M| ]
                       |M| [NAS-IP-Address
                       |M| (Attr-Type = 4)] = [2130706433]
                       |M| [NAS-Port
                       |M| (Attr-Type = 5)] = [0]
                       |M| [Service-Type
                       |M| (Attr-Type = 6)] = [2]
                       |M| [NAS-Identifier
                       |M| (Attr-Type = 32)] = [
                       |M| 73 65 61 67 75 6c 6c 2d 74 65 73 74 2d 6e 61 73 
                       |M| ]
                       |M| [Called-Station-Id
                       |M| (Attr-Type = 30)] = [
                       |M| 30 30 2d 31 31 2d 32 32 2d 33 33 2d 34 34 2d 35 
                       |M| 35 
                       |M| ]
                       |M| [Calling-Station-Id
                       |M| (Attr-Type = 31)] = [
                       |M| 41 41 2d 42 42 2d 43 43 2d 44 44 2d 45 45 2d 46 
                       |M| 46 
                       |M| ]
                       |M|]]
2026-01-07.18:35:43.063|T|Send error on call with session-id [0]
2026-01-07.18:35:43.063|T|Execution error on call with session-id [0]
2026-01-07.18:35:44.068|E|The value of the field [Authenticator] is not set
2026-01-07.18:35:44.068|T|Error while sending [[Access-Request
                       |M|[Code] = [ 1]
                       |M|[Identifier] = [ 99]
                       |M|[Length] = [ 0]
                       |M|[Authenticator] = [  NULL(empty)]
                       |M| [User-Name
                       |M| (Attr-Type = 1)] = [
                       |M| 75 73 65 72 31 30 39 39 40 65 78 61 6d 70 6c 65 
                       |M| 2e 63 6f 6d 
                       |M| ]
                       |M| [User-Password
                       |M| (Attr-Type = 2)] = [
                       |M| 70 61 73 73 77 6f 72 64 31 32 33 
                       |M| ]
                       |M| [NAS-IP-Address
                       |M| (Attr-Type = 4)] = [2130706433]
                       |M| [NAS-Port
                       |M| (Attr-Type = 5)] = [0]
                       |M| [Service-Type
                       |M| (Attr-Type = 6)] = [2]
                       |M| [NAS-Identifier
                       |M| (Attr-Type = 32)] = [
                       |M| 73 65 61 67 75 6c 6c 2d 74 65 73 74 2d 6e 61 73 
                       |M| ]
                       |M| [Called-Station-Id
                       |M| (Attr-Type = 30)] = [
                       |M| 30 30 2d 31 31 2d 32 32 2d 33 33 2d 34 34 2d 35 
                       |M| 35 
                       |M| ]
                       |M| [Calling-Station-Id
                       |M| (Attr-Type = 31)] = [
                       |M| 41 41 2d 42 42 2d 43 43 2d 44 44 2d 45 45 2d 46 
                       |M| 46 
                       |M| ]
                       |M|]]
2026-01-07.18:35:44.068|T|Send error on call with session-id [0]
2026-01-07.18:35:44.068|T|Execution error on call with session-id [0]
2026-01-07.18:35:45.071|E|The value of the field [Authenticator] is not set
2026-01-07.18:35:45.072|T|Error while sending [[Access-Request
                       |M|[Code] = [ 1]
                       |M|[Identifier] = [ 100]
                       |M|[Length] = [ 0]
                       |M|[Authenticator] = [  NULL(empty)]
                       |M| [User-Name
                       |M| (Attr-Type = 1)] = [
                       |M| 75 73 65 72 31 31 30 30 40 65 78 61 6d 70 6c 65 
                       |M| 2e 63 6f 6d 
                       |M| ]
                       |M| [User-Password
                       |M| (Attr-Type = 2)] = [
                       |M| 70 61 73 73 77 6f 72 64 31 32 33 
                       |M| ]
                       |M| [NAS-IP-Address
                       |M| (Attr-Type = 4)] = [2130706433]
                       |M| [NAS-Port
                       |M| (Attr-Type = 5)] = [0]
                       |M| [Service-Type
                       |M| (Attr-Type = 6)] = [2]
                       |M| [NAS-Identifier
                       |M| (Attr-Type = 32)] = [
                       |M| 73 65 61 67 75 6c 6c 2d 74 65 73 74 2d 6e 61 73 
                       |M| ]
                       |M| [Called-Station-Id
                       |M| (Attr-Type = 30)] = [
                       |M| 30 30 2d 31 31 2d 32 32 2d 33 33 2d 34 34 2d 35 
                       |M| 35 
                       |M| ]
                       |M| [Calling-Station-Id
                       |M| (Attr-Type = 31)] = [
                       |M| 41 41 2d 42 42 2d 43 43 2d 44 44 2d 45 45 2d 46 
                       |M| 46 
                       |M| ]
                       |M|]]
2026-01-07.18:35:45.072|T|Send error on call with session-id [0]
2026-01-07.18:35:45.072|T|Execution error on call with session-id [0]
2026-01-07.18:35:46.076|E|The value of the field [Authenticator] is not set
2026-01-07.18:35:46.076|T|Error while sending [[Access-Request
                       |M|[Code] = [ 1]
                       |M|[Identifier] = [ 101]
                       |M|[Length] = [ 0]
                       |M|[Authenticator] = [  NULL(empty)]
                       |M| [User-Name
                       |M| (Attr-Type = 1)] = [
                       |M| 75 73 65 72 31 31 30 31 40 65 78 61 6d 70 6c 65 
                       |M| 2e 63 6f 6d 
                       |M| ]
                       |M| [User-Password
                       |M| (Attr-Type = 2)] = [
                       |M| 70 61 73 73 77 6f 72 64 31 32 33 
                       |M| ]
                       |M| [NAS-IP-Address
                       |M| (Attr-Type = 4)] = [2130706433]
                       |M| [NAS-Port
                       |M| (Attr-Type = 5)] = [0]
                       |M| [Service-Type
                       |M| (Attr-Type = 6)] = [2]
                       |M| [NAS-Identifier
                       |M| (Attr-Type = 32)] = [
                       |M| 73 65 61 67 75 6c 6c 2d 74 65 73 74 2d 6e 61 73 
                       |M| ]
                       |M| [Called-Station-Id
                       |M| (Attr-Type = 30)] = [
                       |M| 30 30 2d 31 31 2d 32 32 2d 33 33 2d 34 34 2d 35 
                       |M| 35 
                       |M| ]
                       |M| [Calling-Station-Id
                       |M| (Attr-Type = 31)] = [
                       |M| 41 41 2d 42 42 2d 43 43 2d 44 44 2d 45 45 2d 46 
                       |M| 46 
                       |M| ]
                       |M|]]
2026-01-07.18:35:46.076|T|Send error on call with session-id [0]
2026-01-07.18:35:46.076|T|Execution error on call with session-id [0]
2026-01-07.18:35:47.080|E|The value of the field [Authenticator] is not set
2026-01-07.18:35:47.080|T|Error while sending [[Access-Request
                       |M|[Code] = [ 1]
                       |M|[Identifier] = [ 102]
                       |M|[Length] = [ 0]
                       |M|[Authenticator] = [  NULL(empty)]
                       |M| [User-Name
                       |M| (Attr-Type = 1)] = [
                       |M| 75 73 65 72 31 31 30 32 40 65 78 61 6d 70 6c 65 
                       |M| 2e 63 6f 6d 
                       |M| ]
                       |M| [User-Password
                       |M| (Attr-Type = 2)] = [
                       |M| 70 61 73 73 77 6f 72 64 31 32 33 
                       |M| ]
                       |M| [NAS-IP-Address
                       |M| (Attr-Type = 4)] = [2130706433]
                       |M| [NAS-Port
                       |M| (Attr-Type = 5)] = [0]
                       |M| [Service-Type
                       |M| (Attr-Type = 6)] = [2]
                       |M| [NAS-Identifier
                       |M| (Attr-Type = 32)] = [
                       |M| 73 65 61 67 75 6c 6c 2d 74 65 73 74 2d 6e 61 73 
                       |M| ]
                       |M| [Called-Station-Id
                       |M| (Attr-Type = 30)] = [
                       |M| 30 30 2d 31 31 2d 32 32 2d 33 33 2d 34 34 2d 35 
                       |M| 35 
                       |M| ]
                       |M| [Calling-Station-Id
                       |M| (Attr-Type = 31)] = [
                       |M| 41 41 2d 42 42 2d 43 43 2d 44 44 2d 45 45 2d 46 
                       |M| 46 
                       |M| ]
                       |M|]]
2026-01-07.18:35:47.080|T|Send error on call with session-id [0]
2026-01-07.18:35:47.080|T|Execution error on call with session-id [0]
2026-01-07.18:35:48.084|E|The value of the field [Authenticator] is not set
2026-01-07.18:35:48.084|T|Error while sending [[Access-Request
                       |M|[Code] = [ 1]
                       |M|[Identifier] = [ 103]
                       |M|[Length] = [ 0]
                       |M|[Authenticator] = [  NULL(empty)]
                       |M| [User-Name
                       |M| (Attr-Type = 1)] = [
                       |M| 75 73 65 72 31 31 30 33 40 65 78 61 6d 70 6c 65 
                       |M| 2e 63 6f 6d 
                       |M| ]
                       |M| [User-Password
                       |M| (Attr-Type = 2)] = [
                       |M| 70 61 73 73 77 6f 72 64 31 32 33 
                       |M| ]
                       |M| [NAS-IP-Address
                       |M| (Attr-Type = 4)] = [2130706433]
                       |M| [NAS-Port
                       |M| (Attr-Type = 5)] = [0]
                       |M| [Service-Type
                       |M| (Attr-Type = 6)] = [2]
                       |M| [NAS-Identifier
                       |M| (Attr-Type = 32)] = [
                       |M| 73 65 61 67 75 6c 6c 2d 74 65 73 74 2d 6e 61 73 
                       |M| ]
                       |M| [Called-Station-Id
                       |M| (Attr-Type = 30)] = [
                       |M| 30 30 2d 31 31 2d 32 32 2d 33 33 2d 34 34 2d 35 
                       |M| 35 
                       |M| ]
                       |M| [Calling-Station-Id
                       |M| (Attr-Type = 31)] = [
                       |M| 41 41 2d 42 42 2d 43 43 2d 44 44 2d 45 45 2d 46 
                       |M| 46 
                       |M| ]
                       |M|]]
2026-01-07.18:35:48.084|T|Send error on call with session-id [0]
2026-01-07.18:35:48.084|T|Execution error on call with session-id [0]
2026-01-07.18:35:49.088|E|The value of the field [Authenticator] is not set
2026-01-07.18:35:49.088|T|Error while sending [[Access-Request
                       |M|[Code] = [ 1]
                       |M|[Identifier] = [ 104]
                       |M|[Length] = [ 0]
                       |M|[Authenticator] = [  NULL(empty)]
                       |M| [User-Name
                       |M| (Attr-Type = 1)] = [
                       |M| 75 73 65 72 31 31 30 34 40 65 78 61 6d 70 6c 65 
                       |M| 2e 63 6f 6d 
                       |M| ]
                       |M| [User-Password
                       |M| (Attr-Type = 2)] = [
                       |M| 70 61 73 73 77 6f 72 64 31 32 33 
                       |M| ]
                       |M| [NAS-IP-Address
                       |M| (Attr-Type = 4)] = [2130706433]
                       |M| [NAS-Port
                       |M| (Attr-Type = 5)] = [0]
                       |M| [Service-Type
                       |M| (Attr-Type = 6)] = [2]
                       |M| [NAS-Identifier
                       |M| (Attr-Type = 32)] = [
                       |M| 73 65 61 67 75 6c 6c 2d 74 65 73 74 2d 6e 61 73 
                       |M| ]
                       |M| [Called-Station-Id
                       |M| (Attr-Type = 30)] = [
                       |M| 30 30 2d 31 31 2d 32 32 2d 33 33 2d 34 34 2d 35 
                       |M| 35 
                       |M| ]
                       |M| [Calling-Station-Id
                       |M| (Attr-Type = 31)] = [
                       |M| 41 41 2d 42 42 2d 43 43 2d 44 44 2d 45 45 2d 46 
                       |M| 46 
                       |M| ]
                       |M|]]
2026-01-07.18:35:49.088|T|Send error on call with session-id [0]
2026-01-07.18:35:49.088|T|Execution error on call with session-id [0]
2026-01-07.18:35:50.091|E|The value of the field [Authenticator] is not set
2026-01-07.18:35:50.091|T|Error while sending [[Access-Request
                       |M|[Code] = [ 1]
                       |M|[Identifier] = [ 105]
                       |M|[Length] = [ 0]
                       |M|[Authenticator] = [  NULL(empty)]
                       |M| [User-Name
                       |M| (Attr-Type = 1)] = [
                       |M| 75 73 65 72 31 31 30 35 40 65 78 61 6d 70 6c 65 
                       |M| 2e 63 6f 6d 
                       |M| ]
                       |M| [User-Password
                       |M| (Attr-Type = 2)] = [
                       |M| 70 61 73 73 77 6f 72 64 31 32 33 
                       |M| ]
                       |M| [NAS-IP-Address
                       |M| (Attr-Type = 4)] = [2130706433]
                       |M| [NAS-Port
                       |M| (Attr-Type = 5)] = [0]
                       |M| [Service-Type
                       |M| (Attr-Type = 6)] = [2]
                       |M| [NAS-Identifier
                       |M| (Attr-Type = 32)] = [
                       |M| 73 65 61 67 75 6c 6c 2d 74 65 73 74 2d 6e 61 73 
                       |M| ]
                       |M| [Called-Station-Id
                       |M| (Attr-Type = 30)] = [
                       |M| 30 30 2d 31 31 2d 32 32 2d 33 33 2d 34 34 2d 35 
                       |M| 35 
                       |M| ]
                       |M| [Calling-Station-Id
                       |M| (Attr-Type = 31)] = [
                       |M| 41 41 2d 42 42 2d 43 43 2d 44 44 2d 45 45 2d 46 
                       |M| 46 
                       |M| ]
                       |M|]]
2026-01-07.18:35:50.092|T|Send error on call with session-id [0]
2026-01-07.18:35:50.092|T|Execution error on call with session-id [0]
2026-01-07.18:35:51.095|E|The value of the field [Authenticator] is not set
2026-01-07.18:35:51.095|T|Error while sending [[Access-Request
                       |M|[Code] = [ 1]
                       |M|[Identifier] = [ 106]
                       |M|[Length] = [ 0]
                       |M|[Authenticator] = [  NULL(empty)]
                       |M| [User-Name
                       |M| (Attr-Type = 1)] = [
                       |M| 75 73 65 72 31 31 30 36 40 65 78 61 6d 70 6c 65 
                       |M| 2e 63 6f 6d 
                       |M| ]
                       |M| [User-Password
                       |M| (Attr-Type = 2)] = [
                       |M| 70 61 73 73 77 6f 72 64 31 32 33 
                       |M| ]
                       |M| [NAS-IP-Address
                       |M| (Attr-Type = 4)] = [2130706433]
                       |M| [NAS-Port
                       |M| (Attr-Type = 5)] = [0]
                       |M| [Service-Type
                       |M| (Attr-Type = 6)] = [2]
                       |M| [NAS-Identifier
                       |M| (Attr-Type = 32)] = [
                       |M| 73 65 61 67 75 6c 6c 2d 74 65 73 74 2d 6e 61 73 
                       |M| ]
                       |M| [Called-Station-Id
                       |M| (Attr-Type = 30)] = [
                       |M| 30 30 2d 31 31 2d 32 32 2d 33 33 2d 34 34 2d 35 
                       |M| 35 
                       |M| ]
                       |M| [Calling-Station-Id
                       |M| (Attr-Type = 31)] = [
                       |M| 41 41 2d 42 42 2d 43 43 2d 44 44 2d 45 45 2d 46 
                       |M| 46 
                       |M| ]
                       |M|]]
2026-01-07.18:35:51.095|T|Send error on call with session-id [0]
2026-01-07.18:35:51.096|T|Execution error on call with session-id [0]
2026-01-07.18:35:52.099|E|The value of the field [Authenticator] is not set
2026-01-07.18:35:52.099|T|Error while sending [[Access-Request
                       |M|[Code] = [ 1]
                       |M|[Identifier] = [ 107]
                       |M|[Length] = [ 0]
                       |M|[Authenticator] = [  NULL(empty)]
                       |M| [User-Name
                       |M| (Attr-Type = 1)] = [
                       |M| 75 73 65 72 31 31 30 37 40 65 78 61 6d 70 6c 65 
                       |M| 2e 63 6f 6d 
                       |M| ]
                       |M| [User-Password
                       |M| (Attr-Type = 2)] = [
                       |M| 70 61 73 73 77 6f 72 64 31 32 33 
                       |M| ]
                       |M| [NAS-IP-Address
                       |M| (Attr-Type = 4)] = [2130706433]
                       |M| [NAS-Port
                       |M| (Attr-Type = 5)] = [0]
                       |M| [Service-Type
                       |M| (Attr-Type = 6)] = [2]
                       |M| [NAS-Identifier
                       |M| (Attr-Type = 32)] = [
                       |M| 73 65 61 67 75 6c 6c 2d 74 65 73 74 2d 6e 61 73 
                       |M| ]
                       |M| [Called-Station-Id
                       |M| (Attr-Type = 30)] = [
                       |M| 30 30 2d 31 31 2d 32 32 2d 33 33 2d 34 34 2d 35 
                       |M| 35 
                       |M| ]
                       |M| [Calling-Station-Id
                       |M| (Attr-Type = 31)] = [
                       |M| 41 41 2d 42 42 2d 43 43 2d 44 44 2d 45 45 2d 46 
                       |M| 46 
                       |M| ]
                       |M|]]
2026-01-07.18:35:52.099|T|Send error on call with session-id [0]
2026-01-07.18:35:52.099|T|Execution error on call with session-id [0]
2026-01-07.18:35:53.103|E|The value of the field [Authenticator] is not set
2026-01-07.18:35:53.103|T|Error while sending [[Access-Request
                       |M|[Code] = [ 1]
                       |M|[Identifier] = [ 108]
                       |M|[Length] = [ 0]
                       |M|[Authenticator] = [  NULL(empty)]
                       |M| [User-Name
                       |M| (Attr-Type = 1)] = [
                       |M| 75 73 65 72 31 31 30 38 40 65 78 61 6d 70 6c 65 
                       |M| 2e 63 6f 6d 
                       |M| ]
                       |M| [User-Password
                       |M| (Attr-Type = 2)] = [
                       |M| 70 61 73 73 77 6f 72 64 31 32 33 
                       |M| ]
                       |M| [NAS-IP-Address
                       |M| (Attr-Type = 4)] = [2130706433]
                       |M| [NAS-Port
                       |M| (Attr-Type = 5)] = [0]
                       |M| [Service-Type
                       |M| (Attr-Type = 6)] = [2]
                       |M| [NAS-Identifier
                       |M| (Attr-Type = 32)] = [
                       |M| 73 65 61 67 75 6c 6c 2d 74 65 73 74 2d 6e 61 73 
                       |M| ]
                       |M| [Called-Station-Id
                       |M| (Attr-Type = 30)] = [
                       |M| 30 30 2d 31 31 2d 32 32 2d 33 33 2d 34 34 2d 35 
                       |M| 35 
                       |M| ]
                       |M| [Calling-Station-Id
                       |M| (Attr-Type = 31)] = [
                       |M| 41 41 2d 42 42 2d 43 43 2d 44 44 2d 45 45 2d 46 
                       |M| 46 
                       |M| ]
                       |M|]]
2026-01-07.18:35:53.103|T|Send error on call with session-id [0]
2026-01-07.18:35:53.103|T|Execution error on call with session-id [0]
2026-01-07.18:35:54.107|E|The value of the field [Authenticator] is not set
2026-01-07.18:35:54.107|T|Error while sending [[Access-Request
                       |M|[Code] = [ 1]
                       |M|[Identifier] = [ 109]
                       |M|[Length] = [ 0]
                       |M|[Authenticator] = [  NULL(empty)]
                       |M| [User-Name
                       |M| (Attr-Type = 1)] = [
                       |M| 75 73 65 72 31 31 30 39 40 65 78 61 6d 70 6c 65 
                       |M| 2e 63 6f 6d 
                       |M| ]
                       |M| [User-Password
                       |M| (Attr-Type = 2)] = [
                       |M| 70 61 73 73 77 6f 72 64 31 32 33 
                       |M| ]
                       |M| [NAS-IP-Address
                       |M| (Attr-Type = 4)] = [2130706433]
                       |M| [NAS-Port
                       |M| (Attr-Type = 5)] = [0]
                       |M| [Service-Type
                       |M| (Attr-Type = 6)] = [2]
                       |M| [NAS-Identifier
                       |M| (Attr-Type = 32)] = [
                       |M| 73 65 61 67 75 6c 6c 2d 74 65 73 74 2d 6e 61 73 
                       |M| ]
                       |M| [Called-Station-Id
                       |M| (Attr-Type = 30)] = [
                       |M| 30 30 2d 31 31 2d 32 32 2d 33 33 2d 34 34 2d 35 
                       |M| 35 
                       |M| ]
                       |M| [Calling-Station-Id
                       |M| (Attr-Type = 31)] = [
                       |M| 41 41 2d 42 42 2d 43 43 2d 44 44 2d 45 45 2d 46 
                       |M| 46 
                       |M| ]
                       |M|]]
2026-01-07.18:35:54.107|T|Send error on call with session-id [0]
2026-01-07.18:35:54.107|T|Execution error on call with session-id [0]
2026-01-07.18:35:55.111|E|The value of the field [Authenticator] is not set
2026-01-07.18:35:55.111|T|Error while sending [[Access-Request
                       |M|[Code] = [ 1]
                       |M|[Identifier] = [ 110]
                       |M|[Length] = [ 0]
                       |M|[Authenticator] = [  NULL(empty)]
                       |M| [User-Name
                       |M| (Attr-Type = 1)] = [
                       |M| 75 73 65 72 31 31 31 30 40 65 78 61 6d 70 6c 65 
                       |M| 2e 63 6f 6d 
                       |M| ]
                       |M| [User-Password
                       |M| (Attr-Type = 2)] = [
                       |M| 70 61 73 73 77 6f 72 64 31 32 33 
                       |M| ]
                       |M| [NAS-IP-Address
                       |M| (Attr-Type = 4)] = [2130706433]
                       |M| [NAS-Port
                       |M| (Attr-Type = 5)] = [0]
                       |M| [Service-Type
                       |M| (Attr-Type = 6)] = [2]
                       |M| [NAS-Identifier
                       |M| (Attr-Type = 32)] = [
                       |M| 73 65 61 67 75 6c 6c 2d 74 65 73 74 2d 6e 61 73 
                       |M| ]
                       |M| [Called-Station-Id
                       |M| (Attr-Type = 30)] = [
                       |M| 30 30 2d 31 31 2d 32 32 2d 33 33 2d 34 34 2d 35 
                       |M| 35 
                       |M| ]
                       |M| [Calling-Station-Id
                       |M| (Attr-Type = 31)] = [
                       |M| 41 41 2d 42 42 2d 43 43 2d 44 44 2d 45 45 2d 46 
                       |M| 46 
                       |M| ]
                       |M|]]
2026-01-07.18:35:55.111|T|Send error on call with session-id [0]
2026-01-07.18:35:55.111|T|Execution error on call with session-id [0]
2026-01-07.18:35:56.064|E|The value of the field [Authenticator] is not set
2026-01-07.18:35:56.064|T|Error while sending [[Access-Request
                       |M|[Code] = [ 1]
                       |M|[Identifier] = [ 111]
                       |M|[Length] = [ 0]
                       |M|[Authenticator] = [  NULL(empty)]
                       |M| [User-Name
                       |M| (Attr-Type = 1)] = [
                       |M| 75 73 65 72 31 31 31 31 40 65 78 61 6d 70 6c 65 
                       |M| 2e 63 6f 6d 
                       |M| ]
                       |M| [User-Password
                       |M| (Attr-Type = 2)] = [
                       |M| 70 61 73 73 77 6f 72 64 31 32 33 
                       |M| ]
                       |M| [NAS-IP-Address
                       |M| (Attr-Type = 4)] = [2130706433]
                       |M| [NAS-Port
                       |M| (Attr-Type = 5)] = [0]
                       |M| [Service-Type
                       |M| (Attr-Type = 6)] = [2]
                       |M| [NAS-Identifier
                       |M| (Attr-Type = 32)] = [
                       |M| 73 65 61 67 75 6c 6c 2d 74 65 73 74 2d 6e 61 73 
                       |M| ]
                       |M| [Called-Station-Id
                       |M| (Attr-Type = 30)] = [
                       |M| 30 30 2d 31 31 2d 32 32 2d 33 33 2d 34 34 2d 35 
                       |M| 35 
                       |M| ]
                       |M| [Calling-Station-Id
                       |M| (Attr-Type = 31)] = [
                       |M| 41 41 2d 42 42 2d 43 43 2d 44 44 2d 45 45 2d 46 
                       |M| 46 
                       |M| ]
                       |M|]]
2026-01-07.18:35:56.065|T|Send error on call with session-id [0]
2026-01-07.18:35:56.065|T|Execution error on call with session-id [0]
2026-01-07.18:35:57.067|E|The value of the field [Authenticator] is not set
2026-01-07.18:35:57.068|T|Error while sending [[Access-Request
                       |M|[Code] = [ 1]
                       |M|[Identifier] = [ 112]
                       |M|[Length] = [ 0]
                       |M|[Authenticator] = [  NULL(empty)]
                       |M| [User-Name
                       |M| (Attr-Type = 1)] = [
                       |M| 75 73 65 72 31 31 31 32 40 65 78 61 6d 70 6c 65 
                       |M| 2e 63 6f 6d 
                       |M| ]
                       |M| [User-Password
                       |M| (Attr-Type = 2)] = [
                       |M| 70 61 73 73 77 6f 72 64 31 32 33 
                       |M| ]
                       |M| [NAS-IP-Address
                       |M| (Attr-Type = 4)] = [2130706433]
                       |M| [NAS-Port
                       |M| (Attr-Type = 5)] = [0]
                       |M| [Service-Type
                       |M| (Attr-Type = 6)] = [2]
                       |M| [NAS-Identifier
                       |M| (Attr-Type = 32)] = [
                       |M| 73 65 61 67 75 6c 6c 2d 74 65 73 74 2d 6e 61 73 
                       |M| ]
                       |M| [Called-Station-Id
                       |M| (Attr-Type = 30)] = [
                       |M| 30 30 2d 31 31 2d 32 32 2d 33 33 2d 34 34 2d 35 
                       |M| 35 
                       |M| ]
                       |M| [Calling-Station-Id
                       |M| (Attr-Type = 31)] = [
                       |M| 41 41 2d 42 42 2d 43 43 2d 44 44 2d 45 45 2d 46 
                       |M| 46 
                       |M| ]
                       |M|]]
2026-01-07.18:35:57.068|T|Send error on call with session-id [0]
2026-01-07.18:35:57.068|T|Execution error on call with session-id [0]
2026-01-07.18:35:58.071|E|The value of the field [Authenticator] is not set
2026-01-07.18:35:58.071|T|Error while sending [[Access-Request
                       |M|[Code] = [ 1]
                       |M|[Identifier] = [ 113]
                       |M|[Length] = [ 0]
                       |M|[Authenticator] = [  NULL(empty)]
                       |M| [User-Name
                       |M| (Attr-Type = 1)] = [
                       |M| 75 73 65 72 31 31 31 33 40 65 78 61 6d 70 6c 65 
                       |M| 2e 63 6f 6d 
                       |M| ]
                       |M| [User-Password
                       |M| (Attr-Type = 2)] = [
                       |M| 70 61 73 73 77 6f 72 64 31 32 33 
                       |M| ]
                       |M| [NAS-IP-Address
                       |M| (Attr-Type = 4)] = [2130706433]
                       |M| [NAS-Port
                       |M| (Attr-Type = 5)] = [0]
                       |M| [Service-Type
                       |M| (Attr-Type = 6)] = [2]
                       |M| [NAS-Identifier
                       |M| (Attr-Type = 32)] = [
                       |M| 73 65 61 67 75 6c 6c 2d 74 65 73 74 2d 6e 61 73 
                       |M| ]
                       |M| [Called-Station-Id
                       |M| (Attr-Type = 30)] = [
                       |M| 30 30 2d 31 31 2d 32 32 2d 33 33 2d 34 34 2d 35 
                       |M| 35 
                       |M| ]
                       |M| [Calling-Station-Id
                       |M| (Attr-Type = 31)] = [
                       |M| 41 41 2d 42 42 2d 43 43 2d 44 44 2d 45 45 2d 46 
                       |M| 46 
                       |M| ]
                       |M|]]
2026-01-07.18:35:58.072|T|Send error on call with session-id [0]
2026-01-07.18:35:58.072|T|Execution error on call with session-id [0]
2026-01-07.18:35:59.076|E|The value of the field [Authenticator] is not set
2026-01-07.18:35:59.076|T|Error while sending [[Access-Request
                       |M|[Code] = [ 1]
                       |M|[Identifier] = [ 114]
                       |M|[Length] = [ 0]
                       |M|[Authenticator] = [  NULL(empty)]
                       |M| [User-Name
                       |M| (Attr-Type = 1)] = [
                       |M| 75 73 65 72 31 31 31 34 40 65 78 61 6d 70 6c 65 
                       |M| 2e 63 6f 6d 
                       |M| ]
                       |M| [User-Password
                       |M| (Attr-Type = 2)] = [
                       |M| 70 61 73 73 77 6f 72 64 31 32 33 
                       |M| ]
                       |M| [NAS-IP-Address
                       |M| (Attr-Type = 4)] = [2130706433]
                       |M| [NAS-Port
                       |M| (Attr-Type = 5)] = [0]
                       |M| [Service-Type
                       |M| (Attr-Type = 6)] = [2]
                       |M| [NAS-Identifier
                       |M| (Attr-Type = 32)] = [
                       |M| 73 65 61 67 75 6c 6c 2d 74 65 73 74 2d 6e 61 73 
                       |M| ]
                       |M| [Called-Station-Id
                       |M| (Attr-Type = 30)] = [
                       |M| 30 30 2d 31 31 2d 32 32 2d 33 33 2d 34 34 2d 35 
                       |M| 35 
                       |M| ]
                       |M| [Calling-Station-Id
                       |M| (Attr-Type = 31)] = [
                       |M| 41 41 2d 42 42 2d 43 43 2d 44 44 2d 45 45 2d 46 
                       |M| 46 
                       |M| ]
                       |M|]]
2026-01-07.18:35:59.076|T|Send error on call with session-id [0]
2026-01-07.18:35:59.076|T|Execution error on call with session-id [0]
2026-01-07.18:36:00.080|E|The value of the field [Authenticator] is not set
2026-01-07.18:36:00.080|T|Error while sending [[Access-Request
                       |M|[Code] = [ 1]
                       |M|[Identifier] = [ 115]
                       |M|[Length] = [ 0]
                       |M|[Authenticator] = [  NULL(empty)]
                       |M| [User-Name
                       |M| (Attr-Type = 1)] = [
                       |M| 75 73 65 72 31 31 31 35 40 65 78 61 6d 70 6c 65 
                       |M| 2e 63 6f 6d 
                       |M| ]
                       |M| [User-Password
                       |M| (Attr-Type = 2)] = [
                       |M| 70 61 73 73 77 6f 72 64 31 32 33 
                       |M| ]
                       |M| [NAS-IP-Address
                       |M| (Attr-Type = 4)] = [2130706433]
                       |M| [NAS-Port
                       |M| (Attr-Type = 5)] = [0]
                       |M| [Service-Type
                       |M| (Attr-Type = 6)] = [2]
                       |M| [NAS-Identifier
                       |M| (Attr-Type = 32)] = [
                       |M| 73 65 61 67 75 6c 6c 2d 74 65 73 74 2d 6e 61 73 
                       |M| ]
                       |M| [Called-Station-Id
                       |M| (Attr-Type = 30)] = [
                       |M| 30 30 2d 31 31 2d 32 32 2d 33 33 2d 34 34 2d 35 
                       |M| 35 
                       |M| ]
                       |M| [Calling-Station-Id
                       |M| (Attr-Type = 31)] = [
                       |M| 41 41 2d 42 42 2d 43 43 2d 44 44 2d 45 45 2d 46 
                       |M| 46 
                       |M| ]
                       |M|]]
2026-01-07.18:36:00.080|T|Send error on call with session-id [0]
2026-01-07.18:36:00.080|T|Execution error on call with session-id [0]
2026-01-07.18:36:01.084|E|The value of the field [Authenticator] is not set
2026-01-07.18:36:01.084|T|Error while sending [[Access-Request
                       |M|[Code] = [ 1]
                       |M|[Identifier] = [ 116]
                       |M|[Length] = [ 0]
                       |M|[Authenticator] = [  NULL(empty)]
                       |M| [User-Name
                       |M| (Attr-Type = 1)] = [
                       |M| 75 73 65 72 31 31 31 36 40 65 78 61 6d 70 6c 65 
                       |M| 2e 63 6f 6d 
                       |M| ]
                       |M| [User-Password
                       |M| (Attr-Type = 2)] = [
                       |M| 70 61 73 73 77 6f 72 64 31 32 33 
                       |M| ]
                       |M| [NAS-IP-Address
                       |M| (Attr-Type = 4)] = [2130706433]
                       |M| [NAS-Port
                       |M| (Attr-Type = 5)] = [0]
                       |M| [Service-Type
                       |M| (Attr-Type = 6)] = [2]
                       |M| [NAS-Identifier
                       |M| (Attr-Type = 32)] = [
                       |M| 73 65 61 67 75 6c 6c 2d 74 65 73 74 2d 6e 61 73 
                       |M| ]
                       |M| [Called-Station-Id
                       |M| (Attr-Type = 30)] = [
                       |M| 30 30 2d 31 31 2d 32 32 2d 33 33 2d 34 34 2d 35 
                       |M| 35 
                       |M| ]
                       |M| [Calling-Station-Id
                       |M| (Attr-Type = 31)] = [
                       |M| 41 41 2d 42 42 2d 43 43 2d 44 44 2d 45 45 2d 46 
                       |M| 46 
                       |M| ]
                       |M|]]
2026-01-07.18:36:01.085|T|Send error on call with session-id [0]
2026-01-07.18:36:01.085|T|Execution error on call with session-id [0]
2026-01-07.18:36:02.088|E|The value of the field [Authenticator] is not set
2026-01-07.18:36:02.088|T|Error while sending [[Access-Request
                       |M|[Code] = [ 1]
                       |M|[Identifier] = [ 117]
                       |M|[Length] = [ 0]
                       |M|[Authenticator] = [  NULL(empty)]
                       |M| [User-Name
                       |M| (Attr-Type = 1)] = [
                       |M| 75 73 65 72 31 31 31 37 40 65 78 61 6d 70 6c 65 
                       |M| 2e 63 6f 6d 
                       |M| ]
                       |M| [User-Password
                       |M| (Attr-Type = 2)] = [
                       |M| 70 61 73 73 77 6f 72 64 31 32 33 
                       |M| ]
                       |M| [NAS-IP-Address
                       |M| (Attr-Type = 4)] = [2130706433]
                       |M| [NAS-Port
                       |M| (Attr-Type = 5)] = [0]
                       |M| [Service-Type
                       |M| (Attr-Type = 6)] = [2]
                       |M| [NAS-Identifier
                       |M| (Attr-Type = 32)] = [
                       |M| 73 65 61 67 75 6c 6c 2d 74 65 73 74 2d 6e 61 73 
                       |M| ]
                       |M| [Called-Station-Id
                       |M| (Attr-Type = 30)] = [
                       |M| 30 30 2d 31 31 2d 32 32 2d 33 33 2d 34 34 2d 35 
                       |M| 35 
                       |M| ]
                       |M| [Calling-Station-Id
                       |M| (Attr-Type = 31)] = [
                       |M| 41 41 2d 42 42 2d 43 43 2d 44 44 2d 45 45 2d 46 
                       |M| 46 
                       |M| ]
                       |M|]]
2026-01-07.18:36:02.088|T|Send error on call with session-id [0]
2026-01-07.18:36:02.088|T|Execution error on call with session-id [0]
2026-01-07.18:36:03.091|E|The value of the field [Authenticator] is not set
2026-01-07.18:36:03.091|T|Error while sending [[Access-Request
                       |M|[Code] = [ 1]
                       |M|[Identifier] = [ 118]
                       |M|[Length] = [ 0]
                       |M|[Authenticator] = [  NULL(empty)]
                       |M| [User-Name
                       |M| (Attr-Type = 1)] = [
                       |M| 75 73 65 72 31 31 31 38 40 65 78 61 6d 70 6c 65 
                       |M| 2e 63 6f 6d 
                       |M| ]
                       |M| [User-Password
                       |M| (Attr-Type = 2)] = [
                       |M| 70 61 73 73 77 6f 72 64 31 32 33 
                       |M| ]
                       |M| [NAS-IP-Address
                       |M| (Attr-Type = 4)] = [2130706433]
                       |M| [NAS-Port
                       |M| (Attr-Type = 5)] = [0]
                       |M| [Service-Type
                       |M| (Attr-Type = 6)] = [2]
                       |M| [NAS-Identifier
                       |M| (Attr-Type = 32)] = [
                       |M| 73 65 61 67 75 6c 6c 2d 74 65 73 74 2d 6e 61 73 
                       |M| ]
                       |M| [Called-Station-Id
                       |M| (Attr-Type = 30)] = [
                       |M| 30 30 2d 31 31 2d 32 32 2d 33 33 2d 34 34 2d 35 
                       |M| 35 
                       |M| ]
                       |M| [Calling-Station-Id
                       |M| (Attr-Type = 31)] = [
                       |M| 41 41 2d 42 42 2d 43 43 2d 44 44 2d 45 45 2d 46 
                       |M| 46 
                       |M| ]
                       |M|]]
2026-01-07.18:36:03.091|T|Send error on call with session-id [0]
2026-01-07.18:36:03.091|T|Execution error on call with session-id [0]
2026-01-07.18:36:04.095|E|The value of the field [Authenticator] is not set
2026-01-07.18:36:04.095|T|Error while sending [[Access-Request
                       |M|[Code] = [ 1]
                       |M|[Identifier] = [ 119]
                       |M|[Length] = [ 0]
                       |M|[Authenticator] = [  NULL(empty)]
                       |M| [User-Name
                       |M| (Attr-Type = 1)] = [
                       |M| 75 73 65 72 31 31 31 39 40 65 78 61 6d 70 6c 65 
                       |M| 2e 63 6f 6d 
                       |M| ]
                       |M| [User-Password
                       |M| (Attr-Type = 2)] = [
                       |M| 70 61 73 73 77 6f 72 64 31 32 33 
                       |M| ]
                       |M| [NAS-IP-Address
                       |M| (Attr-Type = 4)] = [2130706433]
                       |M| [NAS-Port
                       |M| (Attr-Type = 5)] = [0]
                       |M| [Service-Type
                       |M| (Attr-Type = 6)] = [2]
                       |M| [NAS-Identifier
                       |M| (Attr-Type = 32)] = [
                       |M| 73 65 61 67 75 6c 6c 2d 74 65 73 74 2d 6e 61 73 
                       |M| ]
                       |M| [Called-Station-Id
                       |M| (Attr-Type = 30)] = [
                       |M| 30 30 2d 31 31 2d 32 32 2d 33 33 2d 34 34 2d 35 
                       |M| 35 
                       |M| ]
                       |M| [Calling-Station-Id
                       |M| (Attr-Type = 31)] = [
                       |M| 41 41 2d 42 42 2d 43 43 2d 44 44 2d 45 45 2d 46 
                       |M| 46 
                       |M| ]
                       |M|]]
2026-01-07.18:36:04.095|T|Send error on call with session-id [0]
2026-01-07.18:36:04.095|T|Execution error on call with session-id [0]
2026-01-07.18:36:05.181|A|STOP  log
