2026-01-08.13:06:58.285|A|START log
2026-01-08.13:06:58.286|A|Platform use LITTLE_ENDIAN coding
2026-01-08.13:06:58.286|A|Integer32 Type size is: 8
2026-01-08.13:06:58.286|A|Integer64 Type size is: 8
2026-01-08.13:06:58.286|A|Configuration data:
                       | |option_log_file  [logs/radius-auth-client.log]
                       | |option_conf_file [config/radius/conf.auth-client.xml]
                       | |option_dico_file [config/radius/radius-dictionary.xml]
                       | |option_scen_file [scenario/radius/radius-auth.client.xml]
                       | |log_stat_file    [../logs/radius-auth-client-stat.csv]
                       | |option_log_level [ET]
                       | |option_bg_mode   [false]
                       | |call_rate        [1]
                       | |burst_limit      [0]
                       | |max_send         [200]
                       | |max_receive      [200]
                       | |select_timeout   [50]
                       | |max_simult_calls [2000]
                       | |call_timeout_ms  [10000]
                       | |msg_buffer_size  [4096]
                       | |display_period   [1]
                       | |log_stat_period  [1]
                       | |resp_time_repart [50,75,100,150,300,5000]
                       | |number_calls     [0]
                       | |notimelog        [false]
                       | |msg check        [false]
                       | |msg check mask   [P]
                       | |check behaviour  [warning]
                       | |call rate scale  [1]
                       | |model traffic    [best-effort]
                       | |external data file    [none]
                       | |external data select  [sequential]
2026-01-08.13:06:58.287|A|PID [692459]
2026-01-08.13:07:08.375|T|Call timeout detected
2026-01-08.13:07:09.329|T|Call timeout detected
2026-01-08.14:04:29.074|T|Call timeout detected
2026-01-08.14:04:29.074|T|Call timeout detected
2026-01-08.14:04:29.074|T|Call timeout detected
2026-01-08.14:04:29.074|T|Call timeout detected
2026-01-08.14:04:29.074|T|Call timeout detected
2026-01-08.14:04:29.074|T|Call timeout detected
2026-01-08.14:04:29.074|T|Call timeout detected
2026-01-08.14:04:29.074|T|Call timeout detected
2026-01-08.14:04:29.074|T|Call timeout detected
2026-01-08.14:04:29.074|T|Call timeout detected
2026-01-08.14:04:39.090|T|Call timeout detected
2026-01-08.14:04:39.090|T|Call timeout detected
2026-01-08.14:04:39.090|T|Call timeout detected
2026-01-08.14:04:39.090|T|Call timeout detected
2026-01-08.14:04:39.090|T|Call timeout detected
2026-01-08.14:04:39.090|T|Call timeout detected
2026-01-08.14:04:39.090|T|Call timeout detected
2026-01-08.14:04:39.090|T|Call timeout detected
2026-01-08.14:04:39.090|T|Call timeout detected
2026-01-08.14:04:39.090|T|Call timeout detected
2026-01-08.14:04:39.090|T|Call timeout detected
2026-01-08.14:04:39.090|T|Call timeout detected
2026-01-08.14:04:39.090|T|Call timeout detected
2026-01-08.14:04:39.090|T|Call timeout detected
2026-01-08.14:04:39.090|T|Call timeout detected
2026-01-08.14:04:39.090|T|Call timeout detected
2026-01-08.14:04:39.090|T|Call timeout detected
2026-01-08.14:04:39.090|T|Call timeout detected
2026-01-08.14:04:39.090|T|Call timeout detected
2026-01-08.14:04:39.090|T|Call timeout detected
2026-01-08.14:04:39.090|T|Call timeout detected
2026-01-08.14:04:39.090|T|Call timeout detected
2026-01-08.14:04:39.090|T|Call timeout detected
2026-01-08.14:04:39.090|T|Call timeout detected
2026-01-08.14:04:39.090|T|Call timeout detected
2026-01-08.14:04:39.090|T|Call timeout detected
2026-01-08.14:04:39.090|T|Call timeout detected
2026-01-08.14:04:39.090|T|Call timeout detected
2026-01-08.14:04:39.090|T|Call timeout detected
2026-01-08.14:04:39.090|T|Call timeout detected
2026-01-08.14:04:39.091|T|Call timeout detected
2026-01-08.14:04:39.091|T|Call timeout detected
2026-01-08.14:04:39.091|T|Call timeout detected
2026-01-08.14:04:39.091|T|Call timeout detected
2026-01-08.14:04:39.091|T|Call timeout detected
2026-01-08.14:04:39.091|T|Call timeout detected
2026-01-08.14:04:39.091|T|Call timeout detected
2026-01-08.14:04:39.091|T|Call timeout detected
2026-01-08.14:04:39.091|T|Call timeout detected
2026-01-08.14:04:39.091|T|Call timeout detected
2026-01-08.14:04:39.091|T|Call timeout detected
2026-01-08.14:04:39.091|T|Call timeout detected
2026-01-08.14:04:39.091|T|Call timeout detected
2026-01-08.14:04:39.091|T|Call timeout detected
2026-01-08.14:04:39.091|T|Call timeout detected
2026-01-08.14:04:39.091|T|Call timeout detected
2026-01-08.14:04:39.091|T|Call timeout detected
2026-01-08.14:04:39.091|T|Call timeout detected
2026-01-08.14:04:39.091|T|Call timeout detected
2026-01-08.14:04:39.091|T|Call timeout detected
2026-01-08.14:04:39.091|T|Call timeout detected
2026-01-08.14:04:39.091|T|Call timeout detected
2026-01-08.14:04:39.091|T|Call timeout detected
2026-01-08.14:04:39.091|T|Call timeout detected
2026-01-08.14:04:39.091|T|Call timeout detected
2026-01-08.14:04:39.091|T|Call timeout detected
2026-01-08.14:04:39.091|T|Call timeout detected
2026-01-08.14:04:39.091|T|Call timeout detected
2026-01-08.14:04:39.091|T|Call timeout detected
2026-01-08.14:04:39.091|T|Call timeout detected
2026-01-08.14:04:39.091|T|Call timeout detected
2026-01-08.14:04:39.091|T|Call timeout detected
2026-01-08.14:04:39.091|T|Call timeout detected
2026-01-08.14:04:39.091|T|Call timeout detected
2026-01-08.14:04:39.091|T|Call timeout detected
2026-01-08.14:04:39.091|T|Call timeout detected
2026-01-08.14:04:39.091|T|Call timeout detected
2026-01-08.14:04:39.091|T|Call timeout detected
2026-01-08.14:04:39.091|T|Call timeout detected
2026-01-08.14:04:39.091|T|Call timeout detected
2026-01-08.14:04:39.091|T|Call timeout detected
2026-01-08.14:04:39.091|T|Call timeout detected
2026-01-08.14:04:39.091|T|Call timeout detected
2026-01-08.14:04:39.091|T|Call timeout detected
2026-01-08.14:04:39.091|T|Call timeout detected
2026-01-08.14:04:39.091|T|Call timeout detected
2026-01-08.14:04:39.091|T|Call timeout detected
2026-01-08.14:04:39.091|T|Call timeout detected
2026-01-08.14:04:39.091|T|Call timeout detected
2026-01-08.14:04:39.091|T|Call timeout detected
2026-01-08.14:04:39.091|T|Call timeout detected
2026-01-08.14:04:39.091|T|Call timeout detected
2026-01-08.14:04:39.091|T|Call timeout detected
2026-01-08.14:04:39.091|T|Call timeout detected
2026-01-08.14:04:39.091|T|Call timeout detected
2026-01-08.14:04:39.091|T|Call timeout detected
2026-01-08.14:04:39.092|T|Call timeout detected
2026-01-08.14:04:39.092|T|Call timeout detected
2026-01-08.14:04:39.092|T|Call timeout detected
2026-01-08.14:04:39.092|T|Call timeout detected
2026-01-08.14:04:39.092|T|Call timeout detected
2026-01-08.14:04:39.092|T|Call timeout detected
2026-01-08.14:04:39.092|T|Call timeout detected
2026-01-08.14:04:39.092|T|Call timeout detected
2026-01-08.14:04:39.092|T|Call timeout detected
2026-01-08.14:04:39.092|T|Call timeout detected
2026-01-08.14:04:39.092|T|Call timeout detected
2026-01-08.14:04:39.092|T|Call timeout detected
2026-01-08.14:04:39.092|T|Call timeout detected
2026-01-08.14:04:39.092|T|Call timeout detected
2026-01-08.14:04:39.092|T|Call timeout detected
2026-01-08.14:04:39.142|T|Call timeout detected
2026-01-08.14:04:39.142|T|Call timeout detected
2026-01-08.14:04:39.142|T|Call timeout detected
2026-01-08.14:04:39.142|T|Call timeout detected
2026-01-08.14:04:39.142|T|Call timeout detected
2026-01-08.14:04:39.142|T|Call timeout detected
2026-01-08.14:04:39.142|T|Call timeout detected
2026-01-08.14:04:39.142|T|Call timeout detected
2026-01-08.14:04:39.142|T|Call timeout detected
2026-01-08.14:04:39.142|T|Call timeout detected
2026-01-08.14:04:39.142|T|Call timeout detected
2026-01-08.14:04:39.142|T|Call timeout detected
2026-01-08.14:04:39.142|T|Call timeout detected
2026-01-08.14:04:39.142|T|Call timeout detected
2026-01-08.14:04:39.142|T|Call timeout detected
2026-01-08.14:04:39.142|T|Call timeout detected
2026-01-08.14:04:39.142|T|Call timeout detected
2026-01-08.14:04:39.142|T|Call timeout detected
2026-01-08.14:04:39.142|T|Call timeout detected
2026-01-08.14:04:39.142|T|Call timeout detected
2026-01-08.14:04:39.142|T|Call timeout detected
2026-01-08.14:04:39.143|T|Call timeout detected
2026-01-08.14:04:39.143|T|Call timeout detected
2026-01-08.14:04:39.143|T|Call timeout detected
2026-01-08.14:04:39.143|T|Call timeout detected
2026-01-08.14:04:39.143|T|Call timeout detected
2026-01-08.14:04:39.143|T|Call timeout detected
2026-01-08.14:04:39.143|T|Call timeout detected
2026-01-08.14:04:39.143|T|Call timeout detected
2026-01-08.14:04:39.143|T|Call timeout detected
2026-01-08.14:04:39.143|T|Call timeout detected
2026-01-08.14:04:39.143|T|Call timeout detected
2026-01-08.14:04:39.143|T|Call timeout detected
2026-01-08.14:04:39.143|T|Call timeout detected
2026-01-08.14:04:39.143|T|Call timeout detected
2026-01-08.14:04:39.143|T|Call timeout detected
2026-01-08.14:04:39.143|T|Call timeout detected
2026-01-08.14:04:39.143|T|Call timeout detected
2026-01-08.14:04:39.143|T|Call timeout detected
2026-01-08.14:04:39.143|T|Call timeout detected
2026-01-08.14:04:39.143|T|Call timeout detected
2026-01-08.14:04:39.143|T|Call timeout detected
2026-01-08.14:04:39.143|T|Call timeout detected
2026-01-08.14:04:39.143|T|Call timeout detected
2026-01-08.14:04:39.143|T|Call timeout detected
2026-01-08.14:04:39.143|T|Call timeout detected
2026-01-08.14:04:39.143|T|Call timeout detected
2026-01-08.14:04:39.143|T|Call timeout detected
2026-01-08.14:04:39.143|T|Call timeout detected
2026-01-08.14:04:39.143|T|Call timeout detected
2026-01-08.14:04:39.143|T|Call timeout detected
2026-01-08.14:04:39.143|T|Call timeout detected
2026-01-08.14:04:39.143|T|Call timeout detected
2026-01-08.14:04:39.143|T|Call timeout detected
2026-01-08.14:04:39.143|T|Call timeout detected
2026-01-08.14:04:39.143|T|Call timeout detected
2026-01-08.14:04:39.143|T|Call timeout detected
2026-01-08.14:04:39.143|T|Call timeout detected
2026-01-08.14:04:39.143|T|Call timeout detected
2026-01-08.14:04:39.143|T|Call timeout detected
2026-01-08.14:04:39.143|T|Call timeout detected
2026-01-08.14:04:39.143|T|Call timeout detected
2026-01-08.14:04:39.143|T|Call timeout detected
2026-01-08.14:04:39.143|T|Call timeout detected
2026-01-08.14:04:39.143|T|Call timeout detected
2026-01-08.14:04:39.143|T|Call timeout detected
2026-01-08.14:04:39.143|T|Call timeout detected
2026-01-08.14:04:39.143|T|Call timeout detected
2026-01-08.14:04:39.143|T|Call timeout detected
2026-01-08.14:04:39.143|T|Call timeout detected
2026-01-08.14:04:39.143|T|Call timeout detected
2026-01-08.14:04:39.144|T|Call timeout detected
2026-01-08.14:04:39.144|T|Call timeout detected
2026-01-08.14:04:39.144|T|Call timeout detected
2026-01-08.14:04:39.144|T|Call timeout detected
2026-01-08.14:04:39.144|T|Call timeout detected
2026-01-08.14:04:39.144|T|Call timeout detected
2026-01-08.14:04:39.144|T|Call timeout detected
2026-01-08.14:04:39.144|T|Call timeout detected
2026-01-08.14:04:39.144|T|Call timeout detected
2026-01-08.14:04:39.144|T|Call timeout detected
2026-01-08.14:04:39.144|T|Call timeout detected
2026-01-08.14:04:39.144|T|Call timeout detected
2026-01-08.14:04:39.144|T|Call timeout detected
2026-01-08.14:04:39.144|T|Call timeout detected
2026-01-08.14:04:39.144|T|Call timeout detected
2026-01-08.14:04:39.144|T|Call timeout detected
2026-01-08.14:04:39.144|T|Call timeout detected
2026-01-08.14:04:39.144|T|Call timeout detected
2026-01-08.14:04:39.144|T|Call timeout detected
2026-01-08.14:04:39.144|T|Call timeout detected
2026-01-08.14:04:39.144|T|Call timeout detected
2026-01-08.14:04:39.144|T|Call timeout detected
2026-01-08.14:04:39.144|T|Call timeout detected
2026-01-08.14:04:39.144|T|Call timeout detected
2026-01-08.14:04:39.144|T|Call timeout detected
2026-01-08.14:04:39.144|T|Call timeout detected
2026-01-08.14:04:39.144|T|Call timeout detected
2026-01-08.14:04:39.144|T|Call timeout detected
2026-01-08.14:04:39.205|T|Call timeout detected
2026-01-08.14:04:39.205|T|Call timeout detected
2026-01-08.14:04:39.205|T|Call timeout detected
2026-01-08.14:04:39.205|T|Call timeout detected
2026-01-08.14:04:39.205|T|Call timeout detected
2026-01-08.14:04:39.205|T|Call timeout detected
2026-01-08.14:04:39.205|T|Call timeout detected
2026-01-08.14:04:39.205|T|Call timeout detected
2026-01-08.14:04:39.205|T|Call timeout detected
2026-01-08.14:04:39.205|T|Call timeout detected
2026-01-08.14:04:39.205|T|Call timeout detected
2026-01-08.14:04:39.205|T|Call timeout detected
2026-01-08.14:04:39.205|T|Call timeout detected
2026-01-08.14:04:39.205|T|Call timeout detected
2026-01-08.14:04:39.205|T|Call timeout detected
2026-01-08.14:04:39.205|T|Call timeout detected
2026-01-08.14:04:39.205|T|Call timeout detected
2026-01-08.14:04:39.205|T|Call timeout detected
2026-01-08.14:04:39.205|T|Call timeout detected
2026-01-08.14:04:39.205|T|Call timeout detected
2026-01-08.14:04:39.205|T|Call timeout detected
2026-01-08.14:04:39.205|T|Call timeout detected
2026-01-08.14:04:39.205|T|Call timeout detected
2026-01-08.14:04:39.205|T|Call timeout detected
2026-01-08.14:04:39.205|T|Call timeout detected
2026-01-08.14:04:39.205|T|Call timeout detected
2026-01-08.14:04:39.205|T|Call timeout detected
2026-01-08.14:04:39.205|T|Call timeout detected
2026-01-08.14:04:39.205|T|Call timeout detected
2026-01-08.14:04:39.205|T|Call timeout detected
2026-01-08.14:04:39.205|T|Call timeout detected
2026-01-08.14:04:39.206|T|Call timeout detected
2026-01-08.14:04:39.206|T|Call timeout detected
2026-01-08.14:04:39.206|T|Call timeout detected
2026-01-08.14:04:39.206|T|Call timeout detected
2026-01-08.14:04:39.206|T|Call timeout detected
2026-01-08.14:04:39.206|T|Call timeout detected
2026-01-08.14:04:39.206|T|Call timeout detected
2026-01-08.14:04:39.206|T|Call timeout detected
2026-01-08.14:04:39.206|T|Call timeout detected
2026-01-08.14:04:39.206|T|Call timeout detected
2026-01-08.14:04:39.206|T|Call timeout detected
2026-01-08.14:04:39.206|T|Call timeout detected
2026-01-08.14:04:39.206|T|Call timeout detected
2026-01-08.14:04:39.206|T|Call timeout detected
2026-01-08.14:04:39.206|T|Call timeout detected
2026-01-08.14:04:39.206|T|Call timeout detected
2026-01-08.14:04:39.206|T|Call timeout detected
2026-01-08.14:04:39.206|T|Call timeout detected
2026-01-08.14:04:39.206|T|Call timeout detected
2026-01-08.14:04:39.206|T|Call timeout detected
2026-01-08.14:04:39.206|T|Call timeout detected
2026-01-08.14:04:39.206|T|Call timeout detected
2026-01-08.14:04:39.206|T|Call timeout detected
2026-01-08.14:04:39.206|T|Call timeout detected
2026-01-08.14:04:39.206|T|Call timeout detected
2026-01-08.14:04:39.206|T|Call timeout detected
2026-01-08.14:04:39.206|T|Call timeout detected
2026-01-08.14:04:39.206|T|Call timeout detected
2026-01-08.14:04:39.206|T|Call timeout detected
2026-01-08.14:04:39.206|T|Call timeout detected
2026-01-08.14:04:39.206|T|Call timeout detected
2026-01-08.14:04:39.206|T|Call timeout detected
2026-01-08.14:04:39.206|T|Call timeout detected
2026-01-08.14:04:39.206|T|Call timeout detected
2026-01-08.14:04:39.206|T|Call timeout detected
2026-01-08.14:04:39.206|T|Call timeout detected
2026-01-08.14:04:39.206|T|Call timeout detected
2026-01-08.14:04:39.206|T|Call timeout detected
2026-01-08.14:04:39.206|T|Call timeout detected
2026-01-08.14:04:39.206|T|Call timeout detected
2026-01-08.14:04:39.206|T|Call timeout detected
2026-01-08.14:04:39.206|T|Call timeout detected
2026-01-08.14:04:39.206|T|Call timeout detected
2026-01-08.14:04:39.206|T|Call timeout detected
2026-01-08.14:04:39.206|T|Call timeout detected
2026-01-08.14:04:39.206|T|Call timeout detected
2026-01-08.14:04:39.206|T|Call timeout detected
2026-01-08.14:04:39.206|T|Call timeout detected
2026-01-08.14:04:39.206|T|Call timeout detected
2026-01-08.14:04:39.206|T|Call timeout detected
2026-01-08.14:04:39.206|T|Call timeout detected
2026-01-08.14:04:39.206|T|Call timeout detected
2026-01-08.14:04:39.206|T|Call timeout detected
2026-01-08.14:04:39.206|T|Call timeout detected
2026-01-08.14:04:39.206|T|Call timeout detected
2026-01-08.14:04:39.206|T|Call timeout detected
2026-01-08.14:04:39.206|T|Call timeout detected
2026-01-08.14:04:39.206|T|Call timeout detected
2026-01-08.14:04:39.206|T|Call timeout detected
2026-01-08.14:04:39.206|T|Call timeout detected
2026-01-08.14:04:39.206|T|Call timeout detected
2026-01-08.14:04:39.206|T|Call timeout detected
2026-01-08.14:04:39.206|T|Call timeout detected
2026-01-08.14:04:39.206|T|Call timeout detected
2026-01-08.14:04:39.206|T|Call timeout detected
2026-01-08.14:04:39.206|T|Call timeout detected
2026-01-08.14:04:39.206|T|Call timeout detected
2026-01-08.14:04:39.206|T|Call timeout detected
2026-01-08.14:04:39.207|T|Call timeout detected
2026-01-08.14:04:39.207|T|Call timeout detected
2026-01-08.14:04:39.207|T|Call timeout detected
2026-01-08.14:04:39.207|T|Call timeout detected
2026-01-08.14:04:39.207|T|Call timeout detected
2026-01-08.14:04:39.207|T|Call timeout detected
2026-01-08.14:04:39.207|T|Call timeout detected
2026-01-08.14:04:39.207|T|Call timeout detected
2026-01-08.14:04:39.207|T|Call timeout detected
2026-01-08.14:04:39.207|T|Call timeout detected
2026-01-08.14:04:39.207|T|Call timeout detected
2026-01-08.14:04:39.207|T|Call timeout detected
2026-01-08.14:04:39.207|T|Call timeout detected
2026-01-08.14:04:39.207|T|Call timeout detected
2026-01-08.14:04:39.207|T|Call timeout detected
2026-01-08.14:04:39.207|T|Call timeout detected
2026-01-08.14:04:39.207|T|Call timeout detected
2026-01-08.14:04:39.207|T|Call timeout detected
2026-01-08.14:04:39.207|T|Call timeout detected
2026-01-08.14:04:39.207|T|Call timeout detected
2026-01-08.14:04:39.207|T|Call timeout detected
2026-01-08.14:04:39.207|T|Call timeout detected
2026-01-08.14:04:39.207|T|Call timeout detected
2026-01-08.14:04:39.207|T|Call timeout detected
2026-01-08.14:04:39.207|T|Call timeout detected
2026-01-08.14:04:39.207|T|Call timeout detected
2026-01-08.14:04:39.207|T|Call timeout detected
2026-01-08.14:04:39.207|T|Call timeout detected
2026-01-08.14:04:39.207|T|Call timeout detected
2026-01-08.14:04:39.207|T|Call timeout detected
2026-01-08.14:04:39.207|T|Call timeout detected
2026-01-08.14:04:39.207|T|Call timeout detected
2026-01-08.14:04:39.207|T|Call timeout detected
2026-01-08.14:04:39.207|T|Call timeout detected
2026-01-08.14:04:39.207|T|Call timeout detected
2026-01-08.14:04:39.207|T|Call timeout detected
2026-01-08.14:04:39.207|T|Call timeout detected
2026-01-08.14:04:39.207|T|Call timeout detected
2026-01-08.14:04:39.207|T|Call timeout detected
2026-01-08.14:04:39.207|T|Call timeout detected
2026-01-08.14:04:39.207|T|Call timeout detected
2026-01-08.14:04:39.207|T|Call timeout detected
2026-01-08.14:04:39.207|T|Call timeout detected
2026-01-08.14:04:39.207|T|Call timeout detected
2026-01-08.14:04:39.207|T|Call timeout detected
2026-01-08.14:04:39.207|T|Call timeout detected
2026-01-08.14:04:39.207|T|Call timeout detected
2026-01-08.14:04:39.207|T|Call timeout detected
2026-01-08.14:04:39.207|T|Call timeout detected
2026-01-08.14:04:39.207|T|Call timeout detected
2026-01-08.14:04:39.207|T|Call timeout detected
2026-01-08.14:04:39.207|T|Call timeout detected
2026-01-08.14:04:39.207|T|Call timeout detected
2026-01-08.14:04:39.207|T|Call timeout detected
2026-01-08.14:04:39.207|T|Call timeout detected
2026-01-08.14:04:39.207|T|Call timeout detected
2026-01-08.14:04:39.207|T|Call timeout detected
2026-01-08.14:04:39.207|T|Call timeout detected
2026-01-08.14:04:39.207|T|Call timeout detected
2026-01-08.14:04:39.207|T|Call timeout detected
2026-01-08.14:04:39.207|T|Call timeout detected
2026-01-08.14:04:39.207|T|Call timeout detected
2026-01-08.14:04:39.207|T|Call timeout detected
2026-01-08.14:04:39.207|T|Call timeout detected
2026-01-08.14:04:39.207|T|Call timeout detected
2026-01-08.14:04:39.207|T|Call timeout detected
2026-01-08.14:04:39.207|T|Call timeout detected
2026-01-08.14:04:39.207|T|Call timeout detected
2026-01-08.14:04:39.208|T|Call timeout detected
2026-01-08.14:04:39.208|T|Call timeout detected
2026-01-08.14:04:39.208|T|Call timeout detected
2026-01-08.14:04:39.208|T|Call timeout detected
2026-01-08.14:04:39.208|T|Call timeout detected
2026-01-08.14:04:39.208|T|Call timeout detected
2026-01-08.14:04:39.208|T|Call timeout detected
2026-01-08.14:04:39.208|T|Call timeout detected
2026-01-08.14:04:39.208|T|Call timeout detected
2026-01-08.14:04:39.208|T|Call timeout detected
2026-01-08.14:04:39.208|T|Call timeout detected
2026-01-08.14:04:39.208|T|Call timeout detected
2026-01-08.14:04:39.208|T|Call timeout detected
2026-01-08.14:04:39.208|T|Call timeout detected
2026-01-08.14:04:39.208|T|Call timeout detected
2026-01-08.14:04:39.208|T|Call timeout detected
2026-01-08.14:04:39.208|T|Call timeout detected
2026-01-08.14:04:39.208|T|Call timeout detected
2026-01-08.14:04:39.208|T|Call timeout detected
2026-01-08.14:04:39.208|T|Call timeout detected
2026-01-08.14:04:39.208|T|Call timeout detected
2026-01-08.14:04:39.208|T|Call timeout detected
2026-01-08.14:04:39.208|T|Call timeout detected
2026-01-08.14:04:39.208|T|Call timeout detected
2026-01-08.14:04:39.208|T|Call timeout detected
2026-01-08.14:04:39.208|T|Call timeout detected
2026-01-08.14:04:39.208|T|Call timeout detected
2026-01-08.14:04:39.208|T|Call timeout detected
2026-01-08.14:04:39.208|T|Call timeout detected
2026-01-08.14:04:39.208|T|Call timeout detected
2026-01-08.14:04:39.208|T|Call timeout detected
2026-01-08.14:04:39.208|T|Call timeout detected
2026-01-08.14:04:39.208|T|Call timeout detected
2026-01-08.14:04:39.270|T|Call timeout detected
2026-01-08.14:04:39.270|T|Call timeout detected
2026-01-08.14:04:39.270|T|Call timeout detected
2026-01-08.14:04:39.270|T|Call timeout detected
2026-01-08.14:04:39.270|T|Call timeout detected
2026-01-08.14:04:39.270|T|Call timeout detected
2026-01-08.14:04:39.270|T|Call timeout detected
2026-01-08.14:04:39.270|T|Call timeout detected
2026-01-08.14:04:39.270|T|Call timeout detected
2026-01-08.14:04:39.270|T|Call timeout detected
2026-01-08.14:04:39.271|T|Call timeout detected
2026-01-08.14:04:39.271|T|Call timeout detected
2026-01-08.14:04:39.271|T|Call timeout detected
2026-01-08.14:04:39.271|T|Call timeout detected
2026-01-08.14:04:39.271|T|Call timeout detected
2026-01-08.14:04:39.271|T|Call timeout detected
2026-01-08.14:04:39.271|T|Call timeout detected
2026-01-08.14:04:39.271|T|Call timeout detected
2026-01-08.14:04:39.271|T|Call timeout detected
2026-01-08.14:04:39.271|T|Call timeout detected
2026-01-08.14:04:39.271|T|Call timeout detected
2026-01-08.14:04:39.271|T|Call timeout detected
2026-01-08.14:04:39.271|T|Call timeout detected
2026-01-08.14:04:39.271|T|Call timeout detected
2026-01-08.14:04:39.271|T|Call timeout detected
2026-01-08.14:04:39.271|T|Call timeout detected
2026-01-08.14:04:39.271|T|Call timeout detected
2026-01-08.14:04:39.271|T|Call timeout detected
2026-01-08.14:04:39.271|T|Call timeout detected
2026-01-08.14:04:39.271|T|Call timeout detected
2026-01-08.14:04:39.271|T|Call timeout detected
2026-01-08.14:04:39.271|T|Call timeout detected
2026-01-08.14:04:39.271|T|Call timeout detected
2026-01-08.14:04:39.271|T|Call timeout detected
2026-01-08.14:04:39.271|T|Call timeout detected
2026-01-08.14:04:39.271|T|Call timeout detected
2026-01-08.14:04:39.271|T|Call timeout detected
2026-01-08.14:04:39.271|T|Call timeout detected
2026-01-08.14:04:39.271|T|Call timeout detected
2026-01-08.14:04:39.271|T|Call timeout detected
2026-01-08.14:04:39.271|T|Call timeout detected
2026-01-08.14:04:39.271|T|Call timeout detected
2026-01-08.14:04:39.271|T|Call timeout detected
2026-01-08.14:04:39.271|T|Call timeout detected
2026-01-08.14:04:39.271|T|Call timeout detected
2026-01-08.14:04:39.271|T|Call timeout detected
2026-01-08.14:04:39.271|T|Call timeout detected
2026-01-08.14:04:39.271|T|Call timeout detected
2026-01-08.14:04:39.271|T|Call timeout detected
2026-01-08.14:04:39.271|T|Call timeout detected
2026-01-08.14:04:39.271|T|Call timeout detected
2026-01-08.14:04:39.271|T|Call timeout detected
2026-01-08.14:04:39.271|T|Call timeout detected
2026-01-08.14:04:39.271|T|Call timeout detected
2026-01-08.14:04:39.271|T|Call timeout detected
2026-01-08.14:04:39.271|T|Call timeout detected
2026-01-08.14:04:39.271|T|Call timeout detected
2026-01-08.14:04:39.271|T|Call timeout detected
2026-01-08.14:04:39.271|T|Call timeout detected
2026-01-08.14:04:39.271|T|Call timeout detected
2026-01-08.14:04:39.271|T|Call timeout detected
2026-01-08.14:04:39.271|T|Call timeout detected
2026-01-08.14:04:39.271|T|Call timeout detected
2026-01-08.14:04:39.271|T|Call timeout detected
2026-01-08.14:04:39.271|T|Call timeout detected
2026-01-08.14:04:39.271|T|Call timeout detected
2026-01-08.14:04:39.271|T|Call timeout detected
2026-01-08.14:04:39.271|T|Call timeout detected
2026-01-08.14:04:39.271|T|Call timeout detected
2026-01-08.14:04:39.271|T|Call timeout detected
2026-01-08.14:04:39.271|T|Call timeout detected
2026-01-08.14:04:39.271|T|Call timeout detected
2026-01-08.14:04:39.271|T|Call timeout detected
2026-01-08.14:04:39.271|T|Call timeout detected
2026-01-08.14:04:39.272|T|Call timeout detected
2026-01-08.14:04:39.272|T|Call timeout detected
2026-01-08.14:04:39.272|T|Call timeout detected
2026-01-08.14:04:39.272|T|Call timeout detected
2026-01-08.14:04:39.272|T|Call timeout detected
2026-01-08.14:04:39.272|T|Call timeout detected
2026-01-08.14:04:39.272|T|Call timeout detected
2026-01-08.14:04:39.272|T|Call timeout detected
2026-01-08.14:04:39.272|T|Call timeout detected
2026-01-08.14:04:39.272|T|Call timeout detected
2026-01-08.14:04:39.272|T|Call timeout detected
2026-01-08.14:04:39.272|T|Call timeout detected
2026-01-08.14:04:39.272|T|Call timeout detected
2026-01-08.14:04:39.272|T|Call timeout detected
2026-01-08.14:04:39.272|T|Call timeout detected
2026-01-08.14:04:39.272|T|Call timeout detected
2026-01-08.14:04:39.272|T|Call timeout detected
2026-01-08.14:04:39.272|T|Call timeout detected
2026-01-08.14:04:39.272|T|Call timeout detected
2026-01-08.14:04:39.272|T|Call timeout detected
2026-01-08.14:04:39.272|T|Call timeout detected
2026-01-08.14:04:39.272|T|Call timeout detected
2026-01-08.14:04:39.272|T|Call timeout detected
2026-01-08.14:04:39.272|T|Call timeout detected
2026-01-08.14:04:39.272|T|Call timeout detected
2026-01-08.14:04:39.272|T|Call timeout detected
2026-01-08.14:04:39.272|T|Call timeout detected
2026-01-08.14:04:39.272|T|Call timeout detected
2026-01-08.14:04:39.272|T|Call timeout detected
2026-01-08.14:04:39.272|T|Call timeout detected
2026-01-08.14:04:39.272|T|Call timeout detected
2026-01-08.14:04:39.272|T|Call timeout detected
2026-01-08.14:04:39.272|T|Call timeout detected
2026-01-08.14:04:39.272|T|Call timeout detected
2026-01-08.14:04:39.272|T|Call timeout detected
2026-01-08.14:04:39.272|T|Call timeout detected
2026-01-08.14:04:39.272|T|Call timeout detected
2026-01-08.14:04:39.272|T|Call timeout detected
2026-01-08.14:04:39.272|T|Call timeout detected
2026-01-08.14:04:39.272|T|Call timeout detected
2026-01-08.14:04:39.272|T|Call timeout detected
2026-01-08.14:04:39.272|T|Call timeout detected
2026-01-08.14:04:39.272|T|Call timeout detected
2026-01-08.14:04:39.272|T|Call timeout detected
2026-01-08.14:04:39.272|T|Call timeout detected
2026-01-08.14:04:39.272|T|Call timeout detected
2026-01-08.14:04:39.272|T|Call timeout detected
2026-01-08.14:04:39.272|T|Call timeout detected
2026-01-08.14:04:39.272|T|Call timeout detected
2026-01-08.14:04:39.272|T|Call timeout detected
2026-01-08.14:04:39.272|T|Call timeout detected
2026-01-08.14:04:39.272|T|Call timeout detected
2026-01-08.14:04:39.272|T|Call timeout detected
2026-01-08.14:04:39.272|T|Call timeout detected
2026-01-08.14:04:39.272|T|Call timeout detected
2026-01-08.14:04:39.272|T|Call timeout detected
2026-01-08.14:04:39.272|T|Call timeout detected
2026-01-08.14:04:39.272|T|Call timeout detected
2026-01-08.14:04:39.272|T|Call timeout detected
2026-01-08.14:04:39.272|T|Call timeout detected
2026-01-08.14:04:39.272|T|Call timeout detected
2026-01-08.14:04:39.272|T|Call timeout detected
2026-01-08.14:04:39.272|T|Call timeout detected
2026-01-08.14:04:39.272|T|Call timeout detected
2026-01-08.14:04:39.272|T|Call timeout detected
2026-01-08.14:04:39.272|T|Call timeout detected
2026-01-08.14:04:39.272|T|Call timeout detected
2026-01-08.14:04:39.273|T|Call timeout detected
2026-01-08.14:04:39.273|T|Call timeout detected
2026-01-08.14:04:39.273|T|Call timeout detected
2026-01-08.14:04:39.273|T|Call timeout detected
2026-01-08.14:04:39.273|T|Call timeout detected
2026-01-08.14:04:39.273|T|Call timeout detected
2026-01-08.14:04:39.273|T|Call timeout detected
2026-01-08.14:04:39.273|T|Call timeout detected
2026-01-08.14:04:39.273|T|Call timeout detected
2026-01-08.14:04:39.273|T|Call timeout detected
2026-01-08.14:04:39.273|T|Call timeout detected
2026-01-08.14:04:39.273|T|Call timeout detected
2026-01-08.14:04:39.273|T|Call timeout detected
2026-01-08.14:04:39.273|T|Call timeout detected
2026-01-08.14:04:39.273|T|Call timeout detected
2026-01-08.14:04:39.273|T|Call timeout detected
2026-01-08.14:04:39.273|T|Call timeout detected
2026-01-08.14:04:39.273|T|Call timeout detected
2026-01-08.14:04:39.273|T|Call timeout detected
2026-01-08.14:04:39.273|T|Call timeout detected
2026-01-08.14:04:39.273|T|Call timeout detected
2026-01-08.14:04:39.273|T|Call timeout detected
2026-01-08.14:04:39.273|T|Call timeout detected
2026-01-08.14:04:39.273|T|Call timeout detected
2026-01-08.14:04:39.273|T|Call timeout detected
2026-01-08.14:04:39.273|T|Call timeout detected
2026-01-08.14:04:39.273|T|Call timeout detected
2026-01-08.14:04:39.273|T|Call timeout detected
2026-01-08.14:04:39.273|T|Call timeout detected
2026-01-08.14:04:39.273|T|Call timeout detected
2026-01-08.14:04:39.273|T|Call timeout detected
2026-01-08.14:04:39.273|T|Call timeout detected
2026-01-08.14:04:39.273|T|Call timeout detected
2026-01-08.14:04:39.273|T|Call timeout detected
2026-01-08.14:04:39.273|T|Call timeout detected
2026-01-08.14:04:39.273|T|Call timeout detected
2026-01-08.14:04:39.273|T|Call timeout detected
2026-01-08.14:04:39.273|T|Call timeout detected
2026-01-08.14:04:39.273|T|Call timeout detected
2026-01-08.14:04:39.273|T|Call timeout detected
2026-01-08.14:04:39.273|T|Call timeout detected
2026-01-08.14:04:39.273|T|Call timeout detected
2026-01-08.14:04:39.273|T|Call timeout detected
2026-01-08.14:04:39.273|T|Call timeout detected
2026-01-08.14:04:39.273|T|Call timeout detected
2026-01-08.14:04:39.273|T|Call timeout detected
2026-01-08.14:04:39.273|T|Call timeout detected
2026-01-08.14:04:39.273|T|Call timeout detected
2026-01-08.14:04:39.273|T|Call timeout detected
2026-01-08.14:04:39.273|T|Call timeout detected
2026-01-08.14:04:39.273|T|Call timeout detected
2026-01-08.14:04:39.273|T|Call timeout detected
2026-01-08.14:04:39.273|T|Call timeout detected
2026-01-08.14:04:39.273|T|Call timeout detected
2026-01-08.14:04:39.273|T|Call timeout detected
2026-01-08.14:04:39.273|T|Call timeout detected
2026-01-08.14:04:39.273|T|Call timeout detected
2026-01-08.14:04:39.273|T|Call timeout detected
2026-01-08.14:04:39.273|T|Call timeout detected
2026-01-08.14:04:39.345|T|Call timeout detected
2026-01-08.14:04:39.345|T|Call timeout detected
2026-01-08.14:04:39.345|T|Call timeout detected
2026-01-08.14:04:39.345|T|Call timeout detected
2026-01-08.14:04:39.346|T|Call timeout detected
2026-01-08.14:04:39.346|T|Call timeout detected
2026-01-08.14:04:39.346|T|Call timeout detected
2026-01-08.14:04:39.346|T|Call timeout detected
2026-01-08.14:04:39.346|T|Call timeout detected
2026-01-08.14:04:39.346|T|Call timeout detected
2026-01-08.14:04:39.346|T|Call timeout detected
2026-01-08.14:04:39.346|T|Call timeout detected
2026-01-08.14:04:39.346|T|Call timeout detected
2026-01-08.14:04:39.346|T|Call timeout detected
2026-01-08.14:04:39.346|T|Call timeout detected
2026-01-08.14:04:39.346|T|Call timeout detected
2026-01-08.14:04:39.346|T|Call timeout detected
2026-01-08.14:04:39.346|T|Call timeout detected
2026-01-08.14:04:39.346|T|Call timeout detected
2026-01-08.14:04:39.346|T|Call timeout detected
2026-01-08.14:04:39.346|T|Call timeout detected
2026-01-08.14:04:39.346|T|Call timeout detected
2026-01-08.14:04:39.346|T|Call timeout detected
2026-01-08.14:04:39.346|T|Call timeout detected
2026-01-08.14:04:39.346|T|Call timeout detected
2026-01-08.14:04:39.346|T|Call timeout detected
2026-01-08.14:04:39.346|T|Call timeout detected
2026-01-08.14:04:39.346|T|Call timeout detected
2026-01-08.14:04:39.346|T|Call timeout detected
2026-01-08.14:04:39.346|T|Call timeout detected
2026-01-08.14:04:39.346|T|Call timeout detected
2026-01-08.14:04:39.346|T|Call timeout detected
2026-01-08.14:04:39.346|T|Call timeout detected
2026-01-08.14:04:39.346|T|Call timeout detected
2026-01-08.14:04:39.346|T|Call timeout detected
2026-01-08.14:04:39.346|T|Call timeout detected
2026-01-08.14:04:39.346|T|Call timeout detected
2026-01-08.14:04:39.346|T|Call timeout detected
2026-01-08.14:04:39.346|T|Call timeout detected
2026-01-08.14:04:39.346|T|Call timeout detected
2026-01-08.14:04:39.346|T|Call timeout detected
2026-01-08.14:04:39.346|T|Call timeout detected
2026-01-08.14:04:39.346|T|Call timeout detected
2026-01-08.14:04:39.346|T|Call timeout detected
2026-01-08.14:04:39.346|T|Call timeout detected
2026-01-08.14:04:39.346|T|Call timeout detected
2026-01-08.14:04:39.346|T|Call timeout detected
2026-01-08.14:04:39.346|T|Call timeout detected
2026-01-08.14:04:39.346|T|Call timeout detected
2026-01-08.14:04:39.346|T|Call timeout detected
2026-01-08.14:04:39.346|T|Call timeout detected
2026-01-08.14:04:39.346|T|Call timeout detected
2026-01-08.14:04:39.346|T|Call timeout detected
2026-01-08.14:04:39.346|T|Call timeout detected
2026-01-08.14:04:39.346|T|Call timeout detected
2026-01-08.14:04:39.346|T|Call timeout detected
2026-01-08.14:04:39.346|T|Call timeout detected
2026-01-08.14:04:39.346|T|Call timeout detected
2026-01-08.14:04:39.346|T|Call timeout detected
2026-01-08.14:04:39.346|T|Call timeout detected
2026-01-08.14:04:39.346|T|Call timeout detected
2026-01-08.14:04:39.346|T|Call timeout detected
2026-01-08.14:04:39.346|T|Call timeout detected
2026-01-08.14:04:39.346|T|Call timeout detected
2026-01-08.14:04:39.346|T|Call timeout detected
2026-01-08.14:04:39.346|T|Call timeout detected
2026-01-08.14:04:39.346|T|Call timeout detected
2026-01-08.14:04:39.346|T|Call timeout detected
2026-01-08.14:04:39.347|T|Call timeout detected
2026-01-08.14:04:39.347|T|Call timeout detected
2026-01-08.14:04:39.347|T|Call timeout detected
2026-01-08.14:04:39.347|T|Call timeout detected
2026-01-08.14:04:39.347|T|Call timeout detected
2026-01-08.14:04:39.347|T|Call timeout detected
2026-01-08.14:04:39.347|T|Call timeout detected
2026-01-08.14:04:39.347|T|Call timeout detected
2026-01-08.14:04:39.347|T|Call timeout detected
2026-01-08.14:04:39.347|T|Call timeout detected
2026-01-08.14:04:39.347|T|Call timeout detected
2026-01-08.14:04:39.347|T|Call timeout detected
2026-01-08.14:04:39.347|T|Call timeout detected
2026-01-08.14:04:39.347|T|Call timeout detected
2026-01-08.14:04:39.347|T|Call timeout detected
2026-01-08.14:04:39.347|T|Call timeout detected
2026-01-08.14:04:39.347|T|Call timeout detected
2026-01-08.14:04:39.347|T|Call timeout detected
2026-01-08.14:04:39.347|T|Call timeout detected
2026-01-08.14:04:39.347|T|Call timeout detected
2026-01-08.14:04:39.347|T|Call timeout detected
2026-01-08.14:04:39.347|T|Call timeout detected
2026-01-08.14:04:39.347|T|Call timeout detected
2026-01-08.14:04:39.347|T|Call timeout detected
2026-01-08.14:04:39.347|T|Call timeout detected
2026-01-08.14:04:39.347|T|Call timeout detected
2026-01-08.14:04:39.347|T|Call timeout detected
2026-01-08.14:04:39.347|T|Call timeout detected
2026-01-08.14:04:39.347|T|Call timeout detected
2026-01-08.14:04:39.347|T|Call timeout detected
2026-01-08.14:04:39.347|T|Call timeout detected
2026-01-08.14:04:39.347|T|Call timeout detected
2026-01-08.14:04:39.347|T|Call timeout detected
2026-01-08.14:04:39.347|T|Call timeout detected
2026-01-08.14:04:39.347|T|Call timeout detected
2026-01-08.14:04:39.347|T|Call timeout detected
2026-01-08.14:04:39.347|T|Call timeout detected
2026-01-08.14:04:39.347|T|Call timeout detected
2026-01-08.14:04:39.347|T|Call timeout detected
2026-01-08.14:04:39.347|T|Call timeout detected
2026-01-08.14:04:39.347|T|Call timeout detected
2026-01-08.14:04:39.347|T|Call timeout detected
2026-01-08.14:04:39.347|T|Call timeout detected
2026-01-08.14:04:39.347|T|Call timeout detected
2026-01-08.14:04:39.347|T|Call timeout detected
2026-01-08.14:04:39.347|T|Call timeout detected
2026-01-08.14:04:39.347|T|Call timeout detected
2026-01-08.14:04:39.347|T|Call timeout detected
2026-01-08.14:04:39.347|T|Call timeout detected
2026-01-08.14:04:39.347|T|Call timeout detected
2026-01-08.14:04:39.347|T|Call timeout detected
2026-01-08.14:04:39.347|T|Call timeout detected
2026-01-08.14:04:39.347|T|Call timeout detected
2026-01-08.14:04:39.347|T|Call timeout detected
2026-01-08.14:04:39.347|T|Call timeout detected
2026-01-08.14:04:39.347|T|Call timeout detected
2026-01-08.14:04:39.347|T|Call timeout detected
2026-01-08.14:04:39.347|T|Call timeout detected
2026-01-08.14:04:39.347|T|Call timeout detected
2026-01-08.14:04:39.347|T|Call timeout detected
2026-01-08.14:04:39.347|T|Call timeout detected
2026-01-08.14:04:39.347|T|Call timeout detected
2026-01-08.14:04:39.347|T|Call timeout detected
2026-01-08.14:04:39.348|T|Call timeout detected
2026-01-08.14:04:39.348|T|Call timeout detected
2026-01-08.14:04:39.348|T|Call timeout detected
2026-01-08.14:04:39.348|T|Call timeout detected
2026-01-08.14:04:39.348|T|Call timeout detected
2026-01-08.14:04:39.348|T|Call timeout detected
2026-01-08.14:04:39.348|T|Call timeout detected
2026-01-08.14:04:39.348|T|Call timeout detected
2026-01-08.14:04:39.348|T|Call timeout detected
2026-01-08.14:04:39.348|T|Call timeout detected
2026-01-08.14:04:39.348|T|Call timeout detected
2026-01-08.14:04:39.348|T|Call timeout detected
2026-01-08.14:04:39.348|T|Call timeout detected
2026-01-08.14:04:39.348|T|Call timeout detected
2026-01-08.14:04:39.348|T|Call timeout detected
2026-01-08.14:04:39.348|T|Call timeout detected
2026-01-08.14:04:39.348|T|Call timeout detected
2026-01-08.14:04:39.348|T|Call timeout detected
2026-01-08.14:04:39.348|T|Call timeout detected
2026-01-08.14:04:39.348|T|Call timeout detected
2026-01-08.14:04:39.348|T|Call timeout detected
2026-01-08.14:04:39.348|T|Call timeout detected
2026-01-08.14:04:39.348|T|Call timeout detected
2026-01-08.14:04:39.348|T|Call timeout detected
2026-01-08.14:04:39.348|T|Call timeout detected
2026-01-08.14:04:39.348|T|Call timeout detected
2026-01-08.14:04:39.348|T|Call timeout detected
2026-01-08.14:04:39.348|T|Call timeout detected
2026-01-08.14:04:39.348|T|Call timeout detected
2026-01-08.14:04:39.348|T|Call timeout detected
2026-01-08.14:04:39.348|T|Call timeout detected
2026-01-08.14:04:39.348|T|Call timeout detected
2026-01-08.14:04:39.348|T|Call timeout detected
2026-01-08.14:04:39.348|T|Call timeout detected
2026-01-08.14:04:39.348|T|Call timeout detected
2026-01-08.14:04:39.348|T|Call timeout detected
2026-01-08.14:04:39.348|T|Call timeout detected
2026-01-08.14:04:39.348|T|Call timeout detected
2026-01-08.14:04:39.348|T|Call timeout detected
2026-01-08.14:04:39.348|T|Call timeout detected
2026-01-08.14:04:39.348|T|Call timeout detected
2026-01-08.14:04:39.348|T|Call timeout detected
2026-01-08.14:04:39.348|T|Call timeout detected
2026-01-08.14:04:39.348|T|Call timeout detected
2026-01-08.14:04:39.348|T|Call timeout detected
2026-01-08.14:04:39.348|T|Call timeout detected
2026-01-08.14:04:39.348|T|Call timeout detected
2026-01-08.14:04:39.348|T|Call timeout detected
2026-01-08.14:04:39.348|T|Call timeout detected
2026-01-08.14:04:39.348|T|Call timeout detected
2026-01-08.14:04:39.348|T|Call timeout detected
2026-01-08.14:04:39.348|T|Call timeout detected
2026-01-08.14:04:39.348|T|Call timeout detected
2026-01-08.14:04:39.348|T|Call timeout detected
2026-01-08.14:04:39.348|T|Call timeout detected
2026-01-08.14:04:39.348|T|Call timeout detected
2026-01-08.14:04:39.348|T|Call timeout detected
2026-01-08.14:04:39.348|T|Call timeout detected
2026-01-08.14:04:39.348|T|Call timeout detected
2026-01-08.14:04:39.348|T|Call timeout detected
2026-01-08.14:04:39.348|T|Call timeout detected
2026-01-08.14:04:39.348|T|Call timeout detected
2026-01-08.14:04:39.348|T|Call timeout detected
2026-01-08.14:04:39.348|T|Call timeout detected
2026-01-08.14:04:39.348|T|Call timeout detected
2026-01-08.14:04:39.349|T|Call timeout detected
2026-01-08.14:04:39.349|T|Call timeout detected
2026-01-08.14:04:39.349|T|Call timeout detected
2026-01-08.14:04:39.349|T|Call timeout detected
2026-01-08.14:04:39.419|T|Call timeout detected
2026-01-08.14:04:39.419|T|Call timeout detected
2026-01-08.14:04:39.419|T|Call timeout detected
2026-01-08.14:04:39.419|T|Call timeout detected
2026-01-08.14:04:39.419|T|Call timeout detected
2026-01-08.14:04:39.419|T|Call timeout detected
2026-01-08.14:04:39.419|T|Call timeout detected
2026-01-08.14:04:39.419|T|Call timeout detected
2026-01-08.14:04:39.419|T|Call timeout detected
2026-01-08.14:04:39.420|T|Call timeout detected
2026-01-08.14:04:39.420|T|Call timeout detected
2026-01-08.14:04:39.420|T|Call timeout detected
2026-01-08.14:04:39.420|T|Call timeout detected
2026-01-08.14:04:39.420|T|Call timeout detected
2026-01-08.14:04:39.420|T|Call timeout detected
2026-01-08.14:04:39.420|T|Call timeout detected
2026-01-08.14:04:39.420|T|Call timeout detected
2026-01-08.14:04:39.420|T|Call timeout detected
2026-01-08.14:04:39.420|T|Call timeout detected
2026-01-08.14:04:39.420|T|Call timeout detected
2026-01-08.14:04:39.420|T|Call timeout detected
2026-01-08.14:04:39.420|T|Call timeout detected
2026-01-08.14:04:39.420|T|Call timeout detected
2026-01-08.14:04:39.420|T|Call timeout detected
2026-01-08.14:04:39.420|T|Call timeout detected
2026-01-08.14:04:39.420|T|Call timeout detected
2026-01-08.14:04:39.420|T|Call timeout detected
2026-01-08.14:04:39.420|T|Call timeout detected
2026-01-08.14:04:39.420|T|Call timeout detected
2026-01-08.14:04:39.420|T|Call timeout detected
2026-01-08.14:04:39.420|T|Call timeout detected
2026-01-08.14:04:39.420|T|Call timeout detected
2026-01-08.14:04:39.420|T|Call timeout detected
2026-01-08.14:04:39.420|T|Call timeout detected
2026-01-08.14:04:39.420|T|Call timeout detected
2026-01-08.14:04:39.420|T|Call timeout detected
2026-01-08.14:04:39.420|T|Call timeout detected
2026-01-08.14:04:39.420|T|Call timeout detected
2026-01-08.14:04:39.420|T|Call timeout detected
2026-01-08.14:04:39.420|T|Call timeout detected
2026-01-08.14:04:39.420|T|Call timeout detected
2026-01-08.14:04:39.420|T|Call timeout detected
2026-01-08.14:04:39.420|T|Call timeout detected
2026-01-08.14:04:39.420|T|Call timeout detected
2026-01-08.14:04:39.420|T|Call timeout detected
2026-01-08.14:04:39.420|T|Call timeout detected
2026-01-08.14:04:39.420|T|Call timeout detected
2026-01-08.14:04:39.420|T|Call timeout detected
2026-01-08.14:04:39.420|T|Call timeout detected
2026-01-08.14:04:39.420|T|Call timeout detected
2026-01-08.14:04:39.420|T|Call timeout detected
2026-01-08.14:04:39.420|T|Call timeout detected
2026-01-08.14:04:39.421|T|Call timeout detected
2026-01-08.14:04:39.421|T|Call timeout detected
2026-01-08.14:04:39.421|T|Call timeout detected
2026-01-08.14:04:39.421|T|Call timeout detected
2026-01-08.14:04:39.421|T|Call timeout detected
2026-01-08.14:04:39.421|T|Call timeout detected
2026-01-08.14:04:39.421|T|Call timeout detected
2026-01-08.14:04:39.421|T|Call timeout detected
2026-01-08.14:04:39.421|T|Call timeout detected
2026-01-08.14:04:39.421|T|Call timeout detected
2026-01-08.14:04:39.421|T|Call timeout detected
2026-01-08.14:04:39.421|T|Call timeout detected
2026-01-08.14:04:39.421|T|Call timeout detected
2026-01-08.14:04:39.421|T|Call timeout detected
2026-01-08.14:04:39.421|T|Call timeout detected
2026-01-08.14:04:39.421|T|Call timeout detected
2026-01-08.14:04:39.421|T|Call timeout detected
2026-01-08.14:04:39.421|T|Call timeout detected
2026-01-08.14:04:39.421|T|Call timeout detected
2026-01-08.14:04:39.421|T|Call timeout detected
2026-01-08.14:04:39.421|T|Call timeout detected
2026-01-08.14:04:39.421|T|Call timeout detected
2026-01-08.14:04:39.421|T|Call timeout detected
2026-01-08.14:04:39.421|T|Call timeout detected
2026-01-08.14:04:39.421|T|Call timeout detected
2026-01-08.14:04:39.421|T|Call timeout detected
2026-01-08.14:04:39.421|T|Call timeout detected
2026-01-08.14:04:39.421|T|Call timeout detected
2026-01-08.14:04:39.421|T|Call timeout detected
2026-01-08.14:04:39.421|T|Call timeout detected
2026-01-08.14:04:39.421|T|Call timeout detected
2026-01-08.14:04:39.421|T|Call timeout detected
2026-01-08.14:04:39.421|T|Call timeout detected
2026-01-08.14:04:39.421|T|Call timeout detected
2026-01-08.14:04:39.421|T|Call timeout detected
2026-01-08.14:04:39.421|T|Call timeout detected
2026-01-08.14:04:39.422|T|Call timeout detected
2026-01-08.14:04:39.422|T|Call timeout detected
2026-01-08.14:04:39.422|T|Call timeout detected
2026-01-08.14:04:39.422|T|Call timeout detected
2026-01-08.14:04:39.422|T|Call timeout detected
2026-01-08.14:04:39.422|T|Call timeout detected
2026-01-08.14:04:39.422|T|Call timeout detected
2026-01-08.14:04:39.422|T|Call timeout detected
2026-01-08.14:04:39.422|T|Call timeout detected
2026-01-08.14:04:39.422|T|Call timeout detected
2026-01-08.14:04:39.422|T|Call timeout detected
2026-01-08.14:04:39.422|T|Call timeout detected
2026-01-08.14:04:39.422|T|Call timeout detected
2026-01-08.14:04:39.422|T|Call timeout detected
2026-01-08.14:04:39.422|T|Call timeout detected
2026-01-08.14:04:39.422|T|Call timeout detected
2026-01-08.14:04:39.422|T|Call timeout detected
2026-01-08.14:04:39.422|T|Call timeout detected
2026-01-08.14:04:39.422|T|Call timeout detected
2026-01-08.14:04:39.422|T|Call timeout detected
2026-01-08.14:04:39.422|T|Call timeout detected
2026-01-08.14:04:39.422|T|Call timeout detected
2026-01-08.14:04:39.422|T|Call timeout detected
2026-01-08.14:04:39.422|T|Call timeout detected
2026-01-08.14:04:39.422|T|Call timeout detected
2026-01-08.14:04:39.422|T|Call timeout detected
2026-01-08.14:04:39.422|T|Call timeout detected
2026-01-08.14:04:39.422|T|Call timeout detected
2026-01-08.14:04:39.422|T|Call timeout detected
2026-01-08.14:04:39.422|T|Call timeout detected
2026-01-08.14:04:39.422|T|Call timeout detected
2026-01-08.14:04:39.422|T|Call timeout detected
2026-01-08.14:04:39.422|T|Call timeout detected
2026-01-08.14:04:39.422|T|Call timeout detected
2026-01-08.14:04:39.422|T|Call timeout detected
2026-01-08.14:04:39.422|T|Call timeout detected
2026-01-08.14:04:39.422|T|Call timeout detected
2026-01-08.14:04:39.422|T|Call timeout detected
2026-01-08.14:04:39.422|T|Call timeout detected
2026-01-08.14:04:39.422|T|Call timeout detected
2026-01-08.14:04:39.422|T|Call timeout detected
2026-01-08.14:04:39.422|T|Call timeout detected
2026-01-08.14:04:39.422|T|Call timeout detected
2026-01-08.14:04:39.422|T|Call timeout detected
2026-01-08.14:04:39.423|T|Call timeout detected
2026-01-08.14:04:39.423|T|Call timeout detected
2026-01-08.14:04:39.423|T|Call timeout detected
2026-01-08.14:04:39.423|T|Call timeout detected
2026-01-08.14:04:39.423|T|Call timeout detected
2026-01-08.14:04:39.423|T|Call timeout detected
2026-01-08.14:04:39.423|T|Call timeout detected
2026-01-08.14:04:39.423|T|Call timeout detected
2026-01-08.14:04:39.423|T|Call timeout detected
2026-01-08.14:04:39.423|T|Call timeout detected
2026-01-08.14:04:39.423|T|Call timeout detected
2026-01-08.14:04:39.423|T|Call timeout detected
2026-01-08.14:04:39.423|T|Call timeout detected
2026-01-08.14:04:39.423|T|Call timeout detected
2026-01-08.14:04:39.423|T|Call timeout detected
2026-01-08.14:04:39.423|T|Call timeout detected
2026-01-08.14:04:39.423|T|Call timeout detected
2026-01-08.14:04:39.423|T|Call timeout detected
2026-01-08.14:04:39.423|T|Call timeout detected
2026-01-08.14:04:39.423|T|Call timeout detected
2026-01-08.14:04:39.423|T|Call timeout detected
2026-01-08.14:04:39.423|T|Call timeout detected
2026-01-08.14:04:39.423|T|Call timeout detected
2026-01-08.14:04:39.423|T|Call timeout detected
2026-01-08.14:04:39.423|T|Call timeout detected
2026-01-08.14:04:39.423|T|Call timeout detected
2026-01-08.14:04:39.423|T|Call timeout detected
2026-01-08.14:04:39.423|T|Call timeout detected
2026-01-08.14:04:39.423|T|Call timeout detected
2026-01-08.14:04:39.423|T|Call timeout detected
2026-01-08.14:04:39.423|T|Call timeout detected
2026-01-08.14:04:39.423|T|Call timeout detected
2026-01-08.14:04:39.423|T|Call timeout detected
2026-01-08.14:04:39.423|T|Call timeout detected
2026-01-08.14:04:39.423|T|Call timeout detected
2026-01-08.14:04:39.423|T|Call timeout detected
2026-01-08.14:04:39.423|T|Call timeout detected
2026-01-08.14:04:39.423|T|Call timeout detected
2026-01-08.14:04:39.423|T|Call timeout detected
2026-01-08.14:04:39.423|T|Call timeout detected
2026-01-08.14:04:39.423|T|Call timeout detected
2026-01-08.14:04:39.423|T|Call timeout detected
2026-01-08.14:04:39.423|T|Call timeout detected
2026-01-08.14:04:39.423|T|Call timeout detected
2026-01-08.14:04:39.423|T|Call timeout detected
2026-01-08.14:04:39.423|T|Call timeout detected
2026-01-08.14:04:39.423|T|Call timeout detected
2026-01-08.14:04:39.423|T|Call timeout detected
2026-01-08.14:04:39.423|T|Call timeout detected
2026-01-08.14:04:39.423|T|Call timeout detected
2026-01-08.14:04:39.423|T|Call timeout detected
2026-01-08.14:04:39.423|T|Call timeout detected
2026-01-08.14:04:39.423|T|Call timeout detected
2026-01-08.14:04:39.423|T|Call timeout detected
2026-01-08.14:04:39.423|T|Call timeout detected
2026-01-08.14:04:39.424|T|Call timeout detected
2026-01-08.14:04:39.424|T|Call timeout detected
2026-01-08.14:04:39.424|T|Call timeout detected
2026-01-08.14:04:39.424|T|Call timeout detected
2026-01-08.14:04:39.424|T|Call timeout detected
2026-01-08.14:04:39.424|T|Call timeout detected
2026-01-08.14:04:39.424|T|Call timeout detected
2026-01-08.14:04:39.424|T|Call timeout detected
2026-01-08.14:04:39.424|T|Call timeout detected
2026-01-08.14:04:39.424|T|Call timeout detected
2026-01-08.14:04:39.424|T|Call timeout detected
2026-01-08.14:04:39.424|T|Call timeout detected
2026-01-08.14:04:39.424|T|Call timeout detected
2026-01-08.14:04:39.424|T|Call timeout detected
2026-01-08.14:04:39.424|T|Call timeout detected
2026-01-08.14:04:39.424|T|Call timeout detected
2026-01-08.14:04:39.424|T|Call timeout detected
2026-01-08.14:04:39.424|T|Call timeout detected
2026-01-08.14:04:39.424|T|Call timeout detected
2026-01-08.14:04:39.424|T|Call timeout detected
2026-01-08.14:04:39.424|T|Call timeout detected
2026-01-08.14:04:39.424|T|Call timeout detected
2026-01-08.14:04:39.424|T|Call timeout detected
2026-01-08.14:04:39.424|T|Call timeout detected
2026-01-08.14:04:39.424|T|Call timeout detected
2026-01-08.14:04:39.424|T|Call timeout detected
2026-01-08.14:04:39.424|T|Call timeout detected
2026-01-08.14:04:39.424|T|Call timeout detected
2026-01-08.14:04:39.424|T|Call timeout detected
2026-01-08.14:04:39.424|T|Call timeout detected
2026-01-08.14:04:39.424|T|Call timeout detected
2026-01-08.14:04:39.424|T|Call timeout detected
2026-01-08.14:04:39.424|T|Call timeout detected
2026-01-08.14:04:39.424|T|Call timeout detected
2026-01-08.14:04:39.424|T|Call timeout detected
2026-01-08.14:04:39.424|T|Call timeout detected
2026-01-08.14:04:39.424|T|Call timeout detected
2026-01-08.14:04:39.424|T|Call timeout detected
2026-01-08.14:04:39.424|T|Call timeout detected
2026-01-08.14:04:39.424|T|Call timeout detected
2026-01-08.14:04:39.424|T|Call timeout detected
2026-01-08.14:04:39.424|T|Call timeout detected
2026-01-08.14:04:39.424|T|Call timeout detected
2026-01-08.14:04:39.424|T|Call timeout detected
2026-01-08.14:04:39.424|T|Call timeout detected
2026-01-08.14:04:39.424|T|Call timeout detected
2026-01-08.14:04:39.424|T|Call timeout detected
2026-01-08.14:04:39.424|T|Call timeout detected
2026-01-08.14:04:39.424|T|Call timeout detected
2026-01-08.14:04:39.424|T|Call timeout detected
2026-01-08.14:04:39.424|T|Call timeout detected
2026-01-08.14:04:39.424|T|Call timeout detected
2026-01-08.14:04:39.424|T|Call timeout detected
2026-01-08.14:04:39.424|T|Call timeout detected
2026-01-08.14:04:39.424|T|Call timeout detected
2026-01-08.14:04:39.424|T|Call timeout detected
2026-01-08.14:04:39.424|T|Call timeout detected
2026-01-08.14:04:39.424|T|Call timeout detected
2026-01-08.14:04:39.424|T|Call timeout detected
2026-01-08.14:04:39.424|T|Call timeout detected
2026-01-08.14:04:39.424|T|Call timeout detected
2026-01-08.14:04:39.424|T|Call timeout detected
2026-01-08.14:04:39.424|T|Call timeout detected
2026-01-08.14:04:39.425|T|Call timeout detected
2026-01-08.14:04:39.425|T|Call timeout detected
2026-01-08.14:04:39.425|T|Call timeout detected
2026-01-08.14:04:39.425|T|Call timeout detected
2026-01-08.14:04:39.425|T|Call timeout detected
2026-01-08.14:04:39.425|T|Call timeout detected
2026-01-08.14:04:39.425|T|Call timeout detected
2026-01-08.14:04:39.425|T|Call timeout detected
2026-01-08.14:04:39.425|T|Call timeout detected
2026-01-08.14:04:39.425|T|Call timeout detected
2026-01-08.14:04:39.425|T|Call timeout detected
2026-01-08.14:04:39.425|T|Call timeout detected
2026-01-08.14:04:39.425|T|Call timeout detected
2026-01-08.14:04:39.425|T|Call timeout detected
2026-01-08.14:04:39.425|T|Call timeout detected
2026-01-08.14:04:39.425|T|Call timeout detected
2026-01-08.14:04:39.425|T|Call timeout detected
2026-01-08.14:04:39.425|T|Call timeout detected
2026-01-08.14:04:39.425|T|Call timeout detected
2026-01-08.14:04:39.425|T|Call timeout detected
2026-01-08.14:04:39.425|T|Call timeout detected
2026-01-08.14:04:39.425|T|Call timeout detected
2026-01-08.14:04:39.425|T|Call timeout detected
2026-01-08.14:04:39.425|T|Call timeout detected
2026-01-08.14:04:39.425|T|Call timeout detected
2026-01-08.14:04:39.425|T|Call timeout detected
2026-01-08.14:04:39.425|T|Call timeout detected
2026-01-08.14:04:39.425|T|Call timeout detected
2026-01-08.14:04:39.425|T|Call timeout detected
2026-01-08.14:04:39.425|T|Call timeout detected
2026-01-08.14:04:39.425|T|Call timeout detected
2026-01-08.14:04:39.425|T|Call timeout detected
2026-01-08.14:04:39.425|T|Call timeout detected
2026-01-08.14:04:39.425|T|Call timeout detected
2026-01-08.14:04:39.425|T|Call timeout detected
2026-01-08.14:04:39.425|T|Call timeout detected
2026-01-08.14:04:39.425|T|Call timeout detected
2026-01-08.14:04:39.425|T|Call timeout detected
2026-01-08.14:04:39.425|T|Call timeout detected
2026-01-08.14:04:39.425|T|Call timeout detected
2026-01-08.14:04:39.425|T|Call timeout detected
2026-01-08.14:04:39.425|T|Call timeout detected
2026-01-08.14:04:39.425|T|Call timeout detected
2026-01-08.14:04:39.425|T|Call timeout detected
2026-01-08.14:04:39.425|T|Call timeout detected
2026-01-08.14:04:39.425|T|Call timeout detected
2026-01-08.14:04:39.425|T|Call timeout detected
2026-01-08.14:04:39.425|T|Call timeout detected
2026-01-08.14:04:39.425|T|Call timeout detected
2026-01-08.14:04:39.425|T|Call timeout detected
2026-01-08.14:04:39.425|T|Call timeout detected
2026-01-08.14:04:39.425|T|Call timeout detected
2026-01-08.14:04:39.425|T|Call timeout detected
2026-01-08.14:04:39.425|T|Call timeout detected
2026-01-08.14:04:39.425|T|Call timeout detected
2026-01-08.14:04:39.425|T|Call timeout detected
2026-01-08.14:04:39.425|T|Call timeout detected
2026-01-08.14:04:39.425|T|Call timeout detected
2026-01-08.14:04:39.425|T|Call timeout detected
2026-01-08.14:04:39.425|T|Call timeout detected
2026-01-08.14:04:39.425|T|Call timeout detected
2026-01-08.14:04:39.425|T|Call timeout detected
2026-01-08.14:04:39.425|T|Call timeout detected
2026-01-08.14:04:39.425|T|Call timeout detected
2026-01-08.14:04:39.425|T|Call timeout detected
2026-01-08.14:04:39.425|T|Call timeout detected
2026-01-08.14:04:39.425|T|Call timeout detected
2026-01-08.14:04:39.426|T|Call timeout detected
2026-01-08.14:04:39.426|T|Call timeout detected
2026-01-08.14:04:39.426|T|Call timeout detected
2026-01-08.14:04:39.496|T|Call timeout detected
2026-01-08.14:04:39.496|T|Call timeout detected
2026-01-08.14:04:39.496|T|Call timeout detected
2026-01-08.14:04:39.496|T|Call timeout detected
2026-01-08.14:04:39.496|T|Call timeout detected
2026-01-08.14:04:39.496|T|Call timeout detected
2026-01-08.14:04:39.496|T|Call timeout detected
2026-01-08.14:04:39.496|T|Call timeout detected
2026-01-08.14:04:39.496|T|Call timeout detected
2026-01-08.14:04:39.496|T|Call timeout detected
2026-01-08.14:04:39.496|T|Call timeout detected
2026-01-08.14:04:39.496|T|Call timeout detected
2026-01-08.14:04:39.496|T|Call timeout detected
2026-01-08.14:04:39.496|T|Call timeout detected
2026-01-08.14:04:39.496|T|Call timeout detected
2026-01-08.14:04:39.496|T|Call timeout detected
2026-01-08.14:04:39.496|T|Call timeout detected
2026-01-08.14:04:39.496|T|Call timeout detected
2026-01-08.14:04:39.496|T|Call timeout detected
2026-01-08.14:04:39.496|T|Call timeout detected
2026-01-08.14:04:39.496|T|Call timeout detected
2026-01-08.14:04:39.496|T|Call timeout detected
2026-01-08.14:04:39.496|T|Call timeout detected
2026-01-08.14:04:39.496|T|Call timeout detected
2026-01-08.14:04:39.496|T|Call timeout detected
2026-01-08.14:04:39.496|T|Call timeout detected
2026-01-08.14:04:39.496|T|Call timeout detected
2026-01-08.14:04:39.496|T|Call timeout detected
2026-01-08.14:04:39.496|T|Call timeout detected
2026-01-08.14:04:39.496|T|Call timeout detected
2026-01-08.14:04:39.496|T|Call timeout detected
2026-01-08.14:04:39.496|T|Call timeout detected
2026-01-08.14:04:39.496|T|Call timeout detected
2026-01-08.14:04:39.496|T|Call timeout detected
2026-01-08.14:04:39.496|T|Call timeout detected
2026-01-08.14:04:39.496|T|Call timeout detected
2026-01-08.14:04:39.496|T|Call timeout detected
2026-01-08.14:04:39.496|T|Call timeout detected
2026-01-08.14:04:39.496|T|Call timeout detected
2026-01-08.14:04:39.496|T|Call timeout detected
2026-01-08.14:04:39.496|T|Call timeout detected
2026-01-08.14:04:39.496|T|Call timeout detected
2026-01-08.14:04:39.496|T|Call timeout detected
2026-01-08.14:04:39.496|T|Call timeout detected
2026-01-08.14:04:39.496|T|Call timeout detected
2026-01-08.14:04:39.496|T|Call timeout detected
2026-01-08.14:04:39.496|T|Call timeout detected
2026-01-08.14:04:39.496|T|Call timeout detected
2026-01-08.14:04:39.496|T|Call timeout detected
2026-01-08.14:04:39.496|T|Call timeout detected
2026-01-08.14:04:39.496|T|Call timeout detected
2026-01-08.14:04:39.496|T|Call timeout detected
2026-01-08.14:04:39.496|T|Call timeout detected
2026-01-08.14:04:39.497|T|Call timeout detected
2026-01-08.14:04:39.497|T|Call timeout detected
2026-01-08.14:04:39.497|T|Call timeout detected
2026-01-08.14:04:39.497|T|Call timeout detected
2026-01-08.14:04:39.497|T|Call timeout detected
2026-01-08.14:04:39.497|T|Call timeout detected
2026-01-08.14:04:39.497|T|Call timeout detected
2026-01-08.14:04:39.497|T|Call timeout detected
2026-01-08.14:04:39.497|T|Call timeout detected
2026-01-08.14:04:39.497|T|Call timeout detected
2026-01-08.14:04:39.497|T|Call timeout detected
2026-01-08.14:04:39.497|T|Call timeout detected
2026-01-08.14:04:39.497|T|Call timeout detected
2026-01-08.14:04:39.497|T|Call timeout detected
2026-01-08.14:04:39.497|T|Call timeout detected
2026-01-08.14:04:39.497|T|Call timeout detected
2026-01-08.14:04:39.497|T|Call timeout detected
2026-01-08.14:04:39.497|T|Call timeout detected
2026-01-08.14:04:39.497|T|Call timeout detected
2026-01-08.14:04:39.497|T|Call timeout detected
2026-01-08.14:04:39.497|T|Call timeout detected
2026-01-08.14:04:39.497|T|Call timeout detected
2026-01-08.14:04:39.497|T|Call timeout detected
2026-01-08.14:04:39.497|T|Call timeout detected
2026-01-08.14:04:39.497|T|Call timeout detected
2026-01-08.14:04:39.497|T|Call timeout detected
2026-01-08.14:04:39.497|T|Call timeout detected
2026-01-08.14:04:39.497|T|Call timeout detected
2026-01-08.14:04:39.497|T|Call timeout detected
2026-01-08.14:04:39.497|T|Call timeout detected
2026-01-08.14:04:39.497|T|Call timeout detected
2026-01-08.14:04:39.497|T|Call timeout detected
2026-01-08.14:04:39.497|T|Call timeout detected
2026-01-08.14:04:39.497|T|Call timeout detected
2026-01-08.14:04:39.497|T|Call timeout detected
2026-01-08.14:04:39.497|T|Call timeout detected
2026-01-08.14:04:39.497|T|Call timeout detected
2026-01-08.14:04:39.497|T|Call timeout detected
2026-01-08.14:04:39.497|T|Call timeout detected
2026-01-08.14:04:39.497|T|Call timeout detected
2026-01-08.14:04:39.497|T|Call timeout detected
2026-01-08.14:04:39.497|T|Call timeout detected
2026-01-08.14:04:39.497|T|Call timeout detected
2026-01-08.14:04:39.497|T|Call timeout detected
2026-01-08.14:04:39.497|T|Call timeout detected
2026-01-08.14:04:39.497|T|Call timeout detected
2026-01-08.14:04:39.497|T|Call timeout detected
2026-01-08.14:04:39.497|T|Call timeout detected
2026-01-08.14:04:39.497|T|Call timeout detected
2026-01-08.14:04:39.497|T|Call timeout detected
2026-01-08.14:04:39.497|T|Call timeout detected
2026-01-08.14:04:39.497|T|Call timeout detected
2026-01-08.14:04:39.497|T|Call timeout detected
2026-01-08.14:04:39.497|T|Call timeout detected
2026-01-08.14:04:39.497|T|Call timeout detected
2026-01-08.14:04:39.497|T|Call timeout detected
2026-01-08.14:04:39.497|T|Call timeout detected
2026-01-08.14:04:39.497|T|Call timeout detected
2026-01-08.14:04:39.497|T|Call timeout detected
2026-01-08.14:04:39.497|T|Call timeout detected
2026-01-08.14:04:39.497|T|Call timeout detected
2026-01-08.14:04:39.497|T|Call timeout detected
2026-01-08.14:04:39.497|T|Call timeout detected
2026-01-08.14:04:39.497|T|Call timeout detected
2026-01-08.14:04:39.497|T|Call timeout detected
2026-01-08.14:04:39.497|T|Call timeout detected
2026-01-08.14:04:39.497|T|Call timeout detected
2026-01-08.14:04:39.497|T|Call timeout detected
2026-01-08.14:04:39.498|T|Call timeout detected
2026-01-08.14:04:39.498|T|Call timeout detected
2026-01-08.14:04:39.498|T|Call timeout detected
2026-01-08.14:04:39.498|T|Call timeout detected
2026-01-08.14:04:39.498|T|Call timeout detected
2026-01-08.14:04:39.498|T|Call timeout detected
2026-01-08.14:04:39.498|T|Call timeout detected
2026-01-08.14:04:39.498|T|Call timeout detected
2026-01-08.14:04:39.498|T|Call timeout detected
2026-01-08.14:04:39.498|T|Call timeout detected
2026-01-08.14:04:39.498|T|Call timeout detected
2026-01-08.14:04:39.498|T|Call timeout detected
2026-01-08.14:04:39.498|T|Call timeout detected
2026-01-08.14:04:39.498|T|Call timeout detected
2026-01-08.14:04:39.498|T|Call timeout detected
2026-01-08.14:04:39.498|T|Call timeout detected
2026-01-08.14:04:39.498|T|Call timeout detected
2026-01-08.14:04:39.498|T|Call timeout detected
2026-01-08.14:04:39.498|T|Call timeout detected
2026-01-08.14:04:39.498|T|Call timeout detected
2026-01-08.14:04:39.498|T|Call timeout detected
2026-01-08.14:04:39.498|T|Call timeout detected
2026-01-08.14:04:39.498|T|Call timeout detected
2026-01-08.14:04:39.498|T|Call timeout detected
2026-01-08.14:04:39.498|T|Call timeout detected
2026-01-08.14:04:39.498|T|Call timeout detected
2026-01-08.14:04:39.498|T|Call timeout detected
2026-01-08.14:04:39.498|T|Call timeout detected
2026-01-08.14:04:39.498|T|Call timeout detected
2026-01-08.14:04:39.498|T|Call timeout detected
2026-01-08.14:04:39.498|T|Call timeout detected
2026-01-08.14:04:39.498|T|Call timeout detected
2026-01-08.14:04:39.498|T|Call timeout detected
2026-01-08.14:04:39.498|T|Call timeout detected
2026-01-08.14:04:39.498|T|Call timeout detected
2026-01-08.14:04:39.498|T|Call timeout detected
2026-01-08.14:04:39.498|T|Call timeout detected
2026-01-08.14:04:39.498|T|Call timeout detected
2026-01-08.14:04:39.498|T|Call timeout detected
2026-01-08.14:04:39.498|T|Call timeout detected
2026-01-08.14:04:39.498|T|Call timeout detected
2026-01-08.14:04:39.498|T|Call timeout detected
2026-01-08.14:04:39.498|T|Call timeout detected
2026-01-08.14:04:39.498|T|Call timeout detected
2026-01-08.14:04:39.498|T|Call timeout detected
2026-01-08.14:04:39.498|T|Call timeout detected
2026-01-08.14:04:39.498|T|Call timeout detected
2026-01-08.14:04:39.498|T|Call timeout detected
2026-01-08.14:04:39.498|T|Call timeout detected
2026-01-08.14:04:39.498|T|Call timeout detected
2026-01-08.14:04:39.498|T|Call timeout detected
2026-01-08.14:04:39.498|T|Call timeout detected
2026-01-08.14:04:39.498|T|Call timeout detected
2026-01-08.14:04:39.498|T|Call timeout detected
2026-01-08.14:04:39.498|T|Call timeout detected
2026-01-08.14:04:39.498|T|Call timeout detected
2026-01-08.14:04:39.498|T|Call timeout detected
2026-01-08.14:04:39.498|T|Call timeout detected
2026-01-08.14:04:39.498|T|Call timeout detected
2026-01-08.14:04:39.498|T|Call timeout detected
2026-01-08.14:04:39.498|T|Call timeout detected
2026-01-08.14:04:39.498|T|Call timeout detected
2026-01-08.14:04:39.498|T|Call timeout detected
2026-01-08.14:04:39.498|T|Call timeout detected
2026-01-08.14:04:39.498|T|Call timeout detected
2026-01-08.14:04:39.498|T|Call timeout detected
2026-01-08.14:04:39.498|T|Call timeout detected
2026-01-08.14:04:39.498|T|Call timeout detected
2026-01-08.14:04:39.498|T|Call timeout detected
2026-01-08.14:04:39.499|T|Call timeout detected
2026-01-08.14:04:39.499|T|Call timeout detected
2026-01-08.14:04:39.499|T|Call timeout detected
2026-01-08.14:04:39.499|T|Call timeout detected
2026-01-08.14:04:39.499|T|Call timeout detected
2026-01-08.14:04:39.499|T|Call timeout detected
2026-01-08.14:04:39.499|T|Call timeout detected
2026-01-08.14:04:39.499|T|Call timeout detected
2026-01-08.14:04:39.499|T|Call timeout detected
2026-01-08.14:04:39.499|T|Call timeout detected
2026-01-08.14:04:39.499|T|Call timeout detected
2026-01-08.14:04:39.499|T|Call timeout detected
2026-01-08.14:04:39.499|T|Call timeout detected
2026-01-08.14:04:39.499|T|Call timeout detected
2026-01-08.14:04:39.499|T|Call timeout detected
2026-01-08.14:04:39.499|T|Call timeout detected
2026-01-08.14:04:39.499|T|Call timeout detected
2026-01-08.14:04:39.499|T|Call timeout detected
2026-01-08.14:04:39.499|T|Call timeout detected
2026-01-08.14:04:39.499|T|Call timeout detected
2026-01-08.14:04:39.499|T|Call timeout detected
2026-01-08.14:04:39.499|T|Call timeout detected
2026-01-08.14:04:39.499|T|Call timeout detected
2026-01-08.14:04:39.499|T|Call timeout detected
2026-01-08.14:04:39.499|T|Call timeout detected
2026-01-08.14:04:39.499|T|Call timeout detected
2026-01-08.14:04:39.499|T|Call timeout detected
2026-01-08.14:04:39.499|T|Call timeout detected
2026-01-08.14:04:39.499|T|Call timeout detected
2026-01-08.14:04:39.499|T|Call timeout detected
2026-01-08.14:04:39.499|T|Call timeout detected
2026-01-08.14:04:39.499|T|Call timeout detected
2026-01-08.14:04:39.499|T|Call timeout detected
2026-01-08.14:04:39.499|T|Call timeout detected
2026-01-08.14:04:39.499|T|Call timeout detected
2026-01-08.14:04:39.499|T|Call timeout detected
2026-01-08.14:04:39.499|T|Call timeout detected
2026-01-08.14:04:39.499|T|Call timeout detected
2026-01-08.14:04:39.499|T|Call timeout detected
2026-01-08.14:04:39.499|T|Call timeout detected
2026-01-08.14:04:39.499|T|Call timeout detected
2026-01-08.14:04:39.499|T|Call timeout detected
2026-01-08.14:04:39.499|T|Call timeout detected
2026-01-08.14:04:39.499|T|Call timeout detected
2026-01-08.14:04:39.499|T|Call timeout detected
2026-01-08.14:04:39.499|T|Call timeout detected
2026-01-08.14:04:39.499|T|Call timeout detected
2026-01-08.14:04:39.499|T|Call timeout detected
2026-01-08.14:04:39.499|T|Call timeout detected
2026-01-08.14:04:39.499|T|Call timeout detected
2026-01-08.14:04:39.499|T|Call timeout detected
2026-01-08.14:04:39.499|T|Call timeout detected
2026-01-08.14:04:39.499|T|Call timeout detected
2026-01-08.14:04:39.499|T|Call timeout detected
2026-01-08.14:04:39.499|T|Call timeout detected
2026-01-08.14:04:39.499|T|Call timeout detected
2026-01-08.14:04:39.500|T|Call timeout detected
2026-01-08.14:04:39.500|T|Call timeout detected
2026-01-08.14:04:39.500|T|Call timeout detected
2026-01-08.14:04:39.500|T|Call timeout detected
2026-01-08.14:04:39.500|T|Call timeout detected
2026-01-08.14:04:39.500|T|Call timeout detected
2026-01-08.14:04:39.500|T|Call timeout detected
2026-01-08.14:04:39.500|T|Call timeout detected
2026-01-08.14:04:39.500|T|Call timeout detected
2026-01-08.14:04:39.500|T|Call timeout detected
2026-01-08.14:04:39.500|T|Call timeout detected
2026-01-08.14:04:39.500|T|Call timeout detected
2026-01-08.14:04:39.500|T|Call timeout detected
2026-01-08.14:04:39.500|T|Call timeout detected
2026-01-08.14:04:39.500|T|Call timeout detected
2026-01-08.14:04:39.500|T|Call timeout detected
2026-01-08.14:04:39.500|T|Call timeout detected
2026-01-08.14:04:39.500|T|Call timeout detected
2026-01-08.14:04:39.500|T|Call timeout detected
2026-01-08.14:04:39.500|T|Call timeout detected
2026-01-08.14:04:39.500|T|Call timeout detected
2026-01-08.14:04:39.500|T|Call timeout detected
2026-01-08.14:04:39.500|T|Call timeout detected
2026-01-08.14:04:39.500|T|Call timeout detected
2026-01-08.14:04:39.500|T|Call timeout detected
2026-01-08.14:04:39.500|T|Call timeout detected
2026-01-08.14:04:39.500|T|Call timeout detected
2026-01-08.14:04:39.500|T|Call timeout detected
2026-01-08.14:04:39.500|T|Call timeout detected
2026-01-08.14:04:39.500|T|Call timeout detected
2026-01-08.14:04:39.500|T|Call timeout detected
2026-01-08.14:04:39.500|T|Call timeout detected
2026-01-08.14:04:39.500|T|Call timeout detected
2026-01-08.14:04:39.500|T|Call timeout detected
2026-01-08.14:04:39.567|T|Call timeout detected
2026-01-08.14:04:39.567|T|Call timeout detected
2026-01-08.14:04:39.567|T|Call timeout detected
2026-01-08.14:04:39.567|T|Call timeout detected
2026-01-08.14:04:39.567|T|Call timeout detected
2026-01-08.14:04:39.567|T|Call timeout detected
2026-01-08.14:04:39.567|T|Call timeout detected
2026-01-08.14:04:39.567|T|Call timeout detected
2026-01-08.14:04:39.567|T|Call timeout detected
2026-01-08.14:04:39.567|T|Call timeout detected
2026-01-08.14:04:39.567|T|Call timeout detected
2026-01-08.14:04:39.567|T|Call timeout detected
2026-01-08.14:04:39.567|T|Call timeout detected
2026-01-08.14:04:39.567|T|Call timeout detected
2026-01-08.14:04:39.567|T|Call timeout detected
2026-01-08.14:04:39.567|T|Call timeout detected
2026-01-08.14:04:39.567|T|Call timeout detected
2026-01-08.14:04:39.567|T|Call timeout detected
2026-01-08.14:04:39.567|T|Call timeout detected
2026-01-08.14:04:39.567|T|Call timeout detected
2026-01-08.14:04:39.567|T|Call timeout detected
2026-01-08.14:04:39.567|T|Call timeout detected
2026-01-08.14:04:39.567|T|Call timeout detected
2026-01-08.14:04:39.567|T|Call timeout detected
2026-01-08.14:04:39.567|T|Call timeout detected
2026-01-08.14:04:39.567|T|Call timeout detected
2026-01-08.14:04:39.567|T|Call timeout detected
2026-01-08.14:04:39.567|T|Call timeout detected
2026-01-08.14:04:39.567|T|Call timeout detected
2026-01-08.14:04:39.567|T|Call timeout detected
2026-01-08.14:04:39.567|T|Call timeout detected
2026-01-08.14:04:39.567|T|Call timeout detected
2026-01-08.14:04:39.567|T|Call timeout detected
2026-01-08.14:04:39.567|T|Call timeout detected
2026-01-08.14:04:39.567|T|Call timeout detected
2026-01-08.14:04:39.567|T|Call timeout detected
2026-01-08.14:04:39.567|T|Call timeout detected
2026-01-08.14:04:39.567|T|Call timeout detected
2026-01-08.14:04:39.567|T|Call timeout detected
2026-01-08.14:04:39.567|T|Call timeout detected
2026-01-08.14:04:39.567|T|Call timeout detected
2026-01-08.14:04:39.567|T|Call timeout detected
2026-01-08.14:04:39.567|T|Call timeout detected
2026-01-08.14:04:39.567|T|Call timeout detected
2026-01-08.14:04:39.567|T|Call timeout detected
2026-01-08.14:04:39.567|T|Call timeout detected
2026-01-08.14:04:39.567|T|Call timeout detected
2026-01-08.14:04:39.567|T|Call timeout detected
2026-01-08.14:04:39.567|T|Call timeout detected
2026-01-08.14:04:39.567|T|Call timeout detected
2026-01-08.14:04:39.567|T|Call timeout detected
2026-01-08.14:04:39.567|T|Call timeout detected
2026-01-08.14:04:39.567|T|Call timeout detected
2026-01-08.14:04:39.567|T|Call timeout detected
2026-01-08.14:04:39.567|T|Call timeout detected
2026-01-08.14:04:39.567|T|Call timeout detected
2026-01-08.14:04:39.567|T|Call timeout detected
2026-01-08.14:04:39.567|T|Call timeout detected
2026-01-08.14:04:39.567|T|Call timeout detected
2026-01-08.14:04:39.567|T|Call timeout detected
2026-01-08.14:04:39.567|T|Call timeout detected
2026-01-08.14:04:39.567|T|Call timeout detected
2026-01-08.14:04:39.567|T|Call timeout detected
2026-01-08.14:04:39.567|T|Call timeout detected
2026-01-08.14:04:39.567|T|Call timeout detected
2026-01-08.14:04:39.567|T|Call timeout detected
2026-01-08.14:04:39.567|T|Call timeout detected
2026-01-08.14:04:39.567|T|Call timeout detected
2026-01-08.14:04:39.567|T|Call timeout detected
2026-01-08.14:04:39.567|T|Call timeout detected
2026-01-08.14:04:39.567|T|Call timeout detected
2026-01-08.14:04:39.567|T|Call timeout detected
2026-01-08.14:04:39.567|T|Call timeout detected
2026-01-08.14:04:39.567|T|Call timeout detected
2026-01-08.14:04:39.567|T|Call timeout detected
2026-01-08.14:04:39.567|T|Call timeout detected
2026-01-08.14:04:39.567|T|Call timeout detected
2026-01-08.14:04:39.567|T|Call timeout detected
2026-01-08.14:04:39.567|T|Call timeout detected
2026-01-08.14:04:39.567|T|Call timeout detected
2026-01-08.14:04:39.567|T|Call timeout detected
2026-01-08.14:04:39.567|T|Call timeout detected
2026-01-08.14:04:39.567|T|Call timeout detected
2026-01-08.14:04:39.567|T|Call timeout detected
2026-01-08.14:04:39.567|T|Call timeout detected
2026-01-08.14:04:39.567|T|Call timeout detected
2026-01-08.14:04:39.567|T|Call timeout detected
2026-01-08.14:04:39.567|T|Call timeout detected
2026-01-08.14:04:39.567|T|Call timeout detected
2026-01-08.14:04:39.567|T|Call timeout detected
2026-01-08.14:04:39.567|T|Call timeout detected
2026-01-08.14:04:39.567|T|Call timeout detected
2026-01-08.14:04:39.567|T|Call timeout detected
2026-01-08.14:04:39.567|T|Call timeout detected
2026-01-08.14:04:39.567|T|Call timeout detected
2026-01-08.14:04:39.567|T|Call timeout detected
2026-01-08.14:04:39.567|T|Call timeout detected
2026-01-08.14:04:39.567|T|Call timeout detected
2026-01-08.14:04:39.567|T|Call timeout detected
2026-01-08.14:04:39.567|T|Call timeout detected
2026-01-08.14:04:39.567|T|Call timeout detected
2026-01-08.14:04:39.567|T|Call timeout detected
2026-01-08.14:04:39.567|T|Call timeout detected
2026-01-08.14:04:39.567|T|Call timeout detected
2026-01-08.14:04:39.567|T|Call timeout detected
2026-01-08.14:04:39.567|T|Call timeout detected
2026-01-08.14:04:39.567|T|Call timeout detected
2026-01-08.14:04:39.567|T|Call timeout detected
2026-01-08.14:04:39.567|T|Call timeout detected
2026-01-08.14:04:39.567|T|Call timeout detected
2026-01-08.14:04:39.567|T|Call timeout detected
2026-01-08.14:04:39.567|T|Call timeout detected
2026-01-08.14:04:39.567|T|Call timeout detected
2026-01-08.14:04:39.567|T|Call timeout detected
2026-01-08.14:04:39.567|T|Call timeout detected
2026-01-08.14:04:39.567|T|Call timeout detected
2026-01-08.14:04:39.567|T|Call timeout detected
2026-01-08.14:04:39.567|T|Call timeout detected
2026-01-08.14:04:39.567|T|Call timeout detected
2026-01-08.14:04:39.567|T|Call timeout detected
2026-01-08.14:04:39.567|T|Call timeout detected
2026-01-08.14:04:39.567|T|Call timeout detected
2026-01-08.14:04:39.568|T|Call timeout detected
2026-01-08.14:04:39.568|T|Call timeout detected
2026-01-08.14:04:39.568|T|Call timeout detected
2026-01-08.14:04:39.568|T|Call timeout detected
2026-01-08.14:04:39.568|T|Call timeout detected
2026-01-08.14:04:39.568|T|Call timeout detected
2026-01-08.14:04:39.568|T|Call timeout detected
2026-01-08.14:04:39.568|T|Call timeout detected
2026-01-08.14:04:39.568|T|Call timeout detected
2026-01-08.14:04:39.568|T|Call timeout detected
2026-01-08.14:04:39.568|T|Call timeout detected
2026-01-08.14:04:39.568|T|Call timeout detected
2026-01-08.14:04:39.568|T|Call timeout detected
2026-01-08.14:04:39.568|T|Call timeout detected
2026-01-08.14:04:39.568|T|Call timeout detected
2026-01-08.14:04:39.568|T|Call timeout detected
2026-01-08.14:04:39.568|T|Call timeout detected
2026-01-08.14:04:39.568|T|Call timeout detected
2026-01-08.14:04:39.568|T|Call timeout detected
2026-01-08.14:04:39.568|T|Call timeout detected
2026-01-08.14:04:39.568|T|Call timeout detected
2026-01-08.14:04:39.568|T|Call timeout detected
2026-01-08.14:04:39.568|T|Call timeout detected
2026-01-08.14:04:39.568|T|Call timeout detected
2026-01-08.14:04:39.568|T|Call timeout detected
2026-01-08.14:04:39.568|T|Call timeout detected
2026-01-08.14:04:39.568|T|Call timeout detected
2026-01-08.14:04:39.568|T|Call timeout detected
2026-01-08.14:04:39.568|T|Call timeout detected
2026-01-08.14:04:39.568|T|Call timeout detected
2026-01-08.14:04:39.568|T|Call timeout detected
2026-01-08.14:04:39.568|T|Call timeout detected
2026-01-08.14:04:39.568|T|Call timeout detected
2026-01-08.14:04:39.568|T|Call timeout detected
2026-01-08.14:04:39.568|T|Call timeout detected
2026-01-08.14:04:39.568|T|Call timeout detected
2026-01-08.14:04:39.568|T|Call timeout detected
2026-01-08.14:04:39.568|T|Call timeout detected
2026-01-08.14:04:39.568|T|Call timeout detected
2026-01-08.14:04:39.568|T|Call timeout detected
2026-01-08.14:04:39.568|T|Call timeout detected
2026-01-08.14:04:39.568|T|Call timeout detected
2026-01-08.14:04:39.568|T|Call timeout detected
2026-01-08.14:04:39.568|T|Call timeout detected
2026-01-08.14:04:39.568|T|Call timeout detected
2026-01-08.14:04:39.568|T|Call timeout detected
2026-01-08.14:04:39.568|T|Call timeout detected
2026-01-08.14:04:39.568|T|Call timeout detected
2026-01-08.14:04:39.568|T|Call timeout detected
2026-01-08.14:04:39.568|T|Call timeout detected
2026-01-08.14:04:39.568|T|Call timeout detected
2026-01-08.14:04:39.568|T|Call timeout detected
2026-01-08.14:04:39.568|T|Call timeout detected
2026-01-08.14:04:39.568|T|Call timeout detected
2026-01-08.14:04:39.568|T|Call timeout detected
2026-01-08.14:04:39.568|T|Call timeout detected
2026-01-08.14:04:39.568|T|Call timeout detected
2026-01-08.14:04:39.568|T|Call timeout detected
2026-01-08.14:04:39.568|T|Call timeout detected
2026-01-08.14:04:39.568|T|Call timeout detected
2026-01-08.14:04:39.568|T|Call timeout detected
2026-01-08.14:04:39.568|T|Call timeout detected
2026-01-08.14:04:39.568|T|Call timeout detected
2026-01-08.14:04:39.568|T|Call timeout detected
2026-01-08.14:04:39.568|T|Call timeout detected
2026-01-08.14:04:39.568|T|Call timeout detected
2026-01-08.14:04:39.568|T|Call timeout detected
2026-01-08.14:04:39.568|T|Call timeout detected
2026-01-08.14:04:39.568|T|Call timeout detected
2026-01-08.14:04:39.568|T|Call timeout detected
2026-01-08.14:04:39.568|T|Call timeout detected
2026-01-08.14:04:39.568|T|Call timeout detected
2026-01-08.14:04:39.568|T|Call timeout detected
2026-01-08.14:04:39.568|T|Call timeout detected
2026-01-08.14:04:39.568|T|Call timeout detected
2026-01-08.14:04:39.568|T|Call timeout detected
2026-01-08.14:04:39.568|T|Call timeout detected
2026-01-08.14:04:39.568|T|Call timeout detected
2026-01-08.14:04:39.622|T|Call timeout detected
2026-01-08.14:04:39.622|T|Call timeout detected
2026-01-08.14:04:39.622|T|Call timeout detected
2026-01-08.14:04:39.622|T|Call timeout detected
2026-01-08.14:04:39.622|T|Call timeout detected
2026-01-08.14:04:39.622|T|Call timeout detected
2026-01-08.14:04:39.623|T|Call timeout detected
2026-01-08.14:04:39.623|T|Call timeout detected
2026-01-08.14:04:39.623|T|Call timeout detected
2026-01-08.14:04:39.623|T|Call timeout detected
2026-01-08.14:04:39.623|T|Call timeout detected
2026-01-08.14:04:39.623|T|Call timeout detected
2026-01-08.14:04:39.623|T|Call timeout detected
2026-01-08.14:04:39.623|T|Call timeout detected
2026-01-08.14:04:39.623|T|Call timeout detected
2026-01-08.14:04:39.623|T|Call timeout detected
2026-01-08.14:04:39.623|T|Call timeout detected
2026-01-08.14:04:39.623|T|Call timeout detected
2026-01-08.14:04:39.623|T|Call timeout detected
2026-01-08.14:04:39.623|T|Call timeout detected
2026-01-08.14:04:39.623|T|Call timeout detected
2026-01-08.14:04:39.623|T|Call timeout detected
2026-01-08.14:04:39.623|T|Call timeout detected
2026-01-08.14:04:39.623|T|Call timeout detected
2026-01-08.14:04:39.623|T|Call timeout detected
2026-01-08.14:04:39.623|T|Call timeout detected
2026-01-08.14:04:39.623|T|Call timeout detected
2026-01-08.14:04:39.623|T|Call timeout detected
2026-01-08.14:04:39.623|T|Call timeout detected
2026-01-08.14:04:39.623|T|Call timeout detected
2026-01-08.14:04:39.623|T|Call timeout detected
2026-01-08.14:04:39.623|T|Call timeout detected
2026-01-08.14:04:39.623|T|Call timeout detected
2026-01-08.14:04:39.623|T|Call timeout detected
2026-01-08.14:04:39.623|T|Call timeout detected
2026-01-08.14:04:39.623|T|Call timeout detected
2026-01-08.14:04:39.623|T|Call timeout detected
2026-01-08.14:04:39.623|T|Call timeout detected
2026-01-08.14:04:39.623|T|Call timeout detected
2026-01-08.14:04:39.623|T|Call timeout detected
2026-01-08.14:04:39.623|T|Call timeout detected
2026-01-08.14:04:39.623|T|Call timeout detected
2026-01-08.14:04:39.623|T|Call timeout detected
2026-01-08.14:04:39.623|T|Call timeout detected
2026-01-08.14:04:39.624|T|Call timeout detected
2026-01-08.14:04:39.624|T|Call timeout detected
2026-01-08.14:04:39.624|T|Call timeout detected
2026-01-08.14:04:39.624|T|Call timeout detected
2026-01-08.14:04:39.624|T|Call timeout detected
2026-01-08.14:04:39.624|T|Call timeout detected
2026-01-08.14:04:39.624|T|Call timeout detected
2026-01-08.14:04:39.624|T|Call timeout detected
2026-01-08.14:04:39.624|T|Call timeout detected
2026-01-08.14:04:39.624|T|Call timeout detected
2026-01-08.14:04:39.624|T|Call timeout detected
2026-01-08.14:04:39.624|T|Call timeout detected
2026-01-08.14:04:39.624|T|Call timeout detected
2026-01-08.14:04:39.624|T|Call timeout detected
2026-01-08.14:04:39.624|T|Call timeout detected
2026-01-08.14:04:39.624|T|Call timeout detected
2026-01-08.14:04:39.624|T|Call timeout detected
2026-01-08.14:04:39.624|T|Call timeout detected
2026-01-08.14:04:39.624|T|Call timeout detected
2026-01-08.14:04:39.624|T|Call timeout detected
2026-01-08.14:04:39.624|T|Call timeout detected
2026-01-08.14:04:39.624|T|Call timeout detected
2026-01-08.14:04:39.624|T|Call timeout detected
2026-01-08.14:04:39.624|T|Call timeout detected
2026-01-08.14:04:39.624|T|Call timeout detected
2026-01-08.14:04:39.624|T|Call timeout detected
2026-01-08.14:04:39.624|T|Call timeout detected
2026-01-08.14:04:39.624|T|Call timeout detected
2026-01-08.14:04:39.624|T|Call timeout detected
2026-01-08.14:04:39.624|T|Call timeout detected
2026-01-08.14:04:39.624|T|Call timeout detected
2026-01-08.14:04:39.624|T|Call timeout detected
2026-01-08.14:04:39.624|T|Call timeout detected
2026-01-08.14:04:39.624|T|Call timeout detected
2026-01-08.14:04:39.624|T|Call timeout detected
2026-01-08.14:04:39.624|T|Call timeout detected
2026-01-08.14:04:39.624|T|Call timeout detected
2026-01-08.14:04:39.624|T|Call timeout detected
2026-01-08.14:04:39.624|T|Call timeout detected
2026-01-08.14:04:39.624|T|Call timeout detected
2026-01-08.14:04:39.624|T|Call timeout detected
2026-01-08.14:04:39.624|T|Call timeout detected
2026-01-08.14:04:39.624|T|Call timeout detected
2026-01-08.14:04:39.624|T|Call timeout detected
2026-01-08.14:04:39.624|T|Call timeout detected
2026-01-08.14:04:39.624|T|Call timeout detected
2026-01-08.14:04:39.624|T|Call timeout detected
2026-01-08.14:04:39.624|T|Call timeout detected
2026-01-08.14:04:39.624|T|Call timeout detected
2026-01-08.14:04:39.624|T|Call timeout detected
2026-01-08.14:04:39.624|T|Call timeout detected
2026-01-08.14:04:39.624|T|Call timeout detected
2026-01-08.14:04:39.624|T|Call timeout detected
2026-01-08.14:04:39.624|T|Call timeout detected
2026-01-08.14:04:39.624|T|Call timeout detected
2026-01-08.14:04:39.624|T|Call timeout detected
2026-01-08.14:04:39.624|T|Call timeout detected
2026-01-08.14:04:39.624|T|Call timeout detected
2026-01-08.14:04:39.624|T|Call timeout detected
2026-01-08.14:04:39.625|T|Call timeout detected
2026-01-08.14:04:39.625|T|Call timeout detected
2026-01-08.14:04:39.625|T|Call timeout detected
2026-01-08.14:04:39.625|T|Call timeout detected
2026-01-08.14:04:39.625|T|Call timeout detected
2026-01-08.14:04:39.625|T|Call timeout detected
2026-01-08.14:04:39.625|T|Call timeout detected
2026-01-08.14:04:39.625|T|Call timeout detected
2026-01-08.14:04:39.625|T|Call timeout detected
2026-01-08.14:04:39.625|T|Call timeout detected
2026-01-08.14:04:39.625|T|Call timeout detected
2026-01-08.14:04:39.625|T|Call timeout detected
2026-01-08.14:04:39.625|T|Call timeout detected
2026-01-08.14:04:39.625|T|Call timeout detected
2026-01-08.14:04:39.625|T|Call timeout detected
2026-01-08.14:04:39.625|T|Call timeout detected
2026-01-08.14:04:39.625|T|Call timeout detected
2026-01-08.14:04:39.625|T|Call timeout detected
2026-01-08.14:04:39.625|T|Call timeout detected
2026-01-08.14:04:39.625|T|Call timeout detected
2026-01-08.14:04:39.625|T|Call timeout detected
2026-01-08.14:04:39.625|T|Call timeout detected
2026-01-08.14:04:39.625|T|Call timeout detected
2026-01-08.14:04:39.625|T|Call timeout detected
2026-01-08.14:04:39.625|T|Call timeout detected
2026-01-08.14:04:39.625|T|Call timeout detected
2026-01-08.14:04:39.625|T|Call timeout detected
2026-01-08.14:04:39.625|T|Call timeout detected
2026-01-08.14:04:39.625|T|Call timeout detected
2026-01-08.14:04:39.625|T|Call timeout detected
2026-01-08.14:04:39.625|T|Call timeout detected
2026-01-08.14:04:39.625|T|Call timeout detected
2026-01-08.14:04:39.625|T|Call timeout detected
2026-01-08.14:04:39.625|T|Call timeout detected
2026-01-08.14:04:39.625|T|Call timeout detected
2026-01-08.14:04:39.625|T|Call timeout detected
2026-01-08.14:04:39.625|T|Call timeout detected
2026-01-08.14:04:39.625|T|Call timeout detected
2026-01-08.14:04:39.625|T|Call timeout detected
2026-01-08.14:04:39.625|T|Call timeout detected
2026-01-08.14:04:39.625|T|Call timeout detected
2026-01-08.14:04:39.625|T|Call timeout detected
2026-01-08.14:04:39.625|T|Call timeout detected
2026-01-08.14:04:39.625|T|Call timeout detected
2026-01-08.14:04:39.625|T|Call timeout detected
2026-01-08.14:04:39.625|T|Call timeout detected
2026-01-08.14:04:39.625|T|Call timeout detected
2026-01-08.14:04:39.625|T|Call timeout detected
2026-01-08.14:04:39.625|T|Call timeout detected
2026-01-08.14:04:39.625|T|Call timeout detected
2026-01-08.14:04:39.625|T|Call timeout detected
2026-01-08.14:04:39.625|T|Call timeout detected
2026-01-08.14:04:39.696|T|Call timeout detected
2026-01-08.14:04:39.696|T|Call timeout detected
2026-01-08.14:04:39.696|T|Call timeout detected
2026-01-08.14:04:39.696|T|Call timeout detected
2026-01-08.14:04:39.696|T|Call timeout detected
2026-01-08.14:04:39.696|T|Call timeout detected
2026-01-08.14:04:39.696|T|Call timeout detected
2026-01-08.14:04:39.696|T|Call timeout detected
2026-01-08.14:04:39.696|T|Call timeout detected
2026-01-08.14:04:39.696|T|Call timeout detected
2026-01-08.14:04:39.697|T|Call timeout detected
2026-01-08.14:04:39.697|T|Call timeout detected
2026-01-08.14:04:39.697|T|Call timeout detected
2026-01-08.14:04:39.697|T|Call timeout detected
2026-01-08.14:04:39.697|T|Call timeout detected
2026-01-08.14:04:39.697|T|Call timeout detected
2026-01-08.14:04:39.697|T|Call timeout detected
2026-01-08.14:04:39.697|T|Call timeout detected
2026-01-08.14:04:39.697|T|Call timeout detected
2026-01-08.14:04:39.697|T|Call timeout detected
2026-01-08.14:04:39.697|T|Call timeout detected
2026-01-08.14:04:39.697|T|Call timeout detected
2026-01-08.14:04:39.697|T|Call timeout detected
2026-01-08.14:04:39.697|T|Call timeout detected
2026-01-08.14:04:39.697|T|Call timeout detected
2026-01-08.14:04:39.697|T|Call timeout detected
2026-01-08.14:04:39.697|T|Call timeout detected
2026-01-08.14:04:39.697|T|Call timeout detected
2026-01-08.14:04:39.697|T|Call timeout detected
2026-01-08.14:04:39.697|T|Call timeout detected
2026-01-08.14:04:39.697|T|Call timeout detected
2026-01-08.14:04:39.697|T|Call timeout detected
2026-01-08.14:04:39.697|T|Call timeout detected
2026-01-08.14:04:39.697|T|Call timeout detected
2026-01-08.14:04:39.697|T|Call timeout detected
2026-01-08.14:04:39.697|T|Call timeout detected
2026-01-08.14:04:39.697|T|Call timeout detected
2026-01-08.14:04:39.697|T|Call timeout detected
2026-01-08.14:04:39.697|T|Call timeout detected
2026-01-08.14:04:39.697|T|Call timeout detected
2026-01-08.14:04:39.697|T|Call timeout detected
2026-01-08.14:04:39.697|T|Call timeout detected
2026-01-08.14:04:39.697|T|Call timeout detected
2026-01-08.14:04:39.697|T|Call timeout detected
2026-01-08.14:04:39.697|T|Call timeout detected
2026-01-08.14:04:39.697|T|Call timeout detected
2026-01-08.14:04:39.697|T|Call timeout detected
2026-01-08.14:04:39.697|T|Call timeout detected
2026-01-08.14:04:39.697|T|Call timeout detected
2026-01-08.14:04:39.697|T|Call timeout detected
2026-01-08.14:04:39.697|T|Call timeout detected
2026-01-08.14:04:39.697|T|Call timeout detected
2026-01-08.14:04:39.697|T|Call timeout detected
2026-01-08.14:04:39.697|T|Call timeout detected
2026-01-08.14:04:39.697|T|Call timeout detected
2026-01-08.14:04:39.697|T|Call timeout detected
2026-01-08.14:04:39.697|T|Call timeout detected
2026-01-08.14:04:39.697|T|Call timeout detected
2026-01-08.14:04:39.697|T|Call timeout detected
2026-01-08.14:04:39.697|T|Call timeout detected
2026-01-08.14:04:39.697|T|Call timeout detected
2026-01-08.14:04:39.697|T|Call timeout detected
2026-01-08.14:04:39.697|T|Call timeout detected
2026-01-08.14:04:39.697|T|Call timeout detected
2026-01-08.14:04:39.697|T|Call timeout detected
2026-01-08.14:04:39.697|T|Call timeout detected
2026-01-08.14:04:39.697|T|Call timeout detected
2026-01-08.14:04:39.697|T|Call timeout detected
2026-01-08.14:04:39.697|T|Call timeout detected
2026-01-08.14:04:39.697|T|Call timeout detected
2026-01-08.14:04:39.697|T|Call timeout detected
2026-01-08.14:04:39.697|T|Call timeout detected
2026-01-08.14:04:39.697|T|Call timeout detected
2026-01-08.14:04:39.698|T|Call timeout detected
2026-01-08.14:04:39.698|T|Call timeout detected
2026-01-08.14:04:39.698|T|Call timeout detected
2026-01-08.14:04:39.698|T|Call timeout detected
2026-01-08.14:04:39.698|T|Call timeout detected
2026-01-08.14:04:39.698|T|Call timeout detected
2026-01-08.14:04:39.698|T|Call timeout detected
2026-01-08.14:04:39.698|T|Call timeout detected
2026-01-08.14:04:39.698|T|Call timeout detected
2026-01-08.14:04:39.698|T|Call timeout detected
2026-01-08.14:04:39.698|T|Call timeout detected
2026-01-08.14:04:39.698|T|Call timeout detected
2026-01-08.14:04:39.698|T|Call timeout detected
2026-01-08.14:04:39.698|T|Call timeout detected
2026-01-08.14:04:39.698|T|Call timeout detected
2026-01-08.14:04:39.698|T|Call timeout detected
2026-01-08.14:04:39.698|T|Call timeout detected
2026-01-08.14:04:39.698|T|Call timeout detected
2026-01-08.14:04:39.698|T|Call timeout detected
2026-01-08.14:04:39.698|T|Call timeout detected
2026-01-08.14:04:39.698|T|Call timeout detected
2026-01-08.14:04:39.698|T|Call timeout detected
2026-01-08.14:04:39.698|T|Call timeout detected
2026-01-08.14:04:39.698|T|Call timeout detected
2026-01-08.14:04:39.698|T|Call timeout detected
2026-01-08.14:04:39.698|T|Call timeout detected
2026-01-08.14:04:39.698|T|Call timeout detected
2026-01-08.14:04:39.698|T|Call timeout detected
2026-01-08.14:04:39.698|T|Call timeout detected
2026-01-08.14:04:39.698|T|Call timeout detected
2026-01-08.14:04:39.698|T|Call timeout detected
2026-01-08.14:04:39.698|T|Call timeout detected
2026-01-08.14:04:39.698|T|Call timeout detected
2026-01-08.14:04:39.698|T|Call timeout detected
2026-01-08.14:04:39.698|T|Call timeout detected
2026-01-08.14:04:39.698|T|Call timeout detected
2026-01-08.14:04:39.698|T|Call timeout detected
2026-01-08.14:04:39.698|T|Call timeout detected
2026-01-08.14:04:39.698|T|Call timeout detected
2026-01-08.14:04:39.698|T|Call timeout detected
2026-01-08.14:04:39.698|T|Call timeout detected
2026-01-08.14:04:39.698|T|Call timeout detected
2026-01-08.14:04:39.698|T|Call timeout detected
2026-01-08.14:04:39.698|T|Call timeout detected
2026-01-08.14:04:39.698|T|Call timeout detected
2026-01-08.14:04:39.698|T|Call timeout detected
2026-01-08.14:04:39.698|T|Call timeout detected
2026-01-08.14:04:39.698|T|Call timeout detected
2026-01-08.14:04:39.698|T|Call timeout detected
2026-01-08.14:04:39.698|T|Call timeout detected
2026-01-08.14:04:39.698|T|Call timeout detected
2026-01-08.14:04:39.698|T|Call timeout detected
2026-01-08.14:04:39.698|T|Call timeout detected
2026-01-08.14:04:39.698|T|Call timeout detected
2026-01-08.14:04:39.698|T|Call timeout detected
2026-01-08.14:04:39.698|T|Call timeout detected
2026-01-08.14:04:39.698|T|Call timeout detected
2026-01-08.14:04:39.698|T|Call timeout detected
2026-01-08.14:04:39.698|T|Call timeout detected
2026-01-08.14:04:39.698|T|Call timeout detected
2026-01-08.14:04:39.698|T|Call timeout detected
2026-01-08.14:04:39.698|T|Call timeout detected
2026-01-08.14:04:39.698|T|Call timeout detected
2026-01-08.14:04:39.698|T|Call timeout detected
2026-01-08.14:04:39.698|T|Call timeout detected
2026-01-08.14:04:39.698|T|Call timeout detected
2026-01-08.14:04:39.698|T|Call timeout detected
2026-01-08.14:04:39.699|T|Call timeout detected
2026-01-08.14:04:39.699|T|Call timeout detected
2026-01-08.14:04:39.699|T|Call timeout detected
2026-01-08.14:04:39.699|T|Call timeout detected
2026-01-08.14:04:39.699|T|Call timeout detected
2026-01-08.14:04:39.699|T|Call timeout detected
2026-01-08.14:04:39.699|T|Call timeout detected
2026-01-08.14:04:39.699|T|Call timeout detected
2026-01-08.14:04:39.699|T|Call timeout detected
2026-01-08.14:04:39.699|T|Call timeout detected
2026-01-08.14:04:39.699|T|Call timeout detected
2026-01-08.14:04:39.699|T|Call timeout detected
2026-01-08.14:04:39.699|T|Call timeout detected
2026-01-08.14:04:39.699|T|Call timeout detected
2026-01-08.14:04:39.699|T|Call timeout detected
2026-01-08.14:04:39.699|T|Call timeout detected
2026-01-08.14:04:39.699|T|Call timeout detected
2026-01-08.14:04:39.699|T|Call timeout detected
2026-01-08.14:04:39.699|T|Call timeout detected
2026-01-08.14:04:39.699|T|Call timeout detected
2026-01-08.14:04:39.699|T|Call timeout detected
2026-01-08.14:04:39.699|T|Call timeout detected
2026-01-08.14:04:39.699|T|Call timeout detected
2026-01-08.14:04:39.699|T|Call timeout detected
2026-01-08.14:04:39.754|T|Call timeout detected
2026-01-08.14:04:39.754|T|Call timeout detected
2026-01-08.14:04:39.754|T|Call timeout detected
2026-01-08.14:04:39.754|T|Call timeout detected
2026-01-08.14:04:39.754|T|Call timeout detected
2026-01-08.14:04:39.754|T|Call timeout detected
2026-01-08.14:04:39.754|T|Call timeout detected
2026-01-08.14:04:39.754|T|Call timeout detected
2026-01-08.14:04:39.754|T|Call timeout detected
2026-01-08.14:04:39.754|T|Call timeout detected
2026-01-08.14:04:39.754|T|Call timeout detected
2026-01-08.14:04:39.754|T|Call timeout detected
2026-01-08.14:04:39.754|T|Call timeout detected
2026-01-08.14:04:39.754|T|Call timeout detected
2026-01-08.14:04:39.754|T|Call timeout detected
2026-01-08.14:04:39.754|T|Call timeout detected
2026-01-08.14:04:39.754|T|Call timeout detected
2026-01-08.14:04:39.754|T|Call timeout detected
2026-01-08.14:04:39.754|T|Call timeout detected
2026-01-08.14:04:39.754|T|Call timeout detected
2026-01-08.14:04:39.754|T|Call timeout detected
2026-01-08.14:04:39.754|T|Call timeout detected
2026-01-08.14:04:39.754|T|Call timeout detected
2026-01-08.14:04:39.754|T|Call timeout detected
2026-01-08.14:04:39.754|T|Call timeout detected
2026-01-08.14:04:39.754|T|Call timeout detected
2026-01-08.14:04:39.754|T|Call timeout detected
2026-01-08.14:04:39.754|T|Call timeout detected
2026-01-08.14:04:39.754|T|Call timeout detected
2026-01-08.14:04:39.754|T|Call timeout detected
2026-01-08.14:04:39.754|T|Call timeout detected
2026-01-08.14:04:39.754|T|Call timeout detected
2026-01-08.14:04:39.754|T|Call timeout detected
2026-01-08.14:04:39.754|T|Call timeout detected
2026-01-08.14:04:39.754|T|Call timeout detected
2026-01-08.14:04:39.754|T|Call timeout detected
2026-01-08.14:04:39.754|T|Call timeout detected
2026-01-08.14:04:39.754|T|Call timeout detected
2026-01-08.14:04:39.754|T|Call timeout detected
2026-01-08.14:04:39.754|T|Call timeout detected
2026-01-08.14:04:39.754|T|Call timeout detected
2026-01-08.14:04:39.754|T|Call timeout detected
2026-01-08.14:04:39.754|T|Call timeout detected
2026-01-08.14:04:39.754|T|Call timeout detected
2026-01-08.14:04:39.754|T|Call timeout detected
2026-01-08.14:04:39.754|T|Call timeout detected
2026-01-08.14:04:39.754|T|Call timeout detected
2026-01-08.14:04:39.754|T|Call timeout detected
2026-01-08.14:04:39.754|T|Call timeout detected
2026-01-08.14:04:39.754|T|Call timeout detected
2026-01-08.14:04:39.754|T|Call timeout detected
2026-01-08.14:04:39.754|T|Call timeout detected
2026-01-08.14:04:39.754|T|Call timeout detected
2026-01-08.14:04:39.754|T|Call timeout detected
2026-01-08.14:04:39.755|T|Call timeout detected
2026-01-08.14:04:39.755|T|Call timeout detected
2026-01-08.14:04:39.755|T|Call timeout detected
2026-01-08.14:04:39.755|T|Call timeout detected
2026-01-08.14:04:39.755|T|Call timeout detected
2026-01-08.14:04:39.755|T|Call timeout detected
2026-01-08.14:04:39.755|T|Call timeout detected
2026-01-08.14:04:39.755|T|Call timeout detected
2026-01-08.14:04:39.755|T|Call timeout detected
2026-01-08.14:04:39.755|T|Call timeout detected
2026-01-08.14:04:39.755|T|Call timeout detected
2026-01-08.14:04:39.755|T|Call timeout detected
2026-01-08.14:04:39.755|T|Call timeout detected
2026-01-08.14:04:39.755|T|Call timeout detected
2026-01-08.14:04:39.755|T|Call timeout detected
2026-01-08.14:04:39.755|T|Call timeout detected
2026-01-08.14:04:39.755|T|Call timeout detected
2026-01-08.14:04:39.755|T|Call timeout detected
2026-01-08.14:04:39.755|T|Call timeout detected
2026-01-08.14:04:39.755|T|Call timeout detected
2026-01-08.14:04:39.755|T|Call timeout detected
2026-01-08.14:04:39.755|T|Call timeout detected
2026-01-08.14:04:39.755|T|Call timeout detected
2026-01-08.14:04:39.755|T|Call timeout detected
2026-01-08.14:04:39.755|T|Call timeout detected
2026-01-08.14:04:39.755|T|Call timeout detected
2026-01-08.14:04:39.755|T|Call timeout detected
2026-01-08.14:04:49.192|T|Call timeout detected
2026-01-08.14:04:49.192|T|Call timeout detected
2026-01-08.14:04:49.192|T|Call timeout detected
2026-01-08.14:04:49.192|T|Call timeout detected
2026-01-08.14:04:49.192|T|Call timeout detected
2026-01-08.14:04:49.192|T|Call timeout detected
2026-01-08.14:04:49.192|T|Call timeout detected
2026-01-08.14:04:49.193|T|Call timeout detected
2026-01-08.14:04:49.193|T|Call timeout detected
2026-01-08.14:04:49.193|T|Call timeout detected
2026-01-08.14:04:49.193|T|Call timeout detected
2026-01-08.14:04:49.193|T|Call timeout detected
2026-01-08.14:04:49.193|T|Call timeout detected
2026-01-08.14:04:49.193|T|Call timeout detected
2026-01-08.14:04:49.193|T|Call timeout detected
2026-01-08.14:04:49.193|T|Call timeout detected
2026-01-08.14:04:49.193|T|Call timeout detected
2026-01-08.14:04:49.193|T|Call timeout detected
2026-01-08.14:04:49.193|T|Call timeout detected
2026-01-08.14:04:49.193|T|Call timeout detected
2026-01-08.14:04:49.193|T|Call timeout detected
2026-01-08.14:04:49.193|T|Call timeout detected
2026-01-08.14:04:49.193|T|Call timeout detected
2026-01-08.14:04:49.193|T|Call timeout detected
2026-01-08.14:04:49.193|T|Call timeout detected
2026-01-08.14:04:49.193|T|Call timeout detected
2026-01-08.14:04:49.193|T|Call timeout detected
2026-01-08.14:04:49.193|T|Call timeout detected
2026-01-08.14:04:49.193|T|Call timeout detected
2026-01-08.14:04:49.193|T|Call timeout detected
2026-01-08.14:04:49.193|T|Call timeout detected
2026-01-08.14:04:49.193|T|Call timeout detected
2026-01-08.14:04:49.193|T|Call timeout detected
2026-01-08.14:04:49.193|T|Call timeout detected
2026-01-08.14:04:49.193|T|Call timeout detected
2026-01-08.14:04:49.193|T|Call timeout detected
2026-01-08.14:04:49.193|T|Call timeout detected
2026-01-08.14:04:49.193|T|Call timeout detected
2026-01-08.14:04:49.193|T|Call timeout detected
2026-01-08.14:04:49.193|T|Call timeout detected
2026-01-08.14:04:49.193|T|Call timeout detected
2026-01-08.14:04:49.193|T|Call timeout detected
2026-01-08.14:04:49.193|T|Call timeout detected
2026-01-08.14:04:49.193|T|Call timeout detected
2026-01-08.14:04:49.193|T|Call timeout detected
2026-01-08.14:04:49.193|T|Call timeout detected
2026-01-08.14:04:49.193|T|Call timeout detected
2026-01-08.14:04:49.193|T|Call timeout detected
2026-01-08.14:04:49.193|T|Call timeout detected
2026-01-08.14:04:49.193|T|Call timeout detected
2026-01-08.14:04:49.193|T|Call timeout detected
2026-01-08.14:04:49.193|T|Call timeout detected
2026-01-08.14:04:49.193|T|Call timeout detected
2026-01-08.14:04:49.193|T|Call timeout detected
2026-01-08.14:04:49.193|T|Call timeout detected
2026-01-08.14:04:49.193|T|Call timeout detected
2026-01-08.14:04:49.193|T|Call timeout detected
2026-01-08.14:04:49.193|T|Call timeout detected
2026-01-08.14:04:49.193|T|Call timeout detected
2026-01-08.14:04:49.194|T|Call timeout detected
2026-01-08.14:04:49.194|T|Call timeout detected
2026-01-08.14:04:49.194|T|Call timeout detected
2026-01-08.14:04:49.194|T|Call timeout detected
2026-01-08.14:04:49.194|T|Call timeout detected
2026-01-08.14:04:49.194|T|Call timeout detected
2026-01-08.14:04:49.194|T|Call timeout detected
2026-01-08.14:04:49.194|T|Call timeout detected
2026-01-08.14:04:49.194|T|Call timeout detected
2026-01-08.14:04:49.194|T|Call timeout detected
2026-01-08.14:04:49.194|T|Call timeout detected
2026-01-08.14:04:49.194|T|Call timeout detected
2026-01-08.14:04:49.194|T|Call timeout detected
2026-01-08.14:04:49.194|T|Call timeout detected
2026-01-08.14:04:49.194|T|Call timeout detected
2026-01-08.14:04:49.194|T|Call timeout detected
2026-01-08.14:04:49.194|T|Call timeout detected
2026-01-08.14:04:49.194|T|Call timeout detected
2026-01-08.14:04:49.194|T|Call timeout detected
2026-01-08.14:04:49.194|T|Call timeout detected
2026-01-08.14:04:49.194|T|Call timeout detected
2026-01-08.14:04:49.194|T|Call timeout detected
2026-01-08.14:04:49.194|T|Call timeout detected
2026-01-08.14:04:49.194|T|Call timeout detected
2026-01-08.14:04:49.194|T|Call timeout detected
2026-01-08.14:04:49.194|T|Call timeout detected
2026-01-08.14:04:49.194|T|Call timeout detected
2026-01-08.14:04:49.194|T|Call timeout detected
2026-01-08.14:04:49.194|T|Call timeout detected
2026-01-08.14:04:49.194|T|Call timeout detected
2026-01-08.14:04:49.194|T|Call timeout detected
2026-01-08.14:04:49.194|T|Call timeout detected
2026-01-08.14:04:49.194|T|Call timeout detected
2026-01-08.14:04:49.194|T|Call timeout detected
2026-01-08.14:04:49.194|T|Call timeout detected
2026-01-08.14:04:49.194|T|Call timeout detected
2026-01-08.14:04:49.194|T|Call timeout detected
2026-01-08.14:04:49.194|T|Call timeout detected
2026-01-08.14:04:49.194|T|Call timeout detected
2026-01-08.14:04:49.194|T|Call timeout detected
2026-01-08.14:04:49.194|T|Call timeout detected
2026-01-08.14:04:49.194|T|Call timeout detected
2026-01-08.14:04:49.244|T|Call timeout detected
2026-01-08.14:04:49.245|T|Call timeout detected
2026-01-08.14:04:49.245|T|Call timeout detected
2026-01-08.14:04:49.245|T|Call timeout detected
2026-01-08.14:04:49.245|T|Call timeout detected
2026-01-08.14:04:49.245|T|Call timeout detected
2026-01-08.14:04:49.245|T|Call timeout detected
2026-01-08.14:04:49.245|T|Call timeout detected
2026-01-08.14:04:49.245|T|Call timeout detected
2026-01-08.14:04:49.245|T|Call timeout detected
2026-01-08.14:04:49.245|T|Call timeout detected
2026-01-08.14:04:49.245|T|Call timeout detected
2026-01-08.14:04:49.245|T|Call timeout detected
2026-01-08.14:04:49.245|T|Call timeout detected
2026-01-08.14:04:49.245|T|Call timeout detected
2026-01-08.14:04:49.245|T|Call timeout detected
2026-01-08.14:04:49.245|T|Call timeout detected
2026-01-08.14:04:49.245|T|Call timeout detected
2026-01-08.14:04:49.245|T|Call timeout detected
2026-01-08.14:04:49.245|T|Call timeout detected
2026-01-08.14:04:49.245|T|Call timeout detected
2026-01-08.14:04:49.245|T|Call timeout detected
2026-01-08.14:04:49.245|T|Call timeout detected
2026-01-08.14:04:49.245|T|Call timeout detected
2026-01-08.14:04:49.245|T|Call timeout detected
2026-01-08.14:04:49.245|T|Call timeout detected
2026-01-08.14:04:49.245|T|Call timeout detected
2026-01-08.14:04:49.245|T|Call timeout detected
2026-01-08.14:04:49.245|T|Call timeout detected
2026-01-08.14:04:49.245|T|Call timeout detected
2026-01-08.14:04:49.245|T|Call timeout detected
2026-01-08.14:04:49.245|T|Call timeout detected
2026-01-08.14:04:49.245|T|Call timeout detected
2026-01-08.14:04:49.245|T|Call timeout detected
2026-01-08.14:04:49.245|T|Call timeout detected
2026-01-08.14:04:49.245|T|Call timeout detected
2026-01-08.14:04:49.245|T|Call timeout detected
2026-01-08.14:04:49.245|T|Call timeout detected
2026-01-08.14:04:49.245|T|Call timeout detected
2026-01-08.14:04:49.245|T|Call timeout detected
2026-01-08.14:04:49.245|T|Call timeout detected
2026-01-08.14:04:49.245|T|Call timeout detected
2026-01-08.14:04:49.245|T|Call timeout detected
2026-01-08.14:04:49.245|T|Call timeout detected
2026-01-08.14:04:49.245|T|Call timeout detected
2026-01-08.14:04:49.245|T|Call timeout detected
2026-01-08.14:04:49.245|T|Call timeout detected
2026-01-08.14:04:49.245|T|Call timeout detected
2026-01-08.14:04:49.245|T|Call timeout detected
2026-01-08.14:04:49.245|T|Call timeout detected
2026-01-08.14:04:49.245|T|Call timeout detected
2026-01-08.14:04:49.245|T|Call timeout detected
2026-01-08.14:04:49.245|T|Call timeout detected
2026-01-08.14:04:49.245|T|Call timeout detected
2026-01-08.14:04:49.245|T|Call timeout detected
2026-01-08.14:04:49.245|T|Call timeout detected
2026-01-08.14:04:49.245|T|Call timeout detected
2026-01-08.14:04:49.245|T|Call timeout detected
2026-01-08.14:04:49.245|T|Call timeout detected
2026-01-08.14:04:49.245|T|Call timeout detected
2026-01-08.14:04:49.245|T|Call timeout detected
2026-01-08.14:04:49.245|T|Call timeout detected
2026-01-08.14:04:49.245|T|Call timeout detected
2026-01-08.14:04:49.245|T|Call timeout detected
2026-01-08.14:04:49.246|T|Call timeout detected
2026-01-08.14:04:49.246|T|Call timeout detected
2026-01-08.14:04:49.246|T|Call timeout detected
2026-01-08.14:04:49.246|T|Call timeout detected
2026-01-08.14:04:49.246|T|Call timeout detected
2026-01-08.14:04:49.246|T|Call timeout detected
2026-01-08.14:04:49.246|T|Call timeout detected
2026-01-08.14:04:49.246|T|Call timeout detected
2026-01-08.14:04:49.246|T|Call timeout detected
2026-01-08.14:04:49.246|T|Call timeout detected
2026-01-08.14:04:49.246|T|Call timeout detected
2026-01-08.14:04:49.246|T|Call timeout detected
2026-01-08.14:04:49.246|T|Call timeout detected
2026-01-08.14:04:49.246|T|Call timeout detected
2026-01-08.14:04:49.246|T|Call timeout detected
2026-01-08.14:04:49.246|T|Call timeout detected
2026-01-08.14:04:49.246|T|Call timeout detected
2026-01-08.14:04:49.246|T|Call timeout detected
2026-01-08.14:04:49.246|T|Call timeout detected
2026-01-08.14:04:49.246|T|Call timeout detected
2026-01-08.14:04:49.246|T|Call timeout detected
2026-01-08.14:04:49.246|T|Call timeout detected
2026-01-08.14:04:49.246|T|Call timeout detected
2026-01-08.14:04:49.246|T|Call timeout detected
2026-01-08.14:04:49.246|T|Call timeout detected
2026-01-08.14:04:49.246|T|Call timeout detected
2026-01-08.14:04:49.246|T|Call timeout detected
2026-01-08.14:04:49.246|T|Call timeout detected
2026-01-08.14:04:49.246|T|Call timeout detected
2026-01-08.14:04:49.246|T|Call timeout detected
2026-01-08.14:04:49.246|T|Call timeout detected
2026-01-08.14:04:49.246|T|Call timeout detected
2026-01-08.14:04:49.246|T|Call timeout detected
2026-01-08.14:04:49.246|T|Call timeout detected
2026-01-08.14:04:49.246|T|Call timeout detected
2026-01-08.14:04:49.296|T|Call timeout detected
2026-01-08.14:04:49.296|T|Call timeout detected
2026-01-08.14:04:49.296|T|Call timeout detected
2026-01-08.14:04:49.296|T|Call timeout detected
2026-01-08.14:04:49.296|T|Call timeout detected
2026-01-08.14:04:49.296|T|Call timeout detected
2026-01-08.14:04:49.297|T|Call timeout detected
2026-01-08.14:04:49.297|T|Call timeout detected
2026-01-08.14:04:49.297|T|Call timeout detected
2026-01-08.14:04:49.297|T|Call timeout detected
2026-01-08.14:04:49.297|T|Call timeout detected
2026-01-08.14:04:49.297|T|Call timeout detected
2026-01-08.14:04:49.297|T|Call timeout detected
2026-01-08.14:04:49.297|T|Call timeout detected
2026-01-08.14:04:49.297|T|Call timeout detected
2026-01-08.14:04:49.297|T|Call timeout detected
2026-01-08.14:04:49.297|T|Call timeout detected
2026-01-08.14:04:49.297|T|Call timeout detected
2026-01-08.14:04:49.297|T|Call timeout detected
2026-01-08.14:04:49.297|T|Call timeout detected
2026-01-08.14:04:49.297|T|Call timeout detected
2026-01-08.14:04:49.297|T|Call timeout detected
2026-01-08.14:04:49.297|T|Call timeout detected
2026-01-08.14:04:49.297|T|Call timeout detected
2026-01-08.14:04:49.297|T|Call timeout detected
2026-01-08.14:04:49.297|T|Call timeout detected
2026-01-08.14:04:49.297|T|Call timeout detected
2026-01-08.14:04:49.297|T|Call timeout detected
2026-01-08.14:04:49.297|T|Call timeout detected
2026-01-08.14:04:49.297|T|Call timeout detected
2026-01-08.14:04:49.297|T|Call timeout detected
2026-01-08.14:04:49.297|T|Call timeout detected
2026-01-08.14:04:49.297|T|Call timeout detected
2026-01-08.14:04:49.297|T|Call timeout detected
2026-01-08.14:04:49.297|T|Call timeout detected
2026-01-08.14:04:49.297|T|Call timeout detected
2026-01-08.14:04:49.297|T|Call timeout detected
2026-01-08.14:04:49.297|T|Call timeout detected
2026-01-08.14:04:49.297|T|Call timeout detected
2026-01-08.14:04:49.297|T|Call timeout detected
2026-01-08.14:04:49.297|T|Call timeout detected
2026-01-08.14:04:49.297|T|Call timeout detected
2026-01-08.14:04:49.297|T|Call timeout detected
2026-01-08.14:04:49.297|T|Call timeout detected
2026-01-08.14:04:49.297|T|Call timeout detected
2026-01-08.14:04:49.297|T|Call timeout detected
2026-01-08.14:04:49.297|T|Call timeout detected
2026-01-08.14:04:49.297|T|Call timeout detected
2026-01-08.14:04:49.297|T|Call timeout detected
2026-01-08.14:04:49.297|T|Call timeout detected
2026-01-08.14:04:49.297|T|Call timeout detected
2026-01-08.14:04:49.297|T|Call timeout detected
2026-01-08.14:04:49.297|T|Call timeout detected
2026-01-08.14:04:49.297|T|Call timeout detected
2026-01-08.14:04:49.297|T|Call timeout detected
2026-01-08.14:04:49.297|T|Call timeout detected
2026-01-08.14:04:49.297|T|Call timeout detected
2026-01-08.14:04:49.297|T|Call timeout detected
2026-01-08.14:04:49.297|T|Call timeout detected
2026-01-08.14:04:49.297|T|Call timeout detected
2026-01-08.14:04:49.297|T|Call timeout detected
2026-01-08.14:04:49.297|T|Call timeout detected
2026-01-08.14:04:49.297|T|Call timeout detected
2026-01-08.14:04:49.297|T|Call timeout detected
2026-01-08.14:04:49.297|T|Call timeout detected
2026-01-08.14:04:49.297|T|Call timeout detected
2026-01-08.14:04:49.297|T|Call timeout detected
2026-01-08.14:04:49.297|T|Call timeout detected
2026-01-08.14:04:49.297|T|Call timeout detected
2026-01-08.14:04:49.297|T|Call timeout detected
2026-01-08.14:04:49.297|T|Call timeout detected
2026-01-08.14:04:49.297|T|Call timeout detected
2026-01-08.14:04:49.297|T|Call timeout detected
2026-01-08.14:04:49.297|T|Call timeout detected
2026-01-08.14:04:49.297|T|Call timeout detected
2026-01-08.14:04:49.297|T|Call timeout detected
2026-01-08.14:04:49.297|T|Call timeout detected
2026-01-08.14:04:49.297|T|Call timeout detected
2026-01-08.14:04:49.298|T|Call timeout detected
2026-01-08.14:04:49.298|T|Call timeout detected
2026-01-08.14:04:49.298|T|Call timeout detected
2026-01-08.14:04:49.298|T|Call timeout detected
2026-01-08.14:04:49.298|T|Call timeout detected
2026-01-08.14:04:49.298|T|Call timeout detected
2026-01-08.14:04:49.298|T|Call timeout detected
2026-01-08.14:04:49.298|T|Call timeout detected
2026-01-08.14:04:49.298|T|Call timeout detected
2026-01-08.14:04:49.298|T|Call timeout detected
2026-01-08.14:04:49.298|T|Call timeout detected
2026-01-08.14:04:49.298|T|Call timeout detected
2026-01-08.14:04:49.298|T|Call timeout detected
2026-01-08.14:04:49.298|T|Call timeout detected
2026-01-08.14:04:49.298|T|Call timeout detected
2026-01-08.14:04:49.298|T|Call timeout detected
2026-01-08.14:04:49.298|T|Call timeout detected
2026-01-08.14:04:49.298|T|Call timeout detected
2026-01-08.14:04:49.298|T|Call timeout detected
2026-01-08.14:04:49.298|T|Call timeout detected
2026-01-08.14:04:49.298|T|Call timeout detected
2026-01-08.14:04:49.298|T|Call timeout detected
2026-01-08.14:04:49.298|T|Call timeout detected
2026-01-08.14:04:49.298|T|Call timeout detected
2026-01-08.14:04:49.298|T|Call timeout detected
2026-01-08.14:04:49.298|T|Call timeout detected
2026-01-08.14:04:49.298|T|Call timeout detected
2026-01-08.14:04:49.298|T|Call timeout detected
2026-01-08.14:04:49.298|T|Call timeout detected
2026-01-08.14:04:49.298|T|Call timeout detected
2026-01-08.14:04:49.298|T|Call timeout detected
2026-01-08.14:04:49.298|T|Call timeout detected
2026-01-08.14:04:49.298|T|Call timeout detected
2026-01-08.14:04:49.298|T|Call timeout detected
2026-01-08.14:04:49.298|T|Call timeout detected
2026-01-08.14:04:49.298|T|Call timeout detected
2026-01-08.14:04:49.298|T|Call timeout detected
2026-01-08.14:04:49.298|T|Call timeout detected
2026-01-08.14:04:49.298|T|Call timeout detected
2026-01-08.14:04:49.298|T|Call timeout detected
2026-01-08.14:04:49.298|T|Call timeout detected
2026-01-08.14:04:49.298|T|Call timeout detected
2026-01-08.14:04:49.298|T|Call timeout detected
2026-01-08.14:04:49.298|T|Call timeout detected
2026-01-08.14:04:49.298|T|Call timeout detected
2026-01-08.14:04:49.298|T|Call timeout detected
2026-01-08.14:04:49.298|T|Call timeout detected
2026-01-08.14:04:49.298|T|Call timeout detected
2026-01-08.14:04:49.298|T|Call timeout detected
2026-01-08.14:04:49.298|T|Call timeout detected
2026-01-08.14:04:49.298|T|Call timeout detected
2026-01-08.14:04:49.298|T|Call timeout detected
2026-01-08.14:04:49.298|T|Call timeout detected
2026-01-08.14:04:49.298|T|Call timeout detected
2026-01-08.14:04:49.298|T|Call timeout detected
2026-01-08.14:04:49.298|T|Call timeout detected
2026-01-08.14:04:49.298|T|Call timeout detected
2026-01-08.14:04:49.298|T|Call timeout detected
2026-01-08.14:04:49.298|T|Call timeout detected
2026-01-08.14:04:49.298|T|Call timeout detected
2026-01-08.14:04:49.298|T|Call timeout detected
2026-01-08.14:04:49.298|T|Call timeout detected
2026-01-08.14:04:49.298|T|Call timeout detected
2026-01-08.14:04:49.298|T|Call timeout detected
2026-01-08.14:04:49.298|T|Call timeout detected
2026-01-08.14:04:49.298|T|Call timeout detected
2026-01-08.14:04:49.298|T|Call timeout detected
2026-01-08.14:04:49.298|T|Call timeout detected
2026-01-08.14:04:49.298|T|Call timeout detected
2026-01-08.14:04:49.298|T|Call timeout detected
2026-01-08.14:04:49.298|T|Call timeout detected
2026-01-08.14:04:49.298|T|Call timeout detected
2026-01-08.14:04:49.298|T|Call timeout detected
2026-01-08.14:04:49.298|T|Call timeout detected
2026-01-08.14:04:49.298|T|Call timeout detected
2026-01-08.14:04:49.298|T|Call timeout detected
2026-01-08.14:04:49.299|T|Call timeout detected
2026-01-08.14:04:49.299|T|Call timeout detected
2026-01-08.14:04:49.299|T|Call timeout detected
2026-01-08.14:04:49.299|T|Call timeout detected
2026-01-08.14:04:49.299|T|Call timeout detected
2026-01-08.14:04:49.299|T|Call timeout detected
2026-01-08.14:04:49.299|T|Call timeout detected
2026-01-08.14:04:49.299|T|Call timeout detected
2026-01-08.14:04:49.299|T|Call timeout detected
2026-01-08.14:04:49.299|T|Call timeout detected
2026-01-08.14:04:49.299|T|Call timeout detected
2026-01-08.14:04:49.299|T|Call timeout detected
2026-01-08.14:04:49.299|T|Call timeout detected
2026-01-08.14:04:49.299|T|Call timeout detected
2026-01-08.14:04:49.299|T|Call timeout detected
2026-01-08.14:04:49.299|T|Call timeout detected
2026-01-08.14:04:49.299|T|Call timeout detected
2026-01-08.14:04:49.299|T|Call timeout detected
2026-01-08.14:04:49.299|T|Call timeout detected
2026-01-08.14:04:49.299|T|Call timeout detected
2026-01-08.14:04:49.299|T|Call timeout detected
2026-01-08.14:04:49.299|T|Call timeout detected
2026-01-08.14:04:49.299|T|Call timeout detected
2026-01-08.14:04:49.299|T|Call timeout detected
2026-01-08.14:04:49.299|T|Call timeout detected
2026-01-08.14:04:49.299|T|Call timeout detected
2026-01-08.14:04:49.299|T|Call timeout detected
2026-01-08.14:04:49.299|T|Call timeout detected
2026-01-08.14:04:49.299|T|Call timeout detected
2026-01-08.14:04:49.299|T|Call timeout detected
2026-01-08.14:04:49.299|T|Call timeout detected
2026-01-08.14:04:49.299|T|Call timeout detected
2026-01-08.14:04:49.299|T|Call timeout detected
2026-01-08.14:04:49.299|T|Call timeout detected
2026-01-08.14:04:49.299|T|Call timeout detected
2026-01-08.14:04:49.299|T|Call timeout detected
2026-01-08.14:04:49.299|T|Call timeout detected
2026-01-08.14:04:49.299|T|Call timeout detected
2026-01-08.14:04:49.299|T|Call timeout detected
2026-01-08.14:04:49.299|T|Call timeout detected
2026-01-08.14:04:49.299|T|Call timeout detected
2026-01-08.14:04:49.299|T|Call timeout detected
2026-01-08.14:04:49.299|T|Call timeout detected
2026-01-08.14:04:49.299|T|Call timeout detected
2026-01-08.14:04:49.299|T|Call timeout detected
2026-01-08.14:04:49.299|T|Call timeout detected
2026-01-08.14:04:49.349|T|Call timeout detected
2026-01-08.14:04:49.350|T|Call timeout detected
2026-01-08.14:04:49.350|T|Call timeout detected
2026-01-08.14:04:49.350|T|Call timeout detected
2026-01-08.14:04:49.350|T|Call timeout detected
2026-01-08.14:04:49.350|T|Call timeout detected
2026-01-08.14:04:49.350|T|Call timeout detected
2026-01-08.14:04:49.400|T|Call timeout detected
2026-01-08.14:04:49.400|T|Call timeout detected
2026-01-08.14:04:49.400|T|Call timeout detected
2026-01-08.14:04:49.400|T|Call timeout detected
2026-01-08.14:04:49.400|T|Call timeout detected
2026-01-08.14:04:49.400|T|Call timeout detected
2026-01-08.14:04:49.400|T|Call timeout detected
2026-01-08.14:04:49.400|T|Call timeout detected
2026-01-08.14:04:49.400|T|Call timeout detected
2026-01-08.14:04:49.400|T|Call timeout detected
2026-01-08.14:04:49.400|T|Call timeout detected
2026-01-08.14:04:49.400|T|Call timeout detected
2026-01-08.14:04:49.400|T|Call timeout detected
2026-01-08.14:04:49.400|T|Call timeout detected
2026-01-08.14:04:49.400|T|Call timeout detected
2026-01-08.14:04:49.400|T|Call timeout detected
2026-01-08.14:04:49.400|T|Call timeout detected
2026-01-08.14:04:49.400|T|Call timeout detected
2026-01-08.14:04:49.400|T|Call timeout detected
2026-01-08.14:04:49.400|T|Call timeout detected
2026-01-08.14:04:49.400|T|Call timeout detected
2026-01-08.14:04:49.400|T|Call timeout detected
2026-01-08.14:04:49.400|T|Call timeout detected
2026-01-08.14:04:49.400|T|Call timeout detected
2026-01-08.14:04:49.400|T|Call timeout detected
2026-01-08.14:04:49.400|T|Call timeout detected
2026-01-08.14:04:49.400|T|Call timeout detected
2026-01-08.14:04:49.400|T|Call timeout detected
2026-01-08.14:04:49.400|T|Call timeout detected
2026-01-08.14:04:49.400|T|Call timeout detected
2026-01-08.14:04:49.400|T|Call timeout detected
2026-01-08.14:04:49.400|T|Call timeout detected
2026-01-08.14:04:49.400|T|Call timeout detected
2026-01-08.14:04:49.400|T|Call timeout detected
2026-01-08.14:04:49.401|T|Call timeout detected
2026-01-08.14:04:49.401|T|Call timeout detected
2026-01-08.14:04:49.401|T|Call timeout detected
2026-01-08.14:04:49.401|T|Call timeout detected
2026-01-08.14:04:49.401|T|Call timeout detected
2026-01-08.14:04:49.401|T|Call timeout detected
2026-01-08.14:04:49.401|T|Call timeout detected
2026-01-08.14:04:49.401|T|Call timeout detected
2026-01-08.14:04:49.401|T|Call timeout detected
2026-01-08.14:04:49.401|T|Call timeout detected
2026-01-08.14:04:49.401|T|Call timeout detected
2026-01-08.14:04:49.401|T|Call timeout detected
2026-01-08.14:04:49.401|T|Call timeout detected
2026-01-08.14:04:49.401|T|Call timeout detected
2026-01-08.14:04:49.401|T|Call timeout detected
2026-01-08.14:04:49.401|T|Call timeout detected
2026-01-08.14:04:49.401|T|Call timeout detected
2026-01-08.14:04:49.401|T|Call timeout detected
2026-01-08.14:04:49.401|T|Call timeout detected
2026-01-08.14:04:49.401|T|Call timeout detected
2026-01-08.14:04:49.401|T|Call timeout detected
2026-01-08.14:04:49.401|T|Call timeout detected
2026-01-08.14:04:49.401|T|Call timeout detected
2026-01-08.14:04:49.401|T|Call timeout detected
2026-01-08.14:04:49.401|T|Call timeout detected
2026-01-08.14:04:49.401|T|Call timeout detected
2026-01-08.14:04:49.401|T|Call timeout detected
2026-01-08.14:04:49.401|T|Call timeout detected
2026-01-08.14:04:49.401|T|Call timeout detected
2026-01-08.14:04:49.401|T|Call timeout detected
2026-01-08.14:04:49.401|T|Call timeout detected
2026-01-08.14:04:49.401|T|Call timeout detected
2026-01-08.14:04:49.401|T|Call timeout detected
2026-01-08.14:04:49.401|T|Call timeout detected
2026-01-08.14:04:49.401|T|Call timeout detected
2026-01-08.14:04:49.401|T|Call timeout detected
2026-01-08.14:04:49.401|T|Call timeout detected
2026-01-08.14:04:49.401|T|Call timeout detected
2026-01-08.14:04:49.401|T|Call timeout detected
2026-01-08.14:04:49.401|T|Call timeout detected
2026-01-08.14:04:49.401|T|Call timeout detected
2026-01-08.14:04:49.401|T|Call timeout detected
2026-01-08.14:04:49.401|T|Call timeout detected
2026-01-08.14:04:49.401|T|Call timeout detected
2026-01-08.14:04:49.401|T|Call timeout detected
2026-01-08.14:04:49.401|T|Call timeout detected
2026-01-08.14:04:49.401|T|Call timeout detected
2026-01-08.14:04:49.401|T|Call timeout detected
2026-01-08.14:04:49.401|T|Call timeout detected
2026-01-08.14:04:49.401|T|Call timeout detected
2026-01-08.14:04:49.401|T|Call timeout detected
2026-01-08.14:04:49.401|T|Call timeout detected
2026-01-08.14:04:49.401|T|Call timeout detected
2026-01-08.14:04:49.401|T|Call timeout detected
2026-01-08.14:04:49.401|T|Call timeout detected
2026-01-08.14:04:49.401|T|Call timeout detected
2026-01-08.14:04:49.401|T|Call timeout detected
2026-01-08.14:04:49.401|T|Call timeout detected
2026-01-08.14:04:49.401|T|Call timeout detected
2026-01-08.14:04:49.401|T|Call timeout detected
2026-01-08.14:04:49.401|T|Call timeout detected
2026-01-08.14:04:49.401|T|Call timeout detected
2026-01-08.14:04:49.402|T|Call timeout detected
2026-01-08.14:04:49.402|T|Call timeout detected
2026-01-08.14:04:49.402|T|Call timeout detected
2026-01-08.14:04:49.402|T|Call timeout detected
2026-01-08.14:04:49.402|T|Call timeout detected
2026-01-08.14:04:49.402|T|Call timeout detected
2026-01-08.14:04:49.402|T|Call timeout detected
2026-01-08.14:04:49.402|T|Call timeout detected
2026-01-08.14:04:49.402|T|Call timeout detected
2026-01-08.14:04:49.402|T|Call timeout detected
2026-01-08.14:04:49.402|T|Call timeout detected
2026-01-08.14:04:49.402|T|Call timeout detected
2026-01-08.14:04:49.402|T|Call timeout detected
2026-01-08.14:04:49.402|T|Call timeout detected
2026-01-08.14:04:49.402|T|Call timeout detected
2026-01-08.14:04:49.402|T|Call timeout detected
2026-01-08.14:04:49.402|T|Call timeout detected
2026-01-08.14:04:49.402|T|Call timeout detected
2026-01-08.14:04:49.402|T|Call timeout detected
2026-01-08.14:04:49.402|T|Call timeout detected
2026-01-08.14:04:49.402|T|Call timeout detected
2026-01-08.14:04:49.402|T|Call timeout detected
2026-01-08.14:04:49.402|T|Call timeout detected
2026-01-08.14:04:49.402|T|Call timeout detected
2026-01-08.14:04:49.402|T|Call timeout detected
2026-01-08.14:04:49.402|T|Call timeout detected
2026-01-08.14:04:49.402|T|Call timeout detected
2026-01-08.14:04:49.402|T|Call timeout detected
2026-01-08.14:04:49.402|T|Call timeout detected
2026-01-08.14:04:49.402|T|Call timeout detected
2026-01-08.14:04:49.402|T|Call timeout detected
2026-01-08.14:04:49.402|T|Call timeout detected
2026-01-08.14:04:49.402|T|Call timeout detected
2026-01-08.14:04:49.402|T|Call timeout detected
2026-01-08.14:04:49.402|T|Call timeout detected
2026-01-08.14:04:49.402|T|Call timeout detected
2026-01-08.14:04:49.402|T|Call timeout detected
2026-01-08.14:04:49.402|T|Call timeout detected
2026-01-08.14:04:49.402|T|Call timeout detected
2026-01-08.14:04:49.402|T|Call timeout detected
2026-01-08.14:04:49.402|T|Call timeout detected
2026-01-08.14:04:49.402|T|Call timeout detected
2026-01-08.14:04:49.402|T|Call timeout detected
2026-01-08.14:04:49.402|T|Call timeout detected
2026-01-08.14:04:49.402|T|Call timeout detected
2026-01-08.14:04:49.402|T|Call timeout detected
2026-01-08.14:04:49.402|T|Call timeout detected
2026-01-08.14:04:49.402|T|Call timeout detected
2026-01-08.14:04:49.402|T|Call timeout detected
2026-01-08.14:04:49.402|T|Call timeout detected
2026-01-08.14:04:49.402|T|Call timeout detected
2026-01-08.14:04:49.402|T|Call timeout detected
2026-01-08.14:04:49.402|T|Call timeout detected
2026-01-08.14:04:49.402|T|Call timeout detected
2026-01-08.14:04:49.402|T|Call timeout detected
2026-01-08.14:04:49.402|T|Call timeout detected
2026-01-08.14:04:49.402|T|Call timeout detected
2026-01-08.14:04:49.402|T|Call timeout detected
2026-01-08.14:04:49.402|T|Call timeout detected
2026-01-08.14:04:49.402|T|Call timeout detected
2026-01-08.14:04:49.402|T|Call timeout detected
2026-01-08.14:04:49.402|T|Call timeout detected
2026-01-08.14:04:49.402|T|Call timeout detected
2026-01-08.14:04:49.402|T|Call timeout detected
2026-01-08.14:04:49.402|T|Call timeout detected
2026-01-08.14:04:49.402|T|Call timeout detected
2026-01-08.14:04:49.402|T|Call timeout detected
2026-01-08.14:04:49.402|T|Call timeout detected
2026-01-08.14:04:49.403|T|Call timeout detected
2026-01-08.14:04:49.403|T|Call timeout detected
2026-01-08.14:04:49.403|T|Call timeout detected
2026-01-08.14:04:49.403|T|Call timeout detected
2026-01-08.14:04:49.403|T|Call timeout detected
2026-01-08.14:04:49.403|T|Call timeout detected
2026-01-08.14:04:49.403|T|Call timeout detected
2026-01-08.14:04:49.403|T|Call timeout detected
2026-01-08.14:04:49.403|T|Call timeout detected
2026-01-08.14:04:49.403|T|Call timeout detected
2026-01-08.14:04:49.403|T|Call timeout detected
2026-01-08.14:04:49.403|T|Call timeout detected
2026-01-08.14:04:49.403|T|Call timeout detected
2026-01-08.14:04:49.403|T|Call timeout detected
2026-01-08.14:04:49.403|T|Call timeout detected
2026-01-08.14:04:49.403|T|Call timeout detected
2026-01-08.14:04:49.403|T|Call timeout detected
2026-01-08.14:04:49.403|T|Call timeout detected
2026-01-08.14:04:49.403|T|Call timeout detected
2026-01-08.14:04:49.403|T|Call timeout detected
2026-01-08.14:04:49.403|T|Call timeout detected
2026-01-08.14:04:49.403|T|Call timeout detected
2026-01-08.14:04:49.403|T|Call timeout detected
2026-01-08.14:04:49.403|T|Call timeout detected
2026-01-08.14:04:49.403|T|Call timeout detected
2026-01-08.14:04:49.403|T|Call timeout detected
2026-01-08.14:04:49.403|T|Call timeout detected
2026-01-08.14:04:49.403|T|Call timeout detected
2026-01-08.14:04:49.403|T|Call timeout detected
2026-01-08.14:04:49.453|T|Call timeout detected
2026-01-08.14:04:49.454|T|Call timeout detected
2026-01-08.14:04:49.454|T|Call timeout detected
2026-01-08.14:04:49.454|T|Call timeout detected
2026-01-08.14:04:49.454|T|Call timeout detected
2026-01-08.14:04:49.454|T|Call timeout detected
2026-01-08.14:04:49.454|T|Call timeout detected
2026-01-08.14:04:49.454|T|Call timeout detected
2026-01-08.14:04:49.454|T|Call timeout detected
2026-01-08.14:04:49.454|T|Call timeout detected
2026-01-08.14:04:49.454|T|Call timeout detected
2026-01-08.14:04:49.454|T|Call timeout detected
2026-01-08.14:04:49.454|T|Call timeout detected
2026-01-08.14:04:49.454|T|Call timeout detected
2026-01-08.14:04:49.454|T|Call timeout detected
2026-01-08.14:04:49.454|T|Call timeout detected
2026-01-08.14:04:49.454|T|Call timeout detected
2026-01-08.14:04:49.454|T|Call timeout detected
2026-01-08.14:04:49.454|T|Call timeout detected
2026-01-08.14:04:49.454|T|Call timeout detected
2026-01-08.14:04:49.454|T|Call timeout detected
2026-01-08.14:04:49.454|T|Call timeout detected
2026-01-08.14:04:49.454|T|Call timeout detected
2026-01-08.14:04:49.454|T|Call timeout detected
2026-01-08.14:04:49.454|T|Call timeout detected
2026-01-08.14:04:49.454|T|Call timeout detected
2026-01-08.14:04:49.454|T|Call timeout detected
2026-01-08.14:04:49.454|T|Call timeout detected
2026-01-08.14:04:49.454|T|Call timeout detected
2026-01-08.14:04:49.454|T|Call timeout detected
2026-01-08.14:04:49.454|T|Call timeout detected
2026-01-08.14:04:49.454|T|Call timeout detected
2026-01-08.14:04:49.454|T|Call timeout detected
2026-01-08.14:04:49.454|T|Call timeout detected
2026-01-08.14:04:49.454|T|Call timeout detected
2026-01-08.14:04:49.454|T|Call timeout detected
2026-01-08.14:04:49.454|T|Call timeout detected
2026-01-08.14:04:49.454|T|Call timeout detected
2026-01-08.14:04:49.454|T|Call timeout detected
2026-01-08.14:04:49.454|T|Call timeout detected
2026-01-08.14:04:49.454|T|Call timeout detected
2026-01-08.14:04:49.454|T|Call timeout detected
2026-01-08.14:04:49.454|T|Call timeout detected
2026-01-08.14:04:49.454|T|Call timeout detected
2026-01-08.14:04:49.454|T|Call timeout detected
2026-01-08.14:04:49.454|T|Call timeout detected
2026-01-08.14:04:49.454|T|Call timeout detected
2026-01-08.14:04:49.454|T|Call timeout detected
2026-01-08.14:04:49.454|T|Call timeout detected
2026-01-08.14:04:49.454|T|Call timeout detected
2026-01-08.14:04:49.454|T|Call timeout detected
2026-01-08.14:04:49.454|T|Call timeout detected
2026-01-08.14:04:49.454|T|Call timeout detected
2026-01-08.14:04:49.454|T|Call timeout detected
2026-01-08.14:04:49.454|T|Call timeout detected
2026-01-08.14:04:49.454|T|Call timeout detected
2026-01-08.14:04:49.454|T|Call timeout detected
2026-01-08.14:04:49.454|T|Call timeout detected
2026-01-08.14:04:49.454|T|Call timeout detected
2026-01-08.14:04:49.454|T|Call timeout detected
2026-01-08.14:04:49.454|T|Call timeout detected
2026-01-08.14:04:49.454|T|Call timeout detected
2026-01-08.14:04:49.454|T|Call timeout detected
2026-01-08.14:04:49.454|T|Call timeout detected
2026-01-08.14:04:49.454|T|Call timeout detected
2026-01-08.14:04:49.454|T|Call timeout detected
2026-01-08.14:04:49.454|T|Call timeout detected
2026-01-08.14:04:49.454|T|Call timeout detected
2026-01-08.14:04:49.454|T|Call timeout detected
2026-01-08.14:04:49.454|T|Call timeout detected
2026-01-08.14:04:49.455|T|Call timeout detected
2026-01-08.14:04:49.455|T|Call timeout detected
2026-01-08.14:04:49.455|T|Call timeout detected
2026-01-08.14:04:49.455|T|Call timeout detected
2026-01-08.14:04:49.455|T|Call timeout detected
2026-01-08.14:04:49.455|T|Call timeout detected
2026-01-08.14:04:49.455|T|Call timeout detected
2026-01-08.14:04:49.455|T|Call timeout detected
2026-01-08.14:04:49.455|T|Call timeout detected
2026-01-08.14:04:49.455|T|Call timeout detected
2026-01-08.14:04:49.455|T|Call timeout detected
2026-01-08.14:04:49.455|T|Call timeout detected
2026-01-08.14:04:49.455|T|Call timeout detected
2026-01-08.14:04:49.455|T|Call timeout detected
2026-01-08.14:04:49.455|T|Call timeout detected
2026-01-08.14:04:49.455|T|Call timeout detected
2026-01-08.14:04:49.455|T|Call timeout detected
2026-01-08.14:04:49.455|T|Call timeout detected
2026-01-08.14:04:49.455|T|Call timeout detected
2026-01-08.14:04:49.455|T|Call timeout detected
2026-01-08.14:04:49.455|T|Call timeout detected
2026-01-08.14:04:49.455|T|Call timeout detected
2026-01-08.14:04:49.455|T|Call timeout detected
2026-01-08.14:04:49.455|T|Call timeout detected
2026-01-08.14:04:49.455|T|Call timeout detected
2026-01-08.14:04:49.455|T|Call timeout detected
2026-01-08.14:04:49.455|T|Call timeout detected
2026-01-08.14:04:49.455|T|Call timeout detected
2026-01-08.14:04:49.455|T|Call timeout detected
2026-01-08.14:04:49.455|T|Call timeout detected
2026-01-08.14:04:49.455|T|Call timeout detected
2026-01-08.14:04:49.455|T|Call timeout detected
2026-01-08.14:04:49.455|T|Call timeout detected
2026-01-08.14:04:49.455|T|Call timeout detected
2026-01-08.14:04:49.455|T|Call timeout detected
2026-01-08.14:04:49.455|T|Call timeout detected
2026-01-08.14:04:49.455|T|Call timeout detected
2026-01-08.14:04:49.455|T|Call timeout detected
2026-01-08.14:04:49.455|T|Call timeout detected
2026-01-08.14:04:49.455|T|Call timeout detected
2026-01-08.14:04:49.455|T|Call timeout detected
2026-01-08.14:04:49.455|T|Call timeout detected
2026-01-08.14:04:49.455|T|Call timeout detected
2026-01-08.14:04:49.455|T|Call timeout detected
2026-01-08.14:04:49.455|T|Call timeout detected
2026-01-08.14:04:49.455|T|Call timeout detected
2026-01-08.14:04:49.455|T|Call timeout detected
2026-01-08.14:04:49.455|T|Call timeout detected
2026-01-08.14:04:49.455|T|Call timeout detected
2026-01-08.14:04:49.455|T|Call timeout detected
2026-01-08.14:04:49.455|T|Call timeout detected
2026-01-08.14:04:49.455|T|Call timeout detected
2026-01-08.14:04:49.455|T|Call timeout detected
2026-01-08.14:04:49.455|T|Call timeout detected
2026-01-08.14:04:49.455|T|Call timeout detected
2026-01-08.14:04:49.455|T|Call timeout detected
2026-01-08.14:04:49.455|T|Call timeout detected
2026-01-08.14:04:49.455|T|Call timeout detected
2026-01-08.14:04:49.455|T|Call timeout detected
2026-01-08.14:04:49.455|T|Call timeout detected
2026-01-08.14:04:49.455|T|Call timeout detected
2026-01-08.14:04:49.455|T|Call timeout detected
2026-01-08.14:04:49.455|T|Call timeout detected
2026-01-08.14:04:49.455|T|Call timeout detected
2026-01-08.14:04:49.455|T|Call timeout detected
2026-01-08.14:04:49.455|T|Call timeout detected
2026-01-08.14:04:49.455|T|Call timeout detected
2026-01-08.14:04:49.455|T|Call timeout detected
2026-01-08.14:04:49.455|T|Call timeout detected
2026-01-08.14:04:49.455|T|Call timeout detected
2026-01-08.14:04:49.455|T|Call timeout detected
2026-01-08.14:04:49.455|T|Call timeout detected
2026-01-08.14:04:49.455|T|Call timeout detected
2026-01-08.14:04:49.455|T|Call timeout detected
2026-01-08.14:04:49.456|T|Call timeout detected
2026-01-08.14:04:49.456|T|Call timeout detected
2026-01-08.14:04:49.456|T|Call timeout detected
2026-01-08.14:04:49.456|T|Call timeout detected
2026-01-08.14:04:49.456|T|Call timeout detected
2026-01-08.14:04:49.456|T|Call timeout detected
2026-01-08.14:04:49.456|T|Call timeout detected
2026-01-08.14:04:49.456|T|Call timeout detected
2026-01-08.14:04:49.456|T|Call timeout detected
2026-01-08.14:04:49.456|T|Call timeout detected
2026-01-08.14:04:49.456|T|Call timeout detected
2026-01-08.14:04:49.456|T|Call timeout detected
2026-01-08.14:04:49.456|T|Call timeout detected
2026-01-08.14:04:49.456|T|Call timeout detected
2026-01-08.14:04:49.456|T|Call timeout detected
2026-01-08.14:04:49.456|T|Call timeout detected
2026-01-08.14:04:49.456|T|Call timeout detected
2026-01-08.14:04:49.456|T|Call timeout detected
2026-01-08.14:04:49.456|T|Call timeout detected
2026-01-08.14:04:49.456|T|Call timeout detected
2026-01-08.14:04:49.456|T|Call timeout detected
2026-01-08.14:04:49.456|T|Call timeout detected
2026-01-08.14:04:49.456|T|Call timeout detected
2026-01-08.14:04:49.456|T|Call timeout detected
2026-01-08.14:04:49.456|T|Call timeout detected
2026-01-08.14:04:49.456|T|Call timeout detected
2026-01-08.14:04:49.456|T|Call timeout detected
2026-01-08.14:04:49.456|T|Call timeout detected
2026-01-08.14:04:49.456|T|Call timeout detected
2026-01-08.14:04:49.456|T|Call timeout detected
2026-01-08.14:04:49.456|T|Call timeout detected
2026-01-08.14:04:49.456|T|Call timeout detected
2026-01-08.14:04:49.456|T|Call timeout detected
2026-01-08.14:04:49.456|T|Call timeout detected
2026-01-08.14:04:49.456|T|Call timeout detected
2026-01-08.14:04:49.456|T|Call timeout detected
2026-01-08.14:04:49.456|T|Call timeout detected
2026-01-08.14:04:49.456|T|Call timeout detected
2026-01-08.14:04:49.456|T|Call timeout detected
2026-01-08.14:04:49.456|T|Call timeout detected
2026-01-08.14:04:49.456|T|Call timeout detected
2026-01-08.14:04:49.456|T|Call timeout detected
2026-01-08.14:04:49.456|T|Call timeout detected
2026-01-08.14:04:49.456|T|Call timeout detected
2026-01-08.14:04:49.456|T|Call timeout detected
2026-01-08.14:04:49.456|T|Call timeout detected
2026-01-08.14:04:49.456|T|Call timeout detected
2026-01-08.14:04:49.456|T|Call timeout detected
2026-01-08.14:04:49.456|T|Call timeout detected
2026-01-08.14:04:49.456|T|Call timeout detected
2026-01-08.14:04:49.456|T|Call timeout detected
2026-01-08.14:04:49.456|T|Call timeout detected
2026-01-08.14:04:49.456|T|Call timeout detected
2026-01-08.14:04:49.456|T|Call timeout detected
2026-01-08.14:04:49.456|T|Call timeout detected
2026-01-08.14:04:49.456|T|Call timeout detected
2026-01-08.14:04:49.506|T|Call timeout detected
2026-01-08.14:04:49.507|T|Call timeout detected
2026-01-08.14:04:49.507|T|Call timeout detected
2026-01-08.14:04:49.507|T|Call timeout detected
2026-01-08.14:04:49.507|T|Call timeout detected
2026-01-08.14:04:49.507|T|Call timeout detected
2026-01-08.14:04:49.507|T|Call timeout detected
2026-01-08.14:04:49.507|T|Call timeout detected
2026-01-08.14:04:49.507|T|Call timeout detected
2026-01-08.14:04:49.507|T|Call timeout detected
2026-01-08.14:04:49.507|T|Call timeout detected
2026-01-08.14:04:49.507|T|Call timeout detected
2026-01-08.14:04:49.507|T|Call timeout detected
2026-01-08.14:04:49.507|T|Call timeout detected
2026-01-08.14:04:49.507|T|Call timeout detected
2026-01-08.14:04:49.507|T|Call timeout detected
2026-01-08.14:04:49.507|T|Call timeout detected
2026-01-08.14:04:49.507|T|Call timeout detected
2026-01-08.14:04:49.507|T|Call timeout detected
2026-01-08.14:04:49.507|T|Call timeout detected
2026-01-08.14:04:49.507|T|Call timeout detected
2026-01-08.14:04:49.507|T|Call timeout detected
2026-01-08.14:04:49.507|T|Call timeout detected
2026-01-08.14:04:49.507|T|Call timeout detected
2026-01-08.14:04:49.507|T|Call timeout detected
2026-01-08.14:04:49.507|T|Call timeout detected
2026-01-08.14:04:49.507|T|Call timeout detected
2026-01-08.14:04:49.507|T|Call timeout detected
2026-01-08.14:04:49.507|T|Call timeout detected
2026-01-08.14:04:49.507|T|Call timeout detected
2026-01-08.14:04:49.507|T|Call timeout detected
2026-01-08.14:04:49.507|T|Call timeout detected
2026-01-08.14:04:49.507|T|Call timeout detected
2026-01-08.14:04:49.507|T|Call timeout detected
2026-01-08.14:04:49.507|T|Call timeout detected
2026-01-08.14:04:49.507|T|Call timeout detected
2026-01-08.14:04:49.507|T|Call timeout detected
2026-01-08.14:04:49.507|T|Call timeout detected
2026-01-08.14:04:49.507|T|Call timeout detected
2026-01-08.14:04:49.507|T|Call timeout detected
2026-01-08.14:04:49.507|T|Call timeout detected
2026-01-08.14:04:49.507|T|Call timeout detected
2026-01-08.14:04:49.507|T|Call timeout detected
2026-01-08.14:04:49.507|T|Call timeout detected
2026-01-08.14:04:49.507|T|Call timeout detected
2026-01-08.14:04:49.507|T|Call timeout detected
2026-01-08.14:04:49.507|T|Call timeout detected
2026-01-08.14:04:49.507|T|Call timeout detected
2026-01-08.14:04:49.507|T|Call timeout detected
2026-01-08.14:04:49.507|T|Call timeout detected
2026-01-08.14:04:49.507|T|Call timeout detected
2026-01-08.14:04:49.507|T|Call timeout detected
2026-01-08.14:04:49.507|T|Call timeout detected
2026-01-08.14:04:49.507|T|Call timeout detected
2026-01-08.14:04:49.507|T|Call timeout detected
2026-01-08.14:04:49.507|T|Call timeout detected
2026-01-08.14:04:49.508|T|Call timeout detected
2026-01-08.14:04:49.508|T|Call timeout detected
2026-01-08.14:04:49.508|T|Call timeout detected
2026-01-08.14:04:49.508|T|Call timeout detected
2026-01-08.14:04:49.508|T|Call timeout detected
2026-01-08.14:04:49.508|T|Call timeout detected
2026-01-08.14:04:49.508|T|Call timeout detected
2026-01-08.14:04:49.508|T|Call timeout detected
2026-01-08.14:04:49.508|T|Call timeout detected
2026-01-08.14:04:49.508|T|Call timeout detected
2026-01-08.14:04:49.508|T|Call timeout detected
2026-01-08.14:04:49.508|T|Call timeout detected
2026-01-08.14:04:49.508|T|Call timeout detected
2026-01-08.14:04:49.508|T|Call timeout detected
2026-01-08.14:04:49.508|T|Call timeout detected
2026-01-08.14:04:49.508|T|Call timeout detected
2026-01-08.14:04:49.508|T|Call timeout detected
2026-01-08.14:04:49.508|T|Call timeout detected
2026-01-08.14:04:49.508|T|Call timeout detected
2026-01-08.14:04:49.508|T|Call timeout detected
2026-01-08.14:04:49.558|T|Call timeout detected
2026-01-08.14:04:49.558|T|Call timeout detected
2026-01-08.14:04:49.558|T|Call timeout detected
2026-01-08.14:04:49.558|T|Call timeout detected
2026-01-08.14:04:49.558|T|Call timeout detected
2026-01-08.14:04:49.558|T|Call timeout detected
2026-01-08.14:04:49.558|T|Call timeout detected
2026-01-08.14:04:49.558|T|Call timeout detected
2026-01-08.14:04:49.558|T|Call timeout detected
2026-01-08.14:04:49.558|T|Call timeout detected
2026-01-08.14:04:49.558|T|Call timeout detected
2026-01-08.14:04:49.558|T|Call timeout detected
2026-01-08.14:04:49.558|T|Call timeout detected
2026-01-08.14:04:49.558|T|Call timeout detected
2026-01-08.14:04:49.558|T|Call timeout detected
2026-01-08.14:04:49.558|T|Call timeout detected
2026-01-08.14:04:49.558|T|Call timeout detected
2026-01-08.14:04:49.559|T|Call timeout detected
2026-01-08.14:04:49.559|T|Call timeout detected
2026-01-08.14:04:49.559|T|Call timeout detected
2026-01-08.14:04:49.559|T|Call timeout detected
2026-01-08.14:04:49.559|T|Call timeout detected
2026-01-08.14:04:49.559|T|Call timeout detected
2026-01-08.14:04:49.559|T|Call timeout detected
2026-01-08.14:04:49.559|T|Call timeout detected
2026-01-08.14:04:49.559|T|Call timeout detected
2026-01-08.14:04:49.559|T|Call timeout detected
2026-01-08.14:04:49.559|T|Call timeout detected
2026-01-08.14:04:49.559|T|Call timeout detected
2026-01-08.14:04:49.559|T|Call timeout detected
2026-01-08.14:04:49.559|T|Call timeout detected
2026-01-08.14:04:49.559|T|Call timeout detected
2026-01-08.14:04:49.559|T|Call timeout detected
2026-01-08.14:04:49.559|T|Call timeout detected
2026-01-08.14:04:49.559|T|Call timeout detected
2026-01-08.14:04:49.559|T|Call timeout detected
2026-01-08.14:04:49.559|T|Call timeout detected
2026-01-08.14:04:49.559|T|Call timeout detected
2026-01-08.14:04:49.559|T|Call timeout detected
2026-01-08.14:04:49.559|T|Call timeout detected
2026-01-08.14:04:49.559|T|Call timeout detected
2026-01-08.14:04:49.559|T|Call timeout detected
2026-01-08.14:04:49.559|T|Call timeout detected
2026-01-08.14:04:49.559|T|Call timeout detected
2026-01-08.14:04:49.559|T|Call timeout detected
2026-01-08.14:04:49.559|T|Call timeout detected
2026-01-08.14:04:49.559|T|Call timeout detected
2026-01-08.14:04:49.559|T|Call timeout detected
2026-01-08.14:04:49.559|T|Call timeout detected
2026-01-08.14:04:49.559|T|Call timeout detected
2026-01-08.14:04:49.559|T|Call timeout detected
2026-01-08.14:04:49.559|T|Call timeout detected
2026-01-08.14:04:49.559|T|Call timeout detected
2026-01-08.14:04:49.559|T|Call timeout detected
2026-01-08.14:04:49.559|T|Call timeout detected
2026-01-08.14:04:49.559|T|Call timeout detected
2026-01-08.14:04:49.559|T|Call timeout detected
2026-01-08.14:04:49.559|T|Call timeout detected
2026-01-08.14:04:49.559|T|Call timeout detected
2026-01-08.14:04:49.559|T|Call timeout detected
2026-01-08.14:04:49.559|T|Call timeout detected
2026-01-08.14:04:49.559|T|Call timeout detected
2026-01-08.14:04:49.559|T|Call timeout detected
2026-01-08.14:04:49.559|T|Call timeout detected
2026-01-08.14:04:49.559|T|Call timeout detected
2026-01-08.14:04:49.559|T|Call timeout detected
2026-01-08.14:04:49.559|T|Call timeout detected
2026-01-08.14:04:49.559|T|Call timeout detected
2026-01-08.14:04:49.559|T|Call timeout detected
2026-01-08.14:04:49.559|T|Call timeout detected
2026-01-08.14:04:49.559|T|Call timeout detected
2026-01-08.14:04:49.560|T|Call timeout detected
2026-01-08.14:04:49.560|T|Call timeout detected
2026-01-08.14:04:49.560|T|Call timeout detected
2026-01-08.14:04:49.560|T|Call timeout detected
2026-01-08.14:04:49.560|T|Call timeout detected
2026-01-08.14:04:49.560|T|Call timeout detected
2026-01-08.14:04:49.560|T|Call timeout detected
2026-01-08.14:04:49.560|T|Call timeout detected
2026-01-08.14:04:49.560|T|Call timeout detected
2026-01-08.14:04:49.560|T|Call timeout detected
2026-01-08.14:04:49.560|T|Call timeout detected
2026-01-08.14:04:49.560|T|Call timeout detected
2026-01-08.14:04:49.560|T|Call timeout detected
2026-01-08.14:04:49.560|T|Call timeout detected
2026-01-08.14:04:49.560|T|Call timeout detected
2026-01-08.14:04:49.560|T|Call timeout detected
2026-01-08.14:04:49.560|T|Call timeout detected
2026-01-08.14:04:49.560|T|Call timeout detected
2026-01-08.14:04:49.560|T|Call timeout detected
2026-01-08.14:04:49.560|T|Call timeout detected
2026-01-08.14:04:49.560|T|Call timeout detected
2026-01-08.14:04:49.560|T|Call timeout detected
2026-01-08.14:04:49.560|T|Call timeout detected
2026-01-08.14:04:49.560|T|Call timeout detected
2026-01-08.14:04:49.560|T|Call timeout detected
2026-01-08.14:04:49.560|T|Call timeout detected
2026-01-08.14:04:49.560|T|Call timeout detected
2026-01-08.14:04:49.560|T|Call timeout detected
2026-01-08.14:04:49.560|T|Call timeout detected
2026-01-08.14:04:49.560|T|Call timeout detected
2026-01-08.14:04:49.560|T|Call timeout detected
2026-01-08.14:04:49.560|T|Call timeout detected
2026-01-08.14:04:49.560|T|Call timeout detected
2026-01-08.14:04:49.560|T|Call timeout detected
2026-01-08.14:04:49.560|T|Call timeout detected
2026-01-08.14:04:49.560|T|Call timeout detected
2026-01-08.14:04:49.560|T|Call timeout detected
2026-01-08.14:04:49.560|T|Call timeout detected
2026-01-08.14:04:49.560|T|Call timeout detected
2026-01-08.14:04:49.560|T|Call timeout detected
2026-01-08.14:04:49.560|T|Call timeout detected
2026-01-08.14:04:49.560|T|Call timeout detected
2026-01-08.14:04:49.560|T|Call timeout detected
2026-01-08.14:04:49.560|T|Call timeout detected
2026-01-08.14:04:49.560|T|Call timeout detected
2026-01-08.14:04:49.560|T|Call timeout detected
2026-01-08.14:04:49.560|T|Call timeout detected
2026-01-08.14:04:49.560|T|Call timeout detected
2026-01-08.14:04:49.560|T|Call timeout detected
2026-01-08.14:04:49.560|T|Call timeout detected
2026-01-08.14:04:49.560|T|Call timeout detected
2026-01-08.14:04:49.560|T|Call timeout detected
2026-01-08.14:04:49.561|T|Call timeout detected
2026-01-08.14:04:49.611|T|Call timeout detected
2026-01-08.14:04:49.611|T|Call timeout detected
2026-01-08.14:04:49.611|T|Call timeout detected
2026-01-08.14:04:49.611|T|Call timeout detected
2026-01-08.14:04:49.611|T|Call timeout detected
2026-01-08.14:04:49.611|T|Call timeout detected
2026-01-08.14:04:49.611|T|Call timeout detected
2026-01-08.14:04:49.611|T|Call timeout detected
2026-01-08.14:04:49.611|T|Call timeout detected
2026-01-08.14:04:49.611|T|Call timeout detected
2026-01-08.14:04:49.611|T|Call timeout detected
2026-01-08.14:04:49.611|T|Call timeout detected
2026-01-08.14:04:49.611|T|Call timeout detected
2026-01-08.14:04:49.611|T|Call timeout detected
2026-01-08.14:04:49.611|T|Call timeout detected
2026-01-08.14:04:49.611|T|Call timeout detected
2026-01-08.14:04:49.611|T|Call timeout detected
2026-01-08.14:04:49.611|T|Call timeout detected
2026-01-08.14:04:49.611|T|Call timeout detected
2026-01-08.14:04:49.611|T|Call timeout detected
2026-01-08.14:04:49.611|T|Call timeout detected
2026-01-08.14:04:49.611|T|Call timeout detected
2026-01-08.14:04:49.611|T|Call timeout detected
2026-01-08.14:04:49.611|T|Call timeout detected
2026-01-08.14:04:49.611|T|Call timeout detected
2026-01-08.14:04:49.611|T|Call timeout detected
2026-01-08.14:04:49.611|T|Call timeout detected
2026-01-08.14:04:49.611|T|Call timeout detected
2026-01-08.14:04:49.611|T|Call timeout detected
2026-01-08.14:04:49.611|T|Call timeout detected
2026-01-08.14:04:49.611|T|Call timeout detected
2026-01-08.14:04:49.611|T|Call timeout detected
2026-01-08.14:04:49.611|T|Call timeout detected
2026-01-08.14:04:49.611|T|Call timeout detected
2026-01-08.14:04:49.611|T|Call timeout detected
2026-01-08.14:04:49.611|T|Call timeout detected
2026-01-08.14:04:49.611|T|Call timeout detected
2026-01-08.14:04:49.611|T|Call timeout detected
2026-01-08.14:04:49.611|T|Call timeout detected
2026-01-08.14:04:49.611|T|Call timeout detected
2026-01-08.14:04:49.611|T|Call timeout detected
2026-01-08.14:04:49.611|T|Call timeout detected
2026-01-08.14:04:49.611|T|Call timeout detected
2026-01-08.14:04:49.611|T|Call timeout detected
2026-01-08.14:04:49.611|T|Call timeout detected
2026-01-08.14:04:49.611|T|Call timeout detected
2026-01-08.14:04:49.611|T|Call timeout detected
2026-01-08.14:04:49.612|T|Call timeout detected
2026-01-08.14:04:49.612|T|Call timeout detected
2026-01-08.14:04:49.612|T|Call timeout detected
2026-01-08.14:04:49.612|T|Call timeout detected
2026-01-08.14:04:49.612|T|Call timeout detected
2026-01-08.14:04:49.612|T|Call timeout detected
2026-01-08.14:04:49.612|T|Call timeout detected
2026-01-08.14:04:49.612|T|Call timeout detected
2026-01-08.14:04:49.612|T|Call timeout detected
2026-01-08.14:04:49.612|T|Call timeout detected
2026-01-08.14:04:49.612|T|Call timeout detected
2026-01-08.14:04:49.612|T|Call timeout detected
2026-01-08.14:04:49.612|T|Call timeout detected
2026-01-08.14:04:49.612|T|Call timeout detected
2026-01-08.14:04:49.612|T|Call timeout detected
2026-01-08.14:04:49.612|T|Call timeout detected
2026-01-08.14:04:49.612|T|Call timeout detected
2026-01-08.14:04:49.612|T|Call timeout detected
2026-01-08.14:04:49.612|T|Call timeout detected
2026-01-08.14:04:49.612|T|Call timeout detected
2026-01-08.14:04:49.612|T|Call timeout detected
2026-01-08.14:04:49.612|T|Call timeout detected
2026-01-08.14:04:49.612|T|Call timeout detected
2026-01-08.14:04:49.612|T|Call timeout detected
2026-01-08.14:04:49.612|T|Call timeout detected
2026-01-08.14:04:49.612|T|Call timeout detected
2026-01-08.14:04:49.612|T|Call timeout detected
2026-01-08.14:04:49.612|T|Call timeout detected
2026-01-08.14:04:49.612|T|Call timeout detected
2026-01-08.14:04:49.612|T|Call timeout detected
2026-01-08.14:04:49.612|T|Call timeout detected
2026-01-08.14:04:49.612|T|Call timeout detected
2026-01-08.14:04:49.612|T|Call timeout detected
2026-01-08.14:04:49.612|T|Call timeout detected
2026-01-08.14:04:49.612|T|Call timeout detected
2026-01-08.14:04:49.612|T|Call timeout detected
2026-01-08.14:04:49.612|T|Call timeout detected
2026-01-08.14:04:49.612|T|Call timeout detected
2026-01-08.14:04:49.612|T|Call timeout detected
2026-01-08.14:04:49.612|T|Call timeout detected
2026-01-08.14:04:49.612|T|Call timeout detected
2026-01-08.14:04:49.612|T|Call timeout detected
2026-01-08.14:04:49.612|T|Call timeout detected
2026-01-08.14:04:49.612|T|Call timeout detected
2026-01-08.14:04:49.612|T|Call timeout detected
2026-01-08.14:04:49.612|T|Call timeout detected
2026-01-08.14:04:49.612|T|Call timeout detected
2026-01-08.14:04:49.612|T|Call timeout detected
2026-01-08.14:04:49.612|T|Call timeout detected
2026-01-08.14:04:49.612|T|Call timeout detected
2026-01-08.14:04:49.612|T|Call timeout detected
2026-01-08.14:04:49.612|T|Call timeout detected
2026-01-08.14:04:49.612|T|Call timeout detected
2026-01-08.14:04:49.612|T|Call timeout detected
2026-01-08.14:04:49.612|T|Call timeout detected
2026-01-08.14:04:49.612|T|Call timeout detected
2026-01-08.14:04:49.612|T|Call timeout detected
2026-01-08.14:04:49.612|T|Call timeout detected
2026-01-08.14:04:49.612|T|Call timeout detected
2026-01-08.14:04:49.612|T|Call timeout detected
2026-01-08.14:04:49.612|T|Call timeout detected
2026-01-08.14:04:49.612|T|Call timeout detected
2026-01-08.14:04:49.612|T|Call timeout detected
2026-01-08.14:04:49.612|T|Call timeout detected
2026-01-08.14:04:49.612|T|Call timeout detected
2026-01-08.14:04:49.612|T|Call timeout detected
2026-01-08.14:04:49.612|T|Call timeout detected
2026-01-08.14:04:49.612|T|Call timeout detected
2026-01-08.14:04:49.612|T|Call timeout detected
2026-01-08.14:04:49.612|T|Call timeout detected
2026-01-08.14:04:49.612|T|Call timeout detected
2026-01-08.14:04:49.612|T|Call timeout detected
2026-01-08.14:04:49.612|T|Call timeout detected
2026-01-08.14:04:49.612|T|Call timeout detected
2026-01-08.14:04:49.612|T|Call timeout detected
2026-01-08.14:04:49.612|T|Call timeout detected
2026-01-08.14:04:49.612|T|Call timeout detected
2026-01-08.14:04:49.613|T|Call timeout detected
2026-01-08.14:04:49.613|T|Call timeout detected
2026-01-08.14:04:49.613|T|Call timeout detected
2026-01-08.14:04:49.613|T|Call timeout detected
2026-01-08.14:04:49.613|T|Call timeout detected
2026-01-08.14:04:49.613|T|Call timeout detected
2026-01-08.14:04:49.613|T|Call timeout detected
2026-01-08.14:04:49.613|T|Call timeout detected
2026-01-08.14:04:49.613|T|Call timeout detected
2026-01-08.14:04:49.613|T|Call timeout detected
2026-01-08.14:04:49.613|T|Call timeout detected
2026-01-08.14:04:49.613|T|Call timeout detected
2026-01-08.14:04:49.613|T|Call timeout detected
2026-01-08.14:04:49.613|T|Call timeout detected
2026-01-08.14:04:49.613|T|Call timeout detected
2026-01-08.14:04:49.613|T|Call timeout detected
2026-01-08.14:04:49.613|T|Call timeout detected
2026-01-08.14:04:49.613|T|Call timeout detected
2026-01-08.14:04:49.613|T|Call timeout detected
2026-01-08.14:04:49.613|T|Call timeout detected
2026-01-08.14:04:49.613|T|Call timeout detected
2026-01-08.14:04:49.613|T|Call timeout detected
2026-01-08.14:04:49.613|T|Call timeout detected
2026-01-08.14:04:49.613|T|Call timeout detected
2026-01-08.14:04:49.613|T|Call timeout detected
2026-01-08.14:04:49.613|T|Call timeout detected
2026-01-08.14:04:49.613|T|Call timeout detected
2026-01-08.14:04:49.613|T|Call timeout detected
2026-01-08.14:04:49.613|T|Call timeout detected
2026-01-08.14:04:49.613|T|Call timeout detected
2026-01-08.14:04:49.613|T|Call timeout detected
2026-01-08.14:04:49.613|T|Call timeout detected
2026-01-08.14:04:49.613|T|Call timeout detected
2026-01-08.14:04:49.613|T|Call timeout detected
2026-01-08.14:04:49.613|T|Call timeout detected
2026-01-08.14:04:49.613|T|Call timeout detected
2026-01-08.14:04:49.613|T|Call timeout detected
2026-01-08.14:04:49.613|T|Call timeout detected
2026-01-08.14:04:49.613|T|Call timeout detected
2026-01-08.14:04:49.613|T|Call timeout detected
2026-01-08.14:04:49.613|T|Call timeout detected
2026-01-08.14:04:49.613|T|Call timeout detected
2026-01-08.14:04:49.613|T|Call timeout detected
2026-01-08.14:04:49.613|T|Call timeout detected
2026-01-08.14:04:49.613|T|Call timeout detected
2026-01-08.14:04:49.613|T|Call timeout detected
2026-01-08.14:04:49.613|T|Call timeout detected
2026-01-08.14:04:49.613|T|Call timeout detected
2026-01-08.14:04:49.613|T|Call timeout detected
2026-01-08.14:04:49.613|T|Call timeout detected
2026-01-08.14:04:49.613|T|Call timeout detected
2026-01-08.14:04:49.613|T|Call timeout detected
2026-01-08.14:04:49.613|T|Call timeout detected
2026-01-08.14:04:49.613|T|Call timeout detected
2026-01-08.14:04:49.613|T|Call timeout detected
2026-01-08.14:04:49.613|T|Call timeout detected
2026-01-08.14:04:49.613|T|Call timeout detected
2026-01-08.14:04:49.613|T|Call timeout detected
2026-01-08.14:04:49.613|T|Call timeout detected
2026-01-08.14:04:49.613|T|Call timeout detected
2026-01-08.14:04:49.613|T|Call timeout detected
2026-01-08.14:04:49.613|T|Call timeout detected
2026-01-08.14:04:49.613|T|Call timeout detected
2026-01-08.14:04:49.613|T|Call timeout detected
2026-01-08.14:04:49.613|T|Call timeout detected
2026-01-08.14:04:49.613|T|Call timeout detected
2026-01-08.14:04:49.613|T|Call timeout detected
2026-01-08.14:04:49.613|T|Call timeout detected
2026-01-08.14:04:49.613|T|Call timeout detected
2026-01-08.14:04:49.613|T|Call timeout detected
2026-01-08.14:04:49.613|T|Call timeout detected
2026-01-08.14:04:49.613|T|Call timeout detected
2026-01-08.14:04:49.613|T|Call timeout detected
2026-01-08.14:04:49.613|T|Call timeout detected
2026-01-08.14:04:49.613|T|Call timeout detected
2026-01-08.14:04:49.614|T|Call timeout detected
2026-01-08.14:04:49.664|T|Call timeout detected
2026-01-08.14:04:49.664|T|Call timeout detected
2026-01-08.14:04:49.664|T|Call timeout detected
2026-01-08.14:04:49.664|T|Call timeout detected
2026-01-08.14:04:49.664|T|Call timeout detected
2026-01-08.14:04:49.664|T|Call timeout detected
2026-01-08.14:04:49.664|T|Call timeout detected
2026-01-08.14:04:49.664|T|Call timeout detected
2026-01-08.14:04:49.664|T|Call timeout detected
2026-01-08.14:04:49.664|T|Call timeout detected
2026-01-08.14:04:49.664|T|Call timeout detected
2026-01-08.14:04:49.664|T|Call timeout detected
2026-01-08.14:04:49.664|T|Call timeout detected
2026-01-08.14:04:49.664|T|Call timeout detected
2026-01-08.14:04:49.664|T|Call timeout detected
2026-01-08.14:04:49.664|T|Call timeout detected
2026-01-08.14:04:49.664|T|Call timeout detected
2026-01-08.14:04:49.664|T|Call timeout detected
2026-01-08.14:04:49.664|T|Call timeout detected
2026-01-08.14:04:49.664|T|Call timeout detected
2026-01-08.14:04:49.664|T|Call timeout detected
2026-01-08.14:04:49.664|T|Call timeout detected
2026-01-08.14:04:49.664|T|Call timeout detected
2026-01-08.14:04:49.664|T|Call timeout detected
2026-01-08.14:04:49.664|T|Call timeout detected
2026-01-08.14:04:49.664|T|Call timeout detected
2026-01-08.14:04:49.664|T|Call timeout detected
2026-01-08.14:04:49.664|T|Call timeout detected
2026-01-08.14:04:49.664|T|Call timeout detected
2026-01-08.14:04:49.664|T|Call timeout detected
2026-01-08.14:04:49.664|T|Call timeout detected
2026-01-08.14:04:49.664|T|Call timeout detected
2026-01-08.14:04:49.664|T|Call timeout detected
2026-01-08.14:04:49.664|T|Call timeout detected
2026-01-08.14:04:49.664|T|Call timeout detected
2026-01-08.14:04:49.664|T|Call timeout detected
2026-01-08.14:04:49.664|T|Call timeout detected
2026-01-08.14:04:49.664|T|Call timeout detected
2026-01-08.14:04:49.664|T|Call timeout detected
2026-01-08.14:04:49.664|T|Call timeout detected
2026-01-08.14:04:49.664|T|Call timeout detected
2026-01-08.14:04:49.664|T|Call timeout detected
2026-01-08.14:04:49.664|T|Call timeout detected
2026-01-08.14:04:49.664|T|Call timeout detected
2026-01-08.14:04:49.664|T|Call timeout detected
2026-01-08.14:04:49.664|T|Call timeout detected
2026-01-08.14:04:49.665|T|Call timeout detected
2026-01-08.14:04:49.665|T|Call timeout detected
2026-01-08.14:04:49.665|T|Call timeout detected
2026-01-08.14:04:49.665|T|Call timeout detected
2026-01-08.14:04:49.665|T|Call timeout detected
2026-01-08.14:04:49.665|T|Call timeout detected
2026-01-08.14:04:49.665|T|Call timeout detected
2026-01-08.14:04:49.665|T|Call timeout detected
2026-01-08.14:04:49.665|T|Call timeout detected
2026-01-08.14:04:49.665|T|Call timeout detected
2026-01-08.14:04:49.665|T|Call timeout detected
2026-01-08.14:04:49.665|T|Call timeout detected
2026-01-08.14:04:49.665|T|Call timeout detected
2026-01-08.14:04:49.665|T|Call timeout detected
2026-01-08.14:04:49.665|T|Call timeout detected
2026-01-08.14:04:49.665|T|Call timeout detected
2026-01-08.14:04:49.665|T|Call timeout detected
2026-01-08.14:04:49.665|T|Call timeout detected
2026-01-08.14:04:49.665|T|Call timeout detected
2026-01-08.14:04:49.665|T|Call timeout detected
2026-01-08.14:04:49.665|T|Call timeout detected
2026-01-08.14:04:49.665|T|Call timeout detected
2026-01-08.14:04:49.665|T|Call timeout detected
2026-01-08.14:04:49.665|T|Call timeout detected
2026-01-08.14:04:49.665|T|Call timeout detected
2026-01-08.14:04:49.665|T|Call timeout detected
2026-01-08.14:04:49.665|T|Call timeout detected
2026-01-08.14:04:49.665|T|Call timeout detected
2026-01-08.14:04:49.665|T|Call timeout detected
2026-01-08.14:04:49.665|T|Call timeout detected
2026-01-08.14:04:49.665|T|Call timeout detected
2026-01-08.14:04:49.665|T|Call timeout detected
2026-01-08.14:04:49.665|T|Call timeout detected
2026-01-08.14:04:49.665|T|Call timeout detected
2026-01-08.14:04:49.665|T|Call timeout detected
2026-01-08.14:04:49.665|T|Call timeout detected
2026-01-08.14:04:49.665|T|Call timeout detected
2026-01-08.14:04:49.665|T|Call timeout detected
2026-01-08.14:04:49.665|T|Call timeout detected
2026-01-08.14:04:49.665|T|Call timeout detected
2026-01-08.14:04:49.665|T|Call timeout detected
2026-01-08.14:04:49.665|T|Call timeout detected
2026-01-08.14:04:49.665|T|Call timeout detected
2026-01-08.14:04:49.665|T|Call timeout detected
2026-01-08.14:04:49.665|T|Call timeout detected
2026-01-08.14:04:49.665|T|Call timeout detected
2026-01-08.14:04:49.665|T|Call timeout detected
2026-01-08.14:04:49.665|T|Call timeout detected
2026-01-08.14:04:49.665|T|Call timeout detected
2026-01-08.14:04:49.665|T|Call timeout detected
2026-01-08.14:04:49.665|T|Call timeout detected
2026-01-08.14:04:49.665|T|Call timeout detected
2026-01-08.14:04:49.665|T|Call timeout detected
2026-01-08.14:04:49.665|T|Call timeout detected
2026-01-08.14:04:49.665|T|Call timeout detected
2026-01-08.14:04:49.665|T|Call timeout detected
2026-01-08.14:04:49.665|T|Call timeout detected
2026-01-08.14:04:49.665|T|Call timeout detected
2026-01-08.14:04:49.665|T|Call timeout detected
2026-01-08.14:04:49.665|T|Call timeout detected
2026-01-08.14:04:49.665|T|Call timeout detected
2026-01-08.14:04:49.665|T|Call timeout detected
2026-01-08.14:04:49.665|T|Call timeout detected
2026-01-08.14:04:49.665|T|Call timeout detected
2026-01-08.14:04:49.665|T|Call timeout detected
2026-01-08.14:04:49.665|T|Call timeout detected
2026-01-08.14:04:49.665|T|Call timeout detected
2026-01-08.14:04:49.666|T|Call timeout detected
2026-01-08.14:04:49.666|T|Call timeout detected
2026-01-08.14:04:49.666|T|Call timeout detected
2026-01-08.14:04:49.666|T|Call timeout detected
2026-01-08.14:04:49.666|T|Call timeout detected
2026-01-08.14:04:49.666|T|Call timeout detected
2026-01-08.14:04:49.666|T|Call timeout detected
2026-01-08.14:04:49.666|T|Call timeout detected
2026-01-08.14:04:49.666|T|Call timeout detected
2026-01-08.14:04:49.666|T|Call timeout detected
2026-01-08.14:04:49.666|T|Call timeout detected
2026-01-08.14:04:49.666|T|Call timeout detected
2026-01-08.14:04:49.666|T|Call timeout detected
2026-01-08.14:04:49.666|T|Call timeout detected
2026-01-08.14:04:49.666|T|Call timeout detected
2026-01-08.14:04:49.666|T|Call timeout detected
2026-01-08.14:04:49.666|T|Call timeout detected
2026-01-08.14:04:49.666|T|Call timeout detected
2026-01-08.14:04:49.666|T|Call timeout detected
2026-01-08.14:04:49.666|T|Call timeout detected
2026-01-08.14:04:49.666|T|Call timeout detected
2026-01-08.14:04:49.666|T|Call timeout detected
2026-01-08.14:04:49.666|T|Call timeout detected
2026-01-08.14:04:49.666|T|Call timeout detected
2026-01-08.14:04:49.666|T|Call timeout detected
2026-01-08.14:04:49.666|T|Call timeout detected
2026-01-08.14:04:49.666|T|Call timeout detected
2026-01-08.14:04:49.666|T|Call timeout detected
2026-01-08.14:04:49.666|T|Call timeout detected
2026-01-08.14:04:49.666|T|Call timeout detected
2026-01-08.14:04:49.666|T|Call timeout detected
2026-01-08.14:04:49.666|T|Call timeout detected
2026-01-08.14:04:49.666|T|Call timeout detected
2026-01-08.14:04:49.666|T|Call timeout detected
2026-01-08.14:04:49.666|T|Call timeout detected
2026-01-08.14:04:49.666|T|Call timeout detected
2026-01-08.14:04:49.666|T|Call timeout detected
2026-01-08.14:04:49.666|T|Call timeout detected
2026-01-08.14:04:49.666|T|Call timeout detected
2026-01-08.14:04:49.666|T|Call timeout detected
2026-01-08.14:04:49.666|T|Call timeout detected
2026-01-08.14:04:49.666|T|Call timeout detected
2026-01-08.14:04:49.666|T|Call timeout detected
2026-01-08.14:04:49.666|T|Call timeout detected
2026-01-08.14:04:49.666|T|Call timeout detected
2026-01-08.14:04:49.666|T|Call timeout detected
2026-01-08.14:04:49.666|T|Call timeout detected
2026-01-08.14:04:49.666|T|Call timeout detected
2026-01-08.14:04:49.666|T|Call timeout detected
2026-01-08.14:04:49.666|T|Call timeout detected
2026-01-08.14:04:49.666|T|Call timeout detected
2026-01-08.14:04:49.666|T|Call timeout detected
2026-01-08.14:04:49.666|T|Call timeout detected
2026-01-08.14:04:49.666|T|Call timeout detected
2026-01-08.14:04:49.666|T|Call timeout detected
2026-01-08.14:04:49.666|T|Call timeout detected
2026-01-08.14:04:49.666|T|Call timeout detected
2026-01-08.14:04:49.666|T|Call timeout detected
2026-01-08.14:04:49.666|T|Call timeout detected
2026-01-08.14:04:49.666|T|Call timeout detected
2026-01-08.14:04:49.666|T|Call timeout detected
2026-01-08.14:04:49.666|T|Call timeout detected
2026-01-08.14:04:49.666|T|Call timeout detected
2026-01-08.14:04:49.666|T|Call timeout detected
2026-01-08.14:04:49.666|T|Call timeout detected
2026-01-08.14:04:49.666|T|Call timeout detected
2026-01-08.14:04:49.666|T|Call timeout detected
2026-01-08.14:04:49.666|T|Call timeout detected
2026-01-08.14:04:49.666|T|Call timeout detected
2026-01-08.14:04:49.667|T|Call timeout detected
2026-01-08.14:04:49.667|T|Call timeout detected
2026-01-08.14:04:49.667|T|Call timeout detected
2026-01-08.14:04:49.667|T|Call timeout detected
2026-01-08.14:04:49.667|T|Call timeout detected
2026-01-08.14:04:49.667|T|Call timeout detected
2026-01-08.14:04:49.667|T|Call timeout detected
2026-01-08.14:04:49.667|T|Call timeout detected
2026-01-08.14:04:49.667|T|Call timeout detected
2026-01-08.14:04:49.667|T|Call timeout detected
2026-01-08.14:04:49.667|T|Call timeout detected
2026-01-08.14:04:49.667|T|Call timeout detected
2026-01-08.14:04:49.667|T|Call timeout detected
2026-01-08.14:04:49.667|T|Call timeout detected
2026-01-08.14:04:49.667|T|Call timeout detected
2026-01-08.14:04:49.667|T|Call timeout detected
2026-01-08.14:04:49.667|T|Call timeout detected
2026-01-08.14:04:49.667|T|Call timeout detected
2026-01-08.14:04:49.717|T|Call timeout detected
2026-01-08.14:04:49.717|T|Call timeout detected
2026-01-08.14:04:49.717|T|Call timeout detected
2026-01-08.14:04:49.717|T|Call timeout detected
2026-01-08.14:04:49.717|T|Call timeout detected
2026-01-08.14:04:49.717|T|Call timeout detected
2026-01-08.14:04:49.717|T|Call timeout detected
2026-01-08.14:04:49.717|T|Call timeout detected
2026-01-08.14:04:49.717|T|Call timeout detected
2026-01-08.14:04:49.717|T|Call timeout detected
2026-01-08.14:04:49.717|T|Call timeout detected
2026-01-08.14:04:49.717|T|Call timeout detected
2026-01-08.14:04:49.717|T|Call timeout detected
2026-01-08.14:04:49.717|T|Call timeout detected
2026-01-08.14:04:49.717|T|Call timeout detected
2026-01-08.14:04:49.717|T|Call timeout detected
2026-01-08.14:04:49.717|T|Call timeout detected
2026-01-08.14:04:49.718|T|Call timeout detected
2026-01-08.14:04:49.718|T|Call timeout detected
2026-01-08.14:04:49.718|T|Call timeout detected
2026-01-08.14:04:49.718|T|Call timeout detected
2026-01-08.14:04:49.718|T|Call timeout detected
2026-01-08.14:04:49.718|T|Call timeout detected
2026-01-08.14:04:49.718|T|Call timeout detected
2026-01-08.14:04:49.718|T|Call timeout detected
2026-01-08.14:04:49.718|T|Call timeout detected
2026-01-08.14:04:49.718|T|Call timeout detected
2026-01-08.14:04:49.718|T|Call timeout detected
2026-01-08.14:04:49.718|T|Call timeout detected
2026-01-08.14:04:49.718|T|Call timeout detected
2026-01-08.14:04:49.718|T|Call timeout detected
2026-01-08.14:04:49.718|T|Call timeout detected
2026-01-08.14:04:49.718|T|Call timeout detected
2026-01-08.14:04:49.718|T|Call timeout detected
2026-01-08.14:04:49.718|T|Call timeout detected
2026-01-08.14:04:49.718|T|Call timeout detected
2026-01-08.14:04:49.718|T|Call timeout detected
2026-01-08.14:04:49.718|T|Call timeout detected
2026-01-08.14:04:49.718|T|Call timeout detected
2026-01-08.14:04:49.718|T|Call timeout detected
2026-01-08.14:04:49.718|T|Call timeout detected
2026-01-08.14:04:49.718|T|Call timeout detected
2026-01-08.14:04:49.718|T|Call timeout detected
2026-01-08.14:04:49.718|T|Call timeout detected
2026-01-08.14:04:49.718|T|Call timeout detected
2026-01-08.14:04:49.718|T|Call timeout detected
2026-01-08.14:04:49.718|T|Call timeout detected
2026-01-08.14:04:49.718|T|Call timeout detected
2026-01-08.14:04:49.718|T|Call timeout detected
2026-01-08.14:04:49.718|T|Call timeout detected
2026-01-08.14:04:50.320|T|Call timeout detected
2026-01-08.14:04:51.324|T|Call timeout detected
2026-01-08.14:04:52.330|T|Call timeout detected
2026-01-08.14:04:53.334|T|Call timeout detected
2026-01-08.14:04:54.338|T|Call timeout detected
2026-01-08.14:04:55.342|T|Call timeout detected
2026-01-08.14:04:56.346|T|Call timeout detected
2026-01-08.14:04:57.352|T|Call timeout detected
2026-01-08.14:04:58.307|T|Call timeout detected
2026-01-08.14:04:59.311|T|Call timeout detected
2026-01-08.14:05:00.366|T|Call timeout detected
2026-01-08.14:05:01.371|T|Call timeout detected
2026-01-08.14:05:02.375|T|Call timeout detected
2026-01-08.14:05:03.380|T|Call timeout detected
2026-01-08.14:05:04.334|T|Call timeout detected
2026-01-08.14:05:05.338|T|Call timeout detected
2026-01-08.14:05:06.342|T|Call timeout detected
2026-01-08.14:05:07.346|T|Call timeout detected
2026-01-08.14:05:08.356|T|Call timeout detected
2026-01-08.14:05:09.359|T|Call timeout detected
2026-01-08.14:05:10.363|T|Call timeout detected
2026-01-08.14:05:11.368|T|Call timeout detected
2026-01-08.14:05:12.374|T|Call timeout detected
2026-01-08.14:05:13.378|T|Call timeout detected
2026-01-08.14:05:14.383|T|Call timeout detected
2026-01-08.14:05:15.337|T|Call timeout detected
2026-01-08.14:05:16.341|T|Call timeout detected
2026-01-08.14:05:17.345|T|Call timeout detected
2026-01-08.14:05:18.308|T|Call timeout detected
2026-01-08.14:05:19.311|T|Call timeout detected
2026-01-08.14:05:20.315|T|Call timeout detected
2026-01-08.14:05:21.319|T|Call timeout detected
2026-01-08.14:05:22.326|T|Call timeout detected
2026-01-08.14:05:23.333|T|Call timeout detected
2026-01-08.14:05:24.337|T|Call timeout detected
2026-01-08.14:05:25.340|T|Call timeout detected
2026-01-08.14:05:26.294|T|Call timeout detected
2026-01-08.14:05:27.300|T|Call timeout detected
2026-01-08.14:05:28.308|T|Call timeout detected
2026-01-08.14:05:29.312|T|Call timeout detected
2026-01-08.14:05:30.365|T|Call timeout detected
2026-01-08.14:05:31.369|T|Call timeout detected
2026-01-08.14:05:32.373|T|Call timeout detected
2026-01-08.14:05:33.377|T|Call timeout detected
2026-01-08.14:05:34.381|T|Call timeout detected
2026-01-08.14:05:35.336|T|Call timeout detected
2026-01-08.14:05:36.339|T|Call timeout detected
2026-01-08.14:05:37.343|T|Call timeout detected
2026-01-08.14:05:38.349|T|Call timeout detected
2026-01-08.14:05:39.356|T|Call timeout detected
2026-01-08.14:05:40.360|T|Call timeout detected
2026-01-08.14:05:41.363|T|Call timeout detected
2026-01-08.14:05:42.367|T|Call timeout detected
2026-01-08.14:05:43.371|T|Call timeout detected
2026-01-08.14:05:44.376|T|Call timeout detected
2026-01-08.14:05:45.380|T|Call timeout detected
2026-01-08.14:05:46.333|T|Call timeout detected
2026-01-08.14:05:47.337|T|Call timeout detected
2026-01-08.14:05:48.342|T|Call timeout detected
2026-01-08.14:05:49.345|T|Call timeout detected
2026-01-08.14:05:50.350|T|Call timeout detected
2026-01-08.14:05:51.356|T|Call timeout detected
2026-01-08.14:05:52.360|T|Call timeout detected
2026-01-08.14:05:53.364|T|Call timeout detected
2026-01-08.14:05:54.369|T|Call timeout detected
2026-01-08.14:05:55.372|T|Call timeout detected
2026-01-08.14:05:56.353|T|Call timeout detected
2026-01-08.14:05:57.359|T|Call timeout detected
2026-01-08.14:05:58.312|T|Call timeout detected
2026-01-08.14:05:59.315|T|Call timeout detected
2026-01-08.14:06:00.319|T|Call timeout detected
2026-01-08.14:06:01.323|T|Call timeout detected
2026-01-08.14:06:02.326|T|Call timeout detected
2026-01-08.14:06:03.330|T|Call timeout detected
2026-01-08.14:06:04.334|T|Call timeout detected
2026-01-08.14:06:05.338|T|Call timeout detected
2026-01-08.14:06:05.739|A|STOP  log
