StartTime;LastResetTime;CurrentTime;ElapsedTime(P);ElapsedTime(C);Rate(P);Rate(C);IncomingCall(P);IncomingCall(C);OutgoingCall(P);OutgoingCall(C);MsgRecvPerS(P);MsgRecvPerS(C);MsgSendPerS(P);MsgSendPerS(C);UnexpectedMsg(P);UnexpectedMsg(C);CurrentCall;InitSuccessfulCall(P);InitSuccessfulCall(C);TrafficSuccessfulCall(P);TrafficSuccessfulCall(C);DefaultSuccessfulCall(P);DefaultSuccessfulCall(C);AbortSuccessfulCall(P);AbortSuccessfulCall(C);FailedCall(P);FailedCall(C);FailedRefused(P);FailedRefused(C);FailedAborted(P);FailedAborted(C);FailedTimeout(P);FailedTimeout(C);ResponseTime(P);ResponseTime(C);ResponseTimeRepartition;<50;<75;<100;<150;<300;<5000;>=5000;
2026-01-07 17:02:47;2026-01-07 17:02:47;2026-01-07 17:02:47;00:00:00;00:00:00;0;0;0;0;0;0;0;0;0;0;0;0;0;0;0;0;0;0;0;0;0;0;0;0;0;0;0;0;0;00:00:00:000;00:00:00:000;;0;0;0;0;0;0;0;
2026-01-07 17:02:47;2026-01-07 17:02:47;2026-01-07 17:02:48;00:00:01;00:00:01;0;0;0;0;0;0;0;0;0;0;0;0;0;0;0;0;0;0;0;0;0;0;0;0;0;0;0;0;0;00:00:00:000;00:00:00:000;;0;0;0;0;0;0;0;
2026-01-07 17:02:47;2026-01-07 17:02:48;2026-01-07 17:02:49;00:00:01;00:00:02;0;0;0;0;0;0;0;0;0;0;0;0;0;0;0;0;0;0;0;0;0;0;0;0;0;0;0;0;0;00:00:00:000;00:00:00:000;;0;0;0;0;0;0;0;
2026-01-07 17:02:47;2026-01-07 17:02:50;2026-01-07 17:02:50;00:00:01;00:00:03;0;0;0;0;0;0;0;0;0;0;0;0;0;0;0;0;0;0;0;0;0;0;0;0;0;0;0;0;0;00:00:00:000;00:00:00:000;;0;0;0;0;0;0;0;
2026-01-07 17:02:47;2026-01-07 17:02:50;2026-01-07 17:02:51;00:00:01;00:00:04;0;0;0;0;0;0;0;0;0;0;0;0;0;0;0;0;0;0;0;0;0;0;0;0;0;0;0;0;0;00:00:00:000;00:00:00:000;;0;0;0;0;0;0;0;
2026-01-07 17:02:47;2026-01-07 17:02:51;2026-01-07 17:02:52;00:00:01;00:00:05;0;0;0;0;0;0;0;0;0;0;0;0;0;0;0;0;0;0;0;0;0;0;0;0;0;0;0;0;0;00:00:00:000;00:00:00:000;;0;0;0;0;0;0;0;
2026-01-07 17:02:47;2026-01-07 17:02:52;2026-01-07 17:02:53;00:00:01;00:00:06;0;0;0;0;0;0;0;0;0;0;0;0;0;0;0;0;0;0;0;0;0;0;0;0;0;0;0;0;0;00:00:00:000;00:00:00:000;;0;0;0;0;0;0;0;
2026-01-07 17:02:47;2026-01-07 17:02:53;2026-01-07 17:02:54;00:00:01;00:00:07;0;0;0;0;0;0;0;0;0;0;0;0;0;0;0;0;0;0;0;0;0;0;0;0;0;0;0;0;0;00:00:00:000;00:00:00:000;;0;0;0;0;0;0;0;
2026-01-07 17:02:47;2026-01-07 17:02:54;2026-01-07 17:02:55;00:00:01;00:00:08;0;0;0;0;0;0;0;0;0;0;0;0;0;0;0;0;0;0;0;0;0;0;0;0;0;0;0;0;0;00:00:00:000;00:00:00:000;;0;0;0;0;0;0;0;
2026-01-07 17:02:47;2026-01-07 17:02:55;2026-01-07 17:02:56;00:00:01;00:00:09;0;0;0;0;0;0;0;0;0;0;0;0;0;0;0;0;0;0;0;0;0;0;0;0;0;0;0;0;0;00:00:00:000;00:00:00:000;;0;0;0;0;0;0;0;
2026-01-07 17:02:47;2026-01-07 17:02:56;2026-01-07 17:02:57;00:00:01;00:00:10;0;0;0;0;0;0;0;0;0;0;0;0;0;0;0;0;0;0;0;0;0;0;0;0;0;0;0;0;0;00:00:00:000;00:00:00:000;;0;0;0;0;0;0;0;
2026-01-07 17:02:47;2026-01-07 17:02:57;2026-01-07 17:02:58;00:00:01;00:00:11;0;0;0;0;0;0;0;0;0;0;0;0;0;0;0;0;0;0;0;0;0;0;0;0;0;0;0;0;0;00:00:00:000;00:00:00:000;;0;0;0;0;0;0;0;
2026-01-07 17:02:47;2026-01-07 17:02:58;2026-01-07 17:02:59;00:00:01;00:00:12;0;0;0;0;0;0;0;0;0;0;0;0;0;0;0;0;0;0;0;0;0;0;0;0;0;0;0;0;0;00:00:00:000;00:00:00:000;;0;0;0;0;0;0;0;
2026-01-07 17:02:47;2026-01-07 17:02:59;2026-01-07 17:03:00;00:00:01;00:00:13;0;0;0;0;0;0;0;0;0;0;0;0;0;0;0;0;0;0;0;0;0;0;0;0;0;0;0;0;0;00:00:00:000;00:00:00:000;;0;0;0;0;0;0;0;
2026-01-07 17:02:47;2026-01-07 17:03:00;2026-01-07 17:03:01;00:00:01;00:00:14;0;0;0;0;0;0;0;0;0;0;0;0;0;0;0;0;0;0;0;0;0;0;0;0;0;0;0;0;0;00:00:00:000;00:00:00:000;;0;0;0;0;0;0;0;
2026-01-07 17:02:47;2026-01-07 17:03:01;2026-01-07 17:03:02;00:00:01;00:00:15;0;0;0;0;0;0;0;0;0;0;0;0;0;0;0;0;0;0;0;0;0;0;0;0;0;0;0;0;0;00:00:00:000;00:00:00:000;;0;0;0;0;0;0;0;
2026-01-07 17:02:47;2026-01-07 17:03:02;2026-01-07 17:03:03;00:00:01;00:00:16;0;0;0;0;0;0;0;0;0;0;0;0;0;0;0;0;0;0;0;0;0;0;0;0;0;0;0;0;0;00:00:00:000;00:00:00:000;;0;0;0;0;0;0;0;
2026-01-07 17:02:47;2026-01-07 17:03:03;2026-01-07 17:03:04;00:00:01;00:00:17;0;0;0;0;0;0;0;0;0;0;0;0;0;0;0;0;0;0;0;0;0;0;0;0;0;0;0;0;0;00:00:00:000;00:00:00:000;;0;0;0;0;0;0;0;
2026-01-07 17:02:47;2026-01-07 17:03:04;2026-01-07 17:03:05;00:00:01;00:00:18;0;0;0;0;0;0;0;0;0;0;0;0;0;0;0;0;0;0;0;0;0;0;0;0;0;0;0;0;0;00:00:00:000;00:00:00:000;;0;0;0;0;0;0;0;
2026-01-07 17:02:47;2026-01-07 17:03:05;2026-01-07 17:03:06;00:00:01;00:00:19;0;0;0;0;0;0;0;0;0;0;0;0;0;0;0;0;0;0;0;0;0;0;0;0;0;0;0;0;0;00:00:00:000;00:00:00:000;;0;0;0;0;0;0;0;
2026-01-07 17:02:47;2026-01-07 17:03:06;2026-01-07 17:03:07;00:00:01;00:00:20;0;0;0;0;0;0;0;0;0;0;0;0;0;0;0;0;0;0;0;0;0;0;0;0;0;0;0;0;0;00:00:00:000;00:00:00:000;;0;0;0;0;0;0;0;
2026-01-07 17:02:47;2026-01-07 17:03:07;2026-01-07 17:03:08;00:00:01;00:00:21;0;0;0;0;0;0;0;0;0;0;0;0;0;0;0;0;0;0;0;0;0;0;0;0;0;0;0;0;0;00:00:00:000;00:00:00:000;;0;0;0;0;0;0;0;
2026-01-07 17:02:47;2026-01-07 17:03:08;2026-01-07 17:03:09;00:00:01;00:00:22;0;0;0;0;0;0;0;0;0;0;0;0;0;0;0;0;0;0;0;0;0;0;0;0;0;0;0;0;0;00:00:00:000;00:00:00:000;;0;0;0;0;0;0;0;
2026-01-07 17:02:47;2026-01-07 17:03:09;2026-01-07 17:03:10;00:00:01;00:00:23;0;0;0;0;0;0;0;0;0;0;0;0;0;0;0;0;0;0;0;0;0;0;0;0;0;0;0;0;0;00:00:00:000;00:00:00:000;;0;0;0;0;0;0;0;
2026-01-07 17:02:47;2026-01-07 17:03:10;2026-01-07 17:03:11;00:00:01;00:00:24;0;0;0;0;0;0;0;0;0;0;0;0;0;0;0;0;0;0;0;0;0;0;0;0;0;0;0;0;0;00:00:00:000;00:00:00:000;;0;0;0;0;0;0;0;
2026-01-07 17:02:47;2026-01-07 17:03:11;2026-01-07 17:03:12;00:00:01;00:00:25;0;0;0;0;0;0;0;0;0;0;0;0;0;0;0;0;0;0;0;0;0;0;0;0;0;0;0;0;0;00:00:00:000;00:00:00:000;;0;0;0;0;0;0;0;
2026-01-07 17:02:47;2026-01-07 17:03:12;2026-01-07 17:03:13;00:00:01;00:00:26;0;0;0;0;0;0;0;0;0;0;0;0;0;0;0;0;0;0;0;0;0;0;0;0;0;0;0;0;0;00:00:00:000;00:00:00:000;;0;0;0;0;0;0;0;
2026-01-07 17:02:47;2026-01-07 17:03:13;2026-01-07 17:03:14;00:00:01;00:00:27;0;0;0;0;0;0;0;0;0;0;0;0;0;0;0;0;0;0;0;0;0;0;0;0;0;0;0;0;0;00:00:00:000;00:00:00:000;;0;0;0;0;0;0;0;
2026-01-07 17:02:47;2026-01-07 17:03:14;2026-01-07 17:03:15;00:00:01;00:00:28;0;0;0;0;0;0;0;0;0;0;0;0;0;0;0;0;0;0;0;0;0;0;0;0;0;0;0;0;0;00:00:00:000;00:00:00:000;;0;0;0;0;0;0;0;
2026-01-07 17:02:47;2026-01-07 17:03:15;2026-01-07 17:03:16;00:00:01;00:00:29;0;0;0;0;0;0;0;0;0;0;0;0;0;0;0;0;0;0;0;0;0;0;0;0;0;0;0;0;0;00:00:00:000;00:00:00:000;;0;0;0;0;0;0;0;
2026-01-07 17:02:47;2026-01-07 17:03:16;2026-01-07 17:03:17;00:00:01;00:00:30;0;0;0;0;0;0;0;0;0;0;0;0;0;0;0;0;0;0;0;0;0;0;0;0;0;0;0;0;0;00:00:00:000;00:00:00:000;;0;0;0;0;0;0;0;
2026-01-07 17:02:47;2026-01-07 17:03:17;2026-01-07 17:03:18;00:00:01;00:00:31;0;0;0;0;0;0;0;0;0;0;0;0;0;0;0;0;0;0;0;0;0;0;0;0;0;0;0;0;0;00:00:00:000;00:00:00:000;;0;0;0;0;0;0;0;
2026-01-07 17:02:47;2026-01-07 17:03:18;2026-01-07 17:03:19;00:00:01;00:00:32;0;0;0;0;0;0;0;0;0;0;0;0;0;0;0;0;0;0;0;0;0;0;0;0;0;0;0;0;0;00:00:00:000;00:00:00:000;;0;0;0;0;0;0;0;
2026-01-07 17:02:47;2026-01-07 17:03:19;2026-01-07 17:03:20;00:00:01;00:00:33;0;0;0;0;0;0;0;0;0;0;0;0;0;0;0;0;0;0;0;0;0;0;0;0;0;0;0;0;0;00:00:00:000;00:00:00:000;;0;0;0;0;0;0;0;
2026-01-07 17:02:47;2026-01-07 17:03:20;2026-01-07 17:03:21;00:00:01;00:00:34;0;0;0;0;0;0;0;0;0;0;0;0;0;0;0;0;0;0;0;0;0;0;0;0;0;0;0;0;0;00:00:00:000;00:00:00:000;;0;0;0;0;0;0;0;
2026-01-07 17:02:47;2026-01-07 17:03:21;2026-01-07 17:03:22;00:00:01;00:00:35;0;0;0;0;0;0;0;0;0;0;0;0;0;0;0;0;0;0;0;0;0;0;0;0;0;0;0;0;0;00:00:00:000;00:00:00:000;;0;0;0;0;0;0;0;
2026-01-07 17:02:47;2026-01-07 17:03:22;2026-01-07 17:03:23;00:00:01;00:00:36;0;0;0;0;0;0;0;0;0;0;0;0;0;0;0;0;0;0;0;0;0;0;0;0;0;0;0;0;0;00:00:00:000;00:00:00:000;;0;0;0;0;0;0;0;
2026-01-07 17:02:47;2026-01-07 17:03:23;2026-01-07 17:03:24;00:00:01;00:00:37;0;0;0;0;0;0;0;0;0;0;0;0;0;0;0;0;0;0;0;0;0;0;0;0;0;0;0;0;0;00:00:00:000;00:00:00:000;;0;0;0;0;0;0;0;
2026-01-07 17:02:47;2026-01-07 17:03:24;2026-01-07 17:03:25;00:00:01;00:00:38;0;0;0;0;0;0;0;0;0;0;0;0;0;0;0;0;0;0;0;0;0;0;0;0;0;0;0;0;0;00:00:00:000;00:00:00:000;;0;0;0;0;0;0;0;
2026-01-07 17:02:47;2026-01-07 17:03:25;2026-01-07 17:03:26;00:00:01;00:00:39;0;0;0;0;0;0;0;0;0;0;0;0;0;0;0;0;0;0;0;0;0;0;0;0;0;0;0;0;0;00:00:00:000;00:00:00:000;;0;0;0;0;0;0;0;
2026-01-07 17:02:47;2026-01-07 17:03:27;2026-01-07 17:03:27;00:00:01;00:00:40;0;0;0;0;0;0;0;0;0;0;0;0;0;0;0;0;0;0;0;0;0;0;0;0;0;0;0;0;0;00:00:00:000;00:00:00:000;;0;0;0;0;0;0;0;
2026-01-07 17:02:47;2026-01-07 17:03:28;2026-01-07 17:03:28;00:00:01;00:00:41;0;0;0;0;0;0;0;0;0;0;0;0;0;0;0;0;0;0;0;0;0;0;0;0;0;0;0;0;0;00:00:00:000;00:00:00:000;;0;0;0;0;0;0;0;
2026-01-07 17:02:47;2026-01-07 17:03:28;2026-01-07 17:03:29;00:00:01;00:00:42;0;0;0;0;0;0;0;0;0;0;0;0;0;0;0;0;0;0;0;0;0;0;0;0;0;0;0;0;0;00:00:00:000;00:00:00:000;;0;0;0;0;0;0;0;
2026-01-07 17:02:47;2026-01-07 17:03:29;2026-01-07 17:03:30;00:00:01;00:00:43;0;0;0;0;0;0;0;0;0;0;0;0;0;0;0;0;0;0;0;0;0;0;0;0;0;0;0;0;0;00:00:00:000;00:00:00:000;;0;0;0;0;0;0;0;
2026-01-07 17:02:47;2026-01-07 17:03:30;2026-01-07 17:03:31;00:00:01;00:00:44;0;0;0;0;0;0;0;0;0;0;0;0;0;0;0;0;0;0;0;0;0;0;0;0;0;0;0;0;0;00:00:00:000;00:00:00:000;;0;0;0;0;0;0;0;
2026-01-07 17:02:47;2026-01-07 17:03:31;2026-01-07 17:03:32;00:00:01;00:00:45;0;0;0;0;0;0;0;0;0;0;0;0;0;0;0;0;0;0;0;0;0;0;0;0;0;0;0;0;0;00:00:00:000;00:00:00:000;;0;0;0;0;0;0;0;
2026-01-07 17:02:47;2026-01-07 17:03:32;2026-01-07 17:03:33;00:00:01;00:00:46;0;0;0;0;0;0;0;0;0;0;0;0;0;0;0;0;0;0;0;0;0;0;0;0;0;0;0;0;0;00:00:00:000;00:00:00:000;;0;0;0;0;0;0;0;
2026-01-07 17:02:47;2026-01-07 17:03:33;2026-01-07 17:03:34;00:00:01;00:00:47;0;0;0;0;0;0;0;0;0;0;0;0;0;0;0;0;0;0;0;0;0;0;0;0;0;0;0;0;0;00:00:00:000;00:00:00:000;;0;0;0;0;0;0;0;
2026-01-07 17:02:47;2026-01-07 17:03:34;2026-01-07 17:03:35;00:00:01;00:00:48;0;0;0;0;0;0;0;0;0;0;0;0;0;0;0;0;0;0;0;0;0;0;0;0;0;0;0;0;0;00:00:00:000;00:00:00:000;;0;0;0;0;0;0;0;
2026-01-07 17:02:47;2026-01-07 17:03:35;2026-01-07 17:03:36;00:00:01;00:00:49;0;0;0;0;0;0;0;0;0;0;0;0;0;0;0;0;0;0;0;0;0;0;0;0;0;0;0;0;0;00:00:00:000;00:00:00:000;;0;0;0;0;0;0;0;
2026-01-07 17:02:47;2026-01-07 17:03:36;2026-01-07 17:03:37;00:00:01;00:00:50;0;0;0;0;0;0;0;0;0;0;0;0;0;0;0;0;0;0;0;0;0;0;0;0;0;0;0;0;0;00:00:00:000;00:00:00:000;;0;0;0;0;0;0;0;
2026-01-07 17:02:47;2026-01-07 17:03:37;2026-01-07 17:03:38;00:00:01;00:00:51;0;0;0;0;0;0;0;0;0;0;0;0;0;0;0;0;0;0;0;0;0;0;0;0;0;0;0;0;0;00:00:00:000;00:00:00:000;;0;0;0;0;0;0;0;
2026-01-07 17:02:47;2026-01-07 17:03:38;2026-01-07 17:03:39;00:00:01;00:00:52;0;0;0;0;0;0;0;0;0;0;0;0;0;0;0;0;0;0;0;0;0;0;0;0;0;0;0;0;0;00:00:00:000;00:00:00:000;;0;0;0;0;0;0;0;
2026-01-07 17:02:47;2026-01-07 17:03:39;2026-01-07 17:03:40;00:00:01;00:00:53;0;0;0;0;0;0;0;0;0;0;0;0;0;0;0;0;0;0;0;0;0;0;0;0;0;0;0;0;0;00:00:00:000;00:00:00:000;;0;0;0;0;0;0;0;
2026-01-07 17:02:47;2026-01-07 17:03:40;2026-01-07 17:03:41;00:00:01;00:00:54;0;0;0;0;0;0;0;0;0;0;0;0;0;0;0;0;0;0;0;0;0;0;0;0;0;0;0;0;0;00:00:00:000;00:00:00:000;;0;0;0;0;0;0;0;
2026-01-07 17:02:47;2026-01-07 17:03:41;2026-01-07 17:03:42;00:00:01;00:00:55;0;0;0;0;0;0;0;0;0;0;0;0;0;0;0;0;0;0;0;0;0;0;0;0;0;0;0;0;0;00:00:00:000;00:00:00:000;;0;0;0;0;0;0;0;
2026-01-07 17:02:47;2026-01-07 17:03:42;2026-01-07 17:03:43;00:00:01;00:00:56;0;0;0;0;0;0;0;0;0;0;0;0;0;0;0;0;0;0;0;0;0;0;0;0;0;0;0;0;0;00:00:00:000;00:00:00:000;;0;0;0;0;0;0;0;
2026-01-07 17:02:47;2026-01-07 17:03:43;2026-01-07 17:03:44;00:00:01;00:00:57;0;0;0;0;0;0;0;0;0;0;0;0;0;0;0;0;0;0;0;0;0;0;0;0;0;0;0;0;0;00:00:00:000;00:00:00:000;;0;0;0;0;0;0;0;
2026-01-07 17:02:47;2026-01-07 17:03:44;2026-01-07 17:03:45;00:00:01;00:00:58;0;0;0;0;0;0;0;0;0;0;0;0;0;0;0;0;0;0;0;0;0;0;0;0;0;0;0;0;0;00:00:00:000;00:00:00:000;;0;0;0;0;0;0;0;
2026-01-07 17:02:47;2026-01-07 17:03:45;2026-01-07 17:03:46;00:00:01;00:00:59;0;0;0;0;0;0;0;0;0;0;0;0;0;0;0;0;0;0;0;0;0;0;0;0;0;0;0;0;0;00:00:00:000;00:00:00:000;;0;0;0;0;0;0;0;
2026-01-07 17:02:47;2026-01-07 17:03:46;2026-01-07 17:03:47;00:00:01;00:01:00;0;0;0;0;0;0;0;0;0;0;0;0;0;0;0;0;0;0;0;0;0;0;0;0;0;0;0;0;0;00:00:00:000;00:00:00:000;;0;0;0;0;0;0;0;
2026-01-07 17:02:47;2026-01-07 17:03:47;2026-01-07 17:03:48;00:00:01;00:01:01;0;0;0;0;0;0;0;0;0;0;0;0;0;0;0;0;0;0;0;0;0;0;0;0;0;0;0;0;0;00:00:00:000;00:00:00:000;;0;0;0;0;0;0;0;
2026-01-07 17:02:47;2026-01-07 17:03:48;2026-01-07 17:03:49;00:00:01;00:01:02;0;0;0;0;0;0;0;0;0;0;0;0;0;0;0;0;0;0;0;0;0;0;0;0;0;0;0;0;0;00:00:00:000;00:00:00:000;;0;0;0;0;0;0;0;
2026-01-07 17:02:47;2026-01-07 17:03:49;2026-01-07 17:03:50;00:00:01;00:01:03;0;0;0;0;0;0;0;0;0;0;0;0;0;0;0;0;0;0;0;0;0;0;0;0;0;0;0;0;0;00:00:00:000;00:00:00:000;;0;0;0;0;0;0;0;
2026-01-07 17:02:47;2026-01-07 17:03:50;2026-01-07 17:03:51;00:00:01;00:01:04;0;0;0;0;0;0;0;0;0;0;0;0;0;0;0;0;0;0;0;0;0;0;0;0;0;0;0;0;0;00:00:00:000;00:00:00:000;;0;0;0;0;0;0;0;
2026-01-07 17:02:47;2026-01-07 17:03:51;2026-01-07 17:03:52;00:00:01;00:01:05;0;0;0;0;0;0;0;0;0;0;0;0;0;0;0;0;0;0;0;0;0;0;0;0;0;0;0;0;0;00:00:00:000;00:00:00:000;;0;0;0;0;0;0;0;
2026-01-07 17:02:47;2026-01-07 17:03:52;2026-01-07 17:03:53;00:00:01;00:01:06;0;0;0;0;0;0;0;0;0;0;0;0;0;0;0;0;0;0;0;0;0;0;0;0;0;0;0;0;0;00:00:00:000;00:00:00:000;;0;0;0;0;0;0;0;
2026-01-07 17:02:47;2026-01-07 17:03:53;2026-01-07 17:03:54;00:00:01;00:01:07;0;0;0;0;0;0;0;0;0;0;0;0;0;0;0;0;0;0;0;0;0;0;0;0;0;0;0;0;0;00:00:00:000;00:00:00:000;;0;0;0;0;0;0;0;
2026-01-07 17:02:47;2026-01-07 17:03:54;2026-01-07 17:03:55;00:00:01;00:01:08;0;0;0;0;0;0;0;0;0;0;0;0;0;0;0;0;0;0;0;0;0;0;0;0;0;0;0;0;0;00:00:00:000;00:00:00:000;;0;0;0;0;0;0;0;
2026-01-07 17:02:47;2026-01-07 17:03:55;2026-01-07 17:03:56;00:00:01;00:01:09;0;0;0;0;0;0;0;0;0;0;0;0;0;0;0;0;0;0;0;0;0;0;0;0;0;0;0;0;0;00:00:00:000;00:00:00:000;;0;0;0;0;0;0;0;
2026-01-07 17:02:47;2026-01-07 17:03:56;2026-01-07 17:03:57;00:00:01;00:01:10;0;0;0;0;0;0;0;0;0;0;0;0;0;0;0;0;0;0;0;0;0;0;0;0;0;0;0;0;0;00:00:00:000;00:00:00:000;;0;0;0;0;0;0;0;
2026-01-07 17:02:47;2026-01-07 17:03:57;2026-01-07 17:03:58;00:00:01;00:01:11;0;0;0;0;0;0;0;0;0;0;0;0;0;0;0;0;0;0;0;0;0;0;0;0;0;0;0;0;0;00:00:00:000;00:00:00:000;;0;0;0;0;0;0;0;
2026-01-07 17:02:47;2026-01-07 17:03:58;2026-01-07 17:03:59;00:00:01;00:01:12;0;0;0;0;0;0;0;0;0;0;0;0;0;0;0;0;0;0;0;0;0;0;0;0;0;0;0;0;0;00:00:00:000;00:00:00:000;;0;0;0;0;0;0;0;
2026-01-07 17:02:47;2026-01-07 17:03:59;2026-01-07 17:04:00;00:00:01;00:01:13;0;0;0;0;0;0;0;0;0;0;0;0;0;0;0;0;0;0;0;0;0;0;0;0;0;0;0;0;0;00:00:00:000;00:00:00:000;;0;0;0;0;0;0;0;
2026-01-07 17:02:47;2026-01-07 17:04:00;2026-01-07 17:04:01;00:00:01;00:01:14;0;0;0;0;0;0;0;0;0;0;0;0;0;0;0;0;0;0;0;0;0;0;0;0;0;0;0;0;0;00:00:00:000;00:00:00:000;;0;0;0;0;0;0;0;
2026-01-07 17:02:47;2026-01-07 17:04:01;2026-01-07 17:04:02;00:00:01;00:01:15;0;0;0;0;0;0;0;0;0;0;0;0;0;0;0;0;0;0;0;0;0;0;0;0;0;0;0;0;0;00:00:00:000;00:00:00:000;;0;0;0;0;0;0;0;
2026-01-07 17:02:47;2026-01-07 17:04:02;2026-01-07 17:04:03;00:00:01;00:01:16;0;0;0;0;0;0;0;0;0;0;0;0;0;0;0;0;0;0;0;0;0;0;0;0;0;0;0;0;0;00:00:00:000;00:00:00:000;;0;0;0;0;0;0;0;
2026-01-07 17:02:47;2026-01-07 17:04:03;2026-01-07 17:04:04;00:00:01;00:01:17;0;0;0;0;0;0;0;0;0;0;0;0;0;0;0;0;0;0;0;0;0;0;0;0;0;0;0;0;0;00:00:00:000;00:00:00:000;;0;0;0;0;0;0;0;
2026-01-07 17:02:47;2026-01-07 17:04:04;2026-01-07 17:04:05;00:00:01;00:01:18;0;0;0;0;0;0;0;0;0;0;0;0;0;0;0;0;0;0;0;0;0;0;0;0;0;0;0;0;0;00:00:00:000;00:00:00:000;;0;0;0;0;0;0;0;
2026-01-07 17:02:47;2026-01-07 17:04:05;2026-01-07 17:04:06;00:00:01;00:01:19;0;0;0;0;0;0;0;0;0;0;0;0;0;0;0;0;0;0;0;0;0;0;0;0;0;0;0;0;0;00:00:00:000;00:00:00:000;;0;0;0;0;0;0;0;
2026-01-07 17:02:47;2026-01-07 17:04:06;2026-01-07 17:04:07;00:00:01;00:01:20;0;0;0;0;0;0;0;0;0;0;0;0;0;0;0;0;0;0;0;0;0;0;0;0;0;0;0;0;0;00:00:00:000;00:00:00:000;;0;0;0;0;0;0;0;
2026-01-07 17:02:47;2026-01-07 17:04:07;2026-01-07 17:04:08;00:00:01;00:01:21;0;0;0;0;0;0;0;0;0;0;0;0;0;0;0;0;0;0;0;0;0;0;0;0;0;0;0;0;0;00:00:00:000;00:00:00:000;;0;0;0;0;0;0;0;
2026-01-07 17:02:47;2026-01-07 17:04:08;2026-01-07 17:04:09;00:00:01;00:01:22;0;0;0;0;0;0;0;0;0;0;0;0;0;0;0;0;0;0;0;0;0;0;0;0;0;0;0;0;0;00:00:00:000;00:00:00:000;;0;0;0;0;0;0;0;
2026-01-07 17:02:47;2026-01-07 17:04:09;2026-01-07 17:04:10;00:00:01;00:01:23;0;0;0;0;0;0;0;0;0;0;0;0;0;0;0;0;0;0;0;0;0;0;0;0;0;0;0;0;0;00:00:00:000;00:00:00:000;;0;0;0;0;0;0;0;
2026-01-07 17:02:47;2026-01-07 17:04:10;2026-01-07 17:04:11;00:00:01;00:01:24;0;0;0;0;0;0;0;0;0;0;0;0;0;0;0;0;0;0;0;0;0;0;0;0;0;0;0;0;0;00:00:00:000;00:00:00:000;;0;0;0;0;0;0;0;
2026-01-07 17:02:47;2026-01-07 17:04:11;2026-01-07 17:04:12;00:00:01;00:01:25;0;0;0;0;0;0;0;0;0;0;0;0;0;0;0;0;0;0;0;0;0;0;0;0;0;0;0;0;0;00:00:00:000;00:00:00:000;;0;0;0;0;0;0;0;
2026-01-07 17:02:47;2026-01-07 17:04:12;2026-01-07 17:04:13;00:00:01;00:01:26;0;0;0;0;0;0;0;0;0;0;0;0;0;0;0;0;0;0;0;0;0;0;0;0;0;0;0;0;0;00:00:00:000;00:00:00:000;;0;0;0;0;0;0;0;
2026-01-07 17:02:47;2026-01-07 17:04:13;2026-01-07 17:04:14;00:00:01;00:01:27;0;0;0;0;0;0;0;0;0;0;0;0;0;0;0;0;0;0;0;0;0;0;0;0;0;0;0;0;0;00:00:00:000;00:00:00:000;;0;0;0;0;0;0;0;
2026-01-07 17:02:47;2026-01-07 17:04:14;2026-01-07 17:04:15;00:00:01;00:01:28;0;0;0;0;0;0;0;0;0;0;0;0;0;0;0;0;0;0;0;0;0;0;0;0;0;0;0;0;0;00:00:00:000;00:00:00:000;;0;0;0;0;0;0;0;
2026-01-07 17:02:47;2026-01-07 17:04:15;2026-01-07 17:04:16;00:00:01;00:01:29;0;0;0;0;0;0;0;0;0;0;0;0;0;0;0;0;0;0;0;0;0;0;0;0;0;0;0;0;0;00:00:00:000;00:00:00:000;;0;0;0;0;0;0;0;
2026-01-07 17:02:47;2026-01-07 17:04:16;2026-01-07 17:04:17;00:00:01;00:01:30;0;0;0;0;0;0;0;0;0;0;0;0;0;0;0;0;0;0;0;0;0;0;0;0;0;0;0;0;0;00:00:00:000;00:00:00:000;;0;0;0;0;0;0;0;
2026-01-07 17:02:47;2026-01-07 17:04:17;2026-01-07 17:04:18;00:00:01;00:01:31;0;0;0;0;0;0;0;0;0;0;0;0;0;0;0;0;0;0;0;0;0;0;0;0;0;0;0;0;0;00:00:00:000;00:00:00:000;;0;0;0;0;0;0;0;
2026-01-07 17:02:47;2026-01-07 17:04:18;2026-01-07 17:04:19;00:00:01;00:01:32;0;0;0;0;0;0;0;0;0;0;0;0;0;0;0;0;0;0;0;0;0;0;0;0;0;0;0;0;0;00:00:00:000;00:00:00:000;;0;0;0;0;0;0;0;
2026-01-07 17:02:47;2026-01-07 17:04:19;2026-01-07 17:04:20;00:00:01;00:01:33;0;0;0;0;0;0;0;0;0;0;0;0;0;0;0;0;0;0;0;0;0;0;0;0;0;0;0;0;0;00:00:00:000;00:00:00:000;;0;0;0;0;0;0;0;
2026-01-07 17:02:47;2026-01-07 17:04:20;2026-01-07 17:04:21;00:00:01;00:01:34;0;0;0;0;0;0;0;0;0;0;0;0;0;0;0;0;0;0;0;0;0;0;0;0;0;0;0;0;0;00:00:00:000;00:00:00:000;;0;0;0;0;0;0;0;
2026-01-07 17:02:47;2026-01-07 17:04:21;2026-01-07 17:04:22;00:00:01;00:01:35;0;0;0;0;0;0;0;0;0;0;0;0;0;0;0;0;0;0;0;0;0;0;0;0;0;0;0;0;0;00:00:00:000;00:00:00:000;;0;0;0;0;0;0;0;
2026-01-07 17:02:47;2026-01-07 17:04:22;2026-01-07 17:04:23;00:00:01;00:01:36;0;0;0;0;0;0;0;0;0;0;0;0;0;0;0;0;0;0;0;0;0;0;0;0;0;0;0;0;0;00:00:00:000;00:00:00:000;;0;0;0;0;0;0;0;
2026-01-07 17:02:47;2026-01-07 17:04:23;2026-01-07 17:04:24;00:00:01;00:01:37;0;0;0;0;0;0;0;0;0;0;0;0;0;0;0;0;0;0;0;0;0;0;0;0;0;0;0;0;0;00:01:37:000;00:00:00:000;;0;0;0;0;0;0;0;
2026-01-07 17:02:47;2026-01-07 17:04:24;2026-01-07 17:04:25;00:00:01;00:01:38;0;0;0;0;0;0;0;0;0;0;0;0;0;0;0;0;0;0;0;0;0;0;0;0;0;0;0;0;0;00:00:00:000;00:00:00:000;;0;0;0;0;0;0;0;
2026-01-07 17:02:47;2026-01-07 17:04:25;2026-01-07 17:04:26;00:00:01;00:01:39;0;0;0;0;0;0;0;0;0;0;0;0;0;0;0;0;0;0;0;0;0;0;0;0;0;0;0;0;0;00:00:00:000;00:00:00:000;;0;0;0;0;0;0;0;
2026-01-07 17:02:47;2026-01-07 17:04:26;2026-01-07 17:04:27;00:00:01;00:01:40;0;0;0;0;0;0;0;0;0;0;0;0;0;0;0;0;0;0;0;0;0;0;0;0;0;0;0;0;0;00:00:00:000;00:00:00:000;;0;0;0;0;0;0;0;
2026-01-07 17:02:47;2026-01-07 17:04:27;2026-01-07 17:04:28;00:00:01;00:01:41;0;0;0;0;0;0;0;0;0;0;0;0;0;0;0;0;0;0;0;0;0;0;0;0;0;0;0;0;0;00:00:00:000;00:00:00:000;;0;0;0;0;0;0;0;
2026-01-07 17:02:47;2026-01-07 17:04:28;2026-01-07 17:04:29;00:00:01;00:01:42;0;0;0;0;0;0;0;0;0;0;0;0;0;0;0;0;0;0;0;0;0;0;0;0;0;0;0;0;0;00:00:00:000;00:00:00:000;;0;0;0;0;0;0;0;
2026-01-07 17:02:47;2026-01-07 17:04:29;2026-01-07 17:04:30;00:00:01;00:01:43;0;0;0;0;0;0;0;0;0;0;0;0;0;0;0;0;0;0;0;0;0;0;0;0;0;0;0;0;0;00:00:00:000;00:00:00:000;;0;0;0;0;0;0;0;
2026-01-07 17:02:47;2026-01-07 17:04:30;2026-01-07 17:04:31;00:00:01;00:01:44;0;0;0;0;0;0;0;0;0;0;0;0;0;0;0;0;0;0;0;0;0;0;0;0;0;0;0;0;0;00:00:00:000;00:00:00:000;;0;0;0;0;0;0;0;
2026-01-07 17:02:47;2026-01-07 17:04:31;2026-01-07 17:04:32;00:00:01;00:01:45;0;0;0;0;0;0;0;0;0;0;0;0;0;0;0;0;0;0;0;0;0;0;0;0;0;0;0;0;0;00:00:00:000;00:00:00:000;;0;0;0;0;0;0;0;
2026-01-07 17:02:47;2026-01-07 17:04:32;2026-01-07 17:04:33;00:00:01;00:01:46;0;0;0;0;0;0;0;0;0;0;0;0;0;0;0;0;0;0;0;0;0;0;0;0;0;0;0;0;0;00:00:00:000;00:00:00:000;;0;0;0;0;0;0;0;
2026-01-07 17:02:47;2026-01-07 17:04:33;2026-01-07 17:04:34;00:00:01;00:01:47;0;0;0;0;0;0;0;0;0;0;0;0;0;0;0;0;0;0;0;0;0;0;0;0;0;0;0;0;0;00:00:00:000;00:00:00:000;;0;0;0;0;0;0;0;
2026-01-07 17:02:47;2026-01-07 17:04:34;2026-01-07 17:04:35;00:00:01;00:01:48;0;0;0;0;0;0;0;0;0;0;0;0;0;0;0;0;0;0;0;0;0;0;0;0;0;0;0;0;0;00:00:00:000;00:00:00:000;;0;0;0;0;0;0;0;
2026-01-07 17:02:47;2026-01-07 17:04:35;2026-01-07 17:04:36;00:00:01;00:01:49;0;0;0;0;0;0;0;0;0;0;0;0;0;0;0;0;0;0;0;0;0;0;0;0;0;0;0;0;0;00:00:00:000;00:00:00:000;;0;0;0;0;0;0;0;
2026-01-07 17:02:47;2026-01-07 17:04:36;2026-01-07 17:04:37;00:00:01;00:01:50;0;0;0;0;0;0;0;0;0;0;0;0;0;0;0;0;0;0;0;0;0;0;0;0;0;0;0;0;0;00:00:00:000;00:00:00:000;;0;0;0;0;0;0;0;
2026-01-07 17:02:47;2026-01-07 17:04:37;2026-01-07 17:04:38;00:00:01;00:01:51;0;0;0;0;0;0;0;0;0;0;0;0;0;0;0;0;0;0;0;0;0;0;0;0;0;0;0;0;0;00:00:00:000;00:00:00:000;;0;0;0;0;0;0;0;
2026-01-07 17:02:47;2026-01-07 17:04:38;2026-01-07 17:04:39;00:00:01;00:01:52;0;0;0;0;0;0;0;0;0;0;0;0;0;0;0;0;0;0;0;0;0;0;0;0;0;0;0;0;0;00:00:00:000;00:00:00:000;;0;0;0;0;0;0;0;
2026-01-07 17:02:47;2026-01-07 17:04:39;2026-01-07 17:04:40;00:00:01;00:01:53;0;0;0;0;0;0;0;0;0;0;0;0;0;0;0;0;0;0;0;0;0;0;0;0;0;0;0;0;0;00:00:00:000;00:00:00:000;;0;0;0;0;0;0;0;
2026-01-07 17:02:47;2026-01-07 17:04:40;2026-01-07 17:04:41;00:00:01;00:01:54;0;0;0;0;0;0;0;0;0;0;0;0;0;0;0;0;0;0;0;0;0;0;0;0;0;0;0;0;0;00:00:00:000;00:00:00:000;;0;0;0;0;0;0;0;
2026-01-07 17:02:47;2026-01-07 17:04:41;2026-01-07 17:04:42;00:00:01;00:01:55;0;0;0;0;0;0;0;0;0;0;0;0;0;0;0;0;0;0;0;0;0;0;0;0;0;0;0;0;0;00:00:00:000;00:00:00:000;;0;0;0;0;0;0;0;
2026-01-07 17:02:47;2026-01-07 17:04:42;2026-01-07 17:04:43;00:00:01;00:01:56;0;0;0;0;0;0;0;0;0;0;0;0;0;0;0;0;0;0;0;0;0;0;0;0;0;0;0;0;0;00:00:00:000;00:00:00:000;;0;0;0;0;0;0;0;
2026-01-07 17:02:47;2026-01-07 17:04:43;2026-01-07 17:04:44;00:00:01;00:01:57;0;0;0;0;0;0;0;0;0;0;0;0;0;0;0;0;0;0;0;0;0;0;0;0;0;0;0;0;0;00:00:00:000;00:00:00:000;;0;0;0;0;0;0;0;
2026-01-07 17:02:47;2026-01-07 17:04:44;2026-01-07 17:04:45;00:00:01;00:01:58;0;0;0;0;0;0;0;0;0;0;0;0;0;0;0;0;0;0;0;0;0;0;0;0;0;0;0;0;0;00:00:00:000;00:00:00:000;;0;0;0;0;0;0;0;
2026-01-07 17:02:47;2026-01-07 17:04:45;2026-01-07 17:04:46;00:00:01;00:01:59;0;0;0;0;0;0;0;0;0;0;0;0;0;0;0;0;0;0;0;0;0;0;0;0;0;0;0;0;0;00:00:00:000;00:00:00:000;;0;0;0;0;0;0;0;
2026-01-07 17:02:47;2026-01-07 17:04:46;2026-01-07 17:04:47;00:00:01;00:02:00;0;0;0;0;0;0;0;0;0;0;0;0;0;0;0;0;0;0;0;0;0;0;0;0;0;0;0;0;0;00:00:00:000;00:00:00:000;;0;0;0;0;0;0;0;
2026-01-07 17:02:47;2026-01-07 17:04:47;2026-01-07 17:04:48;00:00:01;00:02:01;0;0;0;0;0;0;0;0;0;0;0;0;0;0;0;0;0;0;0;0;0;0;0;0;0;0;0;0;0;00:00:00:000;00:00:00:000;;0;0;0;0;0;0;0;
2026-01-07 17:02:47;2026-01-07 17:04:48;2026-01-07 17:04:49;00:00:01;00:02:02;0;0;0;0;0;0;0;0;0;0;0;0;0;0;0;0;0;0;0;0;0;0;0;0;0;0;0;0;0;00:00:00:000;00:00:00:000;;0;0;0;0;0;0;0;
2026-01-07 17:02:47;2026-01-07 17:04:49;2026-01-07 17:04:50;00:00:01;00:02:03;0;0;0;0;0;0;0;0;0;0;0;0;0;0;0;0;0;0;0;0;0;0;0;0;0;0;0;0;0;00:00:00:000;00:00:00:000;;0;0;0;0;0;0;0;
2026-01-07 17:02:47;2026-01-07 17:04:50;2026-01-07 17:04:51;00:00:01;00:02:04;0;0;0;0;0;0;0;0;0;0;0;0;0;0;0;0;0;0;0;0;0;0;0;0;0;0;0;0;0;00:00:00:000;00:00:00:000;;0;0;0;0;0;0;0;
2026-01-07 17:02:47;2026-01-07 17:04:51;2026-01-07 17:04:52;00:00:01;00:02:05;0;0;0;0;0;0;0;0;0;0;0;0;0;0;0;0;0;0;0;0;0;0;0;0;0;0;0;0;0;00:00:00:000;00:00:00:000;;0;0;0;0;0;0;0;
2026-01-07 17:02:47;2026-01-07 17:04:52;2026-01-07 17:04:53;00:00:01;00:02:06;0;0;0;0;0;0;0;0;0;0;0;0;0;0;0;0;0;0;0;0;0;0;0;0;0;0;0;0;0;00:00:00:000;00:00:00:000;;0;0;0;0;0;0;0;
2026-01-07 17:02:47;2026-01-07 17:04:53;2026-01-07 17:04:54;00:00:01;00:02:07;0;0;0;0;0;0;0;0;0;0;0;0;0;0;0;0;0;0;0;0;0;0;0;0;0;0;0;0;0;00:00:00:000;00:00:00:000;;0;0;0;0;0;0;0;
2026-01-07 17:02:47;2026-01-07 17:04:54;2026-01-07 17:04:55;00:00:01;00:02:08;0;0;0;0;0;0;0;0;0;0;0;0;0;0;0;0;0;0;0;0;0;0;0;0;0;0;0;0;0;00:00:00:000;00:00:00:000;;0;0;0;0;0;0;0;
2026-01-07 17:02:47;2026-01-07 17:04:55;2026-01-07 17:04:56;00:00:01;00:02:09;0;0;0;0;0;0;0;0;0;0;0;0;0;0;0;0;0;0;0;0;0;0;0;0;0;0;0;0;0;00:00:00:000;00:00:00:000;;0;0;0;0;0;0;0;
2026-01-07 17:02:47;2026-01-07 17:04:56;2026-01-07 17:04:57;00:00:01;00:02:10;0;0;0;0;0;0;0;0;0;0;0;0;0;0;0;0;0;0;0;0;0;0;0;0;0;0;0;0;0;00:00:00:000;00:00:00:000;;0;0;0;0;0;0;0;
2026-01-07 17:02:47;2026-01-07 17:04:57;2026-01-07 17:04:58;00:00:01;00:02:11;0;0;0;0;0;0;0;0;0;0;0;0;0;0;0;0;0;0;0;0;0;0;0;0;0;0;0;0;0;00:00:00:000;00:00:00:000;;0;0;0;0;0;0;0;
2026-01-07 17:02:47;2026-01-07 17:04:59;2026-01-07 17:04:59;00:00:01;00:02:12;0;0;0;0;0;0;0;0;0;0;0;0;0;0;0;0;0;0;0;0;0;0;0;0;0;0;0;0;0;00:00:00:000;00:00:00:000;;0;0;0;0;0;0;0;
2026-01-07 17:02:47;2026-01-07 17:05:00;2026-01-07 17:05:00;00:00:01;00:02:13;0;0;0;0;0;0;0;0;0;0;0;0;0;0;0;0;0;0;0;0;0;0;0;0;0;0;0;0;0;00:00:00:000;00:00:00:000;;0;0;0;0;0;0;0;
2026-01-07 17:02:47;2026-01-07 17:05:01;2026-01-07 17:05:01;00:00:01;00:02:14;0;0;0;0;0;0;0;0;0;0;0;0;0;0;0;0;0;0;0;0;0;0;0;0;0;0;0;0;0;00:00:00:000;00:00:00:000;;0;0;0;0;0;0;0;
2026-01-07 17:02:47;2026-01-07 17:05:02;2026-01-07 17:05:02;00:00:01;00:02:15;0;0;0;0;0;0;0;0;0;0;0;0;0;0;0;0;0;0;0;0;0;0;0;0;0;0;0;0;0;00:00:00:000;00:00:00:000;;0;0;0;0;0;0;0;
2026-01-07 17:02:47;2026-01-07 17:05:03;2026-01-07 17:05:03;00:00:01;00:02:16;0;0;0;0;0;0;0;0;0;0;0;0;0;0;0;0;0;0;0;0;0;0;0;0;0;0;0;0;0;00:00:00:000;00:00:00:000;;0;0;0;0;0;0;0;
2026-01-07 17:02:47;2026-01-07 17:05:04;2026-01-07 17:05:04;00:00:01;00:02:17;0;0;0;0;0;0;0;0;0;0;0;0;0;0;0;0;0;0;0;0;0;0;0;0;0;0;0;0;0;00:00:00:000;00:00:00:000;;0;0;0;0;0;0;0;
2026-01-07 17:02:47;2026-01-07 17:05:05;2026-01-07 17:05:05;00:00:01;00:02:18;0;0;0;0;0;0;0;0;0;0;0;0;0;0;0;0;0;0;0;0;0;0;0;0;0;0;0;0;0;00:00:00:000;00:00:00:000;;0;0;0;0;0;0;0;
2026-01-07 17:02:47;2026-01-07 17:05:06;2026-01-07 17:05:06;00:00:01;00:02:19;0;0;0;0;0;0;0;0;0;0;0;0;0;0;0;0;0;0;0;0;0;0;0;0;0;0;0;0;0;00:00:00:000;00:00:00:000;;0;0;0;0;0;0;0;
2026-01-07 17:02:47;2026-01-07 17:05:07;2026-01-07 17:05:07;00:00:01;00:02:20;0;0;0;0;0;0;0;0;0;0;0;0;0;0;0;0;0;0;0;0;0;0;0;0;0;0;0;0;0;00:00:00:000;00:00:00:000;;0;0;0;0;0;0;0;
2026-01-07 17:02:47;2026-01-07 17:05:08;2026-01-07 17:05:08;00:00:01;00:02:21;0;0;0;0;0;0;0;0;0;0;0;0;0;0;0;0;0;0;0;0;0;0;0;0;0;0;0;0;0;00:00:00:000;00:00:00:000;;0;0;0;0;0;0;0;
2026-01-07 17:02:47;2026-01-07 17:05:09;2026-01-07 17:05:09;00:00:01;00:02:22;0;0;0;0;0;0;0;0;0;0;0;0;0;0;0;0;0;0;0;0;0;0;0;0;0;0;0;0;0;00:00:00:000;00:00:00:000;;0;0;0;0;0;0;0;
2026-01-07 17:02:47;2026-01-07 17:05:10;2026-01-07 17:05:10;00:00:01;00:02:23;0;0;0;0;0;0;0;0;0;0;0;0;0;0;0;0;0;0;0;0;0;0;0;0;0;0;0;0;0;00:00:00:000;00:00:00:000;;0;0;0;0;0;0;0;
2026-01-07 17:02:47;2026-01-07 17:05:11;2026-01-07 17:05:11;00:00:01;00:02:24;0;0;0;0;0;0;0;0;0;0;0;0;0;0;0;0;0;0;0;0;0;0;0;0;0;0;0;0;0;00:00:00:000;00:00:00:000;;0;0;0;0;0;0;0;
2026-01-07 17:02:47;2026-01-07 17:05:12;2026-01-07 17:05:12;00:00:01;00:02:25;0;0;0;0;0;0;0;0;0;0;0;0;0;0;0;0;0;0;0;0;0;0;0;0;0;0;0;0;0;00:00:00:000;00:00:00:000;;0;0;0;0;0;0;0;
2026-01-07 17:02:47;2026-01-07 17:05:13;2026-01-07 17:05:13;00:00:01;00:02:26;0;0;0;0;0;0;0;0;0;0;0;0;0;0;0;0;0;0;0;0;0;0;0;0;0;0;0;0;0;00:00:00:000;00:00:00:000;;0;0;0;0;0;0;0;
2026-01-07 17:02:47;2026-01-07 17:05:14;2026-01-07 17:05:14;00:00:01;00:02:27;0;0;0;0;0;0;0;0;0;0;0;0;0;0;0;0;0;0;0;0;0;0;0;0;0;0;0;0;0;00:00:00:000;00:00:00:000;;0;0;0;0;0;0;0;
2026-01-07 17:02:47;2026-01-07 17:05:15;2026-01-07 17:05:15;00:00:01;00:02:28;0;0;0;0;0;0;0;0;0;0;0;0;0;0;0;0;0;0;0;0;0;0;0;0;0;0;0;0;0;00:00:00:000;00:00:00:000;;0;0;0;0;0;0;0;
2026-01-07 17:02:47;2026-01-07 17:05:16;2026-01-07 17:05:16;00:00:01;00:02:29;0;0;0;0;0;0;0;0;0;0;0;0;0;0;0;0;0;0;0;0;0;0;0;0;0;0;0;0;0;00:00:00:000;00:00:00:000;;0;0;0;0;0;0;0;
2026-01-07 17:02:47;2026-01-07 17:05:17;2026-01-07 17:05:17;00:00:01;00:02:30;0;0;0;0;0;0;0;0;0;0;0;0;0;0;0;0;0;0;0;0;0;0;0;0;0;0;0;0;0;00:00:00:000;00:00:00:000;;0;0;0;0;0;0;0;
2026-01-07 17:02:47;2026-01-07 17:05:18;2026-01-07 17:05:18;00:00:01;00:02:31;0;0;0;0;0;0;0;0;0;0;0;0;0;0;0;0;0;0;0;0;0;0;0;0;0;0;0;0;0;00:00:00:000;00:00:00:000;;0;0;0;0;0;0;0;
2026-01-07 17:02:47;2026-01-07 17:05:19;2026-01-07 17:05:19;00:00:01;00:02:32;0;0;0;0;0;0;0;0;0;0;0;0;0;0;0;0;0;0;0;0;0;0;0;0;0;0;0;0;0;00:00:00:000;00:00:00:000;;0;0;0;0;0;0;0;
2026-01-07 17:02:47;2026-01-07 17:05:20;2026-01-07 17:05:20;00:00:01;00:02:33;0;0;0;0;0;0;0;0;0;0;0;0;0;0;0;0;0;0;0;0;0;0;0;0;0;0;0;0;0;00:00:00:000;00:00:00:000;;0;0;0;0;0;0;0;
2026-01-07 17:02:47;2026-01-07 17:05:21;2026-01-07 17:05:21;00:00:01;00:02:34;0;0;0;0;0;0;0;0;0;0;0;0;0;0;0;0;0;0;0;0;0;0;0;0;0;0;0;0;0;00:00:00:000;00:00:00:000;;0;0;0;0;0;0;0;
2026-01-07 17:02:47;2026-01-07 17:05:22;2026-01-07 17:05:22;00:00:01;00:02:35;0;0;0;0;0;0;0;0;0;0;0;0;0;0;0;0;0;0;0;0;0;0;0;0;0;0;0;0;0;00:00:00:000;00:00:00:000;;0;0;0;0;0;0;0;
2026-01-07 17:02:47;2026-01-07 17:05:23;2026-01-07 17:05:23;00:00:01;00:02:36;0;0;0;0;0;0;0;0;0;0;0;0;0;0;0;0;0;0;0;0;0;0;0;0;0;0;0;0;0;00:00:00:000;00:00:00:000;;0;0;0;0;0;0;0;
2026-01-07 17:02:47;2026-01-07 17:05:24;2026-01-07 17:05:24;00:00:01;00:02:37;0;0;0;0;0;0;0;0;0;0;0;0;0;0;0;0;0;0;0;0;0;0;0;0;0;0;0;0;0;00:00:00:000;00:00:00:000;;0;0;0;0;0;0;0;
2026-01-07 17:02:47;2026-01-07 17:05:25;2026-01-07 17:05:25;00:00:01;00:02:38;0;0;0;0;0;0;0;0;0;0;0;0;0;0;0;0;0;0;0;0;0;0;0;0;0;0;0;0;0;00:00:00:000;00:00:00:000;;0;0;0;0;0;0;0;
2026-01-07 17:02:47;2026-01-07 17:05:26;2026-01-07 17:05:26;00:00:01;00:02:39;0;0;0;0;0;0;0;0;0;0;0;0;0;0;0;0;0;0;0;0;0;0;0;0;0;0;0;0;0;00:00:00:000;00:00:00:000;;0;0;0;0;0;0;0;
2026-01-07 17:02:47;2026-01-07 17:05:27;2026-01-07 17:05:27;00:00:01;00:02:40;0;0;0;0;0;0;0;0;0;0;0;0;0;0;0;0;0;0;0;0;0;0;0;0;0;0;0;0;0;00:00:00:000;00:00:00:000;;0;0;0;0;0;0;0;
2026-01-07 17:02:47;2026-01-07 17:05:28;2026-01-07 17:05:28;00:00:01;00:02:41;0;0;0;0;0;0;0;0;0;0;0;0;0;0;0;0;0;0;0;0;0;0;0;0;0;0;0;0;0;00:00:00:000;00:00:00:000;;0;0;0;0;0;0;0;
2026-01-07 17:02:47;2026-01-07 17:05:29;2026-01-07 17:05:29;00:00:01;00:02:42;0;0;0;0;0;0;0;0;0;0;0;0;0;0;0;0;0;0;0;0;0;0;0;0;0;0;0;0;0;00:00:00:000;00:00:00:000;;0;0;0;0;0;0;0;
2026-01-07 17:02:47;2026-01-07 17:05:30;2026-01-07 17:05:30;00:00:01;00:02:43;0;0;0;0;0;0;0;0;0;0;0;0;0;0;0;0;0;0;0;0;0;0;0;0;0;0;0;0;0;00:00:00:000;00:00:00:000;;0;0;0;0;0;0;0;
2026-01-07 17:02:47;2026-01-07 17:05:31;2026-01-07 17:05:31;00:00:01;00:02:44;0;0;0;0;0;0;0;0;0;0;0;0;0;0;0;0;0;0;0;0;0;0;0;0;0;0;0;0;0;00:00:00:000;00:00:00:000;;0;0;0;0;0;0;0;
2026-01-07 17:02:47;2026-01-07 17:05:32;2026-01-07 17:05:32;00:00:01;00:02:45;0;0;0;0;0;0;0;0;0;0;0;0;0;0;0;0;0;0;0;0;0;0;0;0;0;0;0;0;0;00:00:00:000;00:00:00:000;;0;0;0;0;0;0;0;
2026-01-07 17:02:47;2026-01-07 17:05:33;2026-01-07 17:05:33;00:00:01;00:02:46;0;0;0;0;0;0;0;0;0;0;0;0;0;0;0;0;0;0;0;0;0;0;0;0;0;0;0;0;0;00:00:00:000;00:00:00:000;;0;0;0;0;0;0;0;
2026-01-07 17:02:47;2026-01-07 17:05:34;2026-01-07 17:05:34;00:00:01;00:02:47;0;0;0;0;0;0;0;0;0;0;0;0;0;0;0;0;0;0;0;0;0;0;0;0;0;0;0;0;0;00:00:00:000;00:00:00:000;;0;0;0;0;0;0;0;
2026-01-07 17:02:47;2026-01-07 17:05:35;2026-01-07 17:05:35;00:00:01;00:02:48;0;0;0;0;0;0;0;0;0;0;0;0;0;0;0;0;0;0;0;0;0;0;0;0;0;0;0;0;0;00:00:00:000;00:00:00:000;;0;0;0;0;0;0;0;
2026-01-07 17:02:47;2026-01-07 17:05:36;2026-01-07 17:05:36;00:00:01;00:02:49;0;0;0;0;0;0;0;0;0;0;0;0;0;0;0;0;0;0;0;0;0;0;0;0;0;0;0;0;0;00:00:00:000;00:00:00:000;;0;0;0;0;0;0;0;
2026-01-07 17:02:47;2026-01-07 17:05:37;2026-01-07 17:05:37;00:00:01;00:02:50;0;0;0;0;0;0;0;0;0;0;0;0;0;0;0;0;0;0;0;0;0;0;0;0;0;0;0;0;0;00:00:00:000;00:00:00:000;;0;0;0;0;0;0;0;
2026-01-07 17:02:47;2026-01-07 17:05:38;2026-01-07 17:05:38;00:00:01;00:02:51;0;0;0;0;0;0;0;0;0;0;0;0;0;0;0;0;0;0;0;0;0;0;0;0;0;0;0;0;0;00:00:00:000;00:00:00:000;;0;0;0;0;0;0;0;
2026-01-07 17:02:47;2026-01-07 17:05:39;2026-01-07 17:05:39;00:00:01;00:02:52;0;0;0;0;0;0;0;0;0;0;0;0;0;0;0;0;0;0;0;0;0;0;0;0;0;0;0;0;0;00:00:00:000;00:00:00:000;;0;0;0;0;0;0;0;
2026-01-07 17:02:47;2026-01-07 17:05:40;2026-01-07 17:05:40;00:00:01;00:02:53;0;0;0;0;0;0;0;0;0;0;0;0;0;0;0;0;0;0;0;0;0;0;0;0;0;0;0;0;0;00:00:00:000;00:00:00:000;;0;0;0;0;0;0;0;
2026-01-07 17:02:47;2026-01-07 17:05:41;2026-01-07 17:05:41;00:00:01;00:02:54;0;0;0;0;0;0;0;0;0;0;0;0;0;0;0;0;0;0;0;0;0;0;0;0;0;0;0;0;0;00:00:00:000;00:00:00:000;;0;0;0;0;0;0;0;
2026-01-07 17:02:47;2026-01-07 17:05:42;2026-01-07 17:05:42;00:00:01;00:02:55;0;0;0;0;0;0;0;0;0;0;0;0;0;0;0;0;0;0;0;0;0;0;0;0;0;0;0;0;0;00:00:00:000;00:00:00:000;;0;0;0;0;0;0;0;
2026-01-07 17:02:47;2026-01-07 17:05:43;2026-01-07 17:05:43;00:00:01;00:02:56;0;0;0;0;0;0;0;0;0;0;0;0;0;0;0;0;0;0;0;0;0;0;0;0;0;0;0;0;0;00:00:00:000;00:00:00:000;;0;0;0;0;0;0;0;
2026-01-07 17:02:47;2026-01-07 17:05:44;2026-01-07 17:05:44;00:00:01;00:02:57;0;0;0;0;0;0;0;0;0;0;0;0;0;0;0;0;0;0;0;0;0;0;0;0;0;0;0;0;0;00:00:00:000;00:00:00:000;;0;0;0;0;0;0;0;
2026-01-07 17:02:47;2026-01-07 17:05:45;2026-01-07 17:05:45;00:00:01;00:02:58;0;0;0;0;0;0;0;0;0;0;0;0;0;0;0;0;0;0;0;0;0;0;0;0;0;0;0;0;0;00:00:00:000;00:00:00:000;;0;0;0;0;0;0;0;
2026-01-07 17:02:47;2026-01-07 17:05:46;2026-01-07 17:05:46;00:00:01;00:02:59;0;0;0;0;0;0;0;0;0;0;0;0;0;0;0;0;0;0;0;0;0;0;0;0;0;0;0;0;0;00:00:00:000;00:00:00:000;;0;0;0;0;0;0;0;
2026-01-07 17:02:47;2026-01-07 17:05:47;2026-01-07 17:05:47;00:00:01;00:03:00;0;0;0;0;0;0;0;0;0;0;0;0;0;0;0;0;0;0;0;0;0;0;0;0;0;0;0;0;0;00:00:00:000;00:00:00:000;;0;0;0;0;0;0;0;
2026-01-07 17:02:47;2026-01-07 17:05:48;2026-01-07 17:05:48;00:00:01;00:03:01;0;0;0;0;0;0;0;0;0;0;0;0;0;0;0;0;0;0;0;0;0;0;0;0;0;0;0;0;0;00:00:00:000;00:00:00:000;;0;0;0;0;0;0;0;
2026-01-07 17:02:47;2026-01-07 17:05:49;2026-01-07 17:05:49;00:00:01;00:03:02;0;0;0;0;0;0;0;0;0;0;0;0;0;0;0;0;0;0;0;0;0;0;0;0;0;0;0;0;0;00:00:00:000;00:00:00:000;;0;0;0;0;0;0;0;
2026-01-07 17:02:47;2026-01-07 17:05:50;2026-01-07 17:05:50;00:00:01;00:03:03;0;0;0;0;0;0;0;0;0;0;0;0;0;0;0;0;0;0;0;0;0;0;0;0;0;0;0;0;0;00:00:00:000;00:00:00:000;;0;0;0;0;0;0;0;
2026-01-07 17:02:47;2026-01-07 17:05:51;2026-01-07 17:05:51;00:00:01;00:03:04;0;0;0;0;0;0;0;0;0;0;0;0;0;0;0;0;0;0;0;0;0;0;0;0;0;0;0;0;0;00:00:00:000;00:00:00:000;;0;0;0;0;0;0;0;
2026-01-07 17:02:47;2026-01-07 17:05:52;2026-01-07 17:05:52;00:00:01;00:03:05;0;0;0;0;0;0;0;0;0;0;0;0;0;0;0;0;0;0;0;0;0;0;0;0;0;0;0;0;0;00:00:00:000;00:00:00:000;;0;0;0;0;0;0;0;
2026-01-07 17:02:47;2026-01-07 17:05:53;2026-01-07 17:05:53;00:00:01;00:03:06;0;0;0;0;0;0;0;0;0;0;0;0;0;0;0;0;0;0;0;0;0;0;0;0;0;0;0;0;0;00:00:00:000;00:00:00:000;;0;0;0;0;0;0;0;
2026-01-07 17:02:47;2026-01-07 17:05:54;2026-01-07 17:05:54;00:00:01;00:03:07;0;0;0;0;0;0;0;0;0;0;0;0;0;0;0;0;0;0;0;0;0;0;0;0;0;0;0;0;0;00:00:00:000;00:00:00:000;;0;0;0;0;0;0;0;
2026-01-07 17:02:47;2026-01-07 17:05:55;2026-01-07 17:05:55;00:00:01;00:03:08;0;0;0;0;0;0;0;0;0;0;0;0;0;0;0;0;0;0;0;0;0;0;0;0;0;0;0;0;0;00:00:00:000;00:00:00:000;;0;0;0;0;0;0;0;
2026-01-07 17:02:47;2026-01-07 17:05:56;2026-01-07 17:05:56;00:00:01;00:03:09;0;0;0;0;0;0;0;0;0;0;0;0;0;0;0;0;0;0;0;0;0;0;0;0;0;0;0;0;0;00:00:00:000;00:00:00:000;;0;0;0;0;0;0;0;
2026-01-07 17:02:47;2026-01-07 17:05:57;2026-01-07 17:05:57;00:00:01;00:03:10;0;0;0;0;0;0;0;0;0;0;0;0;0;0;0;0;0;0;0;0;0;0;0;0;0;0;0;0;0;00:00:00:000;00:00:00:000;;0;0;0;0;0;0;0;
2026-01-07 17:02:47;2026-01-07 17:05:58;2026-01-07 17:05:58;00:00:01;00:03:11;0;0;0;0;0;0;0;0;0;0;0;0;0;0;0;0;0;0;0;0;0;0;0;0;0;0;0;0;0;00:00:00:000;00:00:00:000;;0;0;0;0;0;0;0;
2026-01-07 17:02:47;2026-01-07 17:05:59;2026-01-07 17:05:59;00:00:01;00:03:12;0;0;0;0;0;0;0;0;0;0;0;0;0;0;0;0;0;0;0;0;0;0;0;0;0;0;0;0;0;00:00:00:000;00:00:00:000;;0;0;0;0;0;0;0;
2026-01-07 17:02:47;2026-01-07 17:06:00;2026-01-07 17:06:00;00:00:01;00:03:13;0;0;0;0;0;0;0;0;0;0;0;0;0;0;0;0;0;0;0;0;0;0;0;0;0;0;0;0;0;00:00:00:000;00:00:00:000;;0;0;0;0;0;0;0;
2026-01-07 17:02:47;2026-01-07 17:06:01;2026-01-07 17:06:01;00:00:01;00:03:14;0;0;0;0;0;0;0;0;0;0;0;0;0;0;0;0;0;0;0;0;0;0;0;0;0;0;0;0;0;00:00:00:000;00:00:00:000;;0;0;0;0;0;0;0;
2026-01-07 17:02:47;2026-01-07 17:06:02;2026-01-07 17:06:02;00:00:01;00:03:15;0;0;0;0;0;0;0;0;0;0;0;0;0;0;0;0;0;0;0;0;0;0;0;0;0;0;0;0;0;00:00:00:000;00:00:00:000;;0;0;0;0;0;0;0;
2026-01-07 17:02:47;2026-01-07 17:06:03;2026-01-07 17:06:03;00:00:01;00:03:16;0;0;0;0;0;0;0;0;0;0;0;0;0;0;0;0;0;0;0;0;0;0;0;0;0;0;0;0;0;00:00:00:000;00:00:00:000;;0;0;0;0;0;0;0;
2026-01-07 17:02:47;2026-01-07 17:06:04;2026-01-07 17:06:04;00:00:01;00:03:17;0;0;0;0;0;0;0;0;0;0;0;0;0;0;0;0;0;0;0;0;0;0;0;0;0;0;0;0;0;00:00:00:000;00:00:00:000;;0;0;0;0;0;0;0;
2026-01-07 17:02:47;2026-01-07 17:06:05;2026-01-07 17:06:05;00:00:01;00:03:18;0;0;0;0;0;0;0;0;0;0;0;0;0;0;0;0;0;0;0;0;0;0;0;0;0;0;0;0;0;00:00:00:000;00:00:00:000;;0;0;0;0;0;0;0;
2026-01-07 17:02:47;2026-01-07 17:06:06;2026-01-07 17:06:06;00:00:01;00:03:19;0;0;0;0;0;0;0;0;0;0;0;0;0;0;0;0;0;0;0;0;0;0;0;0;0;0;0;0;0;00:00:00:000;00:00:00:000;;0;0;0;0;0;0;0;
2026-01-07 17:02:47;2026-01-07 17:06:07;2026-01-07 17:06:07;00:00:01;00:03:20;0;0;0;0;0;0;0;0;0;0;0;0;0;0;0;0;0;0;0;0;0;0;0;0;0;0;0;0;0;00:00:00:000;00:00:00:000;;0;0;0;0;0;0;0;
2026-01-07 17:02:47;2026-01-07 17:06:08;2026-01-07 17:06:08;00:00:01;00:03:21;0;0;0;0;0;0;0;0;0;0;0;0;0;0;0;0;0;0;0;0;0;0;0;0;0;0;0;0;0;00:00:00:000;00:00:00:000;;0;0;0;0;0;0;0;
2026-01-07 17:02:47;2026-01-07 17:06:09;2026-01-07 17:06:09;00:00:01;00:03:22;0;0;0;0;0;0;0;0;0;0;0;0;0;0;0;0;0;0;0;0;0;0;0;0;0;0;0;0;0;00:00:00:000;00:00:00:000;;0;0;0;0;0;0;0;
2026-01-07 17:02:47;2026-01-07 17:06:10;2026-01-07 17:06:10;00:00:01;00:03:23;0;0;0;0;0;0;0;0;0;0;0;0;0;0;0;0;0;0;0;0;0;0;0;0;0;0;0;0;0;00:00:00:000;00:00:00:000;;0;0;0;0;0;0;0;
2026-01-07 17:02:47;2026-01-07 17:06:11;2026-01-07 17:06:11;00:00:01;00:03:24;0;0;0;0;0;0;0;0;0;0;0;0;0;0;0;0;0;0;0;0;0;0;0;0;0;0;0;0;0;00:00:00:000;00:00:00:000;;0;0;0;0;0;0;0;
2026-01-07 17:02:47;2026-01-07 17:06:12;2026-01-07 17:06:12;00:00:01;00:03:25;0;0;0;0;0;0;0;0;0;0;0;0;0;0;0;0;0;0;0;0;0;0;0;0;0;0;0;0;0;00:00:00:000;00:00:00:000;;0;0;0;0;0;0;0;
2026-01-07 17:02:47;2026-01-07 17:06:13;2026-01-07 17:06:13;00:00:01;00:03:26;0;0;0;0;0;0;0;0;0;0;0;0;0;0;0;0;0;0;0;0;0;0;0;0;0;0;0;0;0;00:00:00:000;00:00:00:000;;0;0;0;0;0;0;0;
2026-01-07 17:02:47;2026-01-07 17:06:14;2026-01-07 17:06:14;00:00:01;00:03:27;0;0;0;0;0;0;0;0;0;0;0;0;0;0;0;0;0;0;0;0;0;0;0;0;0;0;0;0;0;00:00:00:000;00:00:00:000;;0;0;0;0;0;0;0;
2026-01-07 17:02:47;2026-01-07 17:06:15;2026-01-07 17:06:15;00:00:01;00:03:28;0;0;0;0;0;0;0;0;0;0;0;0;0;0;0;0;0;0;0;0;0;0;0;0;0;0;0;0;0;00:00:00:000;00:00:00:000;;0;0;0;0;0;0;0;
2026-01-07 17:02:47;2026-01-07 17:06:16;2026-01-07 17:06:16;00:00:01;00:03:29;0;0;0;0;0;0;0;0;0;0;0;0;0;0;0;0;0;0;0;0;0;0;0;0;0;0;0;0;0;00:00:00:000;00:00:00:000;;0;0;0;0;0;0;0;
2026-01-07 17:02:47;2026-01-07 17:06:17;2026-01-07 17:06:17;00:00:01;00:03:30;0;0;0;0;0;0;0;0;0;0;0;0;0;0;0;0;0;0;0;0;0;0;0;0;0;0;0;0;0;00:00:00:000;00:00:00:000;;0;0;0;0;0;0;0;
2026-01-07 17:02:47;2026-01-07 17:06:18;2026-01-07 17:06:18;00:00:01;00:03:31;0;0;0;0;0;0;0;0;0;0;0;0;0;0;0;0;0;0;0;0;0;0;0;0;0;0;0;0;0;00:00:00:000;00:00:00:000;;0;0;0;0;0;0;0;
2026-01-07 17:02:47;2026-01-07 17:06:19;2026-01-07 17:06:19;00:00:01;00:03:32;0;0;0;0;0;0;0;0;0;0;0;0;0;0;0;0;0;0;0;0;0;0;0;0;0;0;0;0;0;00:00:00:000;00:00:00:000;;0;0;0;0;0;0;0;
2026-01-07 17:02:47;2026-01-07 17:06:20;2026-01-07 17:06:20;00:00:01;00:03:33;0;0;0;0;0;0;0;0;0;0;0;0;0;0;0;0;0;0;0;0;0;0;0;0;0;0;0;0;0;00:00:00:000;00:00:00:000;;0;0;0;0;0;0;0;
2026-01-07 17:02:47;2026-01-07 17:06:21;2026-01-07 17:06:21;00:00:01;00:03:34;0;0;0;0;0;0;0;0;0;0;0;0;0;0;0;0;0;0;0;0;0;0;0;0;0;0;0;0;0;00:00:00:000;00:00:00:000;;0;0;0;0;0;0;0;
2026-01-07 17:02:47;2026-01-07 17:06:22;2026-01-07 17:06:22;00:00:01;00:03:35;0;0;0;0;0;0;0;0;0;0;0;0;0;0;0;0;0;0;0;0;0;0;0;0;0;0;0;0;0;00:00:00:000;00:00:00:000;;0;0;0;0;0;0;0;
2026-01-07 17:02:47;2026-01-07 17:06:23;2026-01-07 17:06:23;00:00:01;00:03:36;0;0;0;0;0;0;0;0;0;0;0;0;0;0;0;0;0;0;0;0;0;0;0;0;0;0;0;0;0;00:00:00:000;00:00:00:000;;0;0;0;0;0;0;0;
2026-01-07 17:02:47;2026-01-07 17:06:24;2026-01-07 17:06:24;00:00:01;00:03:37;0;0;0;0;0;0;0;0;0;0;0;0;0;0;0;0;0;0;0;0;0;0;0;0;0;0;0;0;0;00:00:00:000;00:00:00:000;;0;0;0;0;0;0;0;
2026-01-07 17:02:47;2026-01-07 17:06:25;2026-01-07 17:06:25;00:00:01;00:03:38;0;0;0;0;0;0;0;0;0;0;0;0;0;0;0;0;0;0;0;0;0;0;0;0;0;0;0;0;0;00:00:00:000;00:00:00:000;;0;0;0;0;0;0;0;
2026-01-07 17:02:47;2026-01-07 17:06:26;2026-01-07 17:06:26;00:00:01;00:03:39;0;0;0;0;0;0;0;0;0;0;0;0;0;0;0;0;0;0;0;0;0;0;0;0;0;0;0;0;0;00:00:00:000;00:00:00:000;;0;0;0;0;0;0;0;
2026-01-07 17:02:47;2026-01-07 17:06:27;2026-01-07 17:06:27;00:00:01;00:03:40;0;0;0;0;0;0;0;0;0;0;0;0;0;0;0;0;0;0;0;0;0;0;0;0;0;0;0;0;0;00:00:00:000;00:00:00:000;;0;0;0;0;0;0;0;
2026-01-07 17:02:47;2026-01-07 17:06:28;2026-01-07 17:06:28;00:00:01;00:03:41;0;0;0;0;0;0;0;0;0;0;0;0;0;0;0;0;0;0;0;0;0;0;0;0;0;0;0;0;0;00:00:00:000;00:00:00:000;;0;0;0;0;0;0;0;
2026-01-07 17:02:47;2026-01-07 17:06:29;2026-01-07 17:06:29;00:00:01;00:03:42;0;0;0;0;0;0;0;0;0;0;0;0;0;0;0;0;0;0;0;0;0;0;0;0;0;0;0;0;0;00:00:00:000;00:00:00:000;;0;0;0;0;0;0;0;
2026-01-07 17:02:47;2026-01-07 17:06:30;2026-01-07 17:06:30;00:00:01;00:03:43;0;0;0;0;0;0;0;0;0;0;0;0;0;0;0;0;0;0;0;0;0;0;0;0;0;0;0;0;0;00:00:00:000;00:00:00:000;;0;0;0;0;0;0;0;
2026-01-07 17:02:47;2026-01-07 17:06:31;2026-01-07 17:06:31;00:00:01;00:03:44;0;0;0;0;0;0;0;0;0;0;0;0;0;0;0;0;0;0;0;0;0;0;0;0;0;0;0;0;0;00:00:00:000;00:00:00:000;;0;0;0;0;0;0;0;
2026-01-07 17:02:47;2026-01-07 17:06:32;2026-01-07 17:06:32;00:00:01;00:03:45;0;0;0;0;0;0;0;0;0;0;0;0;0;0;0;0;0;0;0;0;0;0;0;0;0;0;0;0;0;00:00:00:000;00:00:00:000;;0;0;0;0;0;0;0;
2026-01-07 17:02:47;2026-01-07 17:06:33;2026-01-07 17:06:33;00:00:01;00:03:46;0;0;0;0;0;0;0;0;0;0;0;0;0;0;0;0;0;0;0;0;0;0;0;0;0;0;0;0;0;00:00:00:000;00:00:00:000;;0;0;0;0;0;0;0;
2026-01-07 17:02:47;2026-01-07 17:06:34;2026-01-07 17:06:34;00:00:01;00:03:47;0;0;0;0;0;0;0;0;0;0;0;0;0;0;0;0;0;0;0;0;0;0;0;0;0;0;0;0;0;00:00:00:000;00:00:00:000;;0;0;0;0;0;0;0;
2026-01-07 17:02:47;2026-01-07 17:06:35;2026-01-07 17:06:35;00:00:01;00:03:48;0;0;0;0;0;0;0;0;0;0;0;0;0;0;0;0;0;0;0;0;0;0;0;0;0;0;0;0;0;00:00:00:000;00:00:00:000;;0;0;0;0;0;0;0;
2026-01-07 17:02:47;2026-01-07 17:06:36;2026-01-07 17:06:36;00:00:01;00:03:49;0;0;0;0;0;0;0;0;0;0;0;0;0;0;0;0;0;0;0;0;0;0;0;0;0;0;0;0;0;00:00:00:000;00:00:00:000;;0;0;0;0;0;0;0;
2026-01-07 17:02:47;2026-01-07 17:06:37;2026-01-07 17:06:37;00:00:01;00:03:50;0;0;0;0;0;0;0;0;0;0;0;0;0;0;0;0;0;0;0;0;0;0;0;0;0;0;0;0;0;00:00:00:000;00:00:00:000;;0;0;0;0;0;0;0;
2026-01-07 17:02:47;2026-01-07 17:06:38;2026-01-07 17:06:38;00:00:01;00:03:51;0;0;0;0;0;0;0;0;0;0;0;0;0;0;0;0;0;0;0;0;0;0;0;0;0;0;0;0;0;00:00:00:000;00:00:00:000;;0;0;0;0;0;0;0;
2026-01-07 17:02:47;2026-01-07 17:06:39;2026-01-07 17:06:39;00:00:01;00:03:52;0;0;0;0;0;0;0;0;0;0;0;0;0;0;0;0;0;0;0;0;0;0;0;0;0;0;0;0;0;00:00:00:000;00:00:00:000;;0;0;0;0;0;0;0;
2026-01-07 17:02:47;2026-01-07 17:06:40;2026-01-07 17:06:40;00:00:01;00:03:53;0;0;0;0;0;0;0;0;0;0;0;0;0;0;0;0;0;0;0;0;0;0;0;0;0;0;0;0;0;00:00:00:000;00:00:00:000;;0;0;0;0;0;0;0;
2026-01-07 17:02:47;2026-01-07 17:06:41;2026-01-07 17:06:41;00:00:01;00:03:54;0;0;0;0;0;0;0;0;0;0;0;0;0;0;0;0;0;0;0;0;0;0;0;0;0;0;0;0;0;00:00:00:000;00:00:00:000;;0;0;0;0;0;0;0;
2026-01-07 17:02:47;2026-01-07 17:06:42;2026-01-07 17:06:42;00:00:01;00:03:55;0;0;0;0;0;0;0;0;0;0;0;0;0;0;0;0;0;0;0;0;0;0;0;0;0;0;0;0;0;00:00:00:000;00:00:00:000;;0;0;0;0;0;0;0;
2026-01-07 17:02:47;2026-01-07 17:06:43;2026-01-07 17:06:43;00:00:01;00:03:56;0;0;0;0;0;0;0;0;0;0;0;0;0;0;0;0;0;0;0;0;0;0;0;0;0;0;0;0;0;00:00:00:000;00:00:00:000;;0;0;0;0;0;0;0;
2026-01-07 17:02:47;2026-01-07 17:06:44;2026-01-07 17:06:44;00:00:01;00:03:57;0;0;0;0;0;0;0;0;0;0;0;0;0;0;0;0;0;0;0;0;0;0;0;0;0;0;0;0;0;00:00:00:000;00:00:00:000;;0;0;0;0;0;0;0;
2026-01-07 17:02:47;2026-01-07 17:06:45;2026-01-07 17:06:45;00:00:01;00:03:58;0;0;0;0;0;0;0;0;0;0;0;0;0;0;0;0;0;0;0;0;0;0;0;0;0;0;0;0;0;00:00:00:000;00:00:00:000;;0;0;0;0;0;0;0;
2026-01-07 17:02:47;2026-01-07 17:06:46;2026-01-07 17:06:46;00:00:01;00:03:59;0;0;0;0;0;0;0;0;0;0;0;0;0;0;0;0;0;0;0;0;0;0;0;0;0;0;0;0;0;00:00:00:000;00:00:00:000;;0;0;0;0;0;0;0;
2026-01-07 17:02:47;2026-01-07 17:06:47;2026-01-07 17:06:47;00:00:01;00:04:00;0;0;0;0;0;0;0;0;0;0;0;0;0;0;0;0;0;0;0;0;0;0;0;0;0;0;0;0;0;00:00:00:000;00:00:00:000;;0;0;0;0;0;0;0;
2026-01-07 17:02:47;2026-01-07 17:06:48;2026-01-07 17:06:48;00:00:01;00:04:01;0;0;0;0;0;0;0;0;0;0;0;0;0;0;0;0;0;0;0;0;0;0;0;0;0;0;0;0;0;00:00:00:000;00:00:00:000;;0;0;0;0;0;0;0;
2026-01-07 17:02:47;2026-01-07 17:06:49;2026-01-07 17:06:49;00:00:01;00:04:02;0;0;0;0;0;0;0;0;0;0;0;0;0;0;0;0;0;0;0;0;0;0;0;0;0;0;0;0;0;00:00:00:000;00:00:00:000;;0;0;0;0;0;0;0;
2026-01-07 17:02:47;2026-01-07 17:06:50;2026-01-07 17:06:50;00:00:01;00:04:03;0;0;0;0;0;0;0;0;0;0;0;0;0;0;0;0;0;0;0;0;0;0;0;0;0;0;0;0;0;00:00:00:000;00:00:00:000;;0;0;0;0;0;0;0;
2026-01-07 17:02:47;2026-01-07 17:06:51;2026-01-07 17:06:51;00:00:01;00:04:04;0;0;0;0;0;0;0;0;0;0;0;0;0;0;0;0;0;0;0;0;0;0;0;0;0;0;0;0;0;00:00:00:000;00:00:00:000;;0;0;0;0;0;0;0;
2026-01-07 17:02:47;2026-01-07 17:06:52;2026-01-07 17:06:52;00:00:01;00:04:05;0;0;0;0;0;0;0;0;0;0;0;0;0;0;0;0;0;0;0;0;0;0;0;0;0;0;0;0;0;00:00:00:000;00:00:00:000;;0;0;0;0;0;0;0;
2026-01-07 17:02:47;2026-01-07 17:06:53;2026-01-07 17:06:53;00:00:01;00:04:06;0;0;0;0;0;0;0;0;0;0;0;0;0;0;0;0;0;0;0;0;0;0;0;0;0;0;0;0;0;00:00:00:000;00:00:00:000;;0;0;0;0;0;0;0;
2026-01-07 17:02:47;2026-01-07 17:06:54;2026-01-07 17:06:54;00:00:01;00:04:07;0;0;0;0;0;0;0;0;0;0;0;0;0;0;0;0;0;0;0;0;0;0;0;0;0;0;0;0;0;00:00:00:000;00:00:00:000;;0;0;0;0;0;0;0;
2026-01-07 17:02:47;2026-01-07 17:06:55;2026-01-07 17:06:55;00:00:01;00:04:08;0;0;0;0;0;0;0;0;0;0;0;0;0;0;0;0;0;0;0;0;0;0;0;0;0;0;0;0;0;00:00:00:000;00:00:00:000;;0;0;0;0;0;0;0;
2026-01-07 17:02:47;2026-01-07 17:06:56;2026-01-07 17:06:56;00:00:01;00:04:09;0;0;0;0;0;0;0;0;0;0;0;0;0;0;0;0;0;0;0;0;0;0;0;0;0;0;0;0;0;00:00:00:000;00:00:00:000;;0;0;0;0;0;0;0;
2026-01-07 17:02:47;2026-01-07 17:06:57;2026-01-07 17:06:57;00:00:01;00:04:10;0;0;0;0;0;0;0;0;0;0;0;0;0;0;0;0;0;0;0;0;0;0;0;0;0;0;0;0;0;00:00:00:000;00:00:00:000;;0;0;0;0;0;0;0;
2026-01-07 17:02:47;2026-01-07 17:06:58;2026-01-07 17:06:58;00:00:01;00:04:11;0;0;0;0;0;0;0;0;0;0;0;0;0;0;0;0;0;0;0;0;0;0;0;0;0;0;0;0;0;00:00:00:000;00:00:00:000;;0;0;0;0;0;0;0;
2026-01-07 17:02:47;2026-01-07 17:06:59;2026-01-07 17:06:59;00:00:01;00:04:12;0;0;0;0;0;0;0;0;0;0;0;0;0;0;0;0;0;0;0;0;0;0;0;0;0;0;0;0;0;00:00:00:000;00:00:00:000;;0;0;0;0;0;0;0;
2026-01-07 17:02:47;2026-01-07 17:07:00;2026-01-07 17:07:00;00:00:01;00:04:13;0;0;0;0;0;0;0;0;0;0;0;0;0;0;0;0;0;0;0;0;0;0;0;0;0;0;0;0;0;00:00:00:000;00:00:00:000;;0;0;0;0;0;0;0;
2026-01-07 17:02:47;2026-01-07 17:07:01;2026-01-07 17:07:01;00:00:01;00:04:14;0;0;0;0;0;0;0;0;0;0;0;0;0;0;0;0;0;0;0;0;0;0;0;0;0;0;0;0;0;00:00:00:000;00:00:00:000;;0;0;0;0;0;0;0;
2026-01-07 17:02:47;2026-01-07 17:07:02;2026-01-07 17:07:02;00:00:01;00:04:15;0;0;0;0;0;0;0;0;0;0;0;0;0;0;0;0;0;0;0;0;0;0;0;0;0;0;0;0;0;00:00:00:000;00:00:00:000;;0;0;0;0;0;0;0;
2026-01-07 17:02:47;2026-01-07 17:07:03;2026-01-07 17:07:03;00:00:01;00:04:16;0;0;0;0;0;0;0;0;0;0;0;0;0;0;0;0;0;0;0;0;0;0;0;0;0;0;0;0;0;00:00:00:000;00:00:00:000;;0;0;0;0;0;0;0;
2026-01-07 17:02:47;2026-01-07 17:07:04;2026-01-07 17:07:04;00:00:01;00:04:17;0;0;0;0;0;0;0;0;0;0;0;0;0;0;0;0;0;0;0;0;0;0;0;0;0;0;0;0;0;00:00:00:000;00:00:00:000;;0;0;0;0;0;0;0;
2026-01-07 17:02:47;2026-01-07 17:07:05;2026-01-07 17:07:05;00:00:01;00:04:18;0;0;0;0;0;0;0;0;0;0;0;0;0;0;0;0;0;0;0;0;0;0;0;0;0;0;0;0;0;00:00:00:000;00:00:00:000;;0;0;0;0;0;0;0;
2026-01-07 17:02:47;2026-01-07 17:07:06;2026-01-07 17:07:06;00:00:01;00:04:19;0;0;0;0;0;0;0;0;0;0;0;0;0;0;0;0;0;0;0;0;0;0;0;0;0;0;0;0;0;00:00:00:000;00:00:00:000;;0;0;0;0;0;0;0;
2026-01-07 17:02:47;2026-01-07 17:07:07;2026-01-07 17:07:07;00:00:01;00:04:20;0;0;0;0;0;0;0;0;0;0;0;0;0;0;0;0;0;0;0;0;0;0;0;0;0;0;0;0;0;00:00:00:000;00:00:00:000;;0;0;0;0;0;0;0;
2026-01-07 17:02:47;2026-01-07 17:07:08;2026-01-07 17:07:08;00:00:01;00:04:21;0;0;0;0;0;0;0;0;0;0;0;0;0;0;0;0;0;0;0;0;0;0;0;0;0;0;0;0;0;00:00:00:000;00:00:00:000;;0;0;0;0;0;0;0;
2026-01-07 17:02:47;2026-01-07 17:07:09;2026-01-07 17:07:09;00:00:01;00:04:22;0;0;0;0;0;0;0;0;0;0;0;0;0;0;0;0;0;0;0;0;0;0;0;0;0;0;0;0;0;00:00:00:000;00:00:00:000;;0;0;0;0;0;0;0;
2026-01-07 17:02:47;2026-01-07 17:07:10;2026-01-07 17:07:10;00:00:01;00:04:23;0;0;0;0;0;0;0;0;0;0;0;0;0;0;0;0;0;0;0;0;0;0;0;0;0;0;0;0;0;00:00:00:000;00:00:00:000;;0;0;0;0;0;0;0;
2026-01-07 17:02:47;2026-01-07 17:07:11;2026-01-07 17:07:11;00:00:01;00:04:24;0;0;0;0;0;0;0;0;0;0;0;0;0;0;0;0;0;0;0;0;0;0;0;0;0;0;0;0;0;00:00:00:000;00:00:00:000;;0;0;0;0;0;0;0;
2026-01-07 17:02:47;2026-01-07 17:07:12;2026-01-07 17:07:12;00:00:01;00:04:25;0;0;0;0;0;0;0;0;0;0;0;0;0;0;0;0;0;0;0;0;0;0;0;0;0;0;0;0;0;00:00:00:000;00:00:00:000;;0;0;0;0;0;0;0;
2026-01-07 17:02:47;2026-01-07 17:07:13;2026-01-07 17:07:13;00:00:01;00:04:26;0;0;0;0;0;0;0;0;0;0;0;0;0;0;0;0;0;0;0;0;0;0;0;0;0;0;0;0;0;00:00:00:000;00:00:00:000;;0;0;0;0;0;0;0;
2026-01-07 17:02:47;2026-01-07 17:07:14;2026-01-07 17:07:14;00:00:01;00:04:27;0;0;0;0;0;0;0;0;0;0;0;0;0;0;0;0;0;0;0;0;0;0;0;0;0;0;0;0;0;00:00:00:000;00:00:00:000;;0;0;0;0;0;0;0;
2026-01-07 17:02:47;2026-01-07 17:07:15;2026-01-07 17:07:15;00:00:01;00:04:28;0;0;0;0;0;0;0;0;0;0;0;0;0;0;0;0;0;0;0;0;0;0;0;0;0;0;0;0;0;00:00:00:000;00:00:00:000;;0;0;0;0;0;0;0;
2026-01-07 17:02:47;2026-01-07 17:07:16;2026-01-07 17:07:16;00:00:01;00:04:29;0;0;0;0;0;0;0;0;0;0;0;0;0;0;0;0;0;0;0;0;0;0;0;0;0;0;0;0;0;00:00:00:000;00:00:00:000;;0;0;0;0;0;0;0;
2026-01-07 17:02:47;2026-01-07 17:07:17;2026-01-07 17:07:17;00:00:01;00:04:30;0;0;0;0;0;0;0;0;0;0;0;0;0;0;0;0;0;0;0;0;0;0;0;0;0;0;0;0;0;00:00:00:000;00:00:00:000;;0;0;0;0;0;0;0;
2026-01-07 17:02:47;2026-01-07 17:07:18;2026-01-07 17:07:18;00:00:01;00:04:31;0;0;0;0;0;0;0;0;0;0;0;0;0;0;0;0;0;0;0;0;0;0;0;0;0;0;0;0;0;00:00:00:000;00:00:00:000;;0;0;0;0;0;0;0;
2026-01-07 17:02:47;2026-01-07 17:07:19;2026-01-07 17:07:19;00:00:01;00:04:32;0;0;0;0;0;0;0;0;0;0;0;0;0;0;0;0;0;0;0;0;0;0;0;0;0;0;0;0;0;00:00:00:000;00:00:00:000;;0;0;0;0;0;0;0;
2026-01-07 17:02:47;2026-01-07 17:07:20;2026-01-07 17:07:20;00:00:01;00:04:33;0;0;0;0;0;0;0;0;0;0;0;0;0;0;0;0;0;0;0;0;0;0;0;0;0;0;0;0;0;00:00:00:000;00:00:00:000;;0;0;0;0;0;0;0;
2026-01-07 17:02:47;2026-01-07 17:07:21;2026-01-07 17:07:21;00:00:01;00:04:34;0;0;0;0;0;0;0;0;0;0;0;0;0;0;0;0;0;0;0;0;0;0;0;0;0;0;0;0;0;00:00:00:000;00:00:00:000;;0;0;0;0;0;0;0;
2026-01-07 17:02:47;2026-01-07 17:07:22;2026-01-07 17:07:22;00:00:01;00:04:35;0;0;0;0;0;0;0;0;0;0;0;0;0;0;0;0;0;0;0;0;0;0;0;0;0;0;0;0;0;00:00:00:000;00:00:00:000;;0;0;0;0;0;0;0;
2026-01-07 17:02:47;2026-01-07 17:07:23;2026-01-07 17:07:23;00:00:01;00:04:36;0;0;0;0;0;0;0;0;0;0;0;0;0;0;0;0;0;0;0;0;0;0;0;0;0;0;0;0;0;00:00:00:000;00:00:00:000;;0;0;0;0;0;0;0;
2026-01-07 17:02:47;2026-01-07 17:07:24;2026-01-07 17:07:24;00:00:01;00:04:37;0;0;0;0;0;0;0;0;0;0;0;0;0;0;0;0;0;0;0;0;0;0;0;0;0;0;0;0;0;00:00:00:000;00:00:00:000;;0;0;0;0;0;0;0;
2026-01-07 17:02:47;2026-01-07 17:07:24;2026-01-07 17:07:25;00:00:01;00:04:38;0;0;0;0;0;0;0;0;0;0;0;0;0;0;0;0;0;0;0;0;0;0;0;0;0;0;0;0;0;00:00:00:000;00:00:00:000;;0;0;0;0;0;0;0;
2026-01-07 17:02:47;2026-01-07 17:07:26;2026-01-07 17:07:26;00:00:01;00:04:39;0;0;0;0;0;0;0;0;0;0;0;0;0;0;0;0;0;0;0;0;0;0;0;0;0;0;0;0;0;00:00:00:000;00:00:00:000;;0;0;0;0;0;0;0;
2026-01-07 17:02:47;2026-01-07 17:07:26;2026-01-07 17:07:27;00:00:01;00:04:40;0;0;0;0;0;0;0;0;0;0;0;0;0;0;0;0;0;0;0;0;0;0;0;0;0;0;0;0;0;00:00:00:000;00:00:00:000;;0;0;0;0;0;0;0;
2026-01-07 17:02:47;2026-01-07 17:07:27;2026-01-07 17:07:28;00:00:01;00:04:41;0;0;0;0;0;0;0;0;0;0;0;0;0;0;0;0;0;0;0;0;0;0;0;0;0;0;0;0;0;00:00:00:000;00:00:00:000;;0;0;0;0;0;0;0;
2026-01-07 17:02:47;2026-01-07 17:07:29;2026-01-07 17:07:29;00:00:01;00:04:42;0;0;0;0;0;0;0;0;0;0;0;0;0;0;0;0;0;0;0;0;0;0;0;0;0;0;0;0;0;00:00:00:000;00:00:00:000;;0;0;0;0;0;0;0;
2026-01-07 17:02:47;2026-01-07 17:07:29;2026-01-07 17:07:30;00:00:01;00:04:43;0;0;0;0;0;0;0;0;0;0;0;0;0;0;0;0;0;0;0;0;0;0;0;0;0;0;0;0;0;00:00:00:000;00:00:00:000;;0;0;0;0;0;0;0;
2026-01-07 17:02:47;2026-01-07 17:07:30;2026-01-07 17:07:31;00:00:01;00:04:44;0;0;0;0;0;0;0;0;0;0;0;0;0;0;0;0;0;0;0;0;0;0;0;0;0;0;0;0;0;00:00:00:000;00:00:00:000;;0;0;0;0;0;0;0;
2026-01-07 17:02:47;2026-01-07 17:07:31;2026-01-07 17:07:32;00:00:01;00:04:45;0;0;0;0;0;0;0;0;0;0;0;0;0;0;0;0;0;0;0;0;0;0;0;0;0;0;0;0;0;00:00:00:000;00:00:00:000;;0;0;0;0;0;0;0;
2026-01-07 17:02:47;2026-01-07 17:07:32;2026-01-07 17:07:33;00:00:01;00:04:46;0;0;0;0;0;0;0;0;0;0;0;0;0;0;0;0;0;0;0;0;0;0;0;0;0;0;0;0;0;00:00:00:000;00:00:00:000;;0;0;0;0;0;0;0;
2026-01-07 17:02:47;2026-01-07 17:07:33;2026-01-07 17:07:34;00:00:01;00:04:47;0;0;0;0;0;0;0;0;0;0;0;0;0;0;0;0;0;0;0;0;0;0;0;0;0;0;0;0;0;00:00:00:000;00:00:00:000;;0;0;0;0;0;0;0;
2026-01-07 17:02:47;2026-01-07 17:07:34;2026-01-07 17:07:35;00:00:01;00:04:48;0;0;0;0;0;0;0;0;0;0;0;0;0;0;0;0;0;0;0;0;0;0;0;0;0;0;0;0;0;00:00:00:000;00:00:00:000;;0;0;0;0;0;0;0;
2026-01-07 17:02:47;2026-01-07 17:07:35;2026-01-07 17:07:36;00:00:01;00:04:49;0;0;0;0;0;0;0;0;0;0;0;0;0;0;0;0;0;0;0;0;0;0;0;0;0;0;0;0;0;00:00:00:000;00:00:00:000;;0;0;0;0;0;0;0;
2026-01-07 17:02:47;2026-01-07 17:07:36;2026-01-07 17:07:37;00:00:01;00:04:50;0;0;0;0;0;0;0;0;0;0;0;0;0;0;0;0;0;0;0;0;0;0;0;0;0;0;0;0;0;00:00:00:000;00:00:00:000;;0;0;0;0;0;0;0;
2026-01-07 17:02:47;2026-01-07 17:07:37;2026-01-07 17:07:38;00:00:01;00:04:51;0;0;0;0;0;0;0;0;0;0;0;0;0;0;0;0;0;0;0;0;0;0;0;0;0;0;0;0;0;00:00:00:000;00:00:00:000;;0;0;0;0;0;0;0;
2026-01-07 17:02:47;2026-01-07 17:07:38;2026-01-07 17:07:39;00:00:01;00:04:52;0;0;0;0;0;0;0;0;0;0;0;0;0;0;0;0;0;0;0;0;0;0;0;0;0;0;0;0;0;00:00:00:000;00:00:00:000;;0;0;0;0;0;0;0;
2026-01-07 17:02:47;2026-01-07 17:07:39;2026-01-07 17:07:40;00:00:01;00:04:53;0;0;0;0;0;0;0;0;0;0;0;0;0;0;0;0;0;0;0;0;0;0;0;0;0;0;0;0;0;00:00:00:000;00:00:00:000;;0;0;0;0;0;0;0;
2026-01-07 17:02:47;2026-01-07 17:07:40;2026-01-07 17:07:41;00:00:01;00:04:54;0;0;0;0;0;0;0;0;0;0;0;0;0;0;0;0;0;0;0;0;0;0;0;0;0;0;0;0;0;00:00:00:000;00:00:00:000;;0;0;0;0;0;0;0;
2026-01-07 17:02:47;2026-01-07 17:07:41;2026-01-07 17:07:42;00:00:01;00:04:55;0;0;0;0;0;0;0;0;0;0;0;0;0;0;0;0;0;0;0;0;0;0;0;0;0;0;0;0;0;00:00:00:000;00:00:00:000;;0;0;0;0;0;0;0;
2026-01-07 17:02:47;2026-01-07 17:07:42;2026-01-07 17:07:43;00:00:01;00:04:56;0;0;0;0;0;0;0;0;0;0;0;0;0;0;0;0;0;0;0;0;0;0;0;0;0;0;0;0;0;00:00:00:000;00:00:00:000;;0;0;0;0;0;0;0;
2026-01-07 17:02:47;2026-01-07 17:07:43;2026-01-07 17:07:44;00:00:01;00:04:57;0;0;0;0;0;0;0;0;0;0;0;0;0;0;0;0;0;0;0;0;0;0;0;0;0;0;0;0;0;00:00:00:000;00:00:00:000;;0;0;0;0;0;0;0;
2026-01-07 17:02:47;2026-01-07 17:07:44;2026-01-07 17:07:45;00:00:01;00:04:58;0;0;0;0;0;0;0;0;0;0;0;0;0;0;0;0;0;0;0;0;0;0;0;0;0;0;0;0;0;00:00:00:000;00:00:00:000;;0;0;0;0;0;0;0;
2026-01-07 17:02:47;2026-01-07 17:07:45;2026-01-07 17:07:46;00:00:01;00:04:59;0;0;0;0;0;0;0;0;0;0;0;0;0;0;0;0;0;0;0;0;0;0;0;0;0;0;0;0;0;00:00:00:000;00:00:00:000;;0;0;0;0;0;0;0;
2026-01-07 17:02:47;2026-01-07 17:07:46;2026-01-07 17:07:47;00:00:01;00:05:00;0;0;0;0;0;0;0;0;0;0;0;0;0;0;0;0;0;0;0;0;0;0;0;0;0;0;0;0;0;00:00:00:000;00:00:00:000;;0;0;0;0;0;0;0;
2026-01-07 17:02:47;2026-01-07 17:07:47;2026-01-07 17:07:48;00:00:01;00:05:01;0;0;0;0;0;0;0;0;0;0;0;0;0;0;0;0;0;0;0;0;0;0;0;0;0;0;0;0;0;00:00:00:000;00:00:00:000;;0;0;0;0;0;0;0;
2026-01-07 17:02:47;2026-01-07 17:07:48;2026-01-07 17:07:49;00:00:01;00:05:02;0;0;0;0;0;0;0;0;0;0;0;0;0;0;0;0;0;0;0;0;0;0;0;0;0;0;0;0;0;00:00:00:000;00:00:00:000;;0;0;0;0;0;0;0;
2026-01-07 17:02:47;2026-01-07 17:07:49;2026-01-07 17:07:50;00:00:01;00:05:03;0;0;0;0;0;0;0;0;0;0;0;0;0;0;0;0;0;0;0;0;0;0;0;0;0;0;0;0;0;00:00:00:000;00:00:00:000;;0;0;0;0;0;0;0;
2026-01-07 17:02:47;2026-01-07 17:07:50;2026-01-07 17:07:51;00:00:01;00:05:04;0;0;0;0;0;0;0;0;0;0;0;0;0;0;0;0;0;0;0;0;0;0;0;0;0;0;0;0;0;00:00:00:000;00:00:00:000;;0;0;0;0;0;0;0;
2026-01-07 17:02:47;2026-01-07 17:07:51;2026-01-07 17:07:52;00:00:01;00:05:05;0;0;0;0;0;0;0;0;0;0;0;0;0;0;0;0;0;0;0;0;0;0;0;0;0;0;0;0;0;00:00:00:000;00:00:00:000;;0;0;0;0;0;0;0;
2026-01-07 17:02:47;2026-01-07 17:07:52;2026-01-07 17:07:53;00:00:01;00:05:06;0;0;0;0;0;0;0;0;0;0;0;0;0;0;0;0;0;0;0;0;0;0;0;0;0;0;0;0;0;00:00:00:000;00:00:00:000;;0;0;0;0;0;0;0;
2026-01-07 17:02:47;2026-01-07 17:07:53;2026-01-07 17:07:54;00:00:01;00:05:07;0;0;0;0;0;0;0;0;0;0;0;0;0;0;0;0;0;0;0;0;0;0;0;0;0;0;0;0;0;00:00:00:000;00:00:00:000;;0;0;0;0;0;0;0;
2026-01-07 17:02:47;2026-01-07 17:07:54;2026-01-07 17:07:55;00:00:01;00:05:08;0;0;0;0;0;0;0;0;0;0;0;0;0;0;0;0;0;0;0;0;0;0;0;0;0;0;0;0;0;00:00:00:000;00:00:00:000;;0;0;0;0;0;0;0;
2026-01-07 17:02:47;2026-01-07 17:07:55;2026-01-07 17:07:56;00:00:01;00:05:09;0;0;0;0;0;0;0;0;0;0;0;0;0;0;0;0;0;0;0;0;0;0;0;0;0;0;0;0;0;00:00:00:000;00:00:00:000;;0;0;0;0;0;0;0;
2026-01-07 17:02:47;2026-01-07 17:07:56;2026-01-07 17:07:57;00:00:01;00:05:10;0;0;0;0;0;0;0;0;0;0;0;0;0;0;0;0;0;0;0;0;0;0;0;0;0;0;0;0;0;00:00:00:000;00:00:00:000;;0;0;0;0;0;0;0;
2026-01-07 17:02:47;2026-01-07 17:07:57;2026-01-07 17:07:58;00:00:01;00:05:11;0;0;0;0;0;0;0;0;0;0;0;0;0;0;0;0;0;0;0;0;0;0;0;0;0;0;0;0;0;00:00:00:000;00:00:00:000;;0;0;0;0;0;0;0;
2026-01-07 17:02:47;2026-01-07 17:07:58;2026-01-07 17:07:59;00:00:01;00:05:12;0;0;0;0;0;0;0;0;0;0;0;0;0;0;0;0;0;0;0;0;0;0;0;0;0;0;0;0;0;00:00:00:000;00:00:00:000;;0;0;0;0;0;0;0;
2026-01-07 17:02:47;2026-01-07 17:07:59;2026-01-07 17:08:00;00:00:01;00:05:13;0;0;0;0;0;0;0;0;0;0;0;0;0;0;0;0;0;0;0;0;0;0;0;0;0;0;0;0;0;00:00:00:000;00:00:00:000;;0;0;0;0;0;0;0;
2026-01-07 17:02:47;2026-01-07 17:08:00;2026-01-07 17:08:01;00:00:01;00:05:14;0;0;0;0;0;0;0;0;0;0;0;0;0;0;0;0;0;0;0;0;0;0;0;0;0;0;0;0;0;00:00:00:000;00:00:00:000;;0;0;0;0;0;0;0;
2026-01-07 17:02:47;2026-01-07 17:08:01;2026-01-07 17:08:02;00:00:01;00:05:15;0;0;0;0;0;0;0;0;0;0;0;0;0;0;0;0;0;0;0;0;0;0;0;0;0;0;0;0;0;00:00:00:000;00:00:00:000;;0;0;0;0;0;0;0;
2026-01-07 17:02:47;2026-01-07 17:08:02;2026-01-07 17:08:03;00:00:01;00:05:16;0;0;0;0;0;0;0;0;0;0;0;0;0;0;0;0;0;0;0;0;0;0;0;0;0;0;0;0;0;00:00:00:000;00:00:00:000;;0;0;0;0;0;0;0;
2026-01-07 17:02:47;2026-01-07 17:08:03;2026-01-07 17:08:04;00:00:01;00:05:17;0;0;0;0;0;0;0;0;0;0;0;0;0;0;0;0;0;0;0;0;0;0;0;0;0;0;0;0;0;00:00:00:000;00:00:00:000;;0;0;0;0;0;0;0;
2026-01-07 17:02:47;2026-01-07 17:08:04;2026-01-07 17:08:05;00:00:01;00:05:18;0;0;0;0;0;0;0;0;0;0;0;0;0;0;0;0;0;0;0;0;0;0;0;0;0;0;0;0;0;00:00:00:000;00:00:00:000;;0;0;0;0;0;0;0;
2026-01-07 17:02:47;2026-01-07 17:08:05;2026-01-07 17:08:06;00:00:01;00:05:19;0;0;0;0;0;0;0;0;0;0;0;0;0;0;0;0;0;0;0;0;0;0;0;0;0;0;0;0;0;00:00:00:000;00:00:00:000;;0;0;0;0;0;0;0;
2026-01-07 17:02:47;2026-01-07 17:08:06;2026-01-07 17:08:07;00:00:01;00:05:20;0;0;0;0;0;0;0;0;0;0;0;0;0;0;0;0;0;0;0;0;0;0;0;0;0;0;0;0;0;00:00:00:000;00:00:00:000;;0;0;0;0;0;0;0;
2026-01-07 17:02:47;2026-01-07 17:08:07;2026-01-07 17:08:08;00:00:01;00:05:21;0;0;0;0;0;0;0;0;0;0;0;0;0;0;0;0;0;0;0;0;0;0;0;0;0;0;0;0;0;00:00:00:000;00:00:00:000;;0;0;0;0;0;0;0;
2026-01-07 17:02:47;2026-01-07 17:08:08;2026-01-07 17:08:09;00:00:01;00:05:22;0;0;0;0;0;0;0;0;0;0;0;0;0;0;0;0;0;0;0;0;0;0;0;0;0;0;0;0;0;00:00:00:000;00:00:00:000;;0;0;0;0;0;0;0;
2026-01-07 17:02:47;2026-01-07 17:08:09;2026-01-07 17:08:10;00:00:01;00:05:23;0;0;0;0;0;0;0;0;0;0;0;0;0;0;0;0;0;0;0;0;0;0;0;0;0;0;0;0;0;00:00:00:000;00:00:00:000;;0;0;0;0;0;0;0;
2026-01-07 17:02:47;2026-01-07 17:08:10;2026-01-07 17:08:11;00:00:01;00:05:24;0;0;0;0;0;0;0;0;0;0;0;0;0;0;0;0;0;0;0;0;0;0;0;0;0;0;0;0;0;00:00:00:000;00:00:00:000;;0;0;0;0;0;0;0;
2026-01-07 17:02:47;2026-01-07 17:08:11;2026-01-07 17:08:12;00:00:01;00:05:25;0;0;0;0;0;0;0;0;0;0;0;0;0;0;0;0;0;0;0;0;0;0;0;0;0;0;0;0;0;00:00:00:000;00:00:00:000;;0;0;0;0;0;0;0;
2026-01-07 17:02:47;2026-01-07 17:08:12;2026-01-07 17:08:13;00:00:01;00:05:26;0;0;0;0;0;0;0;0;0;0;0;0;0;0;0;0;0;0;0;0;0;0;0;0;0;0;0;0;0;00:00:00:000;00:00:00:000;;0;0;0;0;0;0;0;
2026-01-07 17:02:47;2026-01-07 17:08:13;2026-01-07 17:08:14;00:00:01;00:05:27;0;0;0;0;0;0;0;0;0;0;0;0;0;0;0;0;0;0;0;0;0;0;0;0;0;0;0;0;0;00:00:00:000;00:00:00:000;;0;0;0;0;0;0;0;
2026-01-07 17:02:47;2026-01-07 17:08:14;2026-01-07 17:08:15;00:00:01;00:05:28;0;0;0;0;0;0;0;0;0;0;0;0;0;0;0;0;0;0;0;0;0;0;0;0;0;0;0;0;0;00:00:00:000;00:00:00:000;;0;0;0;0;0;0;0;
2026-01-07 17:02:47;2026-01-07 17:08:15;2026-01-07 17:08:16;00:00:01;00:05:29;0;0;0;0;0;0;0;0;0;0;0;0;0;0;0;0;0;0;0;0;0;0;0;0;0;0;0;0;0;00:00:00:000;00:00:00:000;;0;0;0;0;0;0;0;
2026-01-07 17:02:47;2026-01-07 17:08:16;2026-01-07 17:08:17;00:00:01;00:05:30;0;0;0;0;0;0;0;0;0;0;0;0;0;0;0;0;0;0;0;0;0;0;0;0;0;0;0;0;0;00:00:00:000;00:00:00:000;;0;0;0;0;0;0;0;
2026-01-07 17:02:47;2026-01-07 17:08:17;2026-01-07 17:08:18;00:00:01;00:05:31;0;0;0;0;0;0;0;0;0;0;0;0;0;0;0;0;0;0;0;0;0;0;0;0;0;0;0;0;0;00:00:00:000;00:00:00:000;;0;0;0;0;0;0;0;
2026-01-07 17:02:47;2026-01-07 17:08:18;2026-01-07 17:08:19;00:00:01;00:05:32;0;0;0;0;0;0;0;0;0;0;0;0;0;0;0;0;0;0;0;0;0;0;0;0;0;0;0;0;0;00:00:00:000;00:00:00:000;;0;0;0;0;0;0;0;
2026-01-07 17:02:47;2026-01-07 17:08:19;2026-01-07 17:08:20;00:00:01;00:05:33;0;0;0;0;0;0;0;0;0;0;0;0;0;0;0;0;0;0;0;0;0;0;0;0;0;0;0;0;0;00:00:00:000;00:00:00:000;;0;0;0;0;0;0;0;
2026-01-07 17:02:47;2026-01-07 17:08:20;2026-01-07 17:08:21;00:00:01;00:05:34;0;0;0;0;0;0;0;0;0;0;0;0;0;0;0;0;0;0;0;0;0;0;0;0;0;0;0;0;0;00:00:00:000;00:00:00:000;;0;0;0;0;0;0;0;
2026-01-07 17:02:47;2026-01-07 17:08:21;2026-01-07 17:08:22;00:00:01;00:05:35;0;0;0;0;0;0;0;0;0;0;0;0;0;0;0;0;0;0;0;0;0;0;0;0;0;0;0;0;0;00:00:00:000;00:00:00:000;;0;0;0;0;0;0;0;
2026-01-07 17:02:47;2026-01-07 17:08:22;2026-01-07 17:08:23;00:00:01;00:05:36;0;0;0;0;0;0;0;0;0;0;0;0;0;0;0;0;0;0;0;0;0;0;0;0;0;0;0;0;0;00:00:00:000;00:00:00:000;;0;0;0;0;0;0;0;
2026-01-07 17:02:47;2026-01-07 17:08:23;2026-01-07 17:08:24;00:00:01;00:05:37;0;0;0;0;0;0;0;0;0;0;0;0;0;0;0;0;0;0;0;0;0;0;0;0;0;0;0;0;0;00:00:00:000;00:00:00:000;;0;0;0;0;0;0;0;
2026-01-07 17:02:47;2026-01-07 17:08:24;2026-01-07 17:08:25;00:00:01;00:05:38;0;0;0;0;0;0;0;0;0;0;0;0;0;0;0;0;0;0;0;0;0;0;0;0;0;0;0;0;0;00:00:00:000;00:00:00:000;;0;0;0;0;0;0;0;
2026-01-07 17:02:47;2026-01-07 17:08:25;2026-01-07 17:08:26;00:00:01;00:05:39;0;0;0;0;0;0;0;0;0;0;0;0;0;0;0;0;0;0;0;0;0;0;0;0;0;0;0;0;0;00:00:00:000;00:00:00:000;;0;0;0;0;0;0;0;
2026-01-07 17:02:47;2026-01-07 17:08:26;2026-01-07 17:08:27;00:00:01;00:05:40;0;0;0;0;0;0;0;0;0;0;0;0;0;0;0;0;0;0;0;0;0;0;0;0;0;0;0;0;0;00:00:00:000;00:00:00:000;;0;0;0;0;0;0;0;
2026-01-07 17:02:47;2026-01-07 17:08:27;2026-01-07 17:08:28;00:00:01;00:05:41;0;0;0;0;0;0;0;0;0;0;0;0;0;0;0;0;0;0;0;0;0;0;0;0;0;0;0;0;0;00:00:00:000;00:00:00:000;;0;0;0;0;0;0;0;
2026-01-07 17:02:47;2026-01-07 17:08:28;2026-01-07 17:08:29;00:00:01;00:05:42;0;0;0;0;0;0;0;0;0;0;0;0;0;0;0;0;0;0;0;0;0;0;0;0;0;0;0;0;0;00:00:00:000;00:00:00:000;;0;0;0;0;0;0;0;
2026-01-07 17:02:47;2026-01-07 17:08:29;2026-01-07 17:08:30;00:00:01;00:05:43;0;0;0;0;0;0;0;0;0;0;0;0;0;0;0;0;0;0;0;0;0;0;0;0;0;0;0;0;0;00:00:00:000;00:00:00:000;;0;0;0;0;0;0;0;
2026-01-07 17:02:47;2026-01-07 17:08:30;2026-01-07 17:08:31;00:00:01;00:05:44;0;0;0;0;0;0;0;0;0;0;0;0;0;0;0;0;0;0;0;0;0;0;0;0;0;0;0;0;0;00:00:00:000;00:00:00:000;;0;0;0;0;0;0;0;
2026-01-07 17:02:47;2026-01-07 17:08:31;2026-01-07 17:08:32;00:00:01;00:05:45;0;0;0;0;0;0;0;0;0;0;0;0;0;0;0;0;0;0;0;0;0;0;0;0;0;0;0;0;0;00:00:00:000;00:00:00:000;;0;0;0;0;0;0;0;
2026-01-07 17:02:47;2026-01-07 17:08:32;2026-01-07 17:08:33;00:00:01;00:05:46;0;0;0;0;0;0;0;0;0;0;0;0;0;0;0;0;0;0;0;0;0;0;0;0;0;0;0;0;0;00:00:00:000;00:00:00:000;;0;0;0;0;0;0;0;
2026-01-07 17:02:47;2026-01-07 17:08:33;2026-01-07 17:08:34;00:00:01;00:05:47;0;0;0;0;0;0;0;0;0;0;0;0;0;0;0;0;0;0;0;0;0;0;0;0;0;0;0;0;0;00:00:00:000;00:00:00:000;;0;0;0;0;0;0;0;
2026-01-07 17:02:47;2026-01-07 17:08:34;2026-01-07 17:08:35;00:00:01;00:05:48;0;0;0;0;0;0;0;0;0;0;0;0;0;0;0;0;0;0;0;0;0;0;0;0;0;0;0;0;0;00:00:00:000;00:00:00:000;;0;0;0;0;0;0;0;
2026-01-07 17:02:47;2026-01-07 17:08:35;2026-01-07 17:08:36;00:00:01;00:05:49;0;0;0;0;0;0;0;0;0;0;0;0;0;0;0;0;0;0;0;0;0;0;0;0;0;0;0;0;0;00:00:00:000;00:00:00:000;;0;0;0;0;0;0;0;
2026-01-07 17:02:47;2026-01-07 17:08:36;2026-01-07 17:08:37;00:00:01;00:05:50;0;0;0;0;0;0;0;0;0;0;0;0;0;0;0;0;0;0;0;0;0;0;0;0;0;0;0;0;0;00:00:00:000;00:00:00:000;;0;0;0;0;0;0;0;
2026-01-07 17:02:47;2026-01-07 17:08:37;2026-01-07 17:08:38;00:00:01;00:05:51;0;0;0;0;0;0;0;0;0;0;0;0;0;0;0;0;0;0;0;0;0;0;0;0;0;0;0;0;0;00:00:00:000;00:00:00:000;;0;0;0;0;0;0;0;
2026-01-07 17:02:47;2026-01-07 17:08:38;2026-01-07 17:08:39;00:00:01;00:05:52;0;0;0;0;0;0;0;0;0;0;0;0;0;0;0;0;0;0;0;0;0;0;0;0;0;0;0;0;0;00:00:00:000;00:00:00:000;;0;0;0;0;0;0;0;
2026-01-07 17:02:47;2026-01-07 17:08:39;2026-01-07 17:08:40;00:00:01;00:05:53;0;0;0;0;0;0;0;0;0;0;0;0;0;0;0;0;0;0;0;0;0;0;0;0;0;0;0;0;0;00:00:00:000;00:00:00:000;;0;0;0;0;0;0;0;
2026-01-07 17:02:47;2026-01-07 17:08:40;2026-01-07 17:08:41;00:00:01;00:05:54;0;0;0;0;0;0;0;0;0;0;0;0;0;0;0;0;0;0;0;0;0;0;0;0;0;0;0;0;0;00:00:00:000;00:00:00:000;;0;0;0;0;0;0;0;
2026-01-07 17:02:47;2026-01-07 17:08:41;2026-01-07 17:08:42;00:00:01;00:05:55;0;0;0;0;0;0;0;0;0;0;0;0;0;0;0;0;0;0;0;0;0;0;0;0;0;0;0;0;0;00:00:00:000;00:00:00:000;;0;0;0;0;0;0;0;
2026-01-07 17:02:47;2026-01-07 17:08:42;2026-01-07 17:08:43;00:00:01;00:05:56;0;0;0;0;0;0;0;0;0;0;0;0;0;0;0;0;0;0;0;0;0;0;0;0;0;0;0;0;0;00:00:00:000;00:00:00:000;;0;0;0;0;0;0;0;
2026-01-07 17:02:47;2026-01-07 17:08:43;2026-01-07 17:08:44;00:00:01;00:05:57;0;0;0;0;0;0;0;0;0;0;0;0;0;0;0;0;0;0;0;0;0;0;0;0;0;0;0;0;0;00:00:00:000;00:00:00:000;;0;0;0;0;0;0;0;
2026-01-07 17:02:47;2026-01-07 17:08:44;2026-01-07 17:08:45;00:00:01;00:05:58;0;0;0;0;0;0;0;0;0;0;0;0;0;0;0;0;0;0;0;0;0;0;0;0;0;0;0;0;0;00:00:00:000;00:00:00:000;;0;0;0;0;0;0;0;
2026-01-07 17:02:47;2026-01-07 17:08:45;2026-01-07 17:08:46;00:00:01;00:05:59;0;0;0;0;0;0;0;0;0;0;0;0;0;0;0;0;0;0;0;0;0;0;0;0;0;0;0;0;0;00:00:00:000;00:00:00:000;;0;0;0;0;0;0;0;
2026-01-07 17:02:47;2026-01-07 17:08:46;2026-01-07 17:08:47;00:00:01;00:06:00;0;0;0;0;0;0;0;0;0;0;0;0;0;0;0;0;0;0;0;0;0;0;0;0;0;0;0;0;0;00:00:00:000;00:00:00:000;;0;0;0;0;0;0;0;
2026-01-07 17:02:47;2026-01-07 17:08:47;2026-01-07 17:08:48;00:00:01;00:06:01;0;0;0;0;0;0;0;0;0;0;0;0;0;0;0;0;0;0;0;0;0;0;0;0;0;0;0;0;0;00:00:00:000;00:00:00:000;;0;0;0;0;0;0;0;
2026-01-07 17:02:47;2026-01-07 17:08:48;2026-01-07 17:08:49;00:00:01;00:06:02;0;0;0;0;0;0;0;0;0;0;0;0;0;0;0;0;0;0;0;0;0;0;0;0;0;0;0;0;0;00:00:00:000;00:00:00:000;;0;0;0;0;0;0;0;
2026-01-07 17:02:47;2026-01-07 17:08:49;2026-01-07 17:08:50;00:00:01;00:06:03;0;0;0;0;0;0;0;0;0;0;0;0;0;0;0;0;0;0;0;0;0;0;0;0;0;0;0;0;0;00:00:00:000;00:00:00:000;;0;0;0;0;0;0;0;
2026-01-07 17:02:47;2026-01-07 17:08:50;2026-01-07 17:08:51;00:00:01;00:06:04;0;0;0;0;0;0;0;0;0;0;0;0;0;0;0;0;0;0;0;0;0;0;0;0;0;0;0;0;0;00:00:00:000;00:00:00:000;;0;0;0;0;0;0;0;
2026-01-07 17:02:47;2026-01-07 17:08:51;2026-01-07 17:08:52;00:00:01;00:06:05;0;0;0;0;0;0;0;0;0;0;0;0;0;0;0;0;0;0;0;0;0;0;0;0;0;0;0;0;0;00:00:00:000;00:00:00:000;;0;0;0;0;0;0;0;
2026-01-07 17:02:47;2026-01-07 17:08:52;2026-01-07 17:08:53;00:00:01;00:06:06;0;0;0;0;0;0;0;0;0;0;0;0;0;0;0;0;0;0;0;0;0;0;0;0;0;0;0;0;0;00:00:00:000;00:00:00:000;;0;0;0;0;0;0;0;
2026-01-07 17:02:47;2026-01-07 17:08:53;2026-01-07 17:08:54;00:00:01;00:06:07;0;0;0;0;0;0;0;0;0;0;0;0;0;0;0;0;0;0;0;0;0;0;0;0;0;0;0;0;0;00:00:00:000;00:00:00:000;;0;0;0;0;0;0;0;
2026-01-07 17:02:47;2026-01-07 17:08:54;2026-01-07 17:08:55;00:00:01;00:06:08;0;0;0;0;0;0;0;0;0;0;0;0;0;0;0;0;0;0;0;0;0;0;0;0;0;0;0;0;0;00:00:00:000;00:00:00:000;;0;0;0;0;0;0;0;
2026-01-07 17:02:47;2026-01-07 17:08:55;2026-01-07 17:08:56;00:00:01;00:06:09;0;0;0;0;0;0;0;0;0;0;0;0;0;0;0;0;0;0;0;0;0;0;0;0;0;0;0;0;0;00:00:00:000;00:00:00:000;;0;0;0;0;0;0;0;
2026-01-07 17:02:47;2026-01-07 17:08:56;2026-01-07 17:08:57;00:00:01;00:06:10;0;0;0;0;0;0;0;0;0;0;0;0;0;0;0;0;0;0;0;0;0;0;0;0;0;0;0;0;0;00:00:00:000;00:00:00:000;;0;0;0;0;0;0;0;
2026-01-07 17:02:47;2026-01-07 17:08:57;2026-01-07 17:08:58;00:00:01;00:06:11;0;0;0;0;0;0;0;0;0;0;0;0;0;0;0;0;0;0;0;0;0;0;0;0;0;0;0;0;0;00:00:00:000;00:00:00:000;;0;0;0;0;0;0;0;
2026-01-07 17:02:47;2026-01-07 17:08:58;2026-01-07 17:08:59;00:00:01;00:06:12;0;0;0;0;0;0;0;0;0;0;0;0;0;0;0;0;0;0;0;0;0;0;0;0;0;0;0;0;0;00:00:00:000;00:00:00:000;;0;0;0;0;0;0;0;
2026-01-07 17:02:47;2026-01-07 17:08:59;2026-01-07 17:09:00;00:00:01;00:06:13;0;0;0;0;0;0;0;0;0;0;0;0;0;0;0;0;0;0;0;0;0;0;0;0;0;0;0;0;0;00:00:00:000;00:00:00:000;;0;0;0;0;0;0;0;
2026-01-07 17:02:47;2026-01-07 17:09:00;2026-01-07 17:09:01;00:00:01;00:06:14;0;0;0;0;0;0;0;0;0;0;0;0;0;0;0;0;0;0;0;0;0;0;0;0;0;0;0;0;0;00:00:00:000;00:00:00:000;;0;0;0;0;0;0;0;
2026-01-07 17:02:47;2026-01-07 17:09:01;2026-01-07 17:09:02;00:00:01;00:06:15;0;0;0;0;0;0;0;0;0;0;0;0;0;0;0;0;0;0;0;0;0;0;0;0;0;0;0;0;0;00:00:00:000;00:00:00:000;;0;0;0;0;0;0;0;
2026-01-07 17:02:47;2026-01-07 17:09:02;2026-01-07 17:09:03;00:00:01;00:06:16;0;0;0;0;0;0;0;0;0;0;0;0;0;0;0;0;0;0;0;0;0;0;0;0;0;0;0;0;0;00:00:00:000;00:00:00:000;;0;0;0;0;0;0;0;
2026-01-07 17:02:47;2026-01-07 17:09:03;2026-01-07 17:09:04;00:00:01;00:06:17;0;0;0;0;0;0;0;0;0;0;0;0;0;0;0;0;0;0;0;0;0;0;0;0;0;0;0;0;0;00:00:00:000;00:00:00:000;;0;0;0;0;0;0;0;
2026-01-07 17:02:47;2026-01-07 17:09:04;2026-01-07 17:09:05;00:00:01;00:06:18;0;0;0;0;0;0;0;0;0;0;0;0;0;0;0;0;0;0;0;0;0;0;0;0;0;0;0;0;0;00:00:00:000;00:00:00:000;;0;0;0;0;0;0;0;
2026-01-07 17:02:47;2026-01-07 17:09:05;2026-01-07 17:09:06;00:00:01;00:06:19;0;0;0;0;0;0;0;0;0;0;0;0;0;0;0;0;0;0;0;0;0;0;0;0;0;0;0;0;0;00:00:00:000;00:00:00:000;;0;0;0;0;0;0;0;
2026-01-07 17:02:47;2026-01-07 17:09:06;2026-01-07 17:09:07;00:00:01;00:06:20;0;0;0;0;0;0;0;0;0;0;0;0;0;0;0;0;0;0;0;0;0;0;0;0;0;0;0;0;0;00:00:00:000;00:00:00:000;;0;0;0;0;0;0;0;
2026-01-07 17:02:47;2026-01-07 17:09:07;2026-01-07 17:09:08;00:00:01;00:06:21;0;0;0;0;0;0;0;0;0;0;0;0;0;0;0;0;0;0;0;0;0;0;0;0;0;0;0;0;0;00:00:00:000;00:00:00:000;;0;0;0;0;0;0;0;
2026-01-07 17:02:47;2026-01-07 17:09:08;2026-01-07 17:09:09;00:00:01;00:06:22;0;0;0;0;0;0;0;0;0;0;0;0;0;0;0;0;0;0;0;0;0;0;0;0;0;0;0;0;0;00:00:00:000;00:00:00:000;;0;0;0;0;0;0;0;
2026-01-07 17:02:47;2026-01-07 17:09:09;2026-01-07 17:09:10;00:00:01;00:06:23;0;0;0;0;0;0;0;0;0;0;0;0;0;0;0;0;0;0;0;0;0;0;0;0;0;0;0;0;0;00:00:00:000;00:00:00:000;;0;0;0;0;0;0;0;
2026-01-07 17:02:47;2026-01-07 17:09:10;2026-01-07 17:09:11;00:00:01;00:06:24;0;0;0;0;0;0;0;0;0;0;0;0;0;0;0;0;0;0;0;0;0;0;0;0;0;0;0;0;0;00:00:00:000;00:00:00:000;;0;0;0;0;0;0;0;
2026-01-07 17:02:47;2026-01-07 17:09:11;2026-01-07 17:09:12;00:00:01;00:06:25;0;0;0;0;0;0;0;0;0;0;0;0;0;0;0;0;0;0;0;0;0;0;0;0;0;0;0;0;0;00:00:00:000;00:00:00:000;;0;0;0;0;0;0;0;
2026-01-07 17:02:47;2026-01-07 17:09:12;2026-01-07 17:09:13;00:00:01;00:06:26;0;0;0;0;0;0;0;0;0;0;0;0;0;0;0;0;0;0;0;0;0;0;0;0;0;0;0;0;0;00:00:00:000;00:00:00:000;;0;0;0;0;0;0;0;
2026-01-07 17:02:47;2026-01-07 17:09:13;2026-01-07 17:09:14;00:00:01;00:06:27;0;0;0;0;0;0;0;0;0;0;0;0;0;0;0;0;0;0;0;0;0;0;0;0;0;0;0;0;0;00:00:00:000;00:00:00:000;;0;0;0;0;0;0;0;
2026-01-07 17:02:47;2026-01-07 17:09:14;2026-01-07 17:09:15;00:00:01;00:06:28;0;0;0;0;0;0;0;0;0;0;0;0;0;0;0;0;0;0;0;0;0;0;0;0;0;0;0;0;0;00:00:00:000;00:00:00:000;;0;0;0;0;0;0;0;
2026-01-07 17:02:47;2026-01-07 17:09:15;2026-01-07 17:09:16;00:00:01;00:06:29;0;0;0;0;0;0;0;0;0;0;0;0;0;0;0;0;0;0;0;0;0;0;0;0;0;0;0;0;0;00:00:00:000;00:00:00:000;;0;0;0;0;0;0;0;
2026-01-07 17:02:47;2026-01-07 17:09:16;2026-01-07 17:09:17;00:00:01;00:06:30;0;0;0;0;0;0;0;0;0;0;0;0;0;0;0;0;0;0;0;0;0;0;0;0;0;0;0;0;0;00:00:00:000;00:00:00:000;;0;0;0;0;0;0;0;
2026-01-07 17:02:47;2026-01-07 17:09:17;2026-01-07 17:09:18;00:00:01;00:06:31;0;0;0;0;0;0;0;0;0;0;0;0;0;0;0;0;0;0;0;0;0;0;0;0;0;0;0;0;0;00:00:00:000;00:00:00:000;;0;0;0;0;0;0;0;
2026-01-07 17:02:47;2026-01-07 17:09:18;2026-01-07 17:09:19;00:00:01;00:06:32;0;0;0;0;0;0;0;0;0;0;0;0;0;0;0;0;0;0;0;0;0;0;0;0;0;0;0;0;0;00:00:00:000;00:00:00:000;;0;0;0;0;0;0;0;
2026-01-07 17:02:47;2026-01-07 17:09:19;2026-01-07 17:09:20;00:00:01;00:06:33;0;0;0;0;0;0;0;0;0;0;0;0;0;0;0;0;0;0;0;0;0;0;0;0;0;0;0;0;0;00:00:00:000;00:00:00:000;;0;0;0;0;0;0;0;
2026-01-07 17:02:47;2026-01-07 17:09:20;2026-01-07 17:09:21;00:00:01;00:06:34;0;0;0;0;0;0;0;0;0;0;0;0;0;0;0;0;0;0;0;0;0;0;0;0;0;0;0;0;0;00:00:00:000;00:00:00:000;;0;0;0;0;0;0;0;
2026-01-07 17:02:47;2026-01-07 17:09:21;2026-01-07 17:09:22;00:00:01;00:06:35;0;0;0;0;0;0;0;0;0;0;0;0;0;0;0;0;0;0;0;0;0;0;0;0;0;0;0;0;0;00:00:00:000;00:00:00:000;;0;0;0;0;0;0;0;
2026-01-07 17:02:47;2026-01-07 17:09:22;2026-01-07 17:09:23;00:00:01;00:06:36;0;0;0;0;0;0;0;0;0;0;0;0;0;0;0;0;0;0;0;0;0;0;0;0;0;0;0;0;0;00:00:00:000;00:00:00:000;;0;0;0;0;0;0;0;
2026-01-07 17:02:47;2026-01-07 17:09:23;2026-01-07 17:09:24;00:00:01;00:06:37;0;0;0;0;0;0;0;0;0;0;0;0;0;0;0;0;0;0;0;0;0;0;0;0;0;0;0;0;0;00:00:00:000;00:00:00:000;;0;0;0;0;0;0;0;
2026-01-07 17:02:47;2026-01-07 17:09:24;2026-01-07 17:09:25;00:00:01;00:06:38;0;0;0;0;0;0;0;0;0;0;0;0;0;0;0;0;0;0;0;0;0;0;0;0;0;0;0;0;0;00:00:00:000;00:00:00:000;;0;0;0;0;0;0;0;
2026-01-07 17:02:47;2026-01-07 17:09:25;2026-01-07 17:09:26;00:00:01;00:06:39;0;0;0;0;0;0;0;0;0;0;0;0;0;0;0;0;0;0;0;0;0;0;0;0;0;0;0;0;0;00:00:00:000;00:00:00:000;;0;0;0;0;0;0;0;
2026-01-07 17:02:47;2026-01-07 17:09:26;2026-01-07 17:09:27;00:00:01;00:06:40;0;0;0;0;0;0;0;0;0;0;0;0;0;0;0;0;0;0;0;0;0;0;0;0;0;0;0;0;0;00:00:00:000;00:00:00:000;;0;0;0;0;0;0;0;
2026-01-07 17:02:47;2026-01-07 17:09:27;2026-01-07 17:09:28;00:00:01;00:06:41;0;0;0;0;0;0;0;0;0;0;0;0;0;0;0;0;0;0;0;0;0;0;0;0;0;0;0;0;0;00:00:00:000;00:00:00:000;;0;0;0;0;0;0;0;
2026-01-07 17:02:47;2026-01-07 17:09:28;2026-01-07 17:09:29;00:00:01;00:06:42;0;0;0;0;0;0;0;0;0;0;0;0;0;0;0;0;0;0;0;0;0;0;0;0;0;0;0;0;0;00:00:00:000;00:00:00:000;;0;0;0;0;0;0;0;
2026-01-07 17:02:47;2026-01-07 17:09:29;2026-01-07 17:09:30;00:00:01;00:06:43;0;0;0;0;0;0;0;0;0;0;0;0;0;0;0;0;0;0;0;0;0;0;0;0;0;0;0;0;0;00:00:00:000;00:00:00:000;;0;0;0;0;0;0;0;
2026-01-07 17:02:47;2026-01-07 17:09:30;2026-01-07 17:09:31;00:00:01;00:06:44;0;0;0;0;0;0;0;0;0;0;0;0;0;0;0;0;0;0;0;0;0;0;0;0;0;0;0;0;0;00:00:00:000;00:00:00:000;;0;0;0;0;0;0;0;
2026-01-07 17:02:47;2026-01-07 17:09:31;2026-01-07 17:09:32;00:00:01;00:06:45;0;0;0;0;0;0;0;0;0;0;0;0;0;0;0;0;0;0;0;0;0;0;0;0;0;0;0;0;0;00:00:00:000;00:00:00:000;;0;0;0;0;0;0;0;
2026-01-07 17:02:47;2026-01-07 17:09:32;2026-01-07 17:09:33;00:00:01;00:06:46;0;0;0;0;0;0;0;0;0;0;0;0;0;0;0;0;0;0;0;0;0;0;0;0;0;0;0;0;0;00:00:00:000;00:00:00:000;;0;0;0;0;0;0;0;
2026-01-07 17:02:47;2026-01-07 17:09:33;2026-01-07 17:09:34;00:00:01;00:06:47;0;0;0;0;0;0;0;0;0;0;0;0;0;0;0;0;0;0;0;0;0;0;0;0;0;0;0;0;0;00:00:00:000;00:00:00:000;;0;0;0;0;0;0;0;
2026-01-07 17:02:47;2026-01-07 17:09:34;2026-01-07 17:09:35;00:00:01;00:06:48;0;0;0;0;0;0;0;0;0;0;0;0;0;0;0;0;0;0;0;0;0;0;0;0;0;0;0;0;0;00:00:00:000;00:00:00:000;;0;0;0;0;0;0;0;
2026-01-07 17:02:47;2026-01-07 17:09:35;2026-01-07 17:09:36;00:00:01;00:06:49;0;0;0;0;0;0;0;0;0;0;0;0;0;0;0;0;0;0;0;0;0;0;0;0;0;0;0;0;0;00:00:00:000;00:00:00:000;;0;0;0;0;0;0;0;
2026-01-07 17:02:47;2026-01-07 17:09:36;2026-01-07 17:09:37;00:00:01;00:06:50;0;0;0;0;0;0;0;0;0;0;0;0;0;0;0;0;0;0;0;0;0;0;0;0;0;0;0;0;0;00:00:00:000;00:00:00:000;;0;0;0;0;0;0;0;
2026-01-07 17:02:47;2026-01-07 17:09:37;2026-01-07 17:09:38;00:00:01;00:06:51;0;0;0;0;0;0;0;0;0;0;0;0;0;0;0;0;0;0;0;0;0;0;0;0;0;0;0;0;0;00:00:00:000;00:00:00:000;;0;0;0;0;0;0;0;
2026-01-07 17:02:47;2026-01-07 17:09:38;2026-01-07 17:09:39;00:00:01;00:06:52;0;0;0;0;0;0;0;0;0;0;0;0;0;0;0;0;0;0;0;0;0;0;0;0;0;0;0;0;0;00:00:00:000;00:00:00:000;;0;0;0;0;0;0;0;
2026-01-07 17:02:47;2026-01-07 17:09:39;2026-01-07 17:09:40;00:00:01;00:06:53;0;0;0;0;0;0;0;0;0;0;0;0;0;0;0;0;0;0;0;0;0;0;0;0;0;0;0;0;0;00:00:00:000;00:00:00:000;;0;0;0;0;0;0;0;
2026-01-07 17:02:47;2026-01-07 17:09:40;2026-01-07 17:09:41;00:00:01;00:06:54;0;0;0;0;0;0;0;0;0;0;0;0;0;0;0;0;0;0;0;0;0;0;0;0;0;0;0;0;0;00:00:00:000;00:00:00:000;;0;0;0;0;0;0;0;
2026-01-07 17:02:47;2026-01-07 17:09:41;2026-01-07 17:09:42;00:00:01;00:06:55;0;0;0;0;0;0;0;0;0;0;0;0;0;0;0;0;0;0;0;0;0;0;0;0;0;0;0;0;0;00:00:00:000;00:00:00:000;;0;0;0;0;0;0;0;
2026-01-07 17:02:47;2026-01-07 17:09:42;2026-01-07 17:09:43;00:00:01;00:06:56;0;0;0;0;0;0;0;0;0;0;0;0;0;0;0;0;0;0;0;0;0;0;0;0;0;0;0;0;0;00:00:00:000;00:00:00:000;;0;0;0;0;0;0;0;
2026-01-07 17:02:47;2026-01-07 17:09:43;2026-01-07 17:09:44;00:00:01;00:06:57;0;0;0;0;0;0;0;0;0;0;0;0;0;0;0;0;0;0;0;0;0;0;0;0;0;0;0;0;0;00:00:00:000;00:00:00:000;;0;0;0;0;0;0;0;
2026-01-07 17:02:47;2026-01-07 17:09:44;2026-01-07 17:09:45;00:00:01;00:06:58;0;0;0;0;0;0;0;0;0;0;0;0;0;0;0;0;0;0;0;0;0;0;0;0;0;0;0;0;0;00:00:00:000;00:00:00:000;;0;0;0;0;0;0;0;
2026-01-07 17:02:47;2026-01-07 17:09:45;2026-01-07 17:09:46;00:00:01;00:06:59;0;0;0;0;0;0;0;0;0;0;0;0;0;0;0;0;0;0;0;0;0;0;0;0;0;0;0;0;0;00:00:00:000;00:00:00:000;;0;0;0;0;0;0;0;
2026-01-07 17:02:47;2026-01-07 17:09:46;2026-01-07 17:09:47;00:00:01;00:07:00;0;0;0;0;0;0;0;0;0;0;0;0;0;0;0;0;0;0;0;0;0;0;0;0;0;0;0;0;0;00:00:00:000;00:00:00:000;;0;0;0;0;0;0;0;
2026-01-07 17:02:47;2026-01-07 17:09:47;2026-01-07 17:09:48;00:00:01;00:07:01;0;0;0;0;0;0;0;0;0;0;0;0;0;0;0;0;0;0;0;0;0;0;0;0;0;0;0;0;0;00:00:00:000;00:00:00:000;;0;0;0;0;0;0;0;
2026-01-07 17:02:47;2026-01-07 17:09:48;2026-01-07 17:09:49;00:00:01;00:07:02;0;0;0;0;0;0;0;0;0;0;0;0;0;0;0;0;0;0;0;0;0;0;0;0;0;0;0;0;0;00:00:00:000;00:00:00:000;;0;0;0;0;0;0;0;
2026-01-07 17:02:47;2026-01-07 17:09:49;2026-01-07 17:09:50;00:00:01;00:07:03;0;0;0;0;0;0;0;0;0;0;0;0;0;0;0;0;0;0;0;0;0;0;0;0;0;0;0;0;0;00:00:00:000;00:00:00:000;;0;0;0;0;0;0;0;
2026-01-07 17:02:47;2026-01-07 17:09:50;2026-01-07 17:09:51;00:00:01;00:07:04;0;0;0;0;0;0;0;0;0;0;0;0;0;0;0;0;0;0;0;0;0;0;0;0;0;0;0;0;0;00:00:00:000;00:00:00:000;;0;0;0;0;0;0;0;
2026-01-07 17:02:47;2026-01-07 17:09:51;2026-01-07 17:09:52;00:00:01;00:07:05;0;0;0;0;0;0;0;0;0;0;0;0;0;0;0;0;0;0;0;0;0;0;0;0;0;0;0;0;0;00:00:00:000;00:00:00:000;;0;0;0;0;0;0;0;
2026-01-07 17:02:47;2026-01-07 17:09:52;2026-01-07 17:09:53;00:00:01;00:07:06;0;0;0;0;0;0;0;0;0;0;0;0;0;0;0;0;0;0;0;0;0;0;0;0;0;0;0;0;0;00:00:00:000;00:00:00:000;;0;0;0;0;0;0;0;
2026-01-07 17:02:47;2026-01-07 17:09:53;2026-01-07 17:09:54;00:00:01;00:07:07;0;0;0;0;0;0;0;0;0;0;0;0;0;0;0;0;0;0;0;0;0;0;0;0;0;0;0;0;0;00:00:00:000;00:00:00:000;;0;0;0;0;0;0;0;
2026-01-07 17:02:47;2026-01-07 17:09:54;2026-01-07 17:09:55;00:00:01;00:07:08;0;0;0;0;0;0;0;0;0;0;0;0;0;0;0;0;0;0;0;0;0;0;0;0;0;0;0;0;0;00:00:00:000;00:00:00:000;;0;0;0;0;0;0;0;
2026-01-07 17:02:47;2026-01-07 17:09:55;2026-01-07 17:09:56;00:00:01;00:07:09;0;0;0;0;0;0;0;0;0;0;0;0;0;0;0;0;0;0;0;0;0;0;0;0;0;0;0;0;0;00:00:00:000;00:00:00:000;;0;0;0;0;0;0;0;
2026-01-07 17:02:47;2026-01-07 17:09:56;2026-01-07 17:09:57;00:00:01;00:07:10;0;0;0;0;0;0;0;0;0;0;0;0;0;0;0;0;0;0;0;0;0;0;0;0;0;0;0;0;0;00:00:00:000;00:00:00:000;;0;0;0;0;0;0;0;
2026-01-07 17:02:47;2026-01-07 17:09:57;2026-01-07 17:09:58;00:00:01;00:07:11;0;0;0;0;0;0;0;0;0;0;0;0;0;0;0;0;0;0;0;0;0;0;0;0;0;0;0;0;0;00:00:00:000;00:00:00:000;;0;0;0;0;0;0;0;
2026-01-07 17:02:47;2026-01-07 17:09:58;2026-01-07 17:09:59;00:00:01;00:07:12;0;0;0;0;0;0;0;0;0;0;0;0;0;0;0;0;0;0;0;0;0;0;0;0;0;0;0;0;0;00:00:00:000;00:00:00:000;;0;0;0;0;0;0;0;
2026-01-07 17:02:47;2026-01-07 17:09:59;2026-01-07 17:10:00;00:00:01;00:07:13;0;0;0;0;0;0;0;0;0;0;0;0;0;0;0;0;0;0;0;0;0;0;0;0;0;0;0;0;0;00:00:00:000;00:00:00:000;;0;0;0;0;0;0;0;
2026-01-07 17:02:47;2026-01-07 17:10:00;2026-01-07 17:10:01;00:00:01;00:07:14;0;0;0;0;0;0;0;0;0;0;0;0;0;0;0;0;0;0;0;0;0;0;0;0;0;0;0;0;0;00:00:00:000;00:00:00:000;;0;0;0;0;0;0;0;
2026-01-07 17:02:47;2026-01-07 17:10:01;2026-01-07 17:10:02;00:00:01;00:07:15;0;0;0;0;0;0;0;0;0;0;0;0;0;0;0;0;0;0;0;0;0;0;0;0;0;0;0;0;0;00:00:00:000;00:00:00:000;;0;0;0;0;0;0;0;
2026-01-07 17:02:47;2026-01-07 17:10:02;2026-01-07 17:10:03;00:00:01;00:07:16;0;0;0;0;0;0;0;0;0;0;0;0;0;0;0;0;0;0;0;0;0;0;0;0;0;0;0;0;0;00:00:00:000;00:00:00:000;;0;0;0;0;0;0;0;
2026-01-07 17:02:47;2026-01-07 17:10:03;2026-01-07 17:10:04;00:00:01;00:07:17;0;0;0;0;0;0;0;0;0;0;0;0;0;0;0;0;0;0;0;0;0;0;0;0;0;0;0;0;0;00:00:00:000;00:00:00:000;;0;0;0;0;0;0;0;
2026-01-07 17:02:47;2026-01-07 17:10:04;2026-01-07 17:10:05;00:00:01;00:07:18;0;0;0;0;0;0;0;0;0;0;0;0;0;0;0;0;0;0;0;0;0;0;0;0;0;0;0;0;0;00:00:00:000;00:00:00:000;;0;0;0;0;0;0;0;
2026-01-07 17:02:47;2026-01-07 17:10:05;2026-01-07 17:10:06;00:00:01;00:07:19;0;0;0;0;0;0;0;0;0;0;0;0;0;0;0;0;0;0;0;0;0;0;0;0;0;0;0;0;0;00:00:00:000;00:00:00:000;;0;0;0;0;0;0;0;
2026-01-07 17:02:47;2026-01-07 17:10:06;2026-01-07 17:10:07;00:00:01;00:07:20;0;0;0;0;0;0;0;0;0;0;0;0;0;0;0;0;0;0;0;0;0;0;0;0;0;0;0;0;0;00:00:00:000;00:00:00:000;;0;0;0;0;0;0;0;
2026-01-07 17:02:47;2026-01-07 17:10:07;2026-01-07 17:10:08;00:00:01;00:07:21;0;0;0;0;0;0;0;0;0;0;0;0;0;0;0;0;0;0;0;0;0;0;0;0;0;0;0;0;0;00:00:00:000;00:00:00:000;;0;0;0;0;0;0;0;
2026-01-07 17:02:47;2026-01-07 17:10:08;2026-01-07 17:10:09;00:00:01;00:07:22;0;0;0;0;0;0;0;0;0;0;0;0;0;0;0;0;0;0;0;0;0;0;0;0;0;0;0;0;0;00:00:00:000;00:00:00:000;;0;0;0;0;0;0;0;
2026-01-07 17:02:47;2026-01-07 17:10:09;2026-01-07 17:10:10;00:00:01;00:07:23;0;0;0;0;0;0;0;0;0;0;0;0;0;0;0;0;0;0;0;0;0;0;0;0;0;0;0;0;0;00:00:00:000;00:00:00:000;;0;0;0;0;0;0;0;
2026-01-07 17:02:47;2026-01-07 17:10:10;2026-01-07 17:10:11;00:00:01;00:07:24;0;0;0;0;0;0;0;0;0;0;0;0;0;0;0;0;0;0;0;0;0;0;0;0;0;0;0;0;0;00:00:00:000;00:00:00:000;;0;0;0;0;0;0;0;
2026-01-07 17:02:47;2026-01-07 17:10:11;2026-01-07 17:10:12;00:00:01;00:07:25;0;0;0;0;0;0;0;0;0;0;0;0;0;0;0;0;0;0;0;0;0;0;0;0;0;0;0;0;0;00:00:00:000;00:00:00:000;;0;0;0;0;0;0;0;
2026-01-07 17:02:47;2026-01-07 17:10:12;2026-01-07 17:10:13;00:00:01;00:07:26;0;0;0;0;0;0;0;0;0;0;0;0;0;0;0;0;0;0;0;0;0;0;0;0;0;0;0;0;0;00:00:00:000;00:00:00:000;;0;0;0;0;0;0;0;
2026-01-07 17:02:47;2026-01-07 17:10:13;2026-01-07 17:10:14;00:00:01;00:07:27;0;0;0;0;0;0;0;0;0;0;0;0;0;0;0;0;0;0;0;0;0;0;0;0;0;0;0;0;0;00:00:00:000;00:00:00:000;;0;0;0;0;0;0;0;
2026-01-07 17:02:47;2026-01-07 17:10:14;2026-01-07 17:10:15;00:00:01;00:07:28;0;0;0;0;0;0;0;0;0;0;0;0;0;0;0;0;0;0;0;0;0;0;0;0;0;0;0;0;0;00:00:00:000;00:00:00:000;;0;0;0;0;0;0;0;
2026-01-07 17:02:47;2026-01-07 17:10:15;2026-01-07 17:10:16;00:00:01;00:07:29;0;0;0;0;0;0;0;0;0;0;0;0;0;0;0;0;0;0;0;0;0;0;0;0;0;0;0;0;0;00:00:00:000;00:00:00:000;;0;0;0;0;0;0;0;
2026-01-07 17:02:47;2026-01-07 17:10:16;2026-01-07 17:10:17;00:00:01;00:07:30;0;0;0;0;0;0;0;0;0;0;0;0;0;0;0;0;0;0;0;0;0;0;0;0;0;0;0;0;0;00:00:00:000;00:00:00:000;;0;0;0;0;0;0;0;
2026-01-07 17:02:47;2026-01-07 17:10:17;2026-01-07 17:10:18;00:00:01;00:07:31;0;0;0;0;0;0;0;0;0;0;0;0;0;0;0;0;0;0;0;0;0;0;0;0;0;0;0;0;0;00:00:00:000;00:00:00:000;;0;0;0;0;0;0;0;
2026-01-07 17:02:47;2026-01-07 17:10:18;2026-01-07 17:10:19;00:00:01;00:07:32;0;0;0;0;0;0;0;0;0;0;0;0;0;0;0;0;0;0;0;0;0;0;0;0;0;0;0;0;0;00:00:00:000;00:00:00:000;;0;0;0;0;0;0;0;
2026-01-07 17:02:47;2026-01-07 17:10:19;2026-01-07 17:10:20;00:00:01;00:07:33;0;0;0;0;0;0;0;0;0;0;0;0;0;0;0;0;0;0;0;0;0;0;0;0;0;0;0;0;0;00:00:00:000;00:00:00:000;;0;0;0;0;0;0;0;
2026-01-07 17:02:47;2026-01-07 17:10:20;2026-01-07 17:10:21;00:00:01;00:07:34;0;0;0;0;0;0;0;0;0;0;0;0;0;0;0;0;0;0;0;0;0;0;0;0;0;0;0;0;0;00:00:00:000;00:00:00:000;;0;0;0;0;0;0;0;
2026-01-07 17:02:47;2026-01-07 17:10:21;2026-01-07 17:10:22;00:00:01;00:07:35;0;0;0;0;0;0;0;0;0;0;0;0;0;0;0;0;0;0;0;0;0;0;0;0;0;0;0;0;0;00:00:00:000;00:00:00:000;;0;0;0;0;0;0;0;
2026-01-07 17:02:47;2026-01-07 17:10:22;2026-01-07 17:10:23;00:00:01;00:07:36;0;0;0;0;0;0;0;0;0;0;0;0;0;0;0;0;0;0;0;0;0;0;0;0;0;0;0;0;0;00:00:00:000;00:00:00:000;;0;0;0;0;0;0;0;
2026-01-07 17:02:47;2026-01-07 17:10:23;2026-01-07 17:10:24;00:00:01;00:07:37;0;0;0;0;0;0;0;0;0;0;0;0;0;0;0;0;0;0;0;0;0;0;0;0;0;0;0;0;0;00:00:00:000;00:00:00:000;;0;0;0;0;0;0;0;
2026-01-07 17:02:47;2026-01-07 17:10:24;2026-01-07 17:10:25;00:00:01;00:07:38;0;0;0;0;0;0;0;0;0;0;0;0;0;0;0;0;0;0;0;0;0;0;0;0;0;0;0;0;0;00:00:00:000;00:00:00:000;;0;0;0;0;0;0;0;
2026-01-07 17:02:47;2026-01-07 17:10:25;2026-01-07 17:10:26;00:00:01;00:07:39;0;0;0;0;0;0;0;0;0;0;0;0;0;0;0;0;0;0;0;0;0;0;0;0;0;0;0;0;0;00:00:00:000;00:00:00:000;;0;0;0;0;0;0;0;
2026-01-07 17:02:47;2026-01-07 17:10:26;2026-01-07 17:10:27;00:00:01;00:07:40;0;0;0;0;0;0;0;0;0;0;0;0;0;0;0;0;0;0;0;0;0;0;0;0;0;0;0;0;0;00:00:00:000;00:00:00:000;;0;0;0;0;0;0;0;
2026-01-07 17:02:47;2026-01-07 17:10:27;2026-01-07 17:10:28;00:00:01;00:07:41;0;0;0;0;0;0;0;0;0;0;0;0;0;0;0;0;0;0;0;0;0;0;0;0;0;0;0;0;0;00:00:00:000;00:00:00:000;;0;0;0;0;0;0;0;
2026-01-07 17:02:47;2026-01-07 17:10:28;2026-01-07 17:10:29;00:00:01;00:07:42;0;0;0;0;0;0;0;0;0;0;0;0;0;0;0;0;0;0;0;0;0;0;0;0;0;0;0;0;0;00:00:00:000;00:00:00:000;;0;0;0;0;0;0;0;
2026-01-07 17:02:47;2026-01-07 17:10:29;2026-01-07 17:10:30;00:00:01;00:07:43;0;0;0;0;0;0;0;0;0;0;0;0;0;0;0;0;0;0;0;0;0;0;0;0;0;0;0;0;0;00:00:00:000;00:00:00:000;;0;0;0;0;0;0;0;
2026-01-07 17:02:47;2026-01-07 17:10:30;2026-01-07 17:10:31;00:00:01;00:07:44;0;0;0;0;0;0;0;0;0;0;0;0;0;0;0;0;0;0;0;0;0;0;0;0;0;0;0;0;0;00:00:00:000;00:00:00:000;;0;0;0;0;0;0;0;
2026-01-07 17:02:47;2026-01-07 17:10:31;2026-01-07 17:10:32;00:00:01;00:07:45;0;0;0;0;0;0;0;0;0;0;0;0;0;0;0;0;0;0;0;0;0;0;0;0;0;0;0;0;0;00:00:00:000;00:00:00:000;;0;0;0;0;0;0;0;
2026-01-07 17:02:47;2026-01-07 17:10:32;2026-01-07 17:10:33;00:00:01;00:07:46;0;0;0;0;0;0;0;0;0;0;0;0;0;0;0;0;0;0;0;0;0;0;0;0;0;0;0;0;0;00:00:00:000;00:00:00:000;;0;0;0;0;0;0;0;
2026-01-07 17:02:47;2026-01-07 17:10:33;2026-01-07 17:10:34;00:00:01;00:07:47;0;0;0;0;0;0;0;0;0;0;0;0;0;0;0;0;0;0;0;0;0;0;0;0;0;0;0;0;0;00:00:00:000;00:00:00:000;;0;0;0;0;0;0;0;
2026-01-07 17:02:47;2026-01-07 17:10:34;2026-01-07 17:10:35;00:00:01;00:07:48;0;0;0;0;0;0;0;0;0;0;0;0;0;0;0;0;0;0;0;0;0;0;0;0;0;0;0;0;0;00:00:00:000;00:00:00:000;;0;0;0;0;0;0;0;
2026-01-07 17:02:47;2026-01-07 17:10:35;2026-01-07 17:10:36;00:00:01;00:07:49;0;0;0;0;0;0;0;0;0;0;0;0;0;0;0;0;0;0;0;0;0;0;0;0;0;0;0;0;0;00:00:00:000;00:00:00:000;;0;0;0;0;0;0;0;
2026-01-07 17:02:47;2026-01-07 17:10:36;2026-01-07 17:10:37;00:00:01;00:07:50;0;0;0;0;0;0;0;0;0;0;0;0;0;0;0;0;0;0;0;0;0;0;0;0;0;0;0;0;0;00:00:00:000;00:00:00:000;;0;0;0;0;0;0;0;
2026-01-07 17:02:47;2026-01-07 17:10:37;2026-01-07 17:10:38;00:00:01;00:07:51;0;0;0;0;0;0;0;0;0;0;0;0;0;0;0;0;0;0;0;0;0;0;0;0;0;0;0;0;0;00:00:00:000;00:00:00:000;;0;0;0;0;0;0;0;
2026-01-07 17:02:47;2026-01-07 17:10:38;2026-01-07 17:10:39;00:00:01;00:07:52;0;0;0;0;0;0;0;0;0;0;0;0;0;0;0;0;0;0;0;0;0;0;0;0;0;0;0;0;0;00:00:00:000;00:00:00:000;;0;0;0;0;0;0;0;
2026-01-07 17:02:47;2026-01-07 17:10:39;2026-01-07 17:10:40;00:00:01;00:07:53;0;0;0;0;0;0;0;0;0;0;0;0;0;0;0;0;0;0;0;0;0;0;0;0;0;0;0;0;0;00:00:00:000;00:00:00:000;;0;0;0;0;0;0;0;
2026-01-07 17:02:47;2026-01-07 17:10:40;2026-01-07 17:10:41;00:00:01;00:07:54;0;0;0;0;0;0;0;0;0;0;0;0;0;0;0;0;0;0;0;0;0;0;0;0;0;0;0;0;0;00:00:00:000;00:00:00:000;;0;0;0;0;0;0;0;
2026-01-07 17:02:47;2026-01-07 17:10:41;2026-01-07 17:10:42;00:00:01;00:07:55;0;0;0;0;0;0;0;0;0;0;0;0;0;0;0;0;0;0;0;0;0;0;0;0;0;0;0;0;0;00:00:00:000;00:00:00:000;;0;0;0;0;0;0;0;
2026-01-07 17:02:47;2026-01-07 17:10:42;2026-01-07 17:10:43;00:00:01;00:07:56;0;0;0;0;0;0;0;0;0;0;0;0;0;0;0;0;0;0;0;0;0;0;0;0;0;0;0;0;0;00:00:00:000;00:00:00:000;;0;0;0;0;0;0;0;
2026-01-07 17:02:47;2026-01-07 17:10:43;2026-01-07 17:10:44;00:00:01;00:07:57;0;0;0;0;0;0;0;0;0;0;0;0;0;0;0;0;0;0;0;0;0;0;0;0;0;0;0;0;0;00:00:00:000;00:00:00:000;;0;0;0;0;0;0;0;
2026-01-07 17:02:47;2026-01-07 17:10:44;2026-01-07 17:10:45;00:00:01;00:07:58;0;0;0;0;0;0;0;0;0;0;0;0;0;0;0;0;0;0;0;0;0;0;0;0;0;0;0;0;0;00:00:00:000;00:00:00:000;;0;0;0;0;0;0;0;
2026-01-07 17:02:47;2026-01-07 17:10:45;2026-01-07 17:10:46;00:00:01;00:07:59;0;0;0;0;0;0;0;0;0;0;0;0;0;0;0;0;0;0;0;0;0;0;0;0;0;0;0;0;0;00:00:00:000;00:00:00:000;;0;0;0;0;0;0;0;
2026-01-07 17:02:47;2026-01-07 17:10:46;2026-01-07 17:10:47;00:00:01;00:08:00;0;0;0;0;0;0;0;0;0;0;0;0;0;0;0;0;0;0;0;0;0;0;0;0;0;0;0;0;0;00:00:00:000;00:00:00:000;;0;0;0;0;0;0;0;
2026-01-07 17:02:47;2026-01-07 17:10:47;2026-01-07 17:10:48;00:00:01;00:08:01;0;0;0;0;0;0;0;0;0;0;0;0;0;0;0;0;0;0;0;0;0;0;0;0;0;0;0;0;0;00:00:00:000;00:00:00:000;;0;0;0;0;0;0;0;
2026-01-07 17:02:47;2026-01-07 17:10:48;2026-01-07 17:10:49;00:00:01;00:08:02;0;0;0;0;0;0;0;0;0;0;0;0;0;0;0;0;0;0;0;0;0;0;0;0;0;0;0;0;0;00:00:00:000;00:00:00:000;;0;0;0;0;0;0;0;
2026-01-07 17:02:47;2026-01-07 17:10:49;2026-01-07 17:10:50;00:00:01;00:08:03;0;0;0;0;0;0;0;0;0;0;0;0;0;0;0;0;0;0;0;0;0;0;0;0;0;0;0;0;0;00:00:00:000;00:00:00:000;;0;0;0;0;0;0;0;
2026-01-07 17:02:47;2026-01-07 17:10:50;2026-01-07 17:10:51;00:00:01;00:08:04;0;0;0;0;0;0;0;0;0;0;0;0;0;0;0;0;0;0;0;0;0;0;0;0;0;0;0;0;0;00:00:00:000;00:00:00:000;;0;0;0;0;0;0;0;
2026-01-07 17:02:47;2026-01-07 17:10:51;2026-01-07 17:10:52;00:00:01;00:08:05;0;0;0;0;0;0;0;0;0;0;0;0;0;0;0;0;0;0;0;0;0;0;0;0;0;0;0;0;0;00:00:00:000;00:00:00:000;;0;0;0;0;0;0;0;
2026-01-07 17:02:47;2026-01-07 17:10:52;2026-01-07 17:10:53;00:00:01;00:08:06;0;0;0;0;0;0;0;0;0;0;0;0;0;0;0;0;0;0;0;0;0;0;0;0;0;0;0;0;0;00:00:00:000;00:00:00:000;;0;0;0;0;0;0;0;
2026-01-07 17:02:47;2026-01-07 17:10:53;2026-01-07 17:10:54;00:00:01;00:08:07;0;0;0;0;0;0;0;0;0;0;0;0;0;0;0;0;0;0;0;0;0;0;0;0;0;0;0;0;0;00:00:00:000;00:00:00:000;;0;0;0;0;0;0;0;
2026-01-07 17:02:47;2026-01-07 17:10:54;2026-01-07 17:10:55;00:00:01;00:08:08;0;0;0;0;0;0;0;0;0;0;0;0;0;0;0;0;0;0;0;0;0;0;0;0;0;0;0;0;0;00:00:00:000;00:00:00:000;;0;0;0;0;0;0;0;
2026-01-07 17:02:47;2026-01-07 17:10:55;2026-01-07 17:10:56;00:00:01;00:08:09;0;0;0;0;0;0;0;0;0;0;0;0;0;0;0;0;0;0;0;0;0;0;0;0;0;0;0;0;0;00:00:00:000;00:00:00:000;;0;0;0;0;0;0;0;
2026-01-07 17:02:47;2026-01-07 17:10:56;2026-01-07 17:10:57;00:00:01;00:08:10;0;0;0;0;0;0;0;0;0;0;0;0;0;0;0;0;0;0;0;0;0;0;0;0;0;0;0;0;0;00:00:00:000;00:00:00:000;;0;0;0;0;0;0;0;
2026-01-07 17:02:47;2026-01-07 17:10:57;2026-01-07 17:10:58;00:00:01;00:08:11;0;0;0;0;0;0;0;0;0;0;0;0;0;0;0;0;0;0;0;0;0;0;0;0;0;0;0;0;0;00:00:00:000;00:00:00:000;;0;0;0;0;0;0;0;
2026-01-07 17:02:47;2026-01-07 17:10:58;2026-01-07 17:10:59;00:00:01;00:08:12;0;0;0;0;0;0;0;0;0;0;0;0;0;0;0;0;0;0;0;0;0;0;0;0;0;0;0;0;0;00:00:00:000;00:00:00:000;;0;0;0;0;0;0;0;
2026-01-07 17:02:47;2026-01-07 17:10:59;2026-01-07 17:11:00;00:00:01;00:08:13;0;0;0;0;0;0;0;0;0;0;0;0;0;0;0;0;0;0;0;0;0;0;0;0;0;0;0;0;0;00:00:00:000;00:00:00:000;;0;0;0;0;0;0;0;
2026-01-07 17:02:47;2026-01-07 17:11:00;2026-01-07 17:11:01;00:00:01;00:08:14;0;0;0;0;0;0;0;0;0;0;0;0;0;0;0;0;0;0;0;0;0;0;0;0;0;0;0;0;0;00:00:00:000;00:00:00:000;;0;0;0;0;0;0;0;
2026-01-07 17:02:47;2026-01-07 17:11:01;2026-01-07 17:11:02;00:00:01;00:08:15;0;0;0;0;0;0;0;0;0;0;0;0;0;0;0;0;0;0;0;0;0;0;0;0;0;0;0;0;0;00:00:00:000;00:00:00:000;;0;0;0;0;0;0;0;
2026-01-07 17:02:47;2026-01-07 17:11:02;2026-01-07 17:11:03;00:00:01;00:08:16;0;0;0;0;0;0;0;0;0;0;0;0;0;0;0;0;0;0;0;0;0;0;0;0;0;0;0;0;0;00:00:00:000;00:00:00:000;;0;0;0;0;0;0;0;
2026-01-07 17:02:47;2026-01-07 17:11:03;2026-01-07 17:11:04;00:00:01;00:08:17;0;0;0;0;0;0;0;0;0;0;0;0;0;0;0;0;0;0;0;0;0;0;0;0;0;0;0;0;0;00:00:00:000;00:00:00:000;;0;0;0;0;0;0;0;
2026-01-07 17:02:47;2026-01-07 17:11:04;2026-01-07 17:11:05;00:00:01;00:08:18;0;0;0;0;0;0;0;0;0;0;0;0;0;0;0;0;0;0;0;0;0;0;0;0;0;0;0;0;0;00:00:00:000;00:00:00:000;;0;0;0;0;0;0;0;
2026-01-07 17:02:47;2026-01-07 17:11:05;2026-01-07 17:11:06;00:00:01;00:08:19;0;0;0;0;0;0;0;0;0;0;0;0;0;0;0;0;0;0;0;0;0;0;0;0;0;0;0;0;0;00:00:00:000;00:00:00:000;;0;0;0;0;0;0;0;
2026-01-07 17:02:47;2026-01-07 17:11:06;2026-01-07 17:11:07;00:00:01;00:08:20;0;0;0;0;0;0;0;0;0;0;0;0;0;0;0;0;0;0;0;0;0;0;0;0;0;0;0;0;0;00:00:00:000;00:00:00:000;;0;0;0;0;0;0;0;
2026-01-07 17:02:47;2026-01-07 17:11:07;2026-01-07 17:11:08;00:00:01;00:08:21;0;0;0;0;0;0;0;0;0;0;0;0;0;0;0;0;0;0;0;0;0;0;0;0;0;0;0;0;0;00:00:00:000;00:00:00:000;;0;0;0;0;0;0;0;
2026-01-07 17:02:47;2026-01-07 17:11:08;2026-01-07 17:11:09;00:00:01;00:08:22;0;0;0;0;0;0;0;0;0;0;0;0;0;0;0;0;0;0;0;0;0;0;0;0;0;0;0;0;0;00:00:00:000;00:00:00:000;;0;0;0;0;0;0;0;
2026-01-07 17:02:47;2026-01-07 17:11:09;2026-01-07 17:11:10;00:00:01;00:08:23;0;0;0;0;0;0;0;0;0;0;0;0;0;0;0;0;0;0;0;0;0;0;0;0;0;0;0;0;0;00:00:00:000;00:00:00:000;;0;0;0;0;0;0;0;
2026-01-07 17:02:47;2026-01-07 17:11:10;2026-01-07 17:11:11;00:00:01;00:08:24;0;0;0;0;0;0;0;0;0;0;0;0;0;0;0;0;0;0;0;0;0;0;0;0;0;0;0;0;0;00:00:00:000;00:00:00:000;;0;0;0;0;0;0;0;
2026-01-07 17:02:47;2026-01-07 17:11:11;2026-01-07 17:11:12;00:00:01;00:08:25;0;0;0;0;0;0;0;0;0;0;0;0;0;0;0;0;0;0;0;0;0;0;0;0;0;0;0;0;0;00:00:00:000;00:00:00:000;;0;0;0;0;0;0;0;
2026-01-07 17:02:47;2026-01-07 17:11:12;2026-01-07 17:11:13;00:00:01;00:08:26;0;0;0;0;0;0;0;0;0;0;0;0;0;0;0;0;0;0;0;0;0;0;0;0;0;0;0;0;0;00:00:00:000;00:00:00:000;;0;0;0;0;0;0;0;
2026-01-07 17:02:47;2026-01-07 17:11:13;2026-01-07 17:11:14;00:00:01;00:08:27;0;0;0;0;0;0;0;0;0;0;0;0;0;0;0;0;0;0;0;0;0;0;0;0;0;0;0;0;0;00:00:00:000;00:00:00:000;;0;0;0;0;0;0;0;
2026-01-07 17:02:47;2026-01-07 17:11:14;2026-01-07 17:11:15;00:00:01;00:08:28;0;0;0;0;0;0;0;0;0;0;0;0;0;0;0;0;0;0;0;0;0;0;0;0;0;0;0;0;0;00:00:00:000;00:00:00:000;;0;0;0;0;0;0;0;
2026-01-07 17:02:47;2026-01-07 17:11:15;2026-01-07 17:11:16;00:00:01;00:08:29;0;0;0;0;0;0;0;0;0;0;0;0;0;0;0;0;0;0;0;0;0;0;0;0;0;0;0;0;0;00:00:00:000;00:00:00:000;;0;0;0;0;0;0;0;
2026-01-07 17:02:47;2026-01-07 17:11:16;2026-01-07 17:11:17;00:00:01;00:08:30;0;0;0;0;0;0;0;0;0;0;0;0;0;0;0;0;0;0;0;0;0;0;0;0;0;0;0;0;0;00:00:00:000;00:00:00:000;;0;0;0;0;0;0;0;
2026-01-07 17:02:47;2026-01-07 17:11:17;2026-01-07 17:11:18;00:00:01;00:08:31;0;0;0;0;0;0;0;0;0;0;0;0;0;0;0;0;0;0;0;0;0;0;0;0;0;0;0;0;0;00:00:00:000;00:00:00:000;;0;0;0;0;0;0;0;
2026-01-07 17:02:47;2026-01-07 17:11:18;2026-01-07 17:11:19;00:00:01;00:08:32;0;0;0;0;0;0;0;0;0;0;0;0;0;0;0;0;0;0;0;0;0;0;0;0;0;0;0;0;0;00:00:00:000;00:00:00:000;;0;0;0;0;0;0;0;
2026-01-07 17:02:47;2026-01-07 17:11:19;2026-01-07 17:11:20;00:00:01;00:08:33;0;0;0;0;0;0;0;0;0;0;0;0;0;0;0;0;0;0;0;0;0;0;0;0;0;0;0;0;0;00:00:00:000;00:00:00:000;;0;0;0;0;0;0;0;
2026-01-07 17:02:47;2026-01-07 17:11:20;2026-01-07 17:11:21;00:00:01;00:08:34;0;0;0;0;0;0;0;0;0;0;0;0;0;0;0;0;0;0;0;0;0;0;0;0;0;0;0;0;0;00:00:00:000;00:00:00:000;;0;0;0;0;0;0;0;
2026-01-07 17:02:47;2026-01-07 17:11:21;2026-01-07 17:11:22;00:00:01;00:08:35;0;0;0;0;0;0;0;0;0;0;0;0;0;0;0;0;0;0;0;0;0;0;0;0;0;0;0;0;0;00:00:00:000;00:00:00:000;;0;0;0;0;0;0;0;
2026-01-07 17:02:47;2026-01-07 17:11:22;2026-01-07 17:11:23;00:00:01;00:08:36;0;0;0;0;0;0;0;0;0;0;0;0;0;0;0;0;0;0;0;0;0;0;0;0;0;0;0;0;0;00:00:00:000;00:00:00:000;;0;0;0;0;0;0;0;
2026-01-07 17:02:47;2026-01-07 17:11:23;2026-01-07 17:11:24;00:00:01;00:08:37;0;0;0;0;0;0;0;0;0;0;0;0;0;0;0;0;0;0;0;0;0;0;0;0;0;0;0;0;0;00:00:00:000;00:00:00:000;;0;0;0;0;0;0;0;
2026-01-07 17:02:47;2026-01-07 17:11:24;2026-01-07 17:11:25;00:00:01;00:08:38;0;0;0;0;0;0;0;0;0;0;0;0;0;0;0;0;0;0;0;0;0;0;0;0;0;0;0;0;0;00:00:00:000;00:00:00:000;;0;0;0;0;0;0;0;
2026-01-07 17:02:47;2026-01-07 17:11:25;2026-01-07 17:11:26;00:00:01;00:08:39;0;0;0;0;0;0;0;0;0;0;0;0;0;0;0;0;0;0;0;0;0;0;0;0;0;0;0;0;0;00:00:00:000;00:00:00:000;;0;0;0;0;0;0;0;
2026-01-07 17:02:47;2026-01-07 17:11:26;2026-01-07 17:11:27;00:00:01;00:08:40;0;0;0;0;0;0;0;0;0;0;0;0;0;0;0;0;0;0;0;0;0;0;0;0;0;0;0;0;0;00:00:00:000;00:00:00:000;;0;0;0;0;0;0;0;
2026-01-07 17:02:47;2026-01-07 17:11:27;2026-01-07 17:11:28;00:00:01;00:08:41;0;0;0;0;0;0;0;0;0;0;0;0;0;0;0;0;0;0;0;0;0;0;0;0;0;0;0;0;0;00:00:00:000;00:00:00:000;;0;0;0;0;0;0;0;
2026-01-07 17:02:47;2026-01-07 17:11:28;2026-01-07 17:11:29;00:00:01;00:08:42;0;0;0;0;0;0;0;0;0;0;0;0;0;0;0;0;0;0;0;0;0;0;0;0;0;0;0;0;0;00:00:00:000;00:00:00:000;;0;0;0;0;0;0;0;
2026-01-07 17:02:47;2026-01-07 17:11:29;2026-01-07 17:11:30;00:00:01;00:08:43;0;0;0;0;0;0;0;0;0;0;0;0;0;0;0;0;0;0;0;0;0;0;0;0;0;0;0;0;0;00:00:00:000;00:00:00:000;;0;0;0;0;0;0;0;
2026-01-07 17:02:47;2026-01-07 17:11:30;2026-01-07 17:11:31;00:00:01;00:08:44;0;0;0;0;0;0;0;0;0;0;0;0;0;0;0;0;0;0;0;0;0;0;0;0;0;0;0;0;0;00:00:00:000;00:00:00:000;;0;0;0;0;0;0;0;
2026-01-07 17:02:47;2026-01-07 17:11:31;2026-01-07 17:11:32;00:00:01;00:08:45;0;0;0;0;0;0;0;0;0;0;0;0;0;0;0;0;0;0;0;0;0;0;0;0;0;0;0;0;0;00:00:00:000;00:00:00:000;;0;0;0;0;0;0;0;
2026-01-07 17:02:47;2026-01-07 17:11:32;2026-01-07 17:11:33;00:00:01;00:08:46;0;0;0;0;0;0;0;0;0;0;0;0;0;0;0;0;0;0;0;0;0;0;0;0;0;0;0;0;0;00:00:00:000;00:00:00:000;;0;0;0;0;0;0;0;
2026-01-07 17:02:47;2026-01-07 17:11:33;2026-01-07 17:11:34;00:00:01;00:08:47;0;0;0;0;0;0;0;0;0;0;0;0;0;0;0;0;0;0;0;0;0;0;0;0;0;0;0;0;0;00:00:00:000;00:00:00:000;;0;0;0;0;0;0;0;
2026-01-07 17:02:47;2026-01-07 17:11:34;2026-01-07 17:11:35;00:00:01;00:08:48;0;0;0;0;0;0;0;0;0;0;0;0;0;0;0;0;0;0;0;0;0;0;0;0;0;0;0;0;0;00:00:00:000;00:00:00:000;;0;0;0;0;0;0;0;
2026-01-07 17:02:47;2026-01-07 17:11:35;2026-01-07 17:11:36;00:00:01;00:08:49;0;0;0;0;0;0;0;0;0;0;0;0;0;0;0;0;0;0;0;0;0;0;0;0;0;0;0;0;0;00:00:00:000;00:00:00:000;;0;0;0;0;0;0;0;
2026-01-07 17:02:47;2026-01-07 17:11:36;2026-01-07 17:11:37;00:00:01;00:08:50;0;0;0;0;0;0;0;0;0;0;0;0;0;0;0;0;0;0;0;0;0;0;0;0;0;0;0;0;0;00:00:00:000;00:00:00:000;;0;0;0;0;0;0;0;
2026-01-07 17:02:47;2026-01-07 17:11:37;2026-01-07 17:11:38;00:00:01;00:08:51;0;0;0;0;0;0;0;0;0;0;0;0;0;0;0;0;0;0;0;0;0;0;0;0;0;0;0;0;0;00:00:00:000;00:00:00:000;;0;0;0;0;0;0;0;
2026-01-07 17:02:47;2026-01-07 17:11:38;2026-01-07 17:11:39;00:00:01;00:08:52;0;0;0;0;0;0;0;0;0;0;0;0;0;0;0;0;0;0;0;0;0;0;0;0;0;0;0;0;0;00:00:00:000;00:00:00:000;;0;0;0;0;0;0;0;
2026-01-07 17:02:47;2026-01-07 17:11:39;2026-01-07 17:11:40;00:00:01;00:08:53;0;0;0;0;0;0;0;0;0;0;0;0;0;0;0;0;0;0;0;0;0;0;0;0;0;0;0;0;0;00:00:00:000;00:00:00:000;;0;0;0;0;0;0;0;
2026-01-07 17:02:47;2026-01-07 17:11:40;2026-01-07 17:11:41;00:00:01;00:08:54;0;0;0;0;0;0;0;0;0;0;0;0;0;0;0;0;0;0;0;0;0;0;0;0;0;0;0;0;0;00:00:00:000;00:00:00:000;;0;0;0;0;0;0;0;
2026-01-07 17:02:47;2026-01-07 17:11:41;2026-01-07 17:11:42;00:00:01;00:08:55;0;0;0;0;0;0;0;0;0;0;0;0;0;0;0;0;0;0;0;0;0;0;0;0;0;0;0;0;0;00:00:00:000;00:00:00:000;;0;0;0;0;0;0;0;
2026-01-07 17:02:47;2026-01-07 17:11:42;2026-01-07 17:11:43;00:00:01;00:08:56;0;0;0;0;0;0;0;0;0;0;0;0;0;0;0;0;0;0;0;0;0;0;0;0;0;0;0;0;0;00:00:00:000;00:00:00:000;;0;0;0;0;0;0;0;
2026-01-07 17:02:47;2026-01-07 17:11:43;2026-01-07 17:11:44;00:00:01;00:08:57;0;0;0;0;0;0;0;0;0;0;0;0;0;0;0;0;0;0;0;0;0;0;0;0;0;0;0;0;0;00:00:00:000;00:00:00:000;;0;0;0;0;0;0;0;
2026-01-07 17:02:47;2026-01-07 17:11:44;2026-01-07 17:11:45;00:00:01;00:08:58;0;0;0;0;0;0;0;0;0;0;0;0;0;0;0;0;0;0;0;0;0;0;0;0;0;0;0;0;0;00:00:00:000;00:00:00:000;;0;0;0;0;0;0;0;
2026-01-07 17:02:47;2026-01-07 17:11:45;2026-01-07 17:11:46;00:00:01;00:08:59;0;0;0;0;0;0;0;0;0;0;0;0;0;0;0;0;0;0;0;0;0;0;0;0;0;0;0;0;0;00:00:00:000;00:00:00:000;;0;0;0;0;0;0;0;
2026-01-07 17:02:47;2026-01-07 17:11:46;2026-01-07 17:11:47;00:00:01;00:09:00;0;0;0;0;0;0;0;0;0;0;0;0;0;0;0;0;0;0;0;0;0;0;0;0;0;0;0;0;0;00:00:00:000;00:00:00:000;;0;0;0;0;0;0;0;
2026-01-07 17:02:47;2026-01-07 17:11:47;2026-01-07 17:11:48;00:00:01;00:09:01;0;0;0;0;0;0;0;0;0;0;0;0;0;0;0;0;0;0;0;0;0;0;0;0;0;0;0;0;0;00:00:00:000;00:00:00:000;;0;0;0;0;0;0;0;
2026-01-07 17:02:47;2026-01-07 17:11:48;2026-01-07 17:11:49;00:00:01;00:09:02;0;0;0;0;0;0;0;0;0;0;0;0;0;0;0;0;0;0;0;0;0;0;0;0;0;0;0;0;0;00:00:00:000;00:00:00:000;;0;0;0;0;0;0;0;
2026-01-07 17:02:47;2026-01-07 17:11:49;2026-01-07 17:11:50;00:00:01;00:09:03;0;0;0;0;0;0;0;0;0;0;0;0;0;0;0;0;0;0;0;0;0;0;0;0;0;0;0;0;0;00:00:00:000;00:00:00:000;;0;0;0;0;0;0;0;
2026-01-07 17:02:47;2026-01-07 17:11:50;2026-01-07 17:11:51;00:00:01;00:09:04;0;0;0;0;0;0;0;0;0;0;0;0;0;0;0;0;0;0;0;0;0;0;0;0;0;0;0;0;0;00:00:00:000;00:00:00:000;;0;0;0;0;0;0;0;
2026-01-07 17:02:47;2026-01-07 17:11:51;2026-01-07 17:11:52;00:00:01;00:09:05;0;0;0;0;0;0;0;0;0;0;0;0;0;0;0;0;0;0;0;0;0;0;0;0;0;0;0;0;0;00:00:00:000;00:00:00:000;;0;0;0;0;0;0;0;
2026-01-07 17:02:47;2026-01-07 17:11:52;2026-01-07 17:11:53;00:00:01;00:09:06;0;0;0;0;0;0;0;0;0;0;0;0;0;0;0;0;0;0;0;0;0;0;0;0;0;0;0;0;0;00:00:00:000;00:00:00:000;;0;0;0;0;0;0;0;
2026-01-07 17:02:47;2026-01-07 17:11:53;2026-01-07 17:11:54;00:00:01;00:09:07;0;0;0;0;0;0;0;0;0;0;0;0;0;0;0;0;0;0;0;0;0;0;0;0;0;0;0;0;0;00:00:00:000;00:00:00:000;;0;0;0;0;0;0;0;
2026-01-07 17:02:47;2026-01-07 17:11:54;2026-01-07 17:11:55;00:00:01;00:09:08;0;0;0;0;0;0;0;0;0;0;0;0;0;0;0;0;0;0;0;0;0;0;0;0;0;0;0;0;0;00:00:00:000;00:00:00:000;;0;0;0;0;0;0;0;
2026-01-07 17:02:47;2026-01-07 17:11:55;2026-01-07 17:11:56;00:00:01;00:09:09;0;0;0;0;0;0;0;0;0;0;0;0;0;0;0;0;0;0;0;0;0;0;0;0;0;0;0;0;0;00:00:00:000;00:00:00:000;;0;0;0;0;0;0;0;
2026-01-07 17:02:47;2026-01-07 17:11:56;2026-01-07 17:11:57;00:00:01;00:09:10;0;0;0;0;0;0;0;0;0;0;0;0;0;0;0;0;0;0;0;0;0;0;0;0;0;0;0;0;0;00:00:00:000;00:00:00:000;;0;0;0;0;0;0;0;
2026-01-07 17:02:47;2026-01-07 17:11:57;2026-01-07 17:11:58;00:00:01;00:09:11;0;0;0;0;0;0;0;0;0;0;0;0;0;0;0;0;0;0;0;0;0;0;0;0;0;0;0;0;0;00:00:00:000;00:00:00:000;;0;0;0;0;0;0;0;
2026-01-07 17:02:47;2026-01-07 17:11:58;2026-01-07 17:11:59;00:00:01;00:09:12;0;0;0;0;0;0;0;0;0;0;0;0;0;0;0;0;0;0;0;0;0;0;0;0;0;0;0;0;0;00:00:00:000;00:00:00:000;;0;0;0;0;0;0;0;
2026-01-07 17:02:47;2026-01-07 17:11:59;2026-01-07 17:12:00;00:00:01;00:09:13;0;0;0;0;0;0;0;0;0;0;0;0;0;0;0;0;0;0;0;0;0;0;0;0;0;0;0;0;0;00:00:00:000;00:00:00:000;;0;0;0;0;0;0;0;
2026-01-07 17:02:47;2026-01-07 17:12:00;2026-01-07 17:12:01;00:00:01;00:09:14;0;0;0;0;0;0;0;0;0;0;0;0;0;0;0;0;0;0;0;0;0;0;0;0;0;0;0;0;0;00:00:00:000;00:00:00:000;;0;0;0;0;0;0;0;
2026-01-07 17:02:47;2026-01-07 17:12:01;2026-01-07 17:12:02;00:00:01;00:09:15;0;0;0;0;0;0;0;0;0;0;0;0;0;0;0;0;0;0;0;0;0;0;0;0;0;0;0;0;0;00:00:00:000;00:00:00:000;;0;0;0;0;0;0;0;
2026-01-07 17:02:47;2026-01-07 17:12:02;2026-01-07 17:12:03;00:00:01;00:09:16;0;0;0;0;0;0;0;0;0;0;0;0;0;0;0;0;0;0;0;0;0;0;0;0;0;0;0;0;0;00:00:00:000;00:00:00:000;;0;0;0;0;0;0;0;
2026-01-07 17:02:47;2026-01-07 17:12:03;2026-01-07 17:12:04;00:00:01;00:09:17;0;0;0;0;0;0;0;0;0;0;0;0;0;0;0;0;0;0;0;0;0;0;0;0;0;0;0;0;0;00:00:00:000;00:00:00:000;;0;0;0;0;0;0;0;
2026-01-07 17:02:47;2026-01-07 17:12:04;2026-01-07 17:12:05;00:00:01;00:09:18;0;0;0;0;0;0;0;0;0;0;0;0;0;0;0;0;0;0;0;0;0;0;0;0;0;0;0;0;0;00:00:00:000;00:00:00:000;;0;0;0;0;0;0;0;
2026-01-07 17:02:47;2026-01-07 17:12:05;2026-01-07 17:12:06;00:00:01;00:09:19;0;0;0;0;0;0;0;0;0;0;0;0;0;0;0;0;0;0;0;0;0;0;0;0;0;0;0;0;0;00:00:00:000;00:00:00:000;;0;0;0;0;0;0;0;
2026-01-07 17:02:47;2026-01-07 17:12:06;2026-01-07 17:12:07;00:00:01;00:09:20;0;0;0;0;0;0;0;0;0;0;0;0;0;0;0;0;0;0;0;0;0;0;0;0;0;0;0;0;0;00:00:00:000;00:00:00:000;;0;0;0;0;0;0;0;
2026-01-07 17:02:47;2026-01-07 17:12:07;2026-01-07 17:12:08;00:00:01;00:09:21;0;0;0;0;0;0;0;0;0;0;0;0;0;0;0;0;0;0;0;0;0;0;0;0;0;0;0;0;0;00:00:00:000;00:00:00:000;;0;0;0;0;0;0;0;
2026-01-07 17:02:47;2026-01-07 17:12:08;2026-01-07 17:12:09;00:00:01;00:09:22;0;0;0;0;0;0;0;0;0;0;0;0;0;0;0;0;0;0;0;0;0;0;0;0;0;0;0;0;0;00:00:00:000;00:00:00:000;;0;0;0;0;0;0;0;
2026-01-07 17:02:47;2026-01-07 17:12:09;2026-01-07 17:12:10;00:00:01;00:09:23;0;0;0;0;0;0;0;0;0;0;0;0;0;0;0;0;0;0;0;0;0;0;0;0;0;0;0;0;0;00:00:00:000;00:00:00:000;;0;0;0;0;0;0;0;
2026-01-07 17:02:47;2026-01-07 17:12:10;2026-01-07 17:12:11;00:00:01;00:09:24;0;0;0;0;0;0;0;0;0;0;0;0;0;0;0;0;0;0;0;0;0;0;0;0;0;0;0;0;0;00:00:00:000;00:00:00:000;;0;0;0;0;0;0;0;
2026-01-07 17:02:47;2026-01-07 17:12:11;2026-01-07 17:12:12;00:00:01;00:09:25;0;0;0;0;0;0;0;0;0;0;0;0;0;0;0;0;0;0;0;0;0;0;0;0;0;0;0;0;0;00:00:00:000;00:00:00:000;;0;0;0;0;0;0;0;
2026-01-07 17:02:47;2026-01-07 17:12:12;2026-01-07 17:12:13;00:00:01;00:09:26;0;0;0;0;0;0;0;0;0;0;0;0;0;0;0;0;0;0;0;0;0;0;0;0;0;0;0;0;0;00:00:00:000;00:00:00:000;;0;0;0;0;0;0;0;
2026-01-07 17:02:47;2026-01-07 17:12:13;2026-01-07 17:12:14;00:00:01;00:09:27;0;0;0;0;0;0;0;0;0;0;0;0;0;0;0;0;0;0;0;0;0;0;0;0;0;0;0;0;0;00:00:00:000;00:00:00:000;;0;0;0;0;0;0;0;
2026-01-07 17:02:47;2026-01-07 17:12:14;2026-01-07 17:12:15;00:00:01;00:09:28;0;0;0;0;0;0;0;0;0;0;0;0;0;0;0;0;0;0;0;0;0;0;0;0;0;0;0;0;0;00:00:00:000;00:00:00:000;;0;0;0;0;0;0;0;
2026-01-07 17:02:47;2026-01-07 17:12:15;2026-01-07 17:12:16;00:00:01;00:09:29;0;0;0;0;0;0;0;0;0;0;0;0;0;0;0;0;0;0;0;0;0;0;0;0;0;0;0;0;0;00:00:00:000;00:00:00:000;;0;0;0;0;0;0;0;
2026-01-07 17:02:47;2026-01-07 17:12:16;2026-01-07 17:12:17;00:00:01;00:09:30;0;0;0;0;0;0;0;0;0;0;0;0;0;0;0;0;0;0;0;0;0;0;0;0;0;0;0;0;0;00:00:00:000;00:00:00:000;;0;0;0;0;0;0;0;
2026-01-07 17:02:47;2026-01-07 17:12:17;2026-01-07 17:12:18;00:00:01;00:09:31;0;0;0;0;0;0;0;0;0;0;0;0;0;0;0;0;0;0;0;0;0;0;0;0;0;0;0;0;0;00:00:00:000;00:00:00:000;;0;0;0;0;0;0;0;
2026-01-07 17:02:47;2026-01-07 17:12:18;2026-01-07 17:12:19;00:00:01;00:09:32;0;0;0;0;0;0;0;0;0;0;0;0;0;0;0;0;0;0;0;0;0;0;0;0;0;0;0;0;0;00:00:00:000;00:00:00:000;;0;0;0;0;0;0;0;
2026-01-07 17:02:47;2026-01-07 17:12:19;2026-01-07 17:12:20;00:00:01;00:09:33;0;0;0;0;0;0;0;0;0;0;0;0;0;0;0;0;0;0;0;0;0;0;0;0;0;0;0;0;0;00:00:00:000;00:00:00:000;;0;0;0;0;0;0;0;
2026-01-07 17:02:47;2026-01-07 17:12:20;2026-01-07 17:12:21;00:00:01;00:09:34;0;0;0;0;0;0;0;0;0;0;0;0;0;0;0;0;0;0;0;0;0;0;0;0;0;0;0;0;0;00:00:00:000;00:00:00:000;;0;0;0;0;0;0;0;
2026-01-07 17:02:47;2026-01-07 17:12:21;2026-01-07 17:12:22;00:00:01;00:09:35;0;0;0;0;0;0;0;0;0;0;0;0;0;0;0;0;0;0;0;0;0;0;0;0;0;0;0;0;0;00:00:00:000;00:00:00:000;;0;0;0;0;0;0;0;
2026-01-07 17:02:47;2026-01-07 17:12:22;2026-01-07 17:12:23;00:00:01;00:09:36;0;0;0;0;0;0;0;0;0;0;0;0;0;0;0;0;0;0;0;0;0;0;0;0;0;0;0;0;0;00:00:00:000;00:00:00:000;;0;0;0;0;0;0;0;
2026-01-07 17:02:47;2026-01-07 17:12:23;2026-01-07 17:12:24;00:00:01;00:09:37;0;0;0;0;0;0;0;0;0;0;0;0;0;0;0;0;0;0;0;0;0;0;0;0;0;0;0;0;0;00:00:00:000;00:00:00:000;;0;0;0;0;0;0;0;
2026-01-07 17:02:47;2026-01-07 17:12:24;2026-01-07 17:12:25;00:00:01;00:09:38;0;0;0;0;0;0;0;0;0;0;0;0;0;0;0;0;0;0;0;0;0;0;0;0;0;0;0;0;0;00:00:00:000;00:00:00:000;;0;0;0;0;0;0;0;
2026-01-07 17:02:47;2026-01-07 17:12:25;2026-01-07 17:12:26;00:00:01;00:09:39;0;0;0;0;0;0;0;0;0;0;0;0;0;0;0;0;0;0;0;0;0;0;0;0;0;0;0;0;0;00:00:00:000;00:00:00:000;;0;0;0;0;0;0;0;
2026-01-07 17:02:47;2026-01-07 17:12:26;2026-01-07 17:12:27;00:00:01;00:09:40;0;0;0;0;0;0;0;0;0;0;0;0;0;0;0;0;0;0;0;0;0;0;0;0;0;0;0;0;0;00:00:00:000;00:00:00:000;;0;0;0;0;0;0;0;
2026-01-07 17:02:47;2026-01-07 17:12:27;2026-01-07 17:12:28;00:00:01;00:09:41;0;0;0;0;0;0;0;0;0;0;0;0;0;0;0;0;0;0;0;0;0;0;0;0;0;0;0;0;0;00:00:00:000;00:00:00:000;;0;0;0;0;0;0;0;
2026-01-07 17:02:47;2026-01-07 17:12:28;2026-01-07 17:12:29;00:00:01;00:09:42;0;0;0;0;0;0;0;0;0;0;0;0;0;0;0;0;0;0;0;0;0;0;0;0;0;0;0;0;0;00:00:00:000;00:00:00:000;;0;0;0;0;0;0;0;
2026-01-07 17:02:47;2026-01-07 17:12:29;2026-01-07 17:12:30;00:00:01;00:09:43;0;0;0;0;0;0;0;0;0;0;0;0;0;0;0;0;0;0;0;0;0;0;0;0;0;0;0;0;0;00:00:00:000;00:00:00:000;;0;0;0;0;0;0;0;
2026-01-07 17:02:47;2026-01-07 17:12:30;2026-01-07 17:12:31;00:00:01;00:09:44;0;0;0;0;0;0;0;0;0;0;0;0;0;0;0;0;0;0;0;0;0;0;0;0;0;0;0;0;0;00:00:00:000;00:00:00:000;;0;0;0;0;0;0;0;
2026-01-07 17:02:47;2026-01-07 17:12:31;2026-01-07 17:12:32;00:00:01;00:09:45;0;0;0;0;0;0;0;0;0;0;0;0;0;0;0;0;0;0;0;0;0;0;0;0;0;0;0;0;0;00:00:00:000;00:00:00:000;;0;0;0;0;0;0;0;
2026-01-07 17:02:47;2026-01-07 17:12:32;2026-01-07 17:12:33;00:00:01;00:09:46;0;0;0;0;0;0;0;0;0;0;0;0;0;0;0;0;0;0;0;0;0;0;0;0;0;0;0;0;0;00:00:00:000;00:00:00:000;;0;0;0;0;0;0;0;
2026-01-07 17:02:47;2026-01-07 17:12:33;2026-01-07 17:12:34;00:00:01;00:09:47;0;0;0;0;0;0;0;0;0;0;0;0;0;0;0;0;0;0;0;0;0;0;0;0;0;0;0;0;0;00:00:00:000;00:00:00:000;;0;0;0;0;0;0;0;
2026-01-07 17:02:47;2026-01-07 17:12:34;2026-01-07 17:12:35;00:00:01;00:09:48;0;0;0;0;0;0;0;0;0;0;0;0;0;0;0;0;0;0;0;0;0;0;0;0;0;0;0;0;0;00:00:00:000;00:00:00:000;;0;0;0;0;0;0;0;
2026-01-07 17:02:47;2026-01-07 17:12:35;2026-01-07 17:12:36;00:00:01;00:09:49;0;0;0;0;0;0;0;0;0;0;0;0;0;0;0;0;0;0;0;0;0;0;0;0;0;0;0;0;0;00:00:00:000;00:00:00:000;;0;0;0;0;0;0;0;
2026-01-07 17:02:47;2026-01-07 17:12:36;2026-01-07 17:12:37;00:00:01;00:09:50;0;0;0;0;0;0;0;0;0;0;0;0;0;0;0;0;0;0;0;0;0;0;0;0;0;0;0;0;0;00:00:00:000;00:00:00:000;;0;0;0;0;0;0;0;
2026-01-07 17:02:47;2026-01-07 17:12:37;2026-01-07 17:12:38;00:00:01;00:09:51;0;0;0;0;0;0;0;0;0;0;0;0;0;0;0;0;0;0;0;0;0;0;0;0;0;0;0;0;0;00:00:00:000;00:00:00:000;;0;0;0;0;0;0;0;
2026-01-07 17:02:47;2026-01-07 17:12:38;2026-01-07 17:12:39;00:00:01;00:09:52;0;0;0;0;0;0;0;0;0;0;0;0;0;0;0;0;0;0;0;0;0;0;0;0;0;0;0;0;0;00:00:00:000;00:00:00:000;;0;0;0;0;0;0;0;
2026-01-07 17:02:47;2026-01-07 17:12:39;2026-01-07 17:12:40;00:00:01;00:09:53;0;0;0;0;0;0;0;0;0;0;0;0;0;0;0;0;0;0;0;0;0;0;0;0;0;0;0;0;0;00:00:00:000;00:00:00:000;;0;0;0;0;0;0;0;
2026-01-07 17:02:47;2026-01-07 17:12:40;2026-01-07 17:12:41;00:00:01;00:09:54;0;0;0;0;0;0;0;0;0;0;0;0;0;0;0;0;0;0;0;0;0;0;0;0;0;0;0;0;0;00:00:00:000;00:00:00:000;;0;0;0;0;0;0;0;
2026-01-07 17:02:47;2026-01-07 17:12:41;2026-01-07 17:12:42;00:00:01;00:09:55;0;0;0;0;0;0;0;0;0;0;0;0;0;0;0;0;0;0;0;0;0;0;0;0;0;0;0;0;0;00:00:00:000;00:00:00:000;;0;0;0;0;0;0;0;
2026-01-07 17:02:47;2026-01-07 17:12:42;2026-01-07 17:12:43;00:00:01;00:09:56;0;0;0;0;0;0;0;0;0;0;0;0;0;0;0;0;0;0;0;0;0;0;0;0;0;0;0;0;0;00:00:00:000;00:00:00:000;;0;0;0;0;0;0;0;
2026-01-07 17:02:47;2026-01-07 17:12:43;2026-01-07 17:12:44;00:00:01;00:09:57;0;0;0;0;0;0;0;0;0;0;0;0;0;0;0;0;0;0;0;0;0;0;0;0;0;0;0;0;0;00:00:00:000;00:00:00:000;;0;0;0;0;0;0;0;
2026-01-07 17:02:47;2026-01-07 17:12:44;2026-01-07 17:12:45;00:00:01;00:09:58;0;0;0;0;0;0;0;0;0;0;0;0;0;0;0;0;0;0;0;0;0;0;0;0;0;0;0;0;0;00:00:00:000;00:00:00:000;;0;0;0;0;0;0;0;
2026-01-07 17:02:47;2026-01-07 17:12:45;2026-01-07 17:12:46;00:00:01;00:09:59;0;0;0;0;0;0;0;0;0;0;0;0;0;0;0;0;0;0;0;0;0;0;0;0;0;0;0;0;0;00:00:00:000;00:00:00:000;;0;0;0;0;0;0;0;
2026-01-07 17:02:47;2026-01-07 17:12:46;2026-01-07 17:12:47;00:00:01;00:10:00;0;0;0;0;0;0;0;0;0;0;0;0;0;0;0;0;0;0;0;0;0;0;0;0;0;0;0;0;0;00:00:00:000;00:00:00:000;;0;0;0;0;0;0;0;
2026-01-07 17:02:47;2026-01-07 17:12:47;2026-01-07 17:12:48;00:00:01;00:10:01;0;0;0;0;0;0;0;0;0;0;0;0;0;0;0;0;0;0;0;0;0;0;0;0;0;0;0;0;0;00:00:00:000;00:00:00:000;;0;0;0;0;0;0;0;
2026-01-07 17:02:47;2026-01-07 17:12:48;2026-01-07 17:12:49;00:00:01;00:10:02;0;0;0;0;0;0;0;0;0;0;0;0;0;0;0;0;0;0;0;0;0;0;0;0;0;0;0;0;0;00:00:00:000;00:00:00:000;;0;0;0;0;0;0;0;
2026-01-07 17:02:47;2026-01-07 17:12:49;2026-01-07 17:12:50;00:00:01;00:10:03;0;0;0;0;0;0;0;0;0;0;0;0;0;0;0;0;0;0;0;0;0;0;0;0;0;0;0;0;0;00:00:00:000;00:00:00:000;;0;0;0;0;0;0;0;
2026-01-07 17:02:47;2026-01-07 17:12:50;2026-01-07 17:12:51;00:00:01;00:10:04;0;0;0;0;0;0;0;0;0;0;0;0;0;0;0;0;0;0;0;0;0;0;0;0;0;0;0;0;0;00:00:00:000;00:00:00:000;;0;0;0;0;0;0;0;
2026-01-07 17:02:47;2026-01-07 17:12:51;2026-01-07 17:12:52;00:00:01;00:10:05;0;0;0;0;0;0;0;0;0;0;0;0;0;0;0;0;0;0;0;0;0;0;0;0;0;0;0;0;0;00:00:00:000;00:00:00:000;;0;0;0;0;0;0;0;
2026-01-07 17:02:47;2026-01-07 17:12:52;2026-01-07 17:12:53;00:00:01;00:10:06;0;0;0;0;0;0;0;0;0;0;0;0;0;0;0;0;0;0;0;0;0;0;0;0;0;0;0;0;0;00:00:00:000;00:00:00:000;;0;0;0;0;0;0;0;
2026-01-07 17:02:47;2026-01-07 17:12:53;2026-01-07 17:12:54;00:00:01;00:10:07;0;0;0;0;0;0;0;0;0;0;0;0;0;0;0;0;0;0;0;0;0;0;0;0;0;0;0;0;0;00:00:00:000;00:00:00:000;;0;0;0;0;0;0;0;
2026-01-07 17:02:47;2026-01-07 17:12:54;2026-01-07 17:12:55;00:00:01;00:10:08;0;0;0;0;0;0;0;0;0;0;0;0;0;0;0;0;0;0;0;0;0;0;0;0;0;0;0;0;0;00:00:00:000;00:00:00:000;;0;0;0;0;0;0;0;
2026-01-07 17:02:47;2026-01-07 17:12:55;2026-01-07 17:12:56;00:00:01;00:10:09;0;0;0;0;0;0;0;0;0;0;0;0;0;0;0;0;0;0;0;0;0;0;0;0;0;0;0;0;0;00:00:00:000;00:00:00:000;;0;0;0;0;0;0;0;
2026-01-07 17:02:47;2026-01-07 17:12:56;2026-01-07 17:12:57;00:00:01;00:10:10;0;0;0;0;0;0;0;0;0;0;0;0;0;0;0;0;0;0;0;0;0;0;0;0;0;0;0;0;0;00:00:00:000;00:00:00:000;;0;0;0;0;0;0;0;
2026-01-07 17:02:47;2026-01-07 17:12:57;2026-01-07 17:12:58;00:00:01;00:10:11;0;0;0;0;0;0;0;0;0;0;0;0;0;0;0;0;0;0;0;0;0;0;0;0;0;0;0;0;0;00:00:00:000;00:00:00:000;;0;0;0;0;0;0;0;
2026-01-07 17:02:47;2026-01-07 17:12:58;2026-01-07 17:12:59;00:00:01;00:10:12;0;0;0;0;0;0;0;0;0;0;0;0;0;0;0;0;0;0;0;0;0;0;0;0;0;0;0;0;0;00:00:00:000;00:00:00:000;;0;0;0;0;0;0;0;
2026-01-07 17:02:47;2026-01-07 17:12:59;2026-01-07 17:13:00;00:00:01;00:10:13;0;0;0;0;0;0;0;0;0;0;0;0;0;0;0;0;0;0;0;0;0;0;0;0;0;0;0;0;0;00:00:00:000;00:00:00:000;;0;0;0;0;0;0;0;
2026-01-07 17:02:47;2026-01-07 17:13:00;2026-01-07 17:13:01;00:00:01;00:10:14;0;0;0;0;0;0;0;0;0;0;0;0;0;0;0;0;0;0;0;0;0;0;0;0;0;0;0;0;0;00:00:00:000;00:00:00:000;;0;0;0;0;0;0;0;
2026-01-07 17:02:47;2026-01-07 17:13:01;2026-01-07 17:13:02;00:00:01;00:10:15;0;0;0;0;0;0;0;0;0;0;0;0;0;0;0;0;0;0;0;0;0;0;0;0;0;0;0;0;0;00:00:00:000;00:00:00:000;;0;0;0;0;0;0;0;
2026-01-07 17:02:47;2026-01-07 17:13:02;2026-01-07 17:13:03;00:00:01;00:10:16;0;0;0;0;0;0;0;0;0;0;0;0;0;0;0;0;0;0;0;0;0;0;0;0;0;0;0;0;0;00:00:00:000;00:00:00:000;;0;0;0;0;0;0;0;
2026-01-07 17:02:47;2026-01-07 17:13:03;2026-01-07 17:13:04;00:00:01;00:10:17;0;0;0;0;0;0;0;0;0;0;0;0;0;0;0;0;0;0;0;0;0;0;0;0;0;0;0;0;0;00:00:00:000;00:00:00:000;;0;0;0;0;0;0;0;
2026-01-07 17:02:47;2026-01-07 17:13:04;2026-01-07 17:13:05;00:00:01;00:10:18;0;0;0;0;0;0;0;0;0;0;0;0;0;0;0;0;0;0;0;0;0;0;0;0;0;0;0;0;0;00:00:00:000;00:00:00:000;;0;0;0;0;0;0;0;
2026-01-07 17:02:47;2026-01-07 17:13:05;2026-01-07 17:13:06;00:00:01;00:10:19;0;0;0;0;0;0;0;0;0;0;0;0;0;0;0;0;0;0;0;0;0;0;0;0;0;0;0;0;0;00:00:00:000;00:00:00:000;;0;0;0;0;0;0;0;
2026-01-07 17:02:47;2026-01-07 17:13:06;2026-01-07 17:13:07;00:00:01;00:10:20;0;0;0;0;0;0;0;0;0;0;0;0;0;0;0;0;0;0;0;0;0;0;0;0;0;0;0;0;0;00:00:00:000;00:00:00:000;;0;0;0;0;0;0;0;
2026-01-07 17:02:47;2026-01-07 17:13:07;2026-01-07 17:13:08;00:00:01;00:10:21;0;0;0;0;0;0;0;0;0;0;0;0;0;0;0;0;0;0;0;0;0;0;0;0;0;0;0;0;0;00:00:00:000;00:00:00:000;;0;0;0;0;0;0;0;
2026-01-07 17:02:47;2026-01-07 17:13:08;2026-01-07 17:13:09;00:00:01;00:10:22;0;0;0;0;0;0;0;0;0;0;0;0;0;0;0;0;0;0;0;0;0;0;0;0;0;0;0;0;0;00:00:00:000;00:00:00:000;;0;0;0;0;0;0;0;
2026-01-07 17:02:47;2026-01-07 17:13:09;2026-01-07 17:13:10;00:00:01;00:10:23;0;0;0;0;0;0;0;0;0;0;0;0;0;0;0;0;0;0;0;0;0;0;0;0;0;0;0;0;0;00:00:00:000;00:00:00:000;;0;0;0;0;0;0;0;
2026-01-07 17:02:47;2026-01-07 17:13:10;2026-01-07 17:13:11;00:00:01;00:10:24;0;0;0;0;0;0;0;0;0;0;0;0;0;0;0;0;0;0;0;0;0;0;0;0;0;0;0;0;0;00:00:00:000;00:00:00:000;;0;0;0;0;0;0;0;
2026-01-07 17:02:47;2026-01-07 17:13:11;2026-01-07 17:13:12;00:00:01;00:10:25;0;0;0;0;0;0;0;0;0;0;0;0;0;0;0;0;0;0;0;0;0;0;0;0;0;0;0;0;0;00:00:00:000;00:00:00:000;;0;0;0;0;0;0;0;
2026-01-07 17:02:47;2026-01-07 17:13:12;2026-01-07 17:13:13;00:00:01;00:10:26;0;0;0;0;0;0;0;0;0;0;0;0;0;0;0;0;0;0;0;0;0;0;0;0;0;0;0;0;0;00:00:00:000;00:00:00:000;;0;0;0;0;0;0;0;
2026-01-07 17:02:47;2026-01-07 17:13:13;2026-01-07 17:13:14;00:00:01;00:10:27;0;0;0;0;0;0;0;0;0;0;0;0;0;0;0;0;0;0;0;0;0;0;0;0;0;0;0;0;0;00:00:00:000;00:00:00:000;;0;0;0;0;0;0;0;
2026-01-07 17:02:47;2026-01-07 17:13:14;2026-01-07 17:13:15;00:00:01;00:10:28;0;0;0;0;0;0;0;0;0;0;0;0;0;0;0;0;0;0;0;0;0;0;0;0;0;0;0;0;0;00:00:00:000;00:00:00:000;;0;0;0;0;0;0;0;
2026-01-07 17:02:47;2026-01-07 17:13:15;2026-01-07 17:13:16;00:00:01;00:10:29;0;0;0;0;0;0;0;0;0;0;0;0;0;0;0;0;0;0;0;0;0;0;0;0;0;0;0;0;0;00:00:00:000;00:00:00:000;;0;0;0;0;0;0;0;
2026-01-07 17:02:47;2026-01-07 17:13:16;2026-01-07 17:13:17;00:00:01;00:10:30;0;0;0;0;0;0;0;0;0;0;0;0;0;0;0;0;0;0;0;0;0;0;0;0;0;0;0;0;0;00:00:00:000;00:00:00:000;;0;0;0;0;0;0;0;
2026-01-07 17:02:47;2026-01-07 17:13:17;2026-01-07 17:13:18;00:00:01;00:10:31;0;0;0;0;0;0;0;0;0;0;0;0;0;0;0;0;0;0;0;0;0;0;0;0;0;0;0;0;0;00:00:00:000;00:00:00:000;;0;0;0;0;0;0;0;
2026-01-07 17:02:47;2026-01-07 17:13:18;2026-01-07 17:13:19;00:00:01;00:10:32;0;0;0;0;0;0;0;0;0;0;0;0;0;0;0;0;0;0;0;0;0;0;0;0;0;0;0;0;0;00:00:00:000;00:00:00:000;;0;0;0;0;0;0;0;
2026-01-07 17:02:47;2026-01-07 17:13:19;2026-01-07 17:13:20;00:00:01;00:10:33;0;0;0;0;0;0;0;0;0;0;0;0;0;0;0;0;0;0;0;0;0;0;0;0;0;0;0;0;0;00:00:00:000;00:00:00:000;;0;0;0;0;0;0;0;
2026-01-07 17:02:47;2026-01-07 17:13:20;2026-01-07 17:13:21;00:00:01;00:10:34;0;0;0;0;0;0;0;0;0;0;0;0;0;0;0;0;0;0;0;0;0;0;0;0;0;0;0;0;0;00:00:00:000;00:00:00:000;;0;0;0;0;0;0;0;
2026-01-07 17:02:47;2026-01-07 17:13:21;2026-01-07 17:13:22;00:00:01;00:10:35;0;0;0;0;0;0;0;0;0;0;0;0;0;0;0;0;0;0;0;0;0;0;0;0;0;0;0;0;0;00:00:00:000;00:00:00:000;;0;0;0;0;0;0;0;
2026-01-07 17:02:47;2026-01-07 17:13:22;2026-01-07 17:13:23;00:00:01;00:10:36;0;0;0;0;0;0;0;0;0;0;0;0;0;0;0;0;0;0;0;0;0;0;0;0;0;0;0;0;0;00:00:00:000;00:00:00:000;;0;0;0;0;0;0;0;
2026-01-07 17:02:47;2026-01-07 17:13:23;2026-01-07 17:13:24;00:00:01;00:10:37;0;0;0;0;0;0;0;0;0;0;0;0;0;0;0;0;0;0;0;0;0;0;0;0;0;0;0;0;0;00:00:00:000;00:00:00:000;;0;0;0;0;0;0;0;
2026-01-07 17:02:47;2026-01-07 17:13:24;2026-01-07 17:13:25;00:00:01;00:10:38;0;0;0;0;0;0;0;0;0;0;0;0;0;0;0;0;0;0;0;0;0;0;0;0;0;0;0;0;0;00:00:00:000;00:00:00:000;;0;0;0;0;0;0;0;
2026-01-07 17:02:47;2026-01-07 17:13:25;2026-01-07 17:13:26;00:00:01;00:10:39;0;0;0;0;0;0;0;0;0;0;0;0;0;0;0;0;0;0;0;0;0;0;0;0;0;0;0;0;0;00:00:00:000;00:00:00:000;;0;0;0;0;0;0;0;
2026-01-07 17:02:47;2026-01-07 17:13:26;2026-01-07 17:13:27;00:00:01;00:10:40;0;0;0;0;0;0;0;0;0;0;0;0;0;0;0;0;0;0;0;0;0;0;0;0;0;0;0;0;0;00:00:00:000;00:00:00:000;;0;0;0;0;0;0;0;
2026-01-07 17:02:47;2026-01-07 17:13:27;2026-01-07 17:13:28;00:00:01;00:10:41;0;0;0;0;0;0;0;0;0;0;0;0;0;0;0;0;0;0;0;0;0;0;0;0;0;0;0;0;0;00:00:00:000;00:00:00:000;;0;0;0;0;0;0;0;
2026-01-07 17:02:47;2026-01-07 17:13:28;2026-01-07 17:13:29;00:00:01;00:10:42;0;0;0;0;0;0;0;0;0;0;0;0;0;0;0;0;0;0;0;0;0;0;0;0;0;0;0;0;0;00:00:00:000;00:00:00:000;;0;0;0;0;0;0;0;
2026-01-07 17:02:47;2026-01-07 17:13:29;2026-01-07 17:13:30;00:00:01;00:10:43;0;0;0;0;0;0;0;0;0;0;0;0;0;0;0;0;0;0;0;0;0;0;0;0;0;0;0;0;0;00:00:00:000;00:00:00:000;;0;0;0;0;0;0;0;
2026-01-07 17:02:47;2026-01-07 17:13:30;2026-01-07 17:13:31;00:00:01;00:10:44;0;0;0;0;0;0;0;0;0;0;0;0;0;0;0;0;0;0;0;0;0;0;0;0;0;0;0;0;0;00:00:00:000;00:00:00:000;;0;0;0;0;0;0;0;
2026-01-07 17:02:47;2026-01-07 17:13:31;2026-01-07 17:13:32;00:00:01;00:10:45;0;0;0;0;0;0;0;0;0;0;0;0;0;0;0;0;0;0;0;0;0;0;0;0;0;0;0;0;0;00:00:00:000;00:00:00:000;;0;0;0;0;0;0;0;
2026-01-07 17:02:47;2026-01-07 17:13:32;2026-01-07 17:13:33;00:00:01;00:10:46;0;0;0;0;0;0;0;0;0;0;0;0;0;0;0;0;0;0;0;0;0;0;0;0;0;0;0;0;0;00:00:00:000;00:00:00:000;;0;0;0;0;0;0;0;
2026-01-07 17:02:47;2026-01-07 17:13:33;2026-01-07 17:13:34;00:00:01;00:10:47;0;0;0;0;0;0;0;0;0;0;0;0;0;0;0;0;0;0;0;0;0;0;0;0;0;0;0;0;0;00:00:00:000;00:00:00:000;;0;0;0;0;0;0;0;
2026-01-07 17:02:47;2026-01-07 17:13:34;2026-01-07 17:13:35;00:00:01;00:10:48;0;0;0;0;0;0;0;0;0;0;0;0;0;0;0;0;0;0;0;0;0;0;0;0;0;0;0;0;0;00:00:00:000;00:00:00:000;;0;0;0;0;0;0;0;
2026-01-07 17:02:47;2026-01-07 17:13:35;2026-01-07 17:13:36;00:00:01;00:10:49;0;0;0;0;0;0;0;0;0;0;0;0;0;0;0;0;0;0;0;0;0;0;0;0;0;0;0;0;0;00:00:00:000;00:00:00:000;;0;0;0;0;0;0;0;
2026-01-07 17:02:47;2026-01-07 17:13:36;2026-01-07 17:13:37;00:00:01;00:10:50;0;0;0;0;0;0;0;0;0;0;0;0;0;0;0;0;0;0;0;0;0;0;0;0;0;0;0;0;0;00:00:00:000;00:00:00:000;;0;0;0;0;0;0;0;
2026-01-07 17:02:47;2026-01-07 17:13:37;2026-01-07 17:13:38;00:00:01;00:10:51;0;0;0;0;0;0;0;0;0;0;0;0;0;0;0;0;0;0;0;0;0;0;0;0;0;0;0;0;0;00:00:00:000;00:00:00:000;;0;0;0;0;0;0;0;
2026-01-07 17:02:47;2026-01-07 17:13:38;2026-01-07 17:13:39;00:00:01;00:10:52;0;0;0;0;0;0;0;0;0;0;0;0;0;0;0;0;0;0;0;0;0;0;0;0;0;0;0;0;0;00:00:00:000;00:00:00:000;;0;0;0;0;0;0;0;
2026-01-07 17:02:47;2026-01-07 17:13:39;2026-01-07 17:13:40;00:00:01;00:10:53;0;0;0;0;0;0;0;0;0;0;0;0;0;0;0;0;0;0;0;0;0;0;0;0;0;0;0;0;0;00:00:00:000;00:00:00:000;;0;0;0;0;0;0;0;
2026-01-07 17:02:47;2026-01-07 17:13:40;2026-01-07 17:13:41;00:00:01;00:10:54;0;0;0;0;0;0;0;0;0;0;0;0;0;0;0;0;0;0;0;0;0;0;0;0;0;0;0;0;0;00:00:00:000;00:00:00:000;;0;0;0;0;0;0;0;
2026-01-07 17:02:47;2026-01-07 17:13:41;2026-01-07 17:13:42;00:00:01;00:10:55;0;0;0;0;0;0;0;0;0;0;0;0;0;0;0;0;0;0;0;0;0;0;0;0;0;0;0;0;0;00:00:00:000;00:00:00:000;;0;0;0;0;0;0;0;
2026-01-07 17:02:47;2026-01-07 17:13:42;2026-01-07 17:13:43;00:00:01;00:10:56;0;0;0;0;0;0;0;0;0;0;0;0;0;0;0;0;0;0;0;0;0;0;0;0;0;0;0;0;0;00:00:00:000;00:00:00:000;;0;0;0;0;0;0;0;
2026-01-07 17:02:47;2026-01-07 17:13:43;2026-01-07 17:13:44;00:00:01;00:10:57;0;0;0;0;0;0;0;0;0;0;0;0;0;0;0;0;0;0;0;0;0;0;0;0;0;0;0;0;0;00:00:00:000;00:00:00:000;;0;0;0;0;0;0;0;
2026-01-07 17:02:47;2026-01-07 17:13:44;2026-01-07 17:13:45;00:00:01;00:10:58;0;0;0;0;0;0;0;0;0;0;0;0;0;0;0;0;0;0;0;0;0;0;0;0;0;0;0;0;0;00:00:00:000;00:00:00:000;;0;0;0;0;0;0;0;
2026-01-07 17:02:47;2026-01-07 17:13:45;2026-01-07 17:13:46;00:00:01;00:10:59;0;0;0;0;0;0;0;0;0;0;0;0;0;0;0;0;0;0;0;0;0;0;0;0;0;0;0;0;0;00:00:00:000;00:00:00:000;;0;0;0;0;0;0;0;
2026-01-07 17:02:47;2026-01-07 17:13:46;2026-01-07 17:13:47;00:00:01;00:11:00;0;0;0;0;0;0;0;0;0;0;0;0;0;0;0;0;0;0;0;0;0;0;0;0;0;0;0;0;0;00:00:00:000;00:00:00:000;;0;0;0;0;0;0;0;
2026-01-07 17:02:47;2026-01-07 17:13:47;2026-01-07 17:13:48;00:00:01;00:11:01;0;0;0;0;0;0;0;0;0;0;0;0;0;0;0;0;0;0;0;0;0;0;0;0;0;0;0;0;0;00:00:00:000;00:00:00:000;;0;0;0;0;0;0;0;
2026-01-07 17:02:47;2026-01-07 17:13:48;2026-01-07 17:13:49;00:00:01;00:11:02;0;0;0;0;0;0;0;0;0;0;0;0;0;0;0;0;0;0;0;0;0;0;0;0;0;0;0;0;0;00:00:00:000;00:00:00:000;;0;0;0;0;0;0;0;
2026-01-07 17:02:47;2026-01-07 17:13:49;2026-01-07 17:13:50;00:00:01;00:11:03;0;0;0;0;0;0;0;0;0;0;0;0;0;0;0;0;0;0;0;0;0;0;0;0;0;0;0;0;0;00:00:00:000;00:00:00:000;;0;0;0;0;0;0;0;
2026-01-07 17:02:47;2026-01-07 17:13:50;2026-01-07 17:13:51;00:00:01;00:11:04;0;0;0;0;0;0;0;0;0;0;0;0;0;0;0;0;0;0;0;0;0;0;0;0;0;0;0;0;0;00:00:00:000;00:00:00:000;;0;0;0;0;0;0;0;
2026-01-07 17:02:47;2026-01-07 17:13:51;2026-01-07 17:13:52;00:00:01;00:11:05;0;0;0;0;0;0;0;0;0;0;0;0;0;0;0;0;0;0;0;0;0;0;0;0;0;0;0;0;0;00:00:00:000;00:00:00:000;;0;0;0;0;0;0;0;
2026-01-07 17:02:47;2026-01-07 17:13:52;2026-01-07 17:13:53;00:00:01;00:11:06;0;0;0;0;0;0;0;0;0;0;0;0;0;0;0;0;0;0;0;0;0;0;0;0;0;0;0;0;0;00:00:00:000;00:00:00:000;;0;0;0;0;0;0;0;
2026-01-07 17:02:47;2026-01-07 17:13:53;2026-01-07 17:13:54;00:00:01;00:11:07;0;0;0;0;0;0;0;0;0;0;0;0;0;0;0;0;0;0;0;0;0;0;0;0;0;0;0;0;0;00:00:00:000;00:00:00:000;;0;0;0;0;0;0;0;
2026-01-07 17:02:47;2026-01-07 17:13:54;2026-01-07 17:13:55;00:00:01;00:11:08;0;0;0;0;0;0;0;0;0;0;0;0;0;0;0;0;0;0;0;0;0;0;0;0;0;0;0;0;0;00:00:00:000;00:00:00:000;;0;0;0;0;0;0;0;
2026-01-07 17:02:47;2026-01-07 17:13:55;2026-01-07 17:13:56;00:00:01;00:11:09;0;0;0;0;0;0;0;0;0;0;0;0;0;0;0;0;0;0;0;0;0;0;0;0;0;0;0;0;0;00:00:00:000;00:00:00:000;;0;0;0;0;0;0;0;
2026-01-07 17:02:47;2026-01-07 17:13:56;2026-01-07 17:13:57;00:00:01;00:11:10;0;0;0;0;0;0;0;0;0;0;0;0;0;0;0;0;0;0;0;0;0;0;0;0;0;0;0;0;0;00:00:00:000;00:00:00:000;;0;0;0;0;0;0;0;
2026-01-07 17:02:47;2026-01-07 17:13:57;2026-01-07 17:13:58;00:00:01;00:11:11;0;0;0;0;0;0;0;0;0;0;0;0;0;0;0;0;0;0;0;0;0;0;0;0;0;0;0;0;0;00:00:00:000;00:00:00:000;;0;0;0;0;0;0;0;
2026-01-07 17:02:47;2026-01-07 17:13:58;2026-01-07 17:13:59;00:00:01;00:11:12;0;0;0;0;0;0;0;0;0;0;0;0;0;0;0;0;0;0;0;0;0;0;0;0;0;0;0;0;0;00:00:00:000;00:00:00:000;;0;0;0;0;0;0;0;
2026-01-07 17:02:47;2026-01-07 17:13:59;2026-01-07 17:14:00;00:00:01;00:11:13;0;0;0;0;0;0;0;0;0;0;0;0;0;0;0;0;0;0;0;0;0;0;0;0;0;0;0;0;0;00:00:00:000;00:00:00:000;;0;0;0;0;0;0;0;
2026-01-07 17:02:47;2026-01-07 17:14:00;2026-01-07 17:14:01;00:00:01;00:11:14;0;0;0;0;0;0;0;0;0;0;0;0;0;0;0;0;0;0;0;0;0;0;0;0;0;0;0;0;0;00:00:00:000;00:00:00:000;;0;0;0;0;0;0;0;
2026-01-07 17:02:47;2026-01-07 17:14:01;2026-01-07 17:14:02;00:00:01;00:11:15;0;0;0;0;0;0;0;0;0;0;0;0;0;0;0;0;0;0;0;0;0;0;0;0;0;0;0;0;0;00:00:00:000;00:00:00:000;;0;0;0;0;0;0;0;
2026-01-07 17:02:47;2026-01-07 17:14:02;2026-01-07 17:14:03;00:00:01;00:11:16;0;0;0;0;0;0;0;0;0;0;0;0;0;0;0;0;0;0;0;0;0;0;0;0;0;0;0;0;0;00:00:00:000;00:00:00:000;;0;0;0;0;0;0;0;
2026-01-07 17:02:47;2026-01-07 17:14:03;2026-01-07 17:14:04;00:00:01;00:11:17;0;0;0;0;0;0;0;0;0;0;0;0;0;0;0;0;0;0;0;0;0;0;0;0;0;0;0;0;0;00:00:00:000;00:00:00:000;;0;0;0;0;0;0;0;
2026-01-07 17:02:47;2026-01-07 17:14:04;2026-01-07 17:14:05;00:00:01;00:11:18;0;0;0;0;0;0;0;0;0;0;0;0;0;0;0;0;0;0;0;0;0;0;0;0;0;0;0;0;0;00:00:00:000;00:00:00:000;;0;0;0;0;0;0;0;
2026-01-07 17:02:47;2026-01-07 17:14:05;2026-01-07 17:14:06;00:00:01;00:11:19;0;0;0;0;0;0;0;0;0;0;0;0;0;0;0;0;0;0;0;0;0;0;0;0;0;0;0;0;0;00:00:00:000;00:00:00:000;;0;0;0;0;0;0;0;
2026-01-07 17:02:47;2026-01-07 17:14:06;2026-01-07 17:14:07;00:00:01;00:11:20;0;0;0;0;0;0;0;0;0;0;0;0;0;0;0;0;0;0;0;0;0;0;0;0;0;0;0;0;0;00:00:00:000;00:00:00:000;;0;0;0;0;0;0;0;
2026-01-07 17:02:47;2026-01-07 17:14:07;2026-01-07 17:14:08;00:00:01;00:11:21;0;0;0;0;0;0;0;0;0;0;0;0;0;0;0;0;0;0;0;0;0;0;0;0;0;0;0;0;0;00:00:00:000;00:00:00:000;;0;0;0;0;0;0;0;
2026-01-07 17:02:47;2026-01-07 17:14:08;2026-01-07 17:14:09;00:00:01;00:11:22;0;0;0;0;0;0;0;0;0;0;0;0;0;0;0;0;0;0;0;0;0;0;0;0;0;0;0;0;0;00:00:00:000;00:00:00:000;;0;0;0;0;0;0;0;
2026-01-07 17:02:47;2026-01-07 17:14:09;2026-01-07 17:14:10;00:00:01;00:11:23;0;0;0;0;0;0;0;0;0;0;0;0;0;0;0;0;0;0;0;0;0;0;0;0;0;0;0;0;0;00:00:00:000;00:00:00:000;;0;0;0;0;0;0;0;
2026-01-07 17:02:47;2026-01-07 17:14:10;2026-01-07 17:14:11;00:00:01;00:11:24;0;0;0;0;0;0;0;0;0;0;0;0;0;0;0;0;0;0;0;0;0;0;0;0;0;0;0;0;0;00:00:00:000;00:00:00:000;;0;0;0;0;0;0;0;
2026-01-07 17:02:47;2026-01-07 17:14:11;2026-01-07 17:14:12;00:00:01;00:11:25;0;0;0;0;0;0;0;0;0;0;0;0;0;0;0;0;0;0;0;0;0;0;0;0;0;0;0;0;0;00:00:00:000;00:00:00:000;;0;0;0;0;0;0;0;
2026-01-07 17:02:47;2026-01-07 17:14:12;2026-01-07 17:14:13;00:00:01;00:11:26;0;0;0;0;0;0;0;0;0;0;0;0;0;0;0;0;0;0;0;0;0;0;0;0;0;0;0;0;0;00:00:00:000;00:00:00:000;;0;0;0;0;0;0;0;
2026-01-07 17:02:47;2026-01-07 17:14:13;2026-01-07 17:14:14;00:00:01;00:11:27;0;0;0;0;0;0;0;0;0;0;0;0;0;0;0;0;0;0;0;0;0;0;0;0;0;0;0;0;0;00:00:00:000;00:00:00:000;;0;0;0;0;0;0;0;
2026-01-07 17:02:47;2026-01-07 17:14:14;2026-01-07 17:14:15;00:00:01;00:11:28;0;0;0;0;0;0;0;0;0;0;0;0;0;0;0;0;0;0;0;0;0;0;0;0;0;0;0;0;0;00:00:00:000;00:00:00:000;;0;0;0;0;0;0;0;
2026-01-07 17:02:47;2026-01-07 17:14:15;2026-01-07 17:14:16;00:00:01;00:11:29;0;0;0;0;0;0;0;0;0;0;0;0;0;0;0;0;0;0;0;0;0;0;0;0;0;0;0;0;0;00:00:00:000;00:00:00:000;;0;0;0;0;0;0;0;
2026-01-07 17:02:47;2026-01-07 17:14:16;2026-01-07 17:14:17;00:00:01;00:11:30;0;0;0;0;0;0;0;0;0;0;0;0;0;0;0;0;0;0;0;0;0;0;0;0;0;0;0;0;0;00:00:00:000;00:00:00:000;;0;0;0;0;0;0;0;
2026-01-07 17:02:47;2026-01-07 17:14:17;2026-01-07 17:14:18;00:00:01;00:11:31;0;0;0;0;0;0;0;0;0;0;0;0;0;0;0;0;0;0;0;0;0;0;0;0;0;0;0;0;0;00:00:00:000;00:00:00:000;;0;0;0;0;0;0;0;
2026-01-07 17:02:47;2026-01-07 17:14:18;2026-01-07 17:14:19;00:00:01;00:11:32;0;0;0;0;0;0;0;0;0;0;0;0;0;0;0;0;0;0;0;0;0;0;0;0;0;0;0;0;0;00:00:00:000;00:00:00:000;;0;0;0;0;0;0;0;
2026-01-07 17:02:47;2026-01-07 17:14:19;2026-01-07 17:14:20;00:00:01;00:11:33;0;0;0;0;0;0;0;0;0;0;0;0;0;0;0;0;0;0;0;0;0;0;0;0;0;0;0;0;0;00:00:00:000;00:00:00:000;;0;0;0;0;0;0;0;
2026-01-07 17:02:47;2026-01-07 17:14:20;2026-01-07 17:14:21;00:00:01;00:11:34;0;0;0;0;0;0;0;0;0;0;0;0;0;0;0;0;0;0;0;0;0;0;0;0;0;0;0;0;0;00:00:00:000;00:00:00:000;;0;0;0;0;0;0;0;
2026-01-07 17:02:47;2026-01-07 17:14:21;2026-01-07 17:14:22;00:00:01;00:11:35;0;0;0;0;0;0;0;0;0;0;0;0;0;0;0;0;0;0;0;0;0;0;0;0;0;0;0;0;0;00:00:00:000;00:00:00:000;;0;0;0;0;0;0;0;
2026-01-07 17:02:47;2026-01-07 17:14:22;2026-01-07 17:14:23;00:00:01;00:11:36;0;0;0;0;0;0;0;0;0;0;0;0;0;0;0;0;0;0;0;0;0;0;0;0;0;0;0;0;0;00:00:00:000;00:00:00:000;;0;0;0;0;0;0;0;
2026-01-07 17:02:47;2026-01-07 17:14:23;2026-01-07 17:14:24;00:00:01;00:11:37;0;0;0;0;0;0;0;0;0;0;0;0;0;0;0;0;0;0;0;0;0;0;0;0;0;0;0;0;0;00:00:00:000;00:00:00:000;;0;0;0;0;0;0;0;
2026-01-07 17:02:47;2026-01-07 17:14:24;2026-01-07 17:14:25;00:00:01;00:11:38;0;0;0;0;0;0;0;0;0;0;0;0;0;0;0;0;0;0;0;0;0;0;0;0;0;0;0;0;0;00:00:00:000;00:00:00:000;;0;0;0;0;0;0;0;
2026-01-07 17:02:47;2026-01-07 17:14:25;2026-01-07 17:14:26;00:00:01;00:11:39;0;0;0;0;0;0;0;0;0;0;0;0;0;0;0;0;0;0;0;0;0;0;0;0;0;0;0;0;0;00:00:00:000;00:00:00:000;;0;0;0;0;0;0;0;
2026-01-07 17:02:47;2026-01-07 17:14:26;2026-01-07 17:14:27;00:00:01;00:11:40;0;0;0;0;0;0;0;0;0;0;0;0;0;0;0;0;0;0;0;0;0;0;0;0;0;0;0;0;0;00:00:00:000;00:00:00:000;;0;0;0;0;0;0;0;
2026-01-07 17:02:47;2026-01-07 17:14:27;2026-01-07 17:14:28;00:00:01;00:11:41;0;0;0;0;0;0;0;0;0;0;0;0;0;0;0;0;0;0;0;0;0;0;0;0;0;0;0;0;0;00:00:00:000;00:00:00:000;;0;0;0;0;0;0;0;
2026-01-07 17:02:47;2026-01-07 17:14:28;2026-01-07 17:14:29;00:00:01;00:11:42;0;0;0;0;0;0;0;0;0;0;0;0;0;0;0;0;0;0;0;0;0;0;0;0;0;0;0;0;0;00:00:00:000;00:00:00:000;;0;0;0;0;0;0;0;
2026-01-07 17:02:47;2026-01-07 17:14:29;2026-01-07 17:14:30;00:00:01;00:11:43;0;0;0;0;0;0;0;0;0;0;0;0;0;0;0;0;0;0;0;0;0;0;0;0;0;0;0;0;0;00:00:00:000;00:00:00:000;;0;0;0;0;0;0;0;
2026-01-07 17:02:47;2026-01-07 17:14:30;2026-01-07 17:14:31;00:00:01;00:11:44;0;0;0;0;0;0;0;0;0;0;0;0;0;0;0;0;0;0;0;0;0;0;0;0;0;0;0;0;0;00:00:00:000;00:00:00:000;;0;0;0;0;0;0;0;
2026-01-07 17:02:47;2026-01-07 17:14:31;2026-01-07 17:14:32;00:00:01;00:11:45;0;0;0;0;0;0;0;0;0;0;0;0;0;0;0;0;0;0;0;0;0;0;0;0;0;0;0;0;0;00:00:00:000;00:00:00:000;;0;0;0;0;0;0;0;
2026-01-07 17:02:47;2026-01-07 17:14:32;2026-01-07 17:14:33;00:00:01;00:11:46;0;0;0;0;0;0;0;0;0;0;0;0;0;0;0;0;0;0;0;0;0;0;0;0;0;0;0;0;0;00:00:00:000;00:00:00:000;;0;0;0;0;0;0;0;
2026-01-07 17:02:47;2026-01-07 17:14:33;2026-01-07 17:14:34;00:00:01;00:11:47;0;0;0;0;0;0;0;0;0;0;0;0;0;0;0;0;0;0;0;0;0;0;0;0;0;0;0;0;0;00:00:00:000;00:00:00:000;;0;0;0;0;0;0;0;
2026-01-07 17:02:47;2026-01-07 17:14:34;2026-01-07 17:14:35;00:00:01;00:11:48;0;0;0;0;0;0;0;0;0;0;0;0;0;0;0;0;0;0;0;0;0;0;0;0;0;0;0;0;0;00:00:00:000;00:00:00:000;;0;0;0;0;0;0;0;
2026-01-07 17:02:47;2026-01-07 17:14:35;2026-01-07 17:14:36;00:00:01;00:11:49;0;0;0;0;0;0;0;0;0;0;0;0;0;0;0;0;0;0;0;0;0;0;0;0;0;0;0;0;0;00:00:00:000;00:00:00:000;;0;0;0;0;0;0;0;
2026-01-07 17:02:47;2026-01-07 17:14:36;2026-01-07 17:14:37;00:00:01;00:11:50;0;0;0;0;0;0;0;0;0;0;0;0;0;0;0;0;0;0;0;0;0;0;0;0;0;0;0;0;0;00:00:00:000;00:00:00:000;;0;0;0;0;0;0;0;
2026-01-07 17:02:47;2026-01-07 17:14:37;2026-01-07 17:14:38;00:00:01;00:11:51;0;0;0;0;0;0;0;0;0;0;0;0;0;0;0;0;0;0;0;0;0;0;0;0;0;0;0;0;0;00:00:00:000;00:00:00:000;;0;0;0;0;0;0;0;
2026-01-07 17:02:47;2026-01-07 17:14:38;2026-01-07 17:14:39;00:00:01;00:11:52;0;0;0;0;0;0;0;0;0;0;0;0;0;0;0;0;0;0;0;0;0;0;0;0;0;0;0;0;0;00:00:00:000;00:00:00:000;;0;0;0;0;0;0;0;
2026-01-07 17:02:47;2026-01-07 17:14:39;2026-01-07 17:14:40;00:00:01;00:11:53;0;0;0;0;0;0;0;0;0;0;0;0;0;0;0;0;0;0;0;0;0;0;0;0;0;0;0;0;0;00:00:00:000;00:00:00:000;;0;0;0;0;0;0;0;
2026-01-07 17:02:47;2026-01-07 17:14:40;2026-01-07 17:14:41;00:00:01;00:11:54;0;0;0;0;0;0;0;0;0;0;0;0;0;0;0;0;0;0;0;0;0;0;0;0;0;0;0;0;0;00:00:00:000;00:00:00:000;;0;0;0;0;0;0;0;
2026-01-07 17:02:47;2026-01-07 17:14:41;2026-01-07 17:14:42;00:00:01;00:11:55;0;0;0;0;0;0;0;0;0;0;0;0;0;0;0;0;0;0;0;0;0;0;0;0;0;0;0;0;0;00:00:00:000;00:00:00:000;;0;0;0;0;0;0;0;
2026-01-07 17:02:47;2026-01-07 17:14:42;2026-01-07 17:14:43;00:00:01;00:11:56;0;0;0;0;0;0;0;0;0;0;0;0;0;0;0;0;0;0;0;0;0;0;0;0;0;0;0;0;0;00:00:00:000;00:00:00:000;;0;0;0;0;0;0;0;
2026-01-07 17:02:47;2026-01-07 17:14:43;2026-01-07 17:14:44;00:00:01;00:11:57;0;0;0;0;0;0;0;0;0;0;0;0;0;0;0;0;0;0;0;0;0;0;0;0;0;0;0;0;0;00:00:00:000;00:00:00:000;;0;0;0;0;0;0;0;
2026-01-07 17:02:47;2026-01-07 17:14:44;2026-01-07 17:14:45;00:00:01;00:11:58;0;0;0;0;0;0;0;0;0;0;0;0;0;0;0;0;0;0;0;0;0;0;0;0;0;0;0;0;0;00:00:00:000;00:00:00:000;;0;0;0;0;0;0;0;
2026-01-07 17:02:47;2026-01-07 17:14:45;2026-01-07 17:14:46;00:00:01;00:11:59;0;0;0;0;0;0;0;0;0;0;0;0;0;0;0;0;0;0;0;0;0;0;0;0;0;0;0;0;0;00:00:00:000;00:00:00:000;;0;0;0;0;0;0;0;
2026-01-07 17:02:47;2026-01-07 17:14:46;2026-01-07 17:14:47;00:00:01;00:12:00;0;0;0;0;0;0;0;0;0;0;0;0;0;0;0;0;0;0;0;0;0;0;0;0;0;0;0;0;0;00:00:00:000;00:00:00:000;;0;0;0;0;0;0;0;
2026-01-07 17:02:47;2026-01-07 17:14:47;2026-01-07 17:14:48;00:00:01;00:12:01;0;0;0;0;0;0;0;0;0;0;0;0;0;0;0;0;0;0;0;0;0;0;0;0;0;0;0;0;0;00:00:00:000;00:00:00:000;;0;0;0;0;0;0;0;
2026-01-07 17:02:47;2026-01-07 17:14:48;2026-01-07 17:14:49;00:00:01;00:12:02;0;0;0;0;0;0;0;0;0;0;0;0;0;0;0;0;0;0;0;0;0;0;0;0;0;0;0;0;0;00:00:00:000;00:00:00:000;;0;0;0;0;0;0;0;
2026-01-07 17:02:47;2026-01-07 17:14:49;2026-01-07 17:14:50;00:00:01;00:12:03;0;0;0;0;0;0;0;0;0;0;0;0;0;0;0;0;0;0;0;0;0;0;0;0;0;0;0;0;0;00:00:00:000;00:00:00:000;;0;0;0;0;0;0;0;
2026-01-07 17:02:47;2026-01-07 17:14:50;2026-01-07 17:14:51;00:00:01;00:12:04;0;0;0;0;0;0;0;0;0;0;0;0;0;0;0;0;0;0;0;0;0;0;0;0;0;0;0;0;0;00:00:00:000;00:00:00:000;;0;0;0;0;0;0;0;
2026-01-07 17:02:47;2026-01-07 17:14:51;2026-01-07 17:14:52;00:00:01;00:12:05;0;0;0;0;0;0;0;0;0;0;0;0;0;0;0;0;0;0;0;0;0;0;0;0;0;0;0;0;0;00:00:00:000;00:00:00:000;;0;0;0;0;0;0;0;
2026-01-07 17:02:47;2026-01-07 17:14:52;2026-01-07 17:14:53;00:00:01;00:12:06;0;0;0;0;0;0;0;0;0;0;0;0;0;0;0;0;0;0;0;0;0;0;0;0;0;0;0;0;0;00:00:00:000;00:00:00:000;;0;0;0;0;0;0;0;
2026-01-07 17:02:47;2026-01-07 17:14:53;2026-01-07 17:14:54;00:00:01;00:12:07;0;0;0;0;0;0;0;0;0;0;0;0;0;0;0;0;0;0;0;0;0;0;0;0;0;0;0;0;0;00:00:00:000;00:00:00:000;;0;0;0;0;0;0;0;
2026-01-07 17:02:47;2026-01-07 17:14:54;2026-01-07 17:14:55;00:00:01;00:12:08;0;0;0;0;0;0;0;0;0;0;0;0;0;0;0;0;0;0;0;0;0;0;0;0;0;0;0;0;0;00:00:00:000;00:00:00:000;;0;0;0;0;0;0;0;
2026-01-07 17:02:47;2026-01-07 17:14:55;2026-01-07 17:14:56;00:00:01;00:12:09;0;0;0;0;0;0;0;0;0;0;0;0;0;0;0;0;0;0;0;0;0;0;0;0;0;0;0;0;0;00:00:00:000;00:00:00:000;;0;0;0;0;0;0;0;
2026-01-07 17:02:47;2026-01-07 17:14:56;2026-01-07 17:14:57;00:00:01;00:12:10;0;0;0;0;0;0;0;0;0;0;0;0;0;0;0;0;0;0;0;0;0;0;0;0;0;0;0;0;0;00:00:00:000;00:00:00:000;;0;0;0;0;0;0;0;
2026-01-07 17:02:47;2026-01-07 17:14:57;2026-01-07 17:14:58;00:00:01;00:12:11;0;0;0;0;0;0;0;0;0;0;0;0;0;0;0;0;0;0;0;0;0;0;0;0;0;0;0;0;0;00:00:00:000;00:00:00:000;;0;0;0;0;0;0;0;
2026-01-07 17:02:47;2026-01-07 17:14:58;2026-01-07 17:14:59;00:00:01;00:12:12;0;0;0;0;0;0;0;0;0;0;0;0;0;0;0;0;0;0;0;0;0;0;0;0;0;0;0;0;0;00:00:00:000;00:00:00:000;;0;0;0;0;0;0;0;
2026-01-07 17:02:47;2026-01-07 17:14:59;2026-01-07 17:15:00;00:00:01;00:12:13;0;0;0;0;0;0;0;0;0;0;0;0;0;0;0;0;0;0;0;0;0;0;0;0;0;0;0;0;0;00:00:00:000;00:00:00:000;;0;0;0;0;0;0;0;
2026-01-07 17:02:47;2026-01-07 17:15:00;2026-01-07 17:15:01;00:00:01;00:12:14;0;0;0;0;0;0;0;0;0;0;0;0;0;0;0;0;0;0;0;0;0;0;0;0;0;0;0;0;0;00:00:00:000;00:00:00:000;;0;0;0;0;0;0;0;
2026-01-07 17:02:47;2026-01-07 17:15:01;2026-01-07 17:15:02;00:00:01;00:12:15;0;0;0;0;0;0;0;0;0;0;0;0;0;0;0;0;0;0;0;0;0;0;0;0;0;0;0;0;0;00:00:00:000;00:00:00:000;;0;0;0;0;0;0;0;
2026-01-07 17:02:47;2026-01-07 17:15:02;2026-01-07 17:15:03;00:00:01;00:12:16;0;0;0;0;0;0;0;0;0;0;0;0;0;0;0;0;0;0;0;0;0;0;0;0;0;0;0;0;0;00:00:00:000;00:00:00:000;;0;0;0;0;0;0;0;
2026-01-07 17:02:47;2026-01-07 17:15:03;2026-01-07 17:15:04;00:00:01;00:12:17;0;0;0;0;0;0;0;0;0;0;0;0;0;0;0;0;0;0;0;0;0;0;0;0;0;0;0;0;0;00:00:00:000;00:00:00:000;;0;0;0;0;0;0;0;
2026-01-07 17:02:47;2026-01-07 17:15:04;2026-01-07 17:15:05;00:00:01;00:12:18;0;0;0;0;0;0;0;0;0;0;0;0;0;0;0;0;0;0;0;0;0;0;0;0;0;0;0;0;0;00:00:00:000;00:00:00:000;;0;0;0;0;0;0;0;
2026-01-07 17:02:47;2026-01-07 17:15:05;2026-01-07 17:15:06;00:00:01;00:12:19;0;0;0;0;0;0;0;0;0;0;0;0;0;0;0;0;0;0;0;0;0;0;0;0;0;0;0;0;0;00:00:00:000;00:00:00:000;;0;0;0;0;0;0;0;
2026-01-07 17:02:47;2026-01-07 17:15:06;2026-01-07 17:15:07;00:00:01;00:12:20;0;0;0;0;0;0;0;0;0;0;0;0;0;0;0;0;0;0;0;0;0;0;0;0;0;0;0;0;0;00:00:00:000;00:00:00:000;;0;0;0;0;0;0;0;
2026-01-07 17:02:47;2026-01-07 17:15:07;2026-01-07 17:15:08;00:00:01;00:12:21;0;0;0;0;0;0;0;0;0;0;0;0;0;0;0;0;0;0;0;0;0;0;0;0;0;0;0;0;0;00:00:00:000;00:00:00:000;;0;0;0;0;0;0;0;
2026-01-07 17:02:47;2026-01-07 17:15:08;2026-01-07 17:15:09;00:00:01;00:12:22;0;0;0;0;0;0;0;0;0;0;0;0;0;0;0;0;0;0;0;0;0;0;0;0;0;0;0;0;0;00:00:00:000;00:00:00:000;;0;0;0;0;0;0;0;
2026-01-07 17:02:47;2026-01-07 17:15:09;2026-01-07 17:15:10;00:00:01;00:12:23;0;0;0;0;0;0;0;0;0;0;0;0;0;0;0;0;0;0;0;0;0;0;0;0;0;0;0;0;0;00:00:00:000;00:00:00:000;;0;0;0;0;0;0;0;
2026-01-07 17:02:47;2026-01-07 17:15:10;2026-01-07 17:15:11;00:00:01;00:12:24;0;0;0;0;0;0;0;0;0;0;0;0;0;0;0;0;0;0;0;0;0;0;0;0;0;0;0;0;0;00:00:00:000;00:00:00:000;;0;0;0;0;0;0;0;
2026-01-07 17:02:47;2026-01-07 17:15:11;2026-01-07 17:15:12;00:00:01;00:12:25;0;0;0;0;0;0;0;0;0;0;0;0;0;0;0;0;0;0;0;0;0;0;0;0;0;0;0;0;0;00:00:00:000;00:00:00:000;;0;0;0;0;0;0;0;
2026-01-07 17:02:47;2026-01-07 17:15:12;2026-01-07 17:15:13;00:00:01;00:12:26;0;0;0;0;0;0;0;0;0;0;0;0;0;0;0;0;0;0;0;0;0;0;0;0;0;0;0;0;0;00:00:00:000;00:00:00:000;;0;0;0;0;0;0;0;
2026-01-07 17:02:47;2026-01-07 17:15:13;2026-01-07 17:15:14;00:00:01;00:12:27;0;0;0;0;0;0;0;0;0;0;0;0;0;0;0;0;0;0;0;0;0;0;0;0;0;0;0;0;0;00:00:00:000;00:00:00:000;;0;0;0;0;0;0;0;
2026-01-07 17:02:47;2026-01-07 17:15:14;2026-01-07 17:15:15;00:00:01;00:12:28;0;0;0;0;0;0;0;0;0;0;0;0;0;0;0;0;0;0;0;0;0;0;0;0;0;0;0;0;0;00:00:00:000;00:00:00:000;;0;0;0;0;0;0;0;
2026-01-07 17:02:47;2026-01-07 17:15:15;2026-01-07 17:15:16;00:00:01;00:12:29;0;0;0;0;0;0;0;0;0;0;0;0;0;0;0;0;0;0;0;0;0;0;0;0;0;0;0;0;0;00:00:00:000;00:00:00:000;;0;0;0;0;0;0;0;
2026-01-07 17:02:47;2026-01-07 17:15:16;2026-01-07 17:15:17;00:00:01;00:12:30;0;0;0;0;0;0;0;0;0;0;0;0;0;0;0;0;0;0;0;0;0;0;0;0;0;0;0;0;0;00:00:00:000;00:00:00:000;;0;0;0;0;0;0;0;
2026-01-07 17:02:47;2026-01-07 17:15:17;2026-01-07 17:15:18;00:00:01;00:12:31;0;0;0;0;0;0;0;0;0;0;0;0;0;0;0;0;0;0;0;0;0;0;0;0;0;0;0;0;0;00:00:00:000;00:00:00:000;;0;0;0;0;0;0;0;
2026-01-07 17:02:47;2026-01-07 17:15:18;2026-01-07 17:15:19;00:00:01;00:12:32;0;0;0;0;0;0;0;0;0;0;0;0;0;0;0;0;0;0;0;0;0;0;0;0;0;0;0;0;0;00:00:00:000;00:00:00:000;;0;0;0;0;0;0;0;
2026-01-07 17:02:47;2026-01-07 17:15:19;2026-01-07 17:15:20;00:00:01;00:12:33;0;0;0;0;0;0;0;0;0;0;0;0;0;0;0;0;0;0;0;0;0;0;0;0;0;0;0;0;0;00:00:00:000;00:00:00:000;;0;0;0;0;0;0;0;
2026-01-07 17:02:47;2026-01-07 17:15:20;2026-01-07 17:15:21;00:00:01;00:12:34;0;0;0;0;0;0;0;0;0;0;0;0;0;0;0;0;0;0;0;0;0;0;0;0;0;0;0;0;0;00:00:00:000;00:00:00:000;;0;0;0;0;0;0;0;
2026-01-07 17:02:47;2026-01-07 17:15:21;2026-01-07 17:15:22;00:00:01;00:12:35;0;0;0;0;0;0;0;0;0;0;0;0;0;0;0;0;0;0;0;0;0;0;0;0;0;0;0;0;0;00:00:00:000;00:00:00:000;;0;0;0;0;0;0;0;
2026-01-07 17:02:47;2026-01-07 17:15:22;2026-01-07 17:15:23;00:00:01;00:12:36;0;0;0;0;0;0;0;0;0;0;0;0;0;0;0;0;0;0;0;0;0;0;0;0;0;0;0;0;0;00:00:00:000;00:00:00:000;;0;0;0;0;0;0;0;
2026-01-07 17:02:47;2026-01-07 17:15:23;2026-01-07 17:15:24;00:00:01;00:12:37;0;0;0;0;0;0;0;0;0;0;0;0;0;0;0;0;0;0;0;0;0;0;0;0;0;0;0;0;0;00:00:00:000;00:00:00:000;;0;0;0;0;0;0;0;
2026-01-07 17:02:47;2026-01-07 17:15:24;2026-01-07 17:15:25;00:00:01;00:12:38;0;0;0;0;0;0;0;0;0;0;0;0;0;0;0;0;0;0;0;0;0;0;0;0;0;0;0;0;0;00:00:00:000;00:00:00:000;;0;0;0;0;0;0;0;
2026-01-07 17:02:47;2026-01-07 17:15:25;2026-01-07 17:15:26;00:00:01;00:12:39;0;0;0;0;0;0;0;0;0;0;0;0;0;0;0;0;0;0;0;0;0;0;0;0;0;0;0;0;0;00:00:00:000;00:00:00:000;;0;0;0;0;0;0;0;
2026-01-07 17:02:47;2026-01-07 17:15:26;2026-01-07 17:15:27;00:00:01;00:12:40;0;0;0;0;0;0;0;0;0;0;0;0;0;0;0;0;0;0;0;0;0;0;0;0;0;0;0;0;0;00:00:00:000;00:00:00:000;;0;0;0;0;0;0;0;
2026-01-07 17:02:47;2026-01-07 17:15:27;2026-01-07 17:15:28;00:00:01;00:12:41;0;0;0;0;0;0;0;0;0;0;0;0;0;0;0;0;0;0;0;0;0;0;0;0;0;0;0;0;0;00:00:00:000;00:00:00:000;;0;0;0;0;0;0;0;
2026-01-07 17:02:47;2026-01-07 17:15:28;2026-01-07 17:15:29;00:00:01;00:12:42;0;0;0;0;0;0;0;0;0;0;0;0;0;0;0;0;0;0;0;0;0;0;0;0;0;0;0;0;0;00:00:00:000;00:00:00:000;;0;0;0;0;0;0;0;
2026-01-07 17:02:47;2026-01-07 17:15:29;2026-01-07 17:15:30;00:00:01;00:12:43;0;0;0;0;0;0;0;0;0;0;0;0;0;0;0;0;0;0;0;0;0;0;0;0;0;0;0;0;0;00:00:00:000;00:00:00:000;;0;0;0;0;0;0;0;
2026-01-07 17:02:47;2026-01-07 17:15:30;2026-01-07 17:15:31;00:00:01;00:12:44;0;0;0;0;0;0;0;0;0;0;0;0;0;0;0;0;0;0;0;0;0;0;0;0;0;0;0;0;0;00:00:00:000;00:00:00:000;;0;0;0;0;0;0;0;
2026-01-07 17:02:47;2026-01-07 17:15:31;2026-01-07 17:15:32;00:00:01;00:12:45;0;0;0;0;0;0;0;0;0;0;0;0;0;0;0;0;0;0;0;0;0;0;0;0;0;0;0;0;0;00:00:00:000;00:00:00:000;;0;0;0;0;0;0;0;
2026-01-07 17:02:47;2026-01-07 17:15:32;2026-01-07 17:15:33;00:00:01;00:12:46;0;0;0;0;0;0;0;0;0;0;0;0;0;0;0;0;0;0;0;0;0;0;0;0;0;0;0;0;0;00:00:00:000;00:00:00:000;;0;0;0;0;0;0;0;
2026-01-07 17:02:47;2026-01-07 17:15:33;2026-01-07 17:15:34;00:00:01;00:12:47;0;0;0;0;0;0;0;0;0;0;0;0;0;0;0;0;0;0;0;0;0;0;0;0;0;0;0;0;0;00:00:00:000;00:00:00:000;;0;0;0;0;0;0;0;
2026-01-07 17:02:47;2026-01-07 17:15:34;2026-01-07 17:15:35;00:00:01;00:12:48;0;0;0;0;0;0;0;0;0;0;0;0;0;0;0;0;0;0;0;0;0;0;0;0;0;0;0;0;0;00:00:00:000;00:00:00:000;;0;0;0;0;0;0;0;
2026-01-07 17:02:47;2026-01-07 17:15:35;2026-01-07 17:15:36;00:00:01;00:12:49;0;0;0;0;0;0;0;0;0;0;0;0;0;0;0;0;0;0;0;0;0;0;0;0;0;0;0;0;0;00:00:00:000;00:00:00:000;;0;0;0;0;0;0;0;
2026-01-07 17:02:47;2026-01-07 17:15:36;2026-01-07 17:15:37;00:00:01;00:12:50;0;0;0;0;0;0;0;0;0;0;0;0;0;0;0;0;0;0;0;0;0;0;0;0;0;0;0;0;0;00:00:00:000;00:00:00:000;;0;0;0;0;0;0;0;
2026-01-07 17:02:47;2026-01-07 17:15:37;2026-01-07 17:15:38;00:00:01;00:12:51;0;0;0;0;0;0;0;0;0;0;0;0;0;0;0;0;0;0;0;0;0;0;0;0;0;0;0;0;0;00:00:00:000;00:00:00:000;;0;0;0;0;0;0;0;
2026-01-07 17:02:47;2026-01-07 17:15:38;2026-01-07 17:15:39;00:00:01;00:12:52;0;0;0;0;0;0;0;0;0;0;0;0;0;0;0;0;0;0;0;0;0;0;0;0;0;0;0;0;0;00:00:00:000;00:00:00:000;;0;0;0;0;0;0;0;
2026-01-07 17:02:47;2026-01-07 17:15:39;2026-01-07 17:15:40;00:00:01;00:12:53;0;0;0;0;0;0;0;0;0;0;0;0;0;0;0;0;0;0;0;0;0;0;0;0;0;0;0;0;0;00:00:00:000;00:00:00:000;;0;0;0;0;0;0;0;
2026-01-07 17:02:47;2026-01-07 17:15:40;2026-01-07 17:15:41;00:00:01;00:12:54;0;0;0;0;0;0;0;0;0;0;0;0;0;0;0;0;0;0;0;0;0;0;0;0;0;0;0;0;0;00:00:00:000;00:00:00:000;;0;0;0;0;0;0;0;
2026-01-07 17:02:47;2026-01-07 17:15:41;2026-01-07 17:15:42;00:00:01;00:12:55;0;0;0;0;0;0;0;0;0;0;0;0;0;0;0;0;0;0;0;0;0;0;0;0;0;0;0;0;0;00:00:00:000;00:00:00:000;;0;0;0;0;0;0;0;
2026-01-07 17:02:47;2026-01-07 17:15:42;2026-01-07 17:15:43;00:00:01;00:12:56;0;0;0;0;0;0;0;0;0;0;0;0;0;0;0;0;0;0;0;0;0;0;0;0;0;0;0;0;0;00:00:00:000;00:00:00:000;;0;0;0;0;0;0;0;
2026-01-07 17:02:47;2026-01-07 17:15:43;2026-01-07 17:15:44;00:00:01;00:12:57;0;0;0;0;0;0;0;0;0;0;0;0;0;0;0;0;0;0;0;0;0;0;0;0;0;0;0;0;0;00:00:00:000;00:00:00:000;;0;0;0;0;0;0;0;
2026-01-07 17:02:47;2026-01-07 17:15:44;2026-01-07 17:15:45;00:00:01;00:12:58;0;0;0;0;0;0;0;0;0;0;0;0;0;0;0;0;0;0;0;0;0;0;0;0;0;0;0;0;0;00:00:00:000;00:00:00:000;;0;0;0;0;0;0;0;
2026-01-07 17:02:47;2026-01-07 17:15:45;2026-01-07 17:15:46;00:00:01;00:12:59;0;0;0;0;0;0;0;0;0;0;0;0;0;0;0;0;0;0;0;0;0;0;0;0;0;0;0;0;0;00:00:00:000;00:00:00:000;;0;0;0;0;0;0;0;
2026-01-07 17:02:47;2026-01-07 17:15:46;2026-01-07 17:15:47;00:00:01;00:13:00;0;0;0;0;0;0;0;0;0;0;0;0;0;0;0;0;0;0;0;0;0;0;0;0;0;0;0;0;0;00:00:00:000;00:00:00:000;;0;0;0;0;0;0;0;
2026-01-07 17:02:47;2026-01-07 17:15:47;2026-01-07 17:15:48;00:00:01;00:13:01;0;0;0;0;0;0;0;0;0;0;0;0;0;0;0;0;0;0;0;0;0;0;0;0;0;0;0;0;0;00:00:00:000;00:00:00:000;;0;0;0;0;0;0;0;
2026-01-07 17:02:47;2026-01-07 17:15:48;2026-01-07 17:15:49;00:00:01;00:13:02;0;0;0;0;0;0;0;0;0;0;0;0;0;0;0;0;0;0;0;0;0;0;0;0;0;0;0;0;0;00:00:00:000;00:00:00:000;;0;0;0;0;0;0;0;
2026-01-07 17:02:47;2026-01-07 17:15:49;2026-01-07 17:15:50;00:00:01;00:13:03;0;0;0;0;0;0;0;0;0;0;0;0;0;0;0;0;0;0;0;0;0;0;0;0;0;0;0;0;0;00:00:00:000;00:00:00:000;;0;0;0;0;0;0;0;
2026-01-07 17:02:47;2026-01-07 17:15:50;2026-01-07 17:15:51;00:00:01;00:13:04;0;0;0;0;0;0;0;0;0;0;0;0;0;0;0;0;0;0;0;0;0;0;0;0;0;0;0;0;0;00:00:00:000;00:00:00:000;;0;0;0;0;0;0;0;
2026-01-07 17:02:47;2026-01-07 17:15:51;2026-01-07 17:15:52;00:00:01;00:13:05;0;0;0;0;0;0;0;0;0;0;0;0;0;0;0;0;0;0;0;0;0;0;0;0;0;0;0;0;0;00:00:00:000;00:00:00:000;;0;0;0;0;0;0;0;
2026-01-07 17:02:47;2026-01-07 17:15:52;2026-01-07 17:15:53;00:00:01;00:13:06;0;0;0;0;0;0;0;0;0;0;0;0;0;0;0;0;0;0;0;0;0;0;0;0;0;0;0;0;0;00:00:00:000;00:00:00:000;;0;0;0;0;0;0;0;
2026-01-07 17:02:47;2026-01-07 17:15:53;2026-01-07 17:15:54;00:00:01;00:13:07;0;0;0;0;0;0;0;0;0;0;0;0;0;0;0;0;0;0;0;0;0;0;0;0;0;0;0;0;0;00:00:00:000;00:00:00:000;;0;0;0;0;0;0;0;
2026-01-07 17:02:47;2026-01-07 17:15:54;2026-01-07 17:15:55;00:00:01;00:13:08;0;0;0;0;0;0;0;0;0;0;0;0;0;0;0;0;0;0;0;0;0;0;0;0;0;0;0;0;0;00:00:00:000;00:00:00:000;;0;0;0;0;0;0;0;
2026-01-07 17:02:47;2026-01-07 17:15:55;2026-01-07 17:15:56;00:00:01;00:13:09;0;0;0;0;0;0;0;0;0;0;0;0;0;0;0;0;0;0;0;0;0;0;0;0;0;0;0;0;0;00:00:00:000;00:00:00:000;;0;0;0;0;0;0;0;
2026-01-07 17:02:47;2026-01-07 17:15:56;2026-01-07 17:15:57;00:00:01;00:13:10;0;0;0;0;0;0;0;0;0;0;0;0;0;0;0;0;0;0;0;0;0;0;0;0;0;0;0;0;0;00:00:00:000;00:00:00:000;;0;0;0;0;0;0;0;
2026-01-07 17:02:47;2026-01-07 17:15:57;2026-01-07 17:15:58;00:00:01;00:13:11;0;0;0;0;0;0;0;0;0;0;0;0;0;0;0;0;0;0;0;0;0;0;0;0;0;0;0;0;0;00:00:00:000;00:00:00:000;;0;0;0;0;0;0;0;
2026-01-07 17:02:47;2026-01-07 17:15:58;2026-01-07 17:15:59;00:00:01;00:13:12;0;0;0;0;0;0;0;0;0;0;0;0;0;0;0;0;0;0;0;0;0;0;0;0;0;0;0;0;0;00:00:00:000;00:00:00:000;;0;0;0;0;0;0;0;
2026-01-07 17:02:47;2026-01-07 17:15:59;2026-01-07 17:16:00;00:00:01;00:13:13;0;0;0;0;0;0;0;0;0;0;0;0;0;0;0;0;0;0;0;0;0;0;0;0;0;0;0;0;0;00:00:00:000;00:00:00:000;;0;0;0;0;0;0;0;
2026-01-07 17:02:47;2026-01-07 17:16:00;2026-01-07 17:16:01;00:00:01;00:13:14;0;0;0;0;0;0;0;0;0;0;0;0;0;0;0;0;0;0;0;0;0;0;0;0;0;0;0;0;0;00:00:00:000;00:00:00:000;;0;0;0;0;0;0;0;
2026-01-07 17:02:47;2026-01-07 17:16:01;2026-01-07 17:16:02;00:00:01;00:13:15;0;0;0;0;0;0;0;0;0;0;0;0;0;0;0;0;0;0;0;0;0;0;0;0;0;0;0;0;0;00:00:00:000;00:00:00:000;;0;0;0;0;0;0;0;
2026-01-07 17:02:47;2026-01-07 17:16:02;2026-01-07 17:16:03;00:00:01;00:13:16;0;0;0;0;0;0;0;0;0;0;0;0;0;0;0;0;0;0;0;0;0;0;0;0;0;0;0;0;0;00:00:00:000;00:00:00:000;;0;0;0;0;0;0;0;
2026-01-07 17:02:47;2026-01-07 17:16:03;2026-01-07 17:16:04;00:00:01;00:13:17;0;0;0;0;0;0;0;0;0;0;0;0;0;0;0;0;0;0;0;0;0;0;0;0;0;0;0;0;0;00:00:00:000;00:00:00:000;;0;0;0;0;0;0;0;
2026-01-07 17:02:47;2026-01-07 17:16:04;2026-01-07 17:16:05;00:00:01;00:13:18;0;0;0;0;0;0;0;0;0;0;0;0;0;0;0;0;0;0;0;0;0;0;0;0;0;0;0;0;0;00:00:00:000;00:00:00:000;;0;0;0;0;0;0;0;
2026-01-07 17:02:47;2026-01-07 17:16:05;2026-01-07 17:16:06;00:00:01;00:13:19;0;0;0;0;0;0;0;0;0;0;0;0;0;0;0;0;0;0;0;0;0;0;0;0;0;0;0;0;0;00:00:00:000;00:00:00:000;;0;0;0;0;0;0;0;
2026-01-07 17:02:47;2026-01-07 17:16:06;2026-01-07 17:16:07;00:00:01;00:13:20;0;0;0;0;0;0;0;0;0;0;0;0;0;0;0;0;0;0;0;0;0;0;0;0;0;0;0;0;0;00:00:00:000;00:00:00:000;;0;0;0;0;0;0;0;
2026-01-07 17:02:47;2026-01-07 17:16:07;2026-01-07 17:16:08;00:00:01;00:13:21;0;0;0;0;0;0;0;0;0;0;0;0;0;0;0;0;0;0;0;0;0;0;0;0;0;0;0;0;0;00:00:00:000;00:00:00:000;;0;0;0;0;0;0;0;
2026-01-07 17:02:47;2026-01-07 17:16:08;2026-01-07 17:16:09;00:00:01;00:13:22;0;0;0;0;0;0;0;0;0;0;0;0;0;0;0;0;0;0;0;0;0;0;0;0;0;0;0;0;0;00:00:00:000;00:00:00:000;;0;0;0;0;0;0;0;
2026-01-07 17:02:47;2026-01-07 17:16:09;2026-01-07 17:16:10;00:00:01;00:13:23;0;0;0;0;0;0;0;0;0;0;0;0;0;0;0;0;0;0;0;0;0;0;0;0;0;0;0;0;0;00:00:00:000;00:00:00:000;;0;0;0;0;0;0;0;
2026-01-07 17:02:47;2026-01-07 17:16:10;2026-01-07 17:16:11;00:00:01;00:13:24;0;0;0;0;0;0;0;0;0;0;0;0;0;0;0;0;0;0;0;0;0;0;0;0;0;0;0;0;0;00:00:00:000;00:00:00:000;;0;0;0;0;0;0;0;
2026-01-07 17:02:47;2026-01-07 17:16:11;2026-01-07 17:16:12;00:00:01;00:13:25;0;0;0;0;0;0;0;0;0;0;0;0;0;0;0;0;0;0;0;0;0;0;0;0;0;0;0;0;0;00:00:00:000;00:00:00:000;;0;0;0;0;0;0;0;
2026-01-07 17:02:47;2026-01-07 17:16:12;2026-01-07 17:16:13;00:00:01;00:13:26;0;0;0;0;0;0;0;0;0;0;0;0;0;0;0;0;0;0;0;0;0;0;0;0;0;0;0;0;0;00:00:00:000;00:00:00:000;;0;0;0;0;0;0;0;
2026-01-07 17:02:47;2026-01-07 17:16:13;2026-01-07 17:16:14;00:00:01;00:13:27;0;0;0;0;0;0;0;0;0;0;0;0;0;0;0;0;0;0;0;0;0;0;0;0;0;0;0;0;0;00:00:00:000;00:00:00:000;;0;0;0;0;0;0;0;
2026-01-07 17:02:47;2026-01-07 17:16:14;2026-01-07 17:16:15;00:00:01;00:13:28;0;0;0;0;0;0;0;0;0;0;0;0;0;0;0;0;0;0;0;0;0;0;0;0;0;0;0;0;0;00:00:00:000;00:00:00:000;;0;0;0;0;0;0;0;
2026-01-07 17:02:47;2026-01-07 17:16:15;2026-01-07 17:16:16;00:00:01;00:13:29;0;0;0;0;0;0;0;0;0;0;0;0;0;0;0;0;0;0;0;0;0;0;0;0;0;0;0;0;0;00:00:00:000;00:00:00:000;;0;0;0;0;0;0;0;
2026-01-07 17:02:47;2026-01-07 17:16:16;2026-01-07 17:16:17;00:00:01;00:13:30;0;0;0;0;0;0;0;0;0;0;0;0;0;0;0;0;0;0;0;0;0;0;0;0;0;0;0;0;0;00:00:00:000;00:00:00:000;;0;0;0;0;0;0;0;
2026-01-07 17:02:47;2026-01-07 17:16:17;2026-01-07 17:16:18;00:00:01;00:13:31;0;0;0;0;0;0;0;0;0;0;0;0;0;0;0;0;0;0;0;0;0;0;0;0;0;0;0;0;0;00:00:00:000;00:00:00:000;;0;0;0;0;0;0;0;
2026-01-07 17:02:47;2026-01-07 17:16:18;2026-01-07 17:16:19;00:00:01;00:13:32;0;0;0;0;0;0;0;0;0;0;0;0;0;0;0;0;0;0;0;0;0;0;0;0;0;0;0;0;0;00:00:00:000;00:00:00:000;;0;0;0;0;0;0;0;
2026-01-07 17:02:47;2026-01-07 17:16:19;2026-01-07 17:16:20;00:00:01;00:13:33;0;0;0;0;0;0;0;0;0;0;0;0;0;0;0;0;0;0;0;0;0;0;0;0;0;0;0;0;0;00:00:00:000;00:00:00:000;;0;0;0;0;0;0;0;
2026-01-07 17:02:47;2026-01-07 17:16:20;2026-01-07 17:16:21;00:00:01;00:13:34;0;0;0;0;0;0;0;0;0;0;0;0;0;0;0;0;0;0;0;0;0;0;0;0;0;0;0;0;0;00:00:00:000;00:00:00:000;;0;0;0;0;0;0;0;
2026-01-07 17:02:47;2026-01-07 17:16:21;2026-01-07 17:16:22;00:00:01;00:13:35;0;0;0;0;0;0;0;0;0;0;0;0;0;0;0;0;0;0;0;0;0;0;0;0;0;0;0;0;0;00:00:00:000;00:00:00:000;;0;0;0;0;0;0;0;
2026-01-07 17:02:47;2026-01-07 17:16:22;2026-01-07 17:16:23;00:00:01;00:13:36;0;0;0;0;0;0;0;0;0;0;0;0;0;0;0;0;0;0;0;0;0;0;0;0;0;0;0;0;0;00:00:00:000;00:00:00:000;;0;0;0;0;0;0;0;
2026-01-07 17:02:47;2026-01-07 17:16:23;2026-01-07 17:16:24;00:00:01;00:13:37;0;0;0;0;0;0;0;0;0;0;0;0;0;0;0;0;0;0;0;0;0;0;0;0;0;0;0;0;0;00:00:00:000;00:00:00:000;;0;0;0;0;0;0;0;
2026-01-07 17:02:47;2026-01-07 17:16:24;2026-01-07 17:16:25;00:00:01;00:13:38;0;0;0;0;0;0;0;0;0;0;0;0;0;0;0;0;0;0;0;0;0;0;0;0;0;0;0;0;0;00:00:00:000;00:00:00:000;;0;0;0;0;0;0;0;
2026-01-07 17:02:47;2026-01-07 17:16:25;2026-01-07 17:16:26;00:00:01;00:13:39;0;0;0;0;0;0;0;0;0;0;0;0;0;0;0;0;0;0;0;0;0;0;0;0;0;0;0;0;0;00:00:00:000;00:00:00:000;;0;0;0;0;0;0;0;
2026-01-07 17:02:47;2026-01-07 17:16:26;2026-01-07 17:16:27;00:00:01;00:13:40;0;0;0;0;0;0;0;0;0;0;0;0;0;0;0;0;0;0;0;0;0;0;0;0;0;0;0;0;0;00:00:00:000;00:00:00:000;;0;0;0;0;0;0;0;
2026-01-07 17:02:47;2026-01-07 17:16:27;2026-01-07 17:16:28;00:00:01;00:13:41;0;0;0;0;0;0;0;0;0;0;0;0;0;0;0;0;0;0;0;0;0;0;0;0;0;0;0;0;0;00:00:00:000;00:00:00:000;;0;0;0;0;0;0;0;
2026-01-07 17:02:47;2026-01-07 17:16:28;2026-01-07 17:16:29;00:00:01;00:13:42;0;0;0;0;0;0;0;0;0;0;0;0;0;0;0;0;0;0;0;0;0;0;0;0;0;0;0;0;0;00:00:00:000;00:00:00:000;;0;0;0;0;0;0;0;
2026-01-07 17:02:47;2026-01-07 17:16:29;2026-01-07 17:16:30;00:00:01;00:13:43;0;0;0;0;0;0;0;0;0;0;0;0;0;0;0;0;0;0;0;0;0;0;0;0;0;0;0;0;0;00:00:00:000;00:00:00:000;;0;0;0;0;0;0;0;
2026-01-07 17:02:47;2026-01-07 17:16:30;2026-01-07 17:16:31;00:00:01;00:13:44;0;0;0;0;0;0;0;0;0;0;0;0;0;0;0;0;0;0;0;0;0;0;0;0;0;0;0;0;0;00:00:00:000;00:00:00:000;;0;0;0;0;0;0;0;
2026-01-07 17:02:47;2026-01-07 17:16:31;2026-01-07 17:16:32;00:00:01;00:13:45;0;0;0;0;0;0;0;0;0;0;0;0;0;0;0;0;0;0;0;0;0;0;0;0;0;0;0;0;0;00:00:00:000;00:00:00:000;;0;0;0;0;0;0;0;
2026-01-07 17:02:47;2026-01-07 17:16:32;2026-01-07 17:16:33;00:00:01;00:13:46;0;0;0;0;0;0;0;0;0;0;0;0;0;0;0;0;0;0;0;0;0;0;0;0;0;0;0;0;0;00:00:00:000;00:00:00:000;;0;0;0;0;0;0;0;
2026-01-07 17:02:47;2026-01-07 17:16:33;2026-01-07 17:16:34;00:00:01;00:13:47;0;0;0;0;0;0;0;0;0;0;0;0;0;0;0;0;0;0;0;0;0;0;0;0;0;0;0;0;0;00:00:00:000;00:00:00:000;;0;0;0;0;0;0;0;
2026-01-07 17:02:47;2026-01-07 17:16:34;2026-01-07 17:16:35;00:00:01;00:13:48;0;0;0;0;0;0;0;0;0;0;0;0;0;0;0;0;0;0;0;0;0;0;0;0;0;0;0;0;0;00:00:00:000;00:00:00:000;;0;0;0;0;0;0;0;
2026-01-07 17:02:47;2026-01-07 17:16:35;2026-01-07 17:16:36;00:00:01;00:13:49;0;0;0;0;0;0;0;0;0;0;0;0;0;0;0;0;0;0;0;0;0;0;0;0;0;0;0;0;0;00:00:00:000;00:00:00:000;;0;0;0;0;0;0;0;
2026-01-07 17:02:47;2026-01-07 17:16:36;2026-01-07 17:16:37;00:00:01;00:13:50;0;0;0;0;0;0;0;0;0;0;0;0;0;0;0;0;0;0;0;0;0;0;0;0;0;0;0;0;0;00:00:00:000;00:00:00:000;;0;0;0;0;0;0;0;
2026-01-07 17:02:47;2026-01-07 17:16:37;2026-01-07 17:16:38;00:00:01;00:13:51;0;0;0;0;0;0;0;0;0;0;0;0;0;0;0;0;0;0;0;0;0;0;0;0;0;0;0;0;0;00:00:00:000;00:00:00:000;;0;0;0;0;0;0;0;
2026-01-07 17:02:47;2026-01-07 17:16:38;2026-01-07 17:16:39;00:00:01;00:13:52;0;0;0;0;0;0;0;0;0;0;0;0;0;0;0;0;0;0;0;0;0;0;0;0;0;0;0;0;0;00:00:00:000;00:00:00:000;;0;0;0;0;0;0;0;
2026-01-07 17:02:47;2026-01-07 17:16:39;2026-01-07 17:16:40;00:00:01;00:13:53;0;0;0;0;0;0;0;0;0;0;0;0;0;0;0;0;0;0;0;0;0;0;0;0;0;0;0;0;0;00:00:00:000;00:00:00:000;;0;0;0;0;0;0;0;
2026-01-07 17:02:47;2026-01-07 17:16:40;2026-01-07 17:16:41;00:00:01;00:13:54;0;0;0;0;0;0;0;0;0;0;0;0;0;0;0;0;0;0;0;0;0;0;0;0;0;0;0;0;0;00:00:00:000;00:00:00:000;;0;0;0;0;0;0;0;
2026-01-07 17:02:47;2026-01-07 17:16:41;2026-01-07 17:16:42;00:00:01;00:13:55;0;0;0;0;0;0;0;0;0;0;0;0;0;0;0;0;0;0;0;0;0;0;0;0;0;0;0;0;0;00:00:00:000;00:00:00:000;;0;0;0;0;0;0;0;
2026-01-07 17:02:47;2026-01-07 17:16:42;2026-01-07 17:16:43;00:00:01;00:13:56;0;0;0;0;0;0;0;0;0;0;0;0;0;0;0;0;0;0;0;0;0;0;0;0;0;0;0;0;0;00:00:00:000;00:00:00:000;;0;0;0;0;0;0;0;
2026-01-07 17:02:47;2026-01-07 17:16:43;2026-01-07 17:16:44;00:00:01;00:13:57;0;0;0;0;0;0;0;0;0;0;0;0;0;0;0;0;0;0;0;0;0;0;0;0;0;0;0;0;0;00:00:00:000;00:00:00:000;;0;0;0;0;0;0;0;
2026-01-07 17:02:47;2026-01-07 17:16:44;2026-01-07 17:16:45;00:00:01;00:13:58;0;0;0;0;0;0;0;0;0;0;0;0;0;0;0;0;0;0;0;0;0;0;0;0;0;0;0;0;0;00:00:00:000;00:00:00:000;;0;0;0;0;0;0;0;
2026-01-07 17:02:47;2026-01-07 17:16:45;2026-01-07 17:16:46;00:00:01;00:13:59;0;0;0;0;0;0;0;0;0;0;0;0;0;0;0;0;0;0;0;0;0;0;0;0;0;0;0;0;0;00:00:00:000;00:00:00:000;;0;0;0;0;0;0;0;
2026-01-07 17:02:47;2026-01-07 17:16:46;2026-01-07 17:16:47;00:00:01;00:14:00;0;0;0;0;0;0;0;0;0;0;0;0;0;0;0;0;0;0;0;0;0;0;0;0;0;0;0;0;0;00:00:00:000;00:00:00:000;;0;0;0;0;0;0;0;
2026-01-07 17:02:47;2026-01-07 17:16:47;2026-01-07 17:16:48;00:00:01;00:14:01;0;0;0;0;0;0;0;0;0;0;0;0;0;0;0;0;0;0;0;0;0;0;0;0;0;0;0;0;0;00:00:00:000;00:00:00:000;;0;0;0;0;0;0;0;
2026-01-07 17:02:47;2026-01-07 17:16:48;2026-01-07 17:16:49;00:00:01;00:14:02;0;0;0;0;0;0;0;0;0;0;0;0;0;0;0;0;0;0;0;0;0;0;0;0;0;0;0;0;0;00:00:00:000;00:00:00:000;;0;0;0;0;0;0;0;
2026-01-07 17:02:47;2026-01-07 17:16:49;2026-01-07 17:16:50;00:00:01;00:14:03;0;0;0;0;0;0;0;0;0;0;0;0;0;0;0;0;0;0;0;0;0;0;0;0;0;0;0;0;0;00:00:00:000;00:00:00:000;;0;0;0;0;0;0;0;
2026-01-07 17:02:47;2026-01-07 17:16:50;2026-01-07 17:16:51;00:00:01;00:14:04;0;0;0;0;0;0;0;0;0;0;0;0;0;0;0;0;0;0;0;0;0;0;0;0;0;0;0;0;0;00:00:00:000;00:00:00:000;;0;0;0;0;0;0;0;
2026-01-07 17:02:47;2026-01-07 17:16:51;2026-01-07 17:16:52;00:00:01;00:14:05;0;0;0;0;0;0;0;0;0;0;0;0;0;0;0;0;0;0;0;0;0;0;0;0;0;0;0;0;0;00:00:00:000;00:00:00:000;;0;0;0;0;0;0;0;
2026-01-07 17:02:47;2026-01-07 17:16:52;2026-01-07 17:16:53;00:00:01;00:14:06;0;0;0;0;0;0;0;0;0;0;0;0;0;0;0;0;0;0;0;0;0;0;0;0;0;0;0;0;0;00:00:00:000;00:00:00:000;;0;0;0;0;0;0;0;
2026-01-07 17:02:47;2026-01-07 17:16:53;2026-01-07 17:16:54;00:00:01;00:14:07;0;0;0;0;0;0;0;0;0;0;0;0;0;0;0;0;0;0;0;0;0;0;0;0;0;0;0;0;0;00:00:00:000;00:00:00:000;;0;0;0;0;0;0;0;
2026-01-07 17:02:47;2026-01-07 17:16:54;2026-01-07 17:16:55;00:00:01;00:14:08;0;0;0;0;0;0;0;0;0;0;0;0;0;0;0;0;0;0;0;0;0;0;0;0;0;0;0;0;0;00:00:00:000;00:00:00:000;;0;0;0;0;0;0;0;
2026-01-07 17:02:47;2026-01-07 17:16:55;2026-01-07 17:16:56;00:00:01;00:14:09;0;0;0;0;0;0;0;0;0;0;0;0;0;0;0;0;0;0;0;0;0;0;0;0;0;0;0;0;0;00:00:00:000;00:00:00:000;;0;0;0;0;0;0;0;
2026-01-07 17:02:47;2026-01-07 17:16:56;2026-01-07 17:16:57;00:00:01;00:14:10;0;0;0;0;0;0;0;0;0;0;0;0;0;0;0;0;0;0;0;0;0;0;0;0;0;0;0;0;0;00:00:00:000;00:00:00:000;;0;0;0;0;0;0;0;
2026-01-07 17:02:47;2026-01-07 17:16:57;2026-01-07 17:16:58;00:00:01;00:14:11;0;0;0;0;0;0;0;0;0;0;0;0;0;0;0;0;0;0;0;0;0;0;0;0;0;0;0;0;0;00:00:00:000;00:00:00:000;;0;0;0;0;0;0;0;
2026-01-07 17:02:47;2026-01-07 17:16:58;2026-01-07 17:16:59;00:00:01;00:14:12;0;0;0;0;0;0;0;0;0;0;0;0;0;0;0;0;0;0;0;0;0;0;0;0;0;0;0;0;0;00:00:00:000;00:00:00:000;;0;0;0;0;0;0;0;
2026-01-07 17:02:47;2026-01-07 17:16:59;2026-01-07 17:17:00;00:00:01;00:14:13;0;0;0;0;0;0;0;0;0;0;0;0;0;0;0;0;0;0;0;0;0;0;0;0;0;0;0;0;0;00:00:00:000;00:00:00:000;;0;0;0;0;0;0;0;
2026-01-07 17:02:47;2026-01-07 17:17:00;2026-01-07 17:17:01;00:00:01;00:14:14;0;0;0;0;0;0;0;0;0;0;0;0;0;0;0;0;0;0;0;0;0;0;0;0;0;0;0;0;0;00:00:00:000;00:00:00:000;;0;0;0;0;0;0;0;
2026-01-07 17:02:47;2026-01-07 17:17:01;2026-01-07 17:17:02;00:00:01;00:14:15;0;0;0;0;0;0;0;0;0;0;0;0;0;0;0;0;0;0;0;0;0;0;0;0;0;0;0;0;0;00:00:00:000;00:00:00:000;;0;0;0;0;0;0;0;
2026-01-07 17:02:47;2026-01-07 17:17:02;2026-01-07 17:17:03;00:00:01;00:14:16;0;0;0;0;0;0;0;0;0;0;0;0;0;0;0;0;0;0;0;0;0;0;0;0;0;0;0;0;0;00:00:00:000;00:00:00:000;;0;0;0;0;0;0;0;
2026-01-07 17:02:47;2026-01-07 17:17:03;2026-01-07 17:17:04;00:00:01;00:14:17;0;0;0;0;0;0;0;0;0;0;0;0;0;0;0;0;0;0;0;0;0;0;0;0;0;0;0;0;0;00:00:00:000;00:00:00:000;;0;0;0;0;0;0;0;
2026-01-07 17:02:47;2026-01-07 17:17:04;2026-01-07 17:17:05;00:00:01;00:14:18;0;0;0;0;0;0;0;0;0;0;0;0;0;0;0;0;0;0;0;0;0;0;0;0;0;0;0;0;0;00:00:00:000;00:00:00:000;;0;0;0;0;0;0;0;
2026-01-07 17:02:47;2026-01-07 17:17:05;2026-01-07 17:17:06;00:00:01;00:14:19;0;0;0;0;0;0;0;0;0;0;0;0;0;0;0;0;0;0;0;0;0;0;0;0;0;0;0;0;0;00:00:00:000;00:00:00:000;;0;0;0;0;0;0;0;
2026-01-07 17:02:47;2026-01-07 17:17:06;2026-01-07 17:17:07;00:00:01;00:14:20;0;0;0;0;0;0;0;0;0;0;0;0;0;0;0;0;0;0;0;0;0;0;0;0;0;0;0;0;0;00:00:00:000;00:00:00:000;;0;0;0;0;0;0;0;
2026-01-07 17:02:47;2026-01-07 17:17:07;2026-01-07 17:17:08;00:00:01;00:14:21;0;0;0;0;0;0;0;0;0;0;0;0;0;0;0;0;0;0;0;0;0;0;0;0;0;0;0;0;0;00:00:00:000;00:00:00:000;;0;0;0;0;0;0;0;
2026-01-07 17:02:47;2026-01-07 17:17:08;2026-01-07 17:17:09;00:00:01;00:14:22;0;0;0;0;0;0;0;0;0;0;0;0;0;0;0;0;0;0;0;0;0;0;0;0;0;0;0;0;0;00:00:00:000;00:00:00:000;;0;0;0;0;0;0;0;
2026-01-07 17:02:47;2026-01-07 17:17:09;2026-01-07 17:17:10;00:00:01;00:14:23;0;0;0;0;0;0;0;0;0;0;0;0;0;0;0;0;0;0;0;0;0;0;0;0;0;0;0;0;0;00:00:00:000;00:00:00:000;;0;0;0;0;0;0;0;
2026-01-07 17:02:47;2026-01-07 17:17:10;2026-01-07 17:17:11;00:00:01;00:14:24;0;0;0;0;0;0;0;0;0;0;0;0;0;0;0;0;0;0;0;0;0;0;0;0;0;0;0;0;0;00:00:00:000;00:00:00:000;;0;0;0;0;0;0;0;
2026-01-07 17:02:47;2026-01-07 17:17:11;2026-01-07 17:17:12;00:00:01;00:14:25;0;0;0;0;0;0;0;0;0;0;0;0;0;0;0;0;0;0;0;0;0;0;0;0;0;0;0;0;0;00:00:00:000;00:00:00:000;;0;0;0;0;0;0;0;
2026-01-07 17:02:47;2026-01-07 17:17:12;2026-01-07 17:17:13;00:00:01;00:14:26;0;0;0;0;0;0;0;0;0;0;0;0;0;0;0;0;0;0;0;0;0;0;0;0;0;0;0;0;0;00:00:00:000;00:00:00:000;;0;0;0;0;0;0;0;
2026-01-07 17:02:47;2026-01-07 17:17:13;2026-01-07 17:17:14;00:00:01;00:14:27;0;0;0;0;0;0;0;0;0;0;0;0;0;0;0;0;0;0;0;0;0;0;0;0;0;0;0;0;0;00:00:00:000;00:00:00:000;;0;0;0;0;0;0;0;
2026-01-07 17:02:47;2026-01-07 17:17:14;2026-01-07 17:17:15;00:00:01;00:14:28;0;0;0;0;0;0;0;0;0;0;0;0;0;0;0;0;0;0;0;0;0;0;0;0;0;0;0;0;0;00:00:00:000;00:00:00:000;;0;0;0;0;0;0;0;
2026-01-07 17:02:47;2026-01-07 17:17:15;2026-01-07 17:17:16;00:00:01;00:14:29;0;0;0;0;0;0;0;0;0;0;0;0;0;0;0;0;0;0;0;0;0;0;0;0;0;0;0;0;0;00:00:00:000;00:00:00:000;;0;0;0;0;0;0;0;
2026-01-07 17:02:47;2026-01-07 17:17:16;2026-01-07 17:17:17;00:00:01;00:14:30;0;0;0;0;0;0;0;0;0;0;0;0;0;0;0;0;0;0;0;0;0;0;0;0;0;0;0;0;0;00:00:00:000;00:00:00:000;;0;0;0;0;0;0;0;
2026-01-07 17:02:47;2026-01-07 17:17:17;2026-01-07 17:17:18;00:00:01;00:14:31;0;0;0;0;0;0;0;0;0;0;0;0;0;0;0;0;0;0;0;0;0;0;0;0;0;0;0;0;0;00:00:00:000;00:00:00:000;;0;0;0;0;0;0;0;
2026-01-07 17:02:47;2026-01-07 17:17:18;2026-01-07 17:17:19;00:00:01;00:14:32;0;0;0;0;0;0;0;0;0;0;0;0;0;0;0;0;0;0;0;0;0;0;0;0;0;0;0;0;0;00:00:00:000;00:00:00:000;;0;0;0;0;0;0;0;
2026-01-07 17:02:47;2026-01-07 17:17:19;2026-01-07 17:17:20;00:00:01;00:14:33;0;0;0;0;0;0;0;0;0;0;0;0;0;0;0;0;0;0;0;0;0;0;0;0;0;0;0;0;0;00:00:00:000;00:00:00:000;;0;0;0;0;0;0;0;
2026-01-07 17:02:47;2026-01-07 17:17:20;2026-01-07 17:17:21;00:00:01;00:14:34;0;0;0;0;0;0;0;0;0;0;0;0;0;0;0;0;0;0;0;0;0;0;0;0;0;0;0;0;0;00:00:00:000;00:00:00:000;;0;0;0;0;0;0;0;
2026-01-07 17:02:47;2026-01-07 17:17:21;2026-01-07 17:17:22;00:00:01;00:14:35;0;0;0;0;0;0;0;0;0;0;0;0;0;0;0;0;0;0;0;0;0;0;0;0;0;0;0;0;0;00:00:00:000;00:00:00:000;;0;0;0;0;0;0;0;
2026-01-07 17:02:47;2026-01-07 17:17:22;2026-01-07 17:17:23;00:00:01;00:14:36;0;0;0;0;0;0;0;0;0;0;0;0;0;0;0;0;0;0;0;0;0;0;0;0;0;0;0;0;0;00:00:00:000;00:00:00:000;;0;0;0;0;0;0;0;
2026-01-07 17:02:47;2026-01-07 17:17:23;2026-01-07 17:17:24;00:00:01;00:14:37;0;0;0;0;0;0;0;0;0;0;0;0;0;0;0;0;0;0;0;0;0;0;0;0;0;0;0;0;0;00:00:00:000;00:00:00:000;;0;0;0;0;0;0;0;
2026-01-07 17:02:47;2026-01-07 17:17:24;2026-01-07 17:17:25;00:00:01;00:14:38;0;0;0;0;0;0;0;0;0;0;0;0;0;0;0;0;0;0;0;0;0;0;0;0;0;0;0;0;0;00:00:00:000;00:00:00:000;;0;0;0;0;0;0;0;
2026-01-07 17:02:47;2026-01-07 17:17:25;2026-01-07 17:17:26;00:00:01;00:14:39;0;0;0;0;0;0;0;0;0;0;0;0;0;0;0;0;0;0;0;0;0;0;0;0;0;0;0;0;0;00:00:00:000;00:00:00:000;;0;0;0;0;0;0;0;
2026-01-07 17:02:47;2026-01-07 17:17:26;2026-01-07 17:17:27;00:00:01;00:14:40;0;0;0;0;0;0;0;0;0;0;0;0;0;0;0;0;0;0;0;0;0;0;0;0;0;0;0;0;0;00:00:00:000;00:00:00:000;;0;0;0;0;0;0;0;
2026-01-07 17:02:47;2026-01-07 17:17:27;2026-01-07 17:17:28;00:00:01;00:14:41;0;0;0;0;0;0;0;0;0;0;0;0;0;0;0;0;0;0;0;0;0;0;0;0;0;0;0;0;0;00:00:00:000;00:00:00:000;;0;0;0;0;0;0;0;
2026-01-07 17:02:47;2026-01-07 17:17:28;2026-01-07 17:17:29;00:00:01;00:14:42;0;0;0;0;0;0;0;0;0;0;0;0;0;0;0;0;0;0;0;0;0;0;0;0;0;0;0;0;0;00:00:00:000;00:00:00:000;;0;0;0;0;0;0;0;
2026-01-07 17:02:47;2026-01-07 17:17:29;2026-01-07 17:17:30;00:00:01;00:14:43;0;0;0;0;0;0;0;0;0;0;0;0;0;0;0;0;0;0;0;0;0;0;0;0;0;0;0;0;0;00:00:00:000;00:00:00:000;;0;0;0;0;0;0;0;
2026-01-07 17:02:47;2026-01-07 17:17:30;2026-01-07 17:17:31;00:00:01;00:14:44;0;0;0;0;0;0;0;0;0;0;0;0;0;0;0;0;0;0;0;0;0;0;0;0;0;0;0;0;0;00:00:00:000;00:00:00:000;;0;0;0;0;0;0;0;
2026-01-07 17:02:47;2026-01-07 17:17:31;2026-01-07 17:17:32;00:00:01;00:14:45;0;0;0;0;0;0;0;0;0;0;0;0;0;0;0;0;0;0;0;0;0;0;0;0;0;0;0;0;0;00:00:00:000;00:00:00:000;;0;0;0;0;0;0;0;
2026-01-07 17:02:47;2026-01-07 17:17:32;2026-01-07 17:17:33;00:00:01;00:14:46;0;0;0;0;0;0;0;0;0;0;0;0;0;0;0;0;0;0;0;0;0;0;0;0;0;0;0;0;0;00:00:00:000;00:00:00:000;;0;0;0;0;0;0;0;
2026-01-07 17:02:47;2026-01-07 17:17:33;2026-01-07 17:17:34;00:00:01;00:14:47;0;0;0;0;0;0;0;0;0;0;0;0;0;0;0;0;0;0;0;0;0;0;0;0;0;0;0;0;0;00:00:00:000;00:00:00:000;;0;0;0;0;0;0;0;
2026-01-07 17:02:47;2026-01-07 17:17:34;2026-01-07 17:17:35;00:00:01;00:14:48;0;0;0;0;0;0;0;0;0;0;0;0;0;0;0;0;0;0;0;0;0;0;0;0;0;0;0;0;0;00:00:00:000;00:00:00:000;;0;0;0;0;0;0;0;
2026-01-07 17:02:47;2026-01-07 17:17:35;2026-01-07 17:17:36;00:00:01;00:14:49;0;0;0;0;0;0;0;0;0;0;0;0;0;0;0;0;0;0;0;0;0;0;0;0;0;0;0;0;0;00:00:00:000;00:00:00:000;;0;0;0;0;0;0;0;
2026-01-07 17:02:47;2026-01-07 17:17:36;2026-01-07 17:17:37;00:00:01;00:14:50;0;0;0;0;0;0;0;0;0;0;0;0;0;0;0;0;0;0;0;0;0;0;0;0;0;0;0;0;0;00:00:00:000;00:00:00:000;;0;0;0;0;0;0;0;
2026-01-07 17:02:47;2026-01-07 17:17:37;2026-01-07 17:17:38;00:00:01;00:14:51;0;0;0;0;0;0;0;0;0;0;0;0;0;0;0;0;0;0;0;0;0;0;0;0;0;0;0;0;0;00:00:00:000;00:00:00:000;;0;0;0;0;0;0;0;
2026-01-07 17:02:47;2026-01-07 17:17:38;2026-01-07 17:17:39;00:00:01;00:14:52;0;0;0;0;0;0;0;0;0;0;0;0;0;0;0;0;0;0;0;0;0;0;0;0;0;0;0;0;0;00:00:00:000;00:00:00:000;;0;0;0;0;0;0;0;
2026-01-07 17:02:47;2026-01-07 17:17:39;2026-01-07 17:17:40;00:00:01;00:14:53;0;0;0;0;0;0;0;0;0;0;0;0;0;0;0;0;0;0;0;0;0;0;0;0;0;0;0;0;0;00:00:00:000;00:00:00:000;;0;0;0;0;0;0;0;
2026-01-07 17:02:47;2026-01-07 17:17:40;2026-01-07 17:17:41;00:00:01;00:14:54;0;0;0;0;0;0;0;0;0;0;0;0;0;0;0;0;0;0;0;0;0;0;0;0;0;0;0;0;0;00:00:00:000;00:00:00:000;;0;0;0;0;0;0;0;
2026-01-07 17:02:47;2026-01-07 17:17:41;2026-01-07 17:17:42;00:00:01;00:14:55;0;0;0;0;0;0;0;0;0;0;0;0;0;0;0;0;0;0;0;0;0;0;0;0;0;0;0;0;0;00:00:00:000;00:00:00:000;;0;0;0;0;0;0;0;
2026-01-07 17:02:47;2026-01-07 17:17:42;2026-01-07 17:17:43;00:00:01;00:14:56;0;0;0;0;0;0;0;0;0;0;0;0;0;0;0;0;0;0;0;0;0;0;0;0;0;0;0;0;0;00:00:00:000;00:00:00:000;;0;0;0;0;0;0;0;
2026-01-07 17:02:47;2026-01-07 17:17:43;2026-01-07 17:17:44;00:00:01;00:14:57;0;0;0;0;0;0;0;0;0;0;0;0;0;0;0;0;0;0;0;0;0;0;0;0;0;0;0;0;0;00:00:00:000;00:00:00:000;;0;0;0;0;0;0;0;
2026-01-07 17:02:47;2026-01-07 17:17:44;2026-01-07 17:17:45;00:00:01;00:14:58;0;0;0;0;0;0;0;0;0;0;0;0;0;0;0;0;0;0;0;0;0;0;0;0;0;0;0;0;0;00:00:00:000;00:00:00:000;;0;0;0;0;0;0;0;
2026-01-07 17:02:47;2026-01-07 17:17:45;2026-01-07 17:17:46;00:00:01;00:14:59;0;0;0;0;0;0;0;0;0;0;0;0;0;0;0;0;0;0;0;0;0;0;0;0;0;0;0;0;0;00:00:00:000;00:00:00:000;;0;0;0;0;0;0;0;
2026-01-07 17:02:47;2026-01-07 17:17:46;2026-01-07 17:17:47;00:00:01;00:15:00;0;0;0;0;0;0;0;0;0;0;0;0;0;0;0;0;0;0;0;0;0;0;0;0;0;0;0;0;0;00:00:00:000;00:00:00:000;;0;0;0;0;0;0;0;
2026-01-07 17:02:47;2026-01-07 17:17:47;2026-01-07 17:17:48;00:00:01;00:15:01;0;0;0;0;0;0;0;0;0;0;0;0;0;0;0;0;0;0;0;0;0;0;0;0;0;0;0;0;0;00:00:00:000;00:00:00:000;;0;0;0;0;0;0;0;
2026-01-07 17:02:47;2026-01-07 17:17:48;2026-01-07 17:17:49;00:00:01;00:15:02;0;0;0;0;0;0;0;0;0;0;0;0;0;0;0;0;0;0;0;0;0;0;0;0;0;0;0;0;0;00:00:00:000;00:00:00:000;;0;0;0;0;0;0;0;
2026-01-07 17:02:47;2026-01-07 17:17:49;2026-01-07 17:17:50;00:00:01;00:15:03;0;0;0;0;0;0;0;0;0;0;0;0;0;0;0;0;0;0;0;0;0;0;0;0;0;0;0;0;0;00:00:00:000;00:00:00:000;;0;0;0;0;0;0;0;
2026-01-07 17:02:47;2026-01-07 17:17:50;2026-01-07 17:17:51;00:00:01;00:15:04;0;0;0;0;0;0;0;0;0;0;0;0;0;0;0;0;0;0;0;0;0;0;0;0;0;0;0;0;0;00:00:00:000;00:00:00:000;;0;0;0;0;0;0;0;
2026-01-07 17:02:47;2026-01-07 17:17:51;2026-01-07 17:17:52;00:00:01;00:15:05;0;0;0;0;0;0;0;0;0;0;0;0;0;0;0;0;0;0;0;0;0;0;0;0;0;0;0;0;0;00:00:00:000;00:00:00:000;;0;0;0;0;0;0;0;
2026-01-07 17:02:47;2026-01-07 17:17:52;2026-01-07 17:17:53;00:00:01;00:15:06;0;0;0;0;0;0;0;0;0;0;0;0;0;0;0;0;0;0;0;0;0;0;0;0;0;0;0;0;0;00:00:00:000;00:00:00:000;;0;0;0;0;0;0;0;
2026-01-07 17:02:47;2026-01-07 17:17:53;2026-01-07 17:17:54;00:00:01;00:15:07;0;0;0;0;0;0;0;0;0;0;0;0;0;0;0;0;0;0;0;0;0;0;0;0;0;0;0;0;0;00:00:00:000;00:00:00:000;;0;0;0;0;0;0;0;
2026-01-07 17:02:47;2026-01-07 17:17:54;2026-01-07 17:17:55;00:00:01;00:15:08;0;0;0;0;0;0;0;0;0;0;0;0;0;0;0;0;0;0;0;0;0;0;0;0;0;0;0;0;0;00:00:00:000;00:00:00:000;;0;0;0;0;0;0;0;
2026-01-07 17:02:47;2026-01-07 17:17:55;2026-01-07 17:17:56;00:00:01;00:15:09;0;0;0;0;0;0;0;0;0;0;0;0;0;0;0;0;0;0;0;0;0;0;0;0;0;0;0;0;0;00:00:00:000;00:00:00:000;;0;0;0;0;0;0;0;
2026-01-07 17:02:47;2026-01-07 17:17:56;2026-01-07 17:17:57;00:00:01;00:15:10;0;0;0;0;0;0;0;0;0;0;0;0;0;0;0;0;0;0;0;0;0;0;0;0;0;0;0;0;0;00:00:00:000;00:00:00:000;;0;0;0;0;0;0;0;
2026-01-07 17:02:47;2026-01-07 17:17:57;2026-01-07 17:17:58;00:00:01;00:15:11;0;0;0;0;0;0;0;0;0;0;0;0;0;0;0;0;0;0;0;0;0;0;0;0;0;0;0;0;0;00:00:00:000;00:00:00:000;;0;0;0;0;0;0;0;
2026-01-07 17:02:47;2026-01-07 17:17:58;2026-01-07 17:17:59;00:00:01;00:15:12;0;0;0;0;0;0;0;0;0;0;0;0;0;0;0;0;0;0;0;0;0;0;0;0;0;0;0;0;0;00:00:00:000;00:00:00:000;;0;0;0;0;0;0;0;
2026-01-07 17:02:47;2026-01-07 17:17:59;2026-01-07 17:18:00;00:00:01;00:15:13;0;0;0;0;0;0;0;0;0;0;0;0;0;0;0;0;0;0;0;0;0;0;0;0;0;0;0;0;0;00:00:00:000;00:00:00:000;;0;0;0;0;0;0;0;
2026-01-07 17:02:47;2026-01-07 17:18:00;2026-01-07 17:18:01;00:00:01;00:15:14;0;0;0;0;0;0;0;0;0;0;0;0;0;0;0;0;0;0;0;0;0;0;0;0;0;0;0;0;0;00:00:00:000;00:00:00:000;;0;0;0;0;0;0;0;
2026-01-07 17:02:47;2026-01-07 17:18:01;2026-01-07 17:18:02;00:00:01;00:15:15;0;0;0;0;0;0;0;0;0;0;0;0;0;0;0;0;0;0;0;0;0;0;0;0;0;0;0;0;0;00:00:00:000;00:00:00:000;;0;0;0;0;0;0;0;
2026-01-07 17:02:47;2026-01-07 17:18:02;2026-01-07 17:18:03;00:00:01;00:15:16;0;0;0;0;0;0;0;0;0;0;0;0;0;0;0;0;0;0;0;0;0;0;0;0;0;0;0;0;0;00:00:00:000;00:00:00:000;;0;0;0;0;0;0;0;
2026-01-07 17:02:47;2026-01-07 17:18:03;2026-01-07 17:18:04;00:00:01;00:15:17;0;0;0;0;0;0;0;0;0;0;0;0;0;0;0;0;0;0;0;0;0;0;0;0;0;0;0;0;0;00:00:00:000;00:00:00:000;;0;0;0;0;0;0;0;
2026-01-07 17:02:47;2026-01-07 17:18:04;2026-01-07 17:18:05;00:00:01;00:15:18;0;0;0;0;0;0;0;0;0;0;0;0;0;0;0;0;0;0;0;0;0;0;0;0;0;0;0;0;0;00:00:00:000;00:00:00:000;;0;0;0;0;0;0;0;
2026-01-07 17:02:47;2026-01-07 17:18:05;2026-01-07 17:18:06;00:00:01;00:15:19;0;0;0;0;0;0;0;0;0;0;0;0;0;0;0;0;0;0;0;0;0;0;0;0;0;0;0;0;0;00:00:00:000;00:00:00:000;;0;0;0;0;0;0;0;
2026-01-07 17:02:47;2026-01-07 17:18:06;2026-01-07 17:18:07;00:00:01;00:15:20;0;0;0;0;0;0;0;0;0;0;0;0;0;0;0;0;0;0;0;0;0;0;0;0;0;0;0;0;0;00:00:00:000;00:00:00:000;;0;0;0;0;0;0;0;
2026-01-07 17:02:47;2026-01-07 17:18:07;2026-01-07 17:18:08;00:00:01;00:15:21;0;0;0;0;0;0;0;0;0;0;0;0;0;0;0;0;0;0;0;0;0;0;0;0;0;0;0;0;0;00:00:00:000;00:00:00:000;;0;0;0;0;0;0;0;
2026-01-07 17:02:47;2026-01-07 17:18:08;2026-01-07 17:18:09;00:00:01;00:15:22;0;0;0;0;0;0;0;0;0;0;0;0;0;0;0;0;0;0;0;0;0;0;0;0;0;0;0;0;0;00:00:00:000;00:00:00:000;;0;0;0;0;0;0;0;
2026-01-07 17:02:47;2026-01-07 17:18:09;2026-01-07 17:18:10;00:00:01;00:15:23;0;0;0;0;0;0;0;0;0;0;0;0;0;0;0;0;0;0;0;0;0;0;0;0;0;0;0;0;0;00:00:00:000;00:00:00:000;;0;0;0;0;0;0;0;
2026-01-07 17:02:47;2026-01-07 17:18:10;2026-01-07 17:18:11;00:00:01;00:15:24;0;0;0;0;0;0;0;0;0;0;0;0;0;0;0;0;0;0;0;0;0;0;0;0;0;0;0;0;0;00:00:00:000;00:00:00:000;;0;0;0;0;0;0;0;
2026-01-07 17:02:47;2026-01-07 17:18:11;2026-01-07 17:18:12;00:00:01;00:15:25;0;0;0;0;0;0;0;0;0;0;0;0;0;0;0;0;0;0;0;0;0;0;0;0;0;0;0;0;0;00:00:00:000;00:00:00:000;;0;0;0;0;0;0;0;
2026-01-07 17:02:47;2026-01-07 17:18:12;2026-01-07 17:18:13;00:00:01;00:15:26;0;0;0;0;0;0;0;0;0;0;0;0;0;0;0;0;0;0;0;0;0;0;0;0;0;0;0;0;0;00:00:00:000;00:00:00:000;;0;0;0;0;0;0;0;
2026-01-07 17:02:47;2026-01-07 17:18:13;2026-01-07 17:18:14;00:00:01;00:15:27;0;0;0;0;0;0;0;0;0;0;0;0;0;0;0;0;0;0;0;0;0;0;0;0;0;0;0;0;0;00:00:00:000;00:00:00:000;;0;0;0;0;0;0;0;
2026-01-07 17:02:47;2026-01-07 17:18:14;2026-01-07 17:18:15;00:00:01;00:15:28;0;0;0;0;0;0;0;0;0;0;0;0;0;0;0;0;0;0;0;0;0;0;0;0;0;0;0;0;0;00:00:00:000;00:00:00:000;;0;0;0;0;0;0;0;
2026-01-07 17:02:47;2026-01-07 17:18:15;2026-01-07 17:18:16;00:00:01;00:15:29;0;0;0;0;0;0;0;0;0;0;0;0;0;0;0;0;0;0;0;0;0;0;0;0;0;0;0;0;0;00:00:00:000;00:00:00:000;;0;0;0;0;0;0;0;
2026-01-07 17:02:47;2026-01-07 17:18:16;2026-01-07 17:18:17;00:00:01;00:15:30;0;0;0;0;0;0;0;0;0;0;0;0;0;0;0;0;0;0;0;0;0;0;0;0;0;0;0;0;0;00:00:00:000;00:00:00:000;;0;0;0;0;0;0;0;
2026-01-07 17:02:47;2026-01-07 17:18:17;2026-01-07 17:18:18;00:00:01;00:15:31;0;0;0;0;0;0;0;0;0;0;0;0;0;0;0;0;0;0;0;0;0;0;0;0;0;0;0;0;0;00:00:00:000;00:00:00:000;;0;0;0;0;0;0;0;
2026-01-07 17:02:47;2026-01-07 17:18:18;2026-01-07 17:18:19;00:00:01;00:15:32;0;0;0;0;0;0;0;0;0;0;0;0;0;0;0;0;0;0;0;0;0;0;0;0;0;0;0;0;0;00:00:00:000;00:00:00:000;;0;0;0;0;0;0;0;
2026-01-07 17:02:47;2026-01-07 17:18:19;2026-01-07 17:18:20;00:00:01;00:15:33;0;0;0;0;0;0;0;0;0;0;0;0;0;0;0;0;0;0;0;0;0;0;0;0;0;0;0;0;0;00:00:00:000;00:00:00:000;;0;0;0;0;0;0;0;
2026-01-07 17:02:47;2026-01-07 17:18:20;2026-01-07 17:18:21;00:00:01;00:15:34;0;0;0;0;0;0;0;0;0;0;0;0;0;0;0;0;0;0;0;0;0;0;0;0;0;0;0;0;0;00:00:00:000;00:00:00:000;;0;0;0;0;0;0;0;
2026-01-07 17:02:47;2026-01-07 17:18:21;2026-01-07 17:18:22;00:00:01;00:15:35;0;0;0;0;0;0;0;0;0;0;0;0;0;0;0;0;0;0;0;0;0;0;0;0;0;0;0;0;0;00:00:00:000;00:00:00:000;;0;0;0;0;0;0;0;
2026-01-07 17:02:47;2026-01-07 17:18:22;2026-01-07 17:18:23;00:00:01;00:15:36;0;0;0;0;0;0;0;0;0;0;0;0;0;0;0;0;0;0;0;0;0;0;0;0;0;0;0;0;0;00:00:00:000;00:00:00:000;;0;0;0;0;0;0;0;
2026-01-07 17:02:47;2026-01-07 17:18:23;2026-01-07 17:18:24;00:00:01;00:15:37;0;0;0;0;0;0;0;0;0;0;0;0;0;0;0;0;0;0;0;0;0;0;0;0;0;0;0;0;0;00:00:00:000;00:00:00:000;;0;0;0;0;0;0;0;
2026-01-07 17:02:47;2026-01-07 17:18:24;2026-01-07 17:18:25;00:00:01;00:15:38;0;0;0;0;0;0;0;0;0;0;0;0;0;0;0;0;0;0;0;0;0;0;0;0;0;0;0;0;0;00:00:00:000;00:00:00:000;;0;0;0;0;0;0;0;
2026-01-07 17:02:47;2026-01-07 17:18:25;2026-01-07 17:18:26;00:00:01;00:15:39;0;0;0;0;0;0;0;0;0;0;0;0;0;0;0;0;0;0;0;0;0;0;0;0;0;0;0;0;0;00:00:00:000;00:00:00:000;;0;0;0;0;0;0;0;
2026-01-07 17:02:47;2026-01-07 17:18:26;2026-01-07 17:18:27;00:00:01;00:15:40;0;0;0;0;0;0;0;0;0;0;0;0;0;0;0;0;0;0;0;0;0;0;0;0;0;0;0;0;0;00:00:00:000;00:00:00:000;;0;0;0;0;0;0;0;
2026-01-07 17:02:47;2026-01-07 17:18:27;2026-01-07 17:18:28;00:00:01;00:15:41;0;0;0;0;0;0;0;0;0;0;0;0;0;0;0;0;0;0;0;0;0;0;0;0;0;0;0;0;0;00:00:00:000;00:00:00:000;;0;0;0;0;0;0;0;
2026-01-07 17:02:47;2026-01-07 17:18:28;2026-01-07 17:18:29;00:00:01;00:15:42;0;0;0;0;0;0;0;0;0;0;0;0;0;0;0;0;0;0;0;0;0;0;0;0;0;0;0;0;0;00:00:00:000;00:00:00:000;;0;0;0;0;0;0;0;
2026-01-07 17:02:47;2026-01-07 17:18:29;2026-01-07 17:18:30;00:00:01;00:15:43;0;0;0;0;0;0;0;0;0;0;0;0;0;0;0;0;0;0;0;0;0;0;0;0;0;0;0;0;0;00:00:00:000;00:00:00:000;;0;0;0;0;0;0;0;
2026-01-07 17:02:47;2026-01-07 17:18:30;2026-01-07 17:18:31;00:00:01;00:15:44;0;0;0;0;0;0;0;0;0;0;0;0;0;0;0;0;0;0;0;0;0;0;0;0;0;0;0;0;0;00:00:00:000;00:00:00:000;;0;0;0;0;0;0;0;
2026-01-07 17:02:47;2026-01-07 17:18:31;2026-01-07 17:18:32;00:00:01;00:15:45;0;0;0;0;0;0;0;0;0;0;0;0;0;0;0;0;0;0;0;0;0;0;0;0;0;0;0;0;0;00:00:00:000;00:00:00:000;;0;0;0;0;0;0;0;
2026-01-07 17:02:47;2026-01-07 17:18:32;2026-01-07 17:18:33;00:00:01;00:15:46;0;0;0;0;0;0;0;0;0;0;0;0;0;0;0;0;0;0;0;0;0;0;0;0;0;0;0;0;0;00:00:00:000;00:00:00:000;;0;0;0;0;0;0;0;
2026-01-07 17:02:47;2026-01-07 17:18:33;2026-01-07 17:18:34;00:00:01;00:15:47;0;0;0;0;0;0;0;0;0;0;0;0;0;0;0;0;0;0;0;0;0;0;0;0;0;0;0;0;0;00:00:00:000;00:00:00:000;;0;0;0;0;0;0;0;
2026-01-07 17:02:47;2026-01-07 17:18:34;2026-01-07 17:18:35;00:00:01;00:15:48;0;0;0;0;0;0;0;0;0;0;0;0;0;0;0;0;0;0;0;0;0;0;0;0;0;0;0;0;0;00:00:00:000;00:00:00:000;;0;0;0;0;0;0;0;
2026-01-07 17:02:47;2026-01-07 17:18:35;2026-01-07 17:18:36;00:00:01;00:15:49;0;0;0;0;0;0;0;0;0;0;0;0;0;0;0;0;0;0;0;0;0;0;0;0;0;0;0;0;0;00:00:00:000;00:00:00:000;;0;0;0;0;0;0;0;
2026-01-07 17:02:47;2026-01-07 17:18:36;2026-01-07 17:18:37;00:00:01;00:15:50;0;0;0;0;0;0;0;0;0;0;0;0;0;0;0;0;0;0;0;0;0;0;0;0;0;0;0;0;0;00:00:00:000;00:00:00:000;;0;0;0;0;0;0;0;
2026-01-07 17:02:47;2026-01-07 17:18:37;2026-01-07 17:18:38;00:00:01;00:15:51;0;0;0;0;0;0;0;0;0;0;0;0;0;0;0;0;0;0;0;0;0;0;0;0;0;0;0;0;0;00:00:00:000;00:00:00:000;;0;0;0;0;0;0;0;
2026-01-07 17:02:47;2026-01-07 17:18:38;2026-01-07 17:18:39;00:00:01;00:15:52;0;0;0;0;0;0;0;0;0;0;0;0;0;0;0;0;0;0;0;0;0;0;0;0;0;0;0;0;0;00:00:00:000;00:00:00:000;;0;0;0;0;0;0;0;
2026-01-07 17:02:47;2026-01-07 17:18:39;2026-01-07 17:18:40;00:00:01;00:15:53;0;0;0;0;0;0;0;0;0;0;0;0;0;0;0;0;0;0;0;0;0;0;0;0;0;0;0;0;0;00:00:00:000;00:00:00:000;;0;0;0;0;0;0;0;
2026-01-07 17:02:47;2026-01-07 17:18:40;2026-01-07 17:18:41;00:00:01;00:15:54;0;0;0;0;0;0;0;0;0;0;0;0;0;0;0;0;0;0;0;0;0;0;0;0;0;0;0;0;0;00:00:00:000;00:00:00:000;;0;0;0;0;0;0;0;
2026-01-07 17:02:47;2026-01-07 17:18:41;2026-01-07 17:18:42;00:00:01;00:15:55;0;0;0;0;0;0;0;0;0;0;0;0;0;0;0;0;0;0;0;0;0;0;0;0;0;0;0;0;0;00:00:00:000;00:00:00:000;;0;0;0;0;0;0;0;
2026-01-07 17:02:47;2026-01-07 17:18:42;2026-01-07 17:18:43;00:00:01;00:15:56;0;0;0;0;0;0;0;0;0;0;0;0;0;0;0;0;0;0;0;0;0;0;0;0;0;0;0;0;0;00:00:00:000;00:00:00:000;;0;0;0;0;0;0;0;
2026-01-07 17:02:47;2026-01-07 17:18:43;2026-01-07 17:18:44;00:00:01;00:15:57;0;0;0;0;0;0;0;0;0;0;0;0;0;0;0;0;0;0;0;0;0;0;0;0;0;0;0;0;0;00:00:00:000;00:00:00:000;;0;0;0;0;0;0;0;
2026-01-07 17:02:47;2026-01-07 17:18:44;2026-01-07 17:18:45;00:00:01;00:15:58;0;0;0;0;0;0;0;0;0;0;0;0;0;0;0;0;0;0;0;0;0;0;0;0;0;0;0;0;0;00:00:00:000;00:00:00:000;;0;0;0;0;0;0;0;
2026-01-07 17:02:47;2026-01-07 17:18:45;2026-01-07 17:18:46;00:00:01;00:15:59;0;0;0;0;0;0;0;0;0;0;0;0;0;0;0;0;0;0;0;0;0;0;0;0;0;0;0;0;0;00:00:00:000;00:00:00:000;;0;0;0;0;0;0;0;
2026-01-07 17:02:47;2026-01-07 17:18:46;2026-01-07 17:18:47;00:00:01;00:16:00;0;0;0;0;0;0;0;0;0;0;0;0;0;0;0;0;0;0;0;0;0;0;0;0;0;0;0;0;0;00:00:00:000;00:00:00:000;;0;0;0;0;0;0;0;
2026-01-07 17:02:47;2026-01-07 17:18:47;2026-01-07 17:18:48;00:00:01;00:16:01;0;0;0;0;0;0;0;0;0;0;0;0;0;0;0;0;0;0;0;0;0;0;0;0;0;0;0;0;0;00:00:00:000;00:00:00:000;;0;0;0;0;0;0;0;
2026-01-07 17:02:47;2026-01-07 17:18:48;2026-01-07 17:18:49;00:00:01;00:16:02;0;0;0;0;0;0;0;0;0;0;0;0;0;0;0;0;0;0;0;0;0;0;0;0;0;0;0;0;0;00:00:00:000;00:00:00:000;;0;0;0;0;0;0;0;
2026-01-07 17:02:47;2026-01-07 17:18:49;2026-01-07 17:18:50;00:00:01;00:16:03;0;0;0;0;0;0;0;0;0;0;0;0;0;0;0;0;0;0;0;0;0;0;0;0;0;0;0;0;0;00:00:00:000;00:00:00:000;;0;0;0;0;0;0;0;
2026-01-07 17:02:47;2026-01-07 17:18:50;2026-01-07 17:18:51;00:00:01;00:16:04;0;0;0;0;0;0;0;0;0;0;0;0;0;0;0;0;0;0;0;0;0;0;0;0;0;0;0;0;0;00:00:00:000;00:00:00:000;;0;0;0;0;0;0;0;
2026-01-07 17:02:47;2026-01-07 17:18:51;2026-01-07 17:18:52;00:00:01;00:16:05;0;0;0;0;0;0;0;0;0;0;0;0;0;0;0;0;0;0;0;0;0;0;0;0;0;0;0;0;0;00:00:00:000;00:00:00:000;;0;0;0;0;0;0;0;
2026-01-07 17:02:47;2026-01-07 17:18:52;2026-01-07 17:18:53;00:00:01;00:16:06;0;0;0;0;0;0;0;0;0;0;0;0;0;0;0;0;0;0;0;0;0;0;0;0;0;0;0;0;0;00:00:00:000;00:00:00:000;;0;0;0;0;0;0;0;
2026-01-07 17:02:47;2026-01-07 17:18:53;2026-01-07 17:18:54;00:00:01;00:16:07;0;0;0;0;0;0;0;0;0;0;0;0;0;0;0;0;0;0;0;0;0;0;0;0;0;0;0;0;0;00:00:00:000;00:00:00:000;;0;0;0;0;0;0;0;
2026-01-07 17:02:47;2026-01-07 17:18:54;2026-01-07 17:18:55;00:00:01;00:16:08;0;0;0;0;0;0;0;0;0;0;0;0;0;0;0;0;0;0;0;0;0;0;0;0;0;0;0;0;0;00:00:00:000;00:00:00:000;;0;0;0;0;0;0;0;
2026-01-07 17:02:47;2026-01-07 17:18:55;2026-01-07 17:18:56;00:00:01;00:16:09;0;0;0;0;0;0;0;0;0;0;0;0;0;0;0;0;0;0;0;0;0;0;0;0;0;0;0;0;0;00:00:00:000;00:00:00:000;;0;0;0;0;0;0;0;
2026-01-07 17:02:47;2026-01-07 17:18:56;2026-01-07 17:18:57;00:00:01;00:16:10;0;0;0;0;0;0;0;0;0;0;0;0;0;0;0;0;0;0;0;0;0;0;0;0;0;0;0;0;0;00:00:00:000;00:00:00:000;;0;0;0;0;0;0;0;
2026-01-07 17:02:47;2026-01-07 17:18:57;2026-01-07 17:18:58;00:00:01;00:16:11;0;0;0;0;0;0;0;0;0;0;0;0;0;0;0;0;0;0;0;0;0;0;0;0;0;0;0;0;0;00:00:00:000;00:00:00:000;;0;0;0;0;0;0;0;
2026-01-07 17:02:47;2026-01-07 17:18:58;2026-01-07 17:18:59;00:00:01;00:16:12;0;0;0;0;0;0;0;0;0;0;0;0;0;0;0;0;0;0;0;0;0;0;0;0;0;0;0;0;0;00:00:00:000;00:00:00:000;;0;0;0;0;0;0;0;
2026-01-07 17:02:47;2026-01-07 17:18:59;2026-01-07 17:19:00;00:00:01;00:16:13;0;0;0;0;0;0;0;0;0;0;0;0;0;0;0;0;0;0;0;0;0;0;0;0;0;0;0;0;0;00:00:00:000;00:00:00:000;;0;0;0;0;0;0;0;
2026-01-07 17:02:47;2026-01-07 17:19:00;2026-01-07 17:19:01;00:00:01;00:16:14;0;0;0;0;0;0;0;0;0;0;0;0;0;0;0;0;0;0;0;0;0;0;0;0;0;0;0;0;0;00:00:00:000;00:00:00:000;;0;0;0;0;0;0;0;
2026-01-07 17:02:47;2026-01-07 17:19:01;2026-01-07 17:19:02;00:00:01;00:16:15;0;0;0;0;0;0;0;0;0;0;0;0;0;0;0;0;0;0;0;0;0;0;0;0;0;0;0;0;0;00:00:00:000;00:00:00:000;;0;0;0;0;0;0;0;
2026-01-07 17:02:47;2026-01-07 17:19:02;2026-01-07 17:19:03;00:00:01;00:16:16;0;0;0;0;0;0;0;0;0;0;0;0;0;0;0;0;0;0;0;0;0;0;0;0;0;0;0;0;0;00:00:00:000;00:00:00:000;;0;0;0;0;0;0;0;
2026-01-07 17:02:47;2026-01-07 17:19:03;2026-01-07 17:19:04;00:00:01;00:16:17;0;0;0;0;0;0;0;0;0;0;0;0;0;0;0;0;0;0;0;0;0;0;0;0;0;0;0;0;0;00:00:00:000;00:00:00:000;;0;0;0;0;0;0;0;
2026-01-07 17:02:47;2026-01-07 17:19:04;2026-01-07 17:19:05;00:00:01;00:16:18;0;0;0;0;0;0;0;0;0;0;0;0;0;0;0;0;0;0;0;0;0;0;0;0;0;0;0;0;0;00:00:00:000;00:00:00:000;;0;0;0;0;0;0;0;
2026-01-07 17:02:47;2026-01-07 17:19:05;2026-01-07 17:19:06;00:00:01;00:16:19;0;0;0;0;0;0;0;0;0;0;0;0;0;0;0;0;0;0;0;0;0;0;0;0;0;0;0;0;0;00:00:00:000;00:00:00:000;;0;0;0;0;0;0;0;
2026-01-07 17:02:47;2026-01-07 17:19:06;2026-01-07 17:19:07;00:00:01;00:16:20;0;0;0;0;0;0;0;0;0;0;0;0;0;0;0;0;0;0;0;0;0;0;0;0;0;0;0;0;0;00:00:00:000;00:00:00:000;;0;0;0;0;0;0;0;
2026-01-07 17:02:47;2026-01-07 17:19:07;2026-01-07 17:19:08;00:00:01;00:16:21;0;0;0;0;0;0;0;0;0;0;0;0;0;0;0;0;0;0;0;0;0;0;0;0;0;0;0;0;0;00:00:00:000;00:00:00:000;;0;0;0;0;0;0;0;
2026-01-07 17:02:47;2026-01-07 17:19:08;2026-01-07 17:19:09;00:00:01;00:16:22;0;0;0;0;0;0;0;0;0;0;0;0;0;0;0;0;0;0;0;0;0;0;0;0;0;0;0;0;0;00:00:00:000;00:00:00:000;;0;0;0;0;0;0;0;
2026-01-07 17:02:47;2026-01-07 17:19:09;2026-01-07 17:19:10;00:00:01;00:16:23;0;0;0;0;0;0;0;0;0;0;0;0;0;0;0;0;0;0;0;0;0;0;0;0;0;0;0;0;0;00:00:00:000;00:00:00:000;;0;0;0;0;0;0;0;
2026-01-07 17:02:47;2026-01-07 17:19:10;2026-01-07 17:19:11;00:00:01;00:16:24;0;0;0;0;0;0;0;0;0;0;0;0;0;0;0;0;0;0;0;0;0;0;0;0;0;0;0;0;0;00:00:00:000;00:00:00:000;;0;0;0;0;0;0;0;
2026-01-07 17:02:47;2026-01-07 17:19:11;2026-01-07 17:19:12;00:00:01;00:16:25;0;0;0;0;0;0;0;0;0;0;0;0;0;0;0;0;0;0;0;0;0;0;0;0;0;0;0;0;0;00:00:00:000;00:00:00:000;;0;0;0;0;0;0;0;
2026-01-07 17:02:47;2026-01-07 17:19:12;2026-01-07 17:19:13;00:00:01;00:16:26;0;0;0;0;0;0;0;0;0;0;0;0;0;0;0;0;0;0;0;0;0;0;0;0;0;0;0;0;0;00:00:00:000;00:00:00:000;;0;0;0;0;0;0;0;
2026-01-07 17:02:47;2026-01-07 17:19:13;2026-01-07 17:19:14;00:00:01;00:16:27;0;0;0;0;0;0;0;0;0;0;0;0;0;0;0;0;0;0;0;0;0;0;0;0;0;0;0;0;0;00:00:00:000;00:00:00:000;;0;0;0;0;0;0;0;
2026-01-07 17:02:47;2026-01-07 17:19:14;2026-01-07 17:19:15;00:00:01;00:16:28;0;0;0;0;0;0;0;0;0;0;0;0;0;0;0;0;0;0;0;0;0;0;0;0;0;0;0;0;0;00:00:00:000;00:00:00:000;;0;0;0;0;0;0;0;
2026-01-07 17:02:47;2026-01-07 17:19:15;2026-01-07 17:19:16;00:00:01;00:16:29;0;0;0;0;0;0;0;0;0;0;0;0;0;0;0;0;0;0;0;0;0;0;0;0;0;0;0;0;0;00:00:00:000;00:00:00:000;;0;0;0;0;0;0;0;
2026-01-07 17:02:47;2026-01-07 17:19:16;2026-01-07 17:19:17;00:00:01;00:16:30;0;0;0;0;0;0;0;0;0;0;0;0;0;0;0;0;0;0;0;0;0;0;0;0;0;0;0;0;0;00:00:00:000;00:00:00:000;;0;0;0;0;0;0;0;
2026-01-07 17:02:47;2026-01-07 17:19:17;2026-01-07 17:19:18;00:00:01;00:16:31;0;0;0;0;0;0;0;0;0;0;0;0;0;0;0;0;0;0;0;0;0;0;0;0;0;0;0;0;0;00:00:00:000;00:00:00:000;;0;0;0;0;0;0;0;
2026-01-07 17:02:47;2026-01-07 17:19:18;2026-01-07 17:19:19;00:00:01;00:16:32;0;0;0;0;0;0;0;0;0;0;0;0;0;0;0;0;0;0;0;0;0;0;0;0;0;0;0;0;0;00:00:00:000;00:00:00:000;;0;0;0;0;0;0;0;
2026-01-07 17:02:47;2026-01-07 17:19:19;2026-01-07 17:19:20;00:00:01;00:16:33;0;0;0;0;0;0;0;0;0;0;0;0;0;0;0;0;0;0;0;0;0;0;0;0;0;0;0;0;0;00:00:00:000;00:00:00:000;;0;0;0;0;0;0;0;
2026-01-07 17:02:47;2026-01-07 17:19:20;2026-01-07 17:19:21;00:00:01;00:16:34;0;0;0;0;0;0;0;0;0;0;0;0;0;0;0;0;0;0;0;0;0;0;0;0;0;0;0;0;0;00:00:00:000;00:00:00:000;;0;0;0;0;0;0;0;
2026-01-07 17:02:47;2026-01-07 17:19:21;2026-01-07 17:19:22;00:00:01;00:16:35;0;0;0;0;0;0;0;0;0;0;0;0;0;0;0;0;0;0;0;0;0;0;0;0;0;0;0;0;0;00:00:00:000;00:00:00:000;;0;0;0;0;0;0;0;
2026-01-07 17:02:47;2026-01-07 17:19:22;2026-01-07 17:19:23;00:00:01;00:16:36;0;0;0;0;0;0;0;0;0;0;0;0;0;0;0;0;0;0;0;0;0;0;0;0;0;0;0;0;0;00:00:00:000;00:00:00:000;;0;0;0;0;0;0;0;
2026-01-07 17:02:47;2026-01-07 17:19:23;2026-01-07 17:19:24;00:00:01;00:16:37;0;0;0;0;0;0;0;0;0;0;0;0;0;0;0;0;0;0;0;0;0;0;0;0;0;0;0;0;0;00:00:00:000;00:00:00:000;;0;0;0;0;0;0;0;
2026-01-07 17:02:47;2026-01-07 17:19:24;2026-01-07 17:19:25;00:00:01;00:16:38;0;0;0;0;0;0;0;0;0;0;0;0;0;0;0;0;0;0;0;0;0;0;0;0;0;0;0;0;0;00:00:00:000;00:00:00:000;;0;0;0;0;0;0;0;
2026-01-07 17:02:47;2026-01-07 17:19:25;2026-01-07 17:19:26;00:00:01;00:16:39;0;0;0;0;0;0;0;0;0;0;0;0;0;0;0;0;0;0;0;0;0;0;0;0;0;0;0;0;0;00:00:00:000;00:00:00:000;;0;0;0;0;0;0;0;
2026-01-07 17:02:47;2026-01-07 17:19:26;2026-01-07 17:19:27;00:00:01;00:16:40;0;0;0;0;0;0;0;0;0;0;0;0;0;0;0;0;0;0;0;0;0;0;0;0;0;0;0;0;0;00:00:00:000;00:00:00:000;;0;0;0;0;0;0;0;
2026-01-07 17:02:47;2026-01-07 17:19:27;2026-01-07 17:19:28;00:00:01;00:16:41;0;0;0;0;0;0;0;0;0;0;0;0;0;0;0;0;0;0;0;0;0;0;0;0;0;0;0;0;0;00:00:00:000;00:00:00:000;;0;0;0;0;0;0;0;
2026-01-07 17:02:47;2026-01-07 17:19:28;2026-01-07 17:19:29;00:00:01;00:16:42;0;0;0;0;0;0;0;0;0;0;0;0;0;0;0;0;0;0;0;0;0;0;0;0;0;0;0;0;0;00:00:00:000;00:00:00:000;;0;0;0;0;0;0;0;
2026-01-07 17:02:47;2026-01-07 17:19:29;2026-01-07 17:19:30;00:00:01;00:16:43;0;0;0;0;0;0;0;0;0;0;0;0;0;0;0;0;0;0;0;0;0;0;0;0;0;0;0;0;0;00:00:00:000;00:00:00:000;;0;0;0;0;0;0;0;
2026-01-07 17:02:47;2026-01-07 17:19:30;2026-01-07 17:19:31;00:00:01;00:16:44;0;0;0;0;0;0;0;0;0;0;0;0;0;0;0;0;0;0;0;0;0;0;0;0;0;0;0;0;0;00:00:00:000;00:00:00:000;;0;0;0;0;0;0;0;
2026-01-07 17:02:47;2026-01-07 17:19:31;2026-01-07 17:19:32;00:00:01;00:16:45;0;0;0;0;0;0;0;0;0;0;0;0;0;0;0;0;0;0;0;0;0;0;0;0;0;0;0;0;0;00:00:00:000;00:00:00:000;;0;0;0;0;0;0;0;
2026-01-07 17:02:47;2026-01-07 17:19:32;2026-01-07 17:19:33;00:00:01;00:16:46;0;0;0;0;0;0;0;0;0;0;0;0;0;0;0;0;0;0;0;0;0;0;0;0;0;0;0;0;0;00:00:00:000;00:00:00:000;;0;0;0;0;0;0;0;
2026-01-07 17:02:47;2026-01-07 17:19:33;2026-01-07 17:19:34;00:00:01;00:16:47;0;0;0;0;0;0;0;0;0;0;0;0;0;0;0;0;0;0;0;0;0;0;0;0;0;0;0;0;0;00:00:00:000;00:00:00:000;;0;0;0;0;0;0;0;
2026-01-07 17:02:47;2026-01-07 17:19:34;2026-01-07 17:19:35;00:00:01;00:16:48;0;0;0;0;0;0;0;0;0;0;0;0;0;0;0;0;0;0;0;0;0;0;0;0;0;0;0;0;0;00:00:00:000;00:00:00:000;;0;0;0;0;0;0;0;
2026-01-07 17:02:47;2026-01-07 17:19:35;2026-01-07 17:19:36;00:00:01;00:16:49;0;0;0;0;0;0;0;0;0;0;0;0;0;0;0;0;0;0;0;0;0;0;0;0;0;0;0;0;0;00:00:00:000;00:00:00:000;;0;0;0;0;0;0;0;
2026-01-07 17:02:47;2026-01-07 17:19:36;2026-01-07 17:19:37;00:00:01;00:16:50;0;0;0;0;0;0;0;0;0;0;0;0;0;0;0;0;0;0;0;0;0;0;0;0;0;0;0;0;0;00:00:00:000;00:00:00:000;;0;0;0;0;0;0;0;
2026-01-07 17:02:47;2026-01-07 17:19:37;2026-01-07 17:19:38;00:00:01;00:16:51;0;0;0;0;0;0;0;0;0;0;0;0;0;0;0;0;0;0;0;0;0;0;0;0;0;0;0;0;0;00:00:00:000;00:00:00:000;;0;0;0;0;0;0;0;
2026-01-07 17:02:47;2026-01-07 17:19:38;2026-01-07 17:19:39;00:00:01;00:16:52;0;0;0;0;0;0;0;0;0;0;0;0;0;0;0;0;0;0;0;0;0;0;0;0;0;0;0;0;0;00:00:00:000;00:00:00:000;;0;0;0;0;0;0;0;
2026-01-07 17:02:47;2026-01-07 17:19:39;2026-01-07 17:19:40;00:00:01;00:16:53;0;0;0;0;0;0;0;0;0;0;0;0;0;0;0;0;0;0;0;0;0;0;0;0;0;0;0;0;0;00:00:00:000;00:00:00:000;;0;0;0;0;0;0;0;
2026-01-07 17:02:47;2026-01-07 17:19:40;2026-01-07 17:19:41;00:00:01;00:16:54;0;0;0;0;0;0;0;0;0;0;0;0;0;0;0;0;0;0;0;0;0;0;0;0;0;0;0;0;0;00:00:00:000;00:00:00:000;;0;0;0;0;0;0;0;
2026-01-07 17:02:47;2026-01-07 17:19:41;2026-01-07 17:19:42;00:00:01;00:16:55;0;0;0;0;0;0;0;0;0;0;0;0;0;0;0;0;0;0;0;0;0;0;0;0;0;0;0;0;0;00:00:00:000;00:00:00:000;;0;0;0;0;0;0;0;
2026-01-07 17:02:47;2026-01-07 17:19:42;2026-01-07 17:19:43;00:00:01;00:16:56;0;0;0;0;0;0;0;0;0;0;0;0;0;0;0;0;0;0;0;0;0;0;0;0;0;0;0;0;0;00:00:00:000;00:00:00:000;;0;0;0;0;0;0;0;
2026-01-07 17:02:47;2026-01-07 17:19:43;2026-01-07 17:19:44;00:00:01;00:16:57;0;0;0;0;0;0;0;0;0;0;0;0;0;0;0;0;0;0;0;0;0;0;0;0;0;0;0;0;0;00:00:00:000;00:00:00:000;;0;0;0;0;0;0;0;
2026-01-07 17:02:47;2026-01-07 17:19:44;2026-01-07 17:19:45;00:00:01;00:16:58;0;0;0;0;0;0;0;0;0;0;0;0;0;0;0;0;0;0;0;0;0;0;0;0;0;0;0;0;0;00:00:00:000;00:00:00:000;;0;0;0;0;0;0;0;
2026-01-07 17:02:47;2026-01-07 17:19:45;2026-01-07 17:19:46;00:00:01;00:16:59;0;0;0;0;0;0;0;0;0;0;0;0;0;0;0;0;0;0;0;0;0;0;0;0;0;0;0;0;0;00:00:00:000;00:00:00:000;;0;0;0;0;0;0;0;
2026-01-07 17:02:47;2026-01-07 17:19:46;2026-01-07 17:19:47;00:00:01;00:17:00;0;0;0;0;0;0;0;0;0;0;0;0;0;0;0;0;0;0;0;0;0;0;0;0;0;0;0;0;0;00:00:00:000;00:00:00:000;;0;0;0;0;0;0;0;
2026-01-07 17:02:47;2026-01-07 17:19:47;2026-01-07 17:19:48;00:00:01;00:17:01;0;0;0;0;0;0;0;0;0;0;0;0;0;0;0;0;0;0;0;0;0;0;0;0;0;0;0;0;0;00:00:00:000;00:00:00:000;;0;0;0;0;0;0;0;
2026-01-07 17:02:47;2026-01-07 17:19:48;2026-01-07 17:19:49;00:00:01;00:17:02;0;0;0;0;0;0;0;0;0;0;0;0;0;0;0;0;0;0;0;0;0;0;0;0;0;0;0;0;0;00:00:00:000;00:00:00:000;;0;0;0;0;0;0;0;
2026-01-07 17:02:47;2026-01-07 17:19:49;2026-01-07 17:19:50;00:00:01;00:17:03;0;0;0;0;0;0;0;0;0;0;0;0;0;0;0;0;0;0;0;0;0;0;0;0;0;0;0;0;0;00:00:00:000;00:00:00:000;;0;0;0;0;0;0;0;
2026-01-07 17:02:47;2026-01-07 17:19:50;2026-01-07 17:19:51;00:00:01;00:17:04;0;0;0;0;0;0;0;0;0;0;0;0;0;0;0;0;0;0;0;0;0;0;0;0;0;0;0;0;0;00:00:00:000;00:00:00:000;;0;0;0;0;0;0;0;
2026-01-07 17:02:47;2026-01-07 17:19:51;2026-01-07 17:19:52;00:00:01;00:17:05;0;0;0;0;0;0;0;0;0;0;0;0;0;0;0;0;0;0;0;0;0;0;0;0;0;0;0;0;0;00:00:00:000;00:00:00:000;;0;0;0;0;0;0;0;
2026-01-07 17:02:47;2026-01-07 17:19:52;2026-01-07 17:19:53;00:00:01;00:17:06;0;0;0;0;0;0;0;0;0;0;0;0;0;0;0;0;0;0;0;0;0;0;0;0;0;0;0;0;0;00:00:00:000;00:00:00:000;;0;0;0;0;0;0;0;
2026-01-07 17:02:47;2026-01-07 17:19:53;2026-01-07 17:19:54;00:00:01;00:17:07;0;0;0;0;0;0;0;0;0;0;0;0;0;0;0;0;0;0;0;0;0;0;0;0;0;0;0;0;0;00:00:00:000;00:00:00:000;;0;0;0;0;0;0;0;
2026-01-07 17:02:47;2026-01-07 17:19:54;2026-01-07 17:19:55;00:00:01;00:17:08;0;0;0;0;0;0;0;0;0;0;0;0;0;0;0;0;0;0;0;0;0;0;0;0;0;0;0;0;0;00:00:00:000;00:00:00:000;;0;0;0;0;0;0;0;
2026-01-07 17:02:47;2026-01-07 17:19:55;2026-01-07 17:19:56;00:00:01;00:17:09;0;0;0;0;0;0;0;0;0;0;0;0;0;0;0;0;0;0;0;0;0;0;0;0;0;0;0;0;0;00:00:00:000;00:00:00:000;;0;0;0;0;0;0;0;
2026-01-07 17:02:47;2026-01-07 17:19:56;2026-01-07 17:19:57;00:00:01;00:17:10;0;0;0;0;0;0;0;0;0;0;0;0;0;0;0;0;0;0;0;0;0;0;0;0;0;0;0;0;0;00:00:00:000;00:00:00:000;;0;0;0;0;0;0;0;
2026-01-07 17:02:47;2026-01-07 17:19:57;2026-01-07 17:19:58;00:00:01;00:17:11;0;0;0;0;0;0;0;0;0;0;0;0;0;0;0;0;0;0;0;0;0;0;0;0;0;0;0;0;0;00:00:00:000;00:00:00:000;;0;0;0;0;0;0;0;
2026-01-07 17:02:47;2026-01-07 17:19:58;2026-01-07 17:19:59;00:00:01;00:17:12;0;0;0;0;0;0;0;0;0;0;0;0;0;0;0;0;0;0;0;0;0;0;0;0;0;0;0;0;0;00:00:00:000;00:00:00:000;;0;0;0;0;0;0;0;
2026-01-07 17:02:47;2026-01-07 17:19:59;2026-01-07 17:20:00;00:00:01;00:17:13;0;0;0;0;0;0;0;0;0;0;0;0;0;0;0;0;0;0;0;0;0;0;0;0;0;0;0;0;0;00:00:00:000;00:00:00:000;;0;0;0;0;0;0;0;
2026-01-07 17:02:47;2026-01-07 17:20:00;2026-01-07 17:20:01;00:00:01;00:17:14;0;0;0;0;0;0;0;0;0;0;0;0;0;0;0;0;0;0;0;0;0;0;0;0;0;0;0;0;0;00:00:00:000;00:00:00:000;;0;0;0;0;0;0;0;
2026-01-07 17:02:47;2026-01-07 17:20:01;2026-01-07 17:20:02;00:00:01;00:17:15;0;0;0;0;0;0;0;0;0;0;0;0;0;0;0;0;0;0;0;0;0;0;0;0;0;0;0;0;0;00:00:00:000;00:00:00:000;;0;0;0;0;0;0;0;
2026-01-07 17:02:47;2026-01-07 17:20:02;2026-01-07 17:20:03;00:00:01;00:17:16;0;0;0;0;0;0;0;0;0;0;0;0;0;0;0;0;0;0;0;0;0;0;0;0;0;0;0;0;0;00:00:00:000;00:00:00:000;;0;0;0;0;0;0;0;
2026-01-07 17:02:47;2026-01-07 17:20:03;2026-01-07 17:20:04;00:00:01;00:17:17;0;0;0;0;0;0;0;0;0;0;0;0;0;0;0;0;0;0;0;0;0;0;0;0;0;0;0;0;0;00:00:00:000;00:00:00:000;;0;0;0;0;0;0;0;
2026-01-07 17:02:47;2026-01-07 17:20:04;2026-01-07 17:20:05;00:00:01;00:17:18;0;0;0;0;0;0;0;0;0;0;0;0;0;0;0;0;0;0;0;0;0;0;0;0;0;0;0;0;0;00:00:00:000;00:00:00:000;;0;0;0;0;0;0;0;
2026-01-07 17:02:47;2026-01-07 17:20:05;2026-01-07 17:20:06;00:00:01;00:17:19;0;0;0;0;0;0;0;0;0;0;0;0;0;0;0;0;0;0;0;0;0;0;0;0;0;0;0;0;0;00:00:00:000;00:00:00:000;;0;0;0;0;0;0;0;
2026-01-07 17:02:47;2026-01-07 17:20:06;2026-01-07 17:20:07;00:00:01;00:17:20;0;0;0;0;0;0;0;0;0;0;0;0;0;0;0;0;0;0;0;0;0;0;0;0;0;0;0;0;0;00:00:00:000;00:00:00:000;;0;0;0;0;0;0;0;
2026-01-07 17:02:47;2026-01-07 17:20:07;2026-01-07 17:20:08;00:00:01;00:17:21;0;0;0;0;0;0;0;0;0;0;0;0;0;0;0;0;0;0;0;0;0;0;0;0;0;0;0;0;0;00:00:00:000;00:00:00:000;;0;0;0;0;0;0;0;
2026-01-07 17:02:47;2026-01-07 17:20:08;2026-01-07 17:20:09;00:00:01;00:17:22;0;0;0;0;0;0;0;0;0;0;0;0;0;0;0;0;0;0;0;0;0;0;0;0;0;0;0;0;0;00:00:00:000;00:00:00:000;;0;0;0;0;0;0;0;
2026-01-07 17:02:47;2026-01-07 17:20:09;2026-01-07 17:20:10;00:00:01;00:17:23;0;0;0;0;0;0;0;0;0;0;0;0;0;0;0;0;0;0;0;0;0;0;0;0;0;0;0;0;0;00:00:00:000;00:00:00:000;;0;0;0;0;0;0;0;
2026-01-07 17:02:47;2026-01-07 17:20:10;2026-01-07 17:20:11;00:00:01;00:17:24;0;0;0;0;0;0;0;0;0;0;0;0;0;0;0;0;0;0;0;0;0;0;0;0;0;0;0;0;0;00:00:00:000;00:00:00:000;;0;0;0;0;0;0;0;
2026-01-07 17:02:47;2026-01-07 17:20:11;2026-01-07 17:20:12;00:00:01;00:17:25;0;0;0;0;0;0;0;0;0;0;0;0;0;0;0;0;0;0;0;0;0;0;0;0;0;0;0;0;0;00:00:00:000;00:00:00:000;;0;0;0;0;0;0;0;
2026-01-07 17:02:47;2026-01-07 17:20:12;2026-01-07 17:20:13;00:00:01;00:17:26;0;0;0;0;0;0;0;0;0;0;0;0;0;0;0;0;0;0;0;0;0;0;0;0;0;0;0;0;0;00:00:00:000;00:00:00:000;;0;0;0;0;0;0;0;
2026-01-07 17:02:47;2026-01-07 17:20:13;2026-01-07 17:20:14;00:00:01;00:17:27;0;0;0;0;0;0;0;0;0;0;0;0;0;0;0;0;0;0;0;0;0;0;0;0;0;0;0;0;0;00:00:00:000;00:00:00:000;;0;0;0;0;0;0;0;
2026-01-07 17:02:47;2026-01-07 17:20:14;2026-01-07 17:20:15;00:00:01;00:17:28;0;0;0;0;0;0;0;0;0;0;0;0;0;0;0;0;0;0;0;0;0;0;0;0;0;0;0;0;0;00:00:00:000;00:00:00:000;;0;0;0;0;0;0;0;
2026-01-07 17:02:47;2026-01-07 17:20:15;2026-01-07 17:20:16;00:00:01;00:17:29;0;0;0;0;0;0;0;0;0;0;0;0;0;0;0;0;0;0;0;0;0;0;0;0;0;0;0;0;0;00:00:00:000;00:00:00:000;;0;0;0;0;0;0;0;
2026-01-07 17:02:47;2026-01-07 17:20:16;2026-01-07 17:20:17;00:00:01;00:17:30;0;0;0;0;0;0;0;0;0;0;0;0;0;0;0;0;0;0;0;0;0;0;0;0;0;0;0;0;0;00:00:00:000;00:00:00:000;;0;0;0;0;0;0;0;
2026-01-07 17:02:47;2026-01-07 17:20:17;2026-01-07 17:20:18;00:00:01;00:17:31;0;0;0;0;0;0;0;0;0;0;0;0;0;0;0;0;0;0;0;0;0;0;0;0;0;0;0;0;0;00:00:00:000;00:00:00:000;;0;0;0;0;0;0;0;
2026-01-07 17:02:47;2026-01-07 17:20:18;2026-01-07 17:20:19;00:00:01;00:17:32;0;0;0;0;0;0;0;0;0;0;0;0;0;0;0;0;0;0;0;0;0;0;0;0;0;0;0;0;0;00:00:00:000;00:00:00:000;;0;0;0;0;0;0;0;
2026-01-07 17:02:47;2026-01-07 17:20:19;2026-01-07 17:20:20;00:00:01;00:17:33;0;0;0;0;0;0;0;0;0;0;0;0;0;0;0;0;0;0;0;0;0;0;0;0;0;0;0;0;0;00:00:00:000;00:00:00:000;;0;0;0;0;0;0;0;
2026-01-07 17:02:47;2026-01-07 17:20:20;2026-01-07 17:20:21;00:00:01;00:17:34;0;0;0;0;0;0;0;0;0;0;0;0;0;0;0;0;0;0;0;0;0;0;0;0;0;0;0;0;0;00:00:00:000;00:00:00:000;;0;0;0;0;0;0;0;
2026-01-07 17:02:47;2026-01-07 17:20:21;2026-01-07 17:20:22;00:00:01;00:17:35;0;0;0;0;0;0;0;0;0;0;0;0;0;0;0;0;0;0;0;0;0;0;0;0;0;0;0;0;0;00:00:00:000;00:00:00:000;;0;0;0;0;0;0;0;
2026-01-07 17:02:47;2026-01-07 17:20:22;2026-01-07 17:20:23;00:00:01;00:17:36;0;0;0;0;0;0;0;0;0;0;0;0;0;0;0;0;0;0;0;0;0;0;0;0;0;0;0;0;0;00:00:00:000;00:00:00:000;;0;0;0;0;0;0;0;
2026-01-07 17:02:47;2026-01-07 17:20:23;2026-01-07 17:20:24;00:00:01;00:17:37;0;0;0;0;0;0;0;0;0;0;0;0;0;0;0;0;0;0;0;0;0;0;0;0;0;0;0;0;0;00:00:00:000;00:00:00:000;;0;0;0;0;0;0;0;
2026-01-07 17:02:47;2026-01-07 17:20:24;2026-01-07 17:20:25;00:00:01;00:17:38;0;0;0;0;0;0;0;0;0;0;0;0;0;0;0;0;0;0;0;0;0;0;0;0;0;0;0;0;0;00:00:00:000;00:00:00:000;;0;0;0;0;0;0;0;
2026-01-07 17:02:47;2026-01-07 17:20:25;2026-01-07 17:20:26;00:00:01;00:17:39;0;0;0;0;0;0;0;0;0;0;0;0;0;0;0;0;0;0;0;0;0;0;0;0;0;0;0;0;0;00:00:00:000;00:00:00:000;;0;0;0;0;0;0;0;
2026-01-07 17:02:47;2026-01-07 17:20:26;2026-01-07 17:20:27;00:00:01;00:17:40;0;0;0;0;0;0;0;0;0;0;0;0;0;0;0;0;0;0;0;0;0;0;0;0;0;0;0;0;0;00:00:00:000;00:00:00:000;;0;0;0;0;0;0;0;
2026-01-07 17:02:47;2026-01-07 17:20:27;2026-01-07 17:20:28;00:00:01;00:17:41;0;0;0;0;0;0;0;0;0;0;0;0;0;0;0;0;0;0;0;0;0;0;0;0;0;0;0;0;0;00:00:00:000;00:00:00:000;;0;0;0;0;0;0;0;
2026-01-07 17:02:47;2026-01-07 17:20:28;2026-01-07 17:20:29;00:00:01;00:17:42;0;0;0;0;0;0;0;0;0;0;0;0;0;0;0;0;0;0;0;0;0;0;0;0;0;0;0;0;0;00:00:00:000;00:00:00:000;;0;0;0;0;0;0;0;
2026-01-07 17:02:47;2026-01-07 17:20:29;2026-01-07 17:20:30;00:00:01;00:17:43;0;0;0;0;0;0;0;0;0;0;0;0;0;0;0;0;0;0;0;0;0;0;0;0;0;0;0;0;0;00:00:00:000;00:00:00:000;;0;0;0;0;0;0;0;
2026-01-07 17:02:47;2026-01-07 17:20:30;2026-01-07 17:20:31;00:00:01;00:17:44;0;0;0;0;0;0;0;0;0;0;0;0;0;0;0;0;0;0;0;0;0;0;0;0;0;0;0;0;0;00:00:00:000;00:00:00:000;;0;0;0;0;0;0;0;
2026-01-07 17:02:47;2026-01-07 17:20:31;2026-01-07 17:20:32;00:00:01;00:17:45;0;0;0;0;0;0;0;0;0;0;0;0;0;0;0;0;0;0;0;0;0;0;0;0;0;0;0;0;0;00:00:00:000;00:00:00:000;;0;0;0;0;0;0;0;
2026-01-07 17:02:47;2026-01-07 17:20:32;2026-01-07 17:20:33;00:00:01;00:17:46;0;0;0;0;0;0;0;0;0;0;0;0;0;0;0;0;0;0;0;0;0;0;0;0;0;0;0;0;0;00:00:00:000;00:00:00:000;;0;0;0;0;0;0;0;
2026-01-07 17:02:47;2026-01-07 17:20:33;2026-01-07 17:20:34;00:00:01;00:17:47;0;0;0;0;0;0;0;0;0;0;0;0;0;0;0;0;0;0;0;0;0;0;0;0;0;0;0;0;0;00:00:00:000;00:00:00:000;;0;0;0;0;0;0;0;
2026-01-07 17:02:47;2026-01-07 17:20:34;2026-01-07 17:20:35;00:00:01;00:17:48;0;0;0;0;0;0;0;0;0;0;0;0;0;0;0;0;0;0;0;0;0;0;0;0;0;0;0;0;0;00:00:00:000;00:00:00:000;;0;0;0;0;0;0;0;
2026-01-07 17:02:47;2026-01-07 17:20:35;2026-01-07 17:20:36;00:00:01;00:17:49;0;0;0;0;0;0;0;0;0;0;0;0;0;0;0;0;0;0;0;0;0;0;0;0;0;0;0;0;0;00:00:00:000;00:00:00:000;;0;0;0;0;0;0;0;
2026-01-07 17:02:47;2026-01-07 17:20:36;2026-01-07 17:20:37;00:00:01;00:17:50;0;0;0;0;0;0;0;0;0;0;0;0;0;0;0;0;0;0;0;0;0;0;0;0;0;0;0;0;0;00:00:00:000;00:00:00:000;;0;0;0;0;0;0;0;
2026-01-07 17:02:47;2026-01-07 17:20:37;2026-01-07 17:20:38;00:00:01;00:17:51;0;0;0;0;0;0;0;0;0;0;0;0;0;0;0;0;0;0;0;0;0;0;0;0;0;0;0;0;0;00:00:00:000;00:00:00:000;;0;0;0;0;0;0;0;
2026-01-07 17:02:47;2026-01-07 17:20:38;2026-01-07 17:20:39;00:00:01;00:17:52;0;0;0;0;0;0;0;0;0;0;0;0;0;0;0;0;0;0;0;0;0;0;0;0;0;0;0;0;0;00:00:00:000;00:00:00:000;;0;0;0;0;0;0;0;
2026-01-07 17:02:47;2026-01-07 17:20:39;2026-01-07 17:20:40;00:00:01;00:17:53;0;0;0;0;0;0;0;0;0;0;0;0;0;0;0;0;0;0;0;0;0;0;0;0;0;0;0;0;0;00:00:00:000;00:00:00:000;;0;0;0;0;0;0;0;
2026-01-07 17:02:47;2026-01-07 17:20:40;2026-01-07 17:20:41;00:00:01;00:17:54;0;0;0;0;0;0;0;0;0;0;0;0;0;0;0;0;0;0;0;0;0;0;0;0;0;0;0;0;0;00:00:00:000;00:00:00:000;;0;0;0;0;0;0;0;
2026-01-07 17:02:47;2026-01-07 17:20:41;2026-01-07 17:20:42;00:00:01;00:17:55;0;0;0;0;0;0;0;0;0;0;0;0;0;0;0;0;0;0;0;0;0;0;0;0;0;0;0;0;0;00:00:00:000;00:00:00:000;;0;0;0;0;0;0;0;
2026-01-07 17:02:47;2026-01-07 17:20:42;2026-01-07 17:20:43;00:00:01;00:17:56;0;0;0;0;0;0;0;0;0;0;0;0;0;0;0;0;0;0;0;0;0;0;0;0;0;0;0;0;0;00:00:00:000;00:00:00:000;;0;0;0;0;0;0;0;
2026-01-07 17:02:47;2026-01-07 17:20:43;2026-01-07 17:20:44;00:00:01;00:17:57;0;0;0;0;0;0;0;0;0;0;0;0;0;0;0;0;0;0;0;0;0;0;0;0;0;0;0;0;0;00:00:00:000;00:00:00:000;;0;0;0;0;0;0;0;
2026-01-07 17:02:47;2026-01-07 17:20:44;2026-01-07 17:20:45;00:00:01;00:17:58;0;0;0;0;0;0;0;0;0;0;0;0;0;0;0;0;0;0;0;0;0;0;0;0;0;0;0;0;0;00:00:00:000;00:00:00:000;;0;0;0;0;0;0;0;
2026-01-07 17:02:47;2026-01-07 17:20:45;2026-01-07 17:20:46;00:00:01;00:17:59;0;0;0;0;0;0;0;0;0;0;0;0;0;0;0;0;0;0;0;0;0;0;0;0;0;0;0;0;0;00:00:00:000;00:00:00:000;;0;0;0;0;0;0;0;
2026-01-07 17:02:47;2026-01-07 17:20:46;2026-01-07 17:20:47;00:00:01;00:18:00;0;0;0;0;0;0;0;0;0;0;0;0;0;0;0;0;0;0;0;0;0;0;0;0;0;0;0;0;0;00:00:00:000;00:00:00:000;;0;0;0;0;0;0;0;
2026-01-07 17:02:47;2026-01-07 17:20:47;2026-01-07 17:20:48;00:00:01;00:18:01;0;0;0;0;0;0;0;0;0;0;0;0;0;0;0;0;0;0;0;0;0;0;0;0;0;0;0;0;0;00:00:00:000;00:00:00:000;;0;0;0;0;0;0;0;
2026-01-07 17:02:47;2026-01-07 17:20:48;2026-01-07 17:20:49;00:00:01;00:18:02;0;0;0;0;0;0;0;0;0;0;0;0;0;0;0;0;0;0;0;0;0;0;0;0;0;0;0;0;0;00:00:00:000;00:00:00:000;;0;0;0;0;0;0;0;
2026-01-07 17:02:47;2026-01-07 17:20:49;2026-01-07 17:20:50;00:00:01;00:18:03;0;0;0;0;0;0;0;0;0;0;0;0;0;0;0;0;0;0;0;0;0;0;0;0;0;0;0;0;0;00:00:00:000;00:00:00:000;;0;0;0;0;0;0;0;
2026-01-07 17:02:47;2026-01-07 17:20:50;2026-01-07 17:20:51;00:00:01;00:18:04;0;0;0;0;0;0;0;0;0;0;0;0;0;0;0;0;0;0;0;0;0;0;0;0;0;0;0;0;0;00:00:00:000;00:00:00:000;;0;0;0;0;0;0;0;
2026-01-07 17:02:47;2026-01-07 17:20:51;2026-01-07 17:20:52;00:00:01;00:18:05;0;0;0;0;0;0;0;0;0;0;0;0;0;0;0;0;0;0;0;0;0;0;0;0;0;0;0;0;0;00:00:00:000;00:00:00:000;;0;0;0;0;0;0;0;
2026-01-07 17:02:47;2026-01-07 17:20:52;2026-01-07 17:20:53;00:00:01;00:18:06;0;0;0;0;0;0;0;0;0;0;0;0;0;0;0;0;0;0;0;0;0;0;0;0;0;0;0;0;0;00:00:00:000;00:00:00:000;;0;0;0;0;0;0;0;
2026-01-07 17:02:47;2026-01-07 17:20:53;2026-01-07 17:20:54;00:00:01;00:18:07;0;0;0;0;0;0;0;0;0;0;0;0;0;0;0;0;0;0;0;0;0;0;0;0;0;0;0;0;0;00:00:00:000;00:00:00:000;;0;0;0;0;0;0;0;
2026-01-07 17:02:47;2026-01-07 17:20:54;2026-01-07 17:20:55;00:00:01;00:18:08;0;0;0;0;0;0;0;0;0;0;0;0;0;0;0;0;0;0;0;0;0;0;0;0;0;0;0;0;0;00:00:00:000;00:00:00:000;;0;0;0;0;0;0;0;
2026-01-07 17:02:47;2026-01-07 17:20:55;2026-01-07 17:20:56;00:00:01;00:18:09;0;0;0;0;0;0;0;0;0;0;0;0;0;0;0;0;0;0;0;0;0;0;0;0;0;0;0;0;0;00:00:00:000;00:00:00:000;;0;0;0;0;0;0;0;
2026-01-07 17:02:47;2026-01-07 17:20:56;2026-01-07 17:20:57;00:00:01;00:18:10;0;0;0;0;0;0;0;0;0;0;0;0;0;0;0;0;0;0;0;0;0;0;0;0;0;0;0;0;0;00:00:00:000;00:00:00:000;;0;0;0;0;0;0;0;
2026-01-07 17:02:47;2026-01-07 17:20:57;2026-01-07 17:20:58;00:00:01;00:18:11;0;0;0;0;0;0;0;0;0;0;0;0;0;0;0;0;0;0;0;0;0;0;0;0;0;0;0;0;0;00:00:00:000;00:00:00:000;;0;0;0;0;0;0;0;
2026-01-07 17:02:47;2026-01-07 17:20:58;2026-01-07 17:20:59;00:00:01;00:18:12;0;0;0;0;0;0;0;0;0;0;0;0;0;0;0;0;0;0;0;0;0;0;0;0;0;0;0;0;0;00:00:00:000;00:00:00:000;;0;0;0;0;0;0;0;
2026-01-07 17:02:47;2026-01-07 17:20:59;2026-01-07 17:21:00;00:00:01;00:18:13;0;0;0;0;0;0;0;0;0;0;0;0;0;0;0;0;0;0;0;0;0;0;0;0;0;0;0;0;0;00:00:00:000;00:00:00:000;;0;0;0;0;0;0;0;
2026-01-07 17:02:47;2026-01-07 17:21:00;2026-01-07 17:21:01;00:00:01;00:18:14;0;0;0;0;0;0;0;0;0;0;0;0;0;0;0;0;0;0;0;0;0;0;0;0;0;0;0;0;0;00:00:00:000;00:00:00:000;;0;0;0;0;0;0;0;
2026-01-07 17:02:47;2026-01-07 17:21:01;2026-01-07 17:21:02;00:00:01;00:18:15;0;0;0;0;0;0;0;0;0;0;0;0;0;0;0;0;0;0;0;0;0;0;0;0;0;0;0;0;0;00:00:00:000;00:00:00:000;;0;0;0;0;0;0;0;
2026-01-07 17:02:47;2026-01-07 17:21:02;2026-01-07 17:21:03;00:00:01;00:18:16;0;0;0;0;0;0;0;0;0;0;0;0;0;0;0;0;0;0;0;0;0;0;0;0;0;0;0;0;0;00:00:00:000;00:00:00:000;;0;0;0;0;0;0;0;
2026-01-07 17:02:47;2026-01-07 17:21:03;2026-01-07 17:21:04;00:00:01;00:18:17;0;0;0;0;0;0;0;0;0;0;0;0;0;0;0;0;0;0;0;0;0;0;0;0;0;0;0;0;0;00:00:00:000;00:00:00:000;;0;0;0;0;0;0;0;
2026-01-07 17:02:47;2026-01-07 17:21:04;2026-01-07 17:21:05;00:00:01;00:18:18;0;0;0;0;0;0;0;0;0;0;0;0;0;0;0;0;0;0;0;0;0;0;0;0;0;0;0;0;0;00:00:00:000;00:00:00:000;;0;0;0;0;0;0;0;
2026-01-07 17:02:47;2026-01-07 17:21:05;2026-01-07 17:21:06;00:00:01;00:18:19;0;0;0;0;0;0;0;0;0;0;0;0;0;0;0;0;0;0;0;0;0;0;0;0;0;0;0;0;0;00:00:00:000;00:00:00:000;;0;0;0;0;0;0;0;
2026-01-07 17:02:47;2026-01-07 17:21:06;2026-01-07 17:21:07;00:00:01;00:18:20;0;0;0;0;0;0;0;0;0;0;0;0;0;0;0;0;0;0;0;0;0;0;0;0;0;0;0;0;0;00:00:00:000;00:00:00:000;;0;0;0;0;0;0;0;
2026-01-07 17:02:47;2026-01-07 17:21:07;2026-01-07 17:21:08;00:00:01;00:18:21;0;0;0;0;0;0;0;0;0;0;0;0;0;0;0;0;0;0;0;0;0;0;0;0;0;0;0;0;0;00:00:00:000;00:00:00:000;;0;0;0;0;0;0;0;
2026-01-07 17:02:47;2026-01-07 17:21:08;2026-01-07 17:21:09;00:00:01;00:18:22;0;0;0;0;0;0;0;0;0;0;0;0;0;0;0;0;0;0;0;0;0;0;0;0;0;0;0;0;0;00:00:00:000;00:00:00:000;;0;0;0;0;0;0;0;
2026-01-07 17:02:47;2026-01-07 17:21:09;2026-01-07 17:21:10;00:00:01;00:18:23;0;0;0;0;0;0;0;0;0;0;0;0;0;0;0;0;0;0;0;0;0;0;0;0;0;0;0;0;0;00:00:00:000;00:00:00:000;;0;0;0;0;0;0;0;
2026-01-07 17:02:47;2026-01-07 17:21:10;2026-01-07 17:21:11;00:00:01;00:18:24;0;0;0;0;0;0;0;0;0;0;0;0;0;0;0;0;0;0;0;0;0;0;0;0;0;0;0;0;0;00:00:00:000;00:00:00:000;;0;0;0;0;0;0;0;
2026-01-07 17:02:47;2026-01-07 17:21:11;2026-01-07 17:21:12;00:00:01;00:18:25;0;0;0;0;0;0;0;0;0;0;0;0;0;0;0;0;0;0;0;0;0;0;0;0;0;0;0;0;0;00:00:00:000;00:00:00:000;;0;0;0;0;0;0;0;
2026-01-07 17:02:47;2026-01-07 17:21:12;2026-01-07 17:21:13;00:00:01;00:18:26;0;0;0;0;0;0;0;0;0;0;0;0;0;0;0;0;0;0;0;0;0;0;0;0;0;0;0;0;0;00:00:00:000;00:00:00:000;;0;0;0;0;0;0;0;
2026-01-07 17:02:47;2026-01-07 17:21:13;2026-01-07 17:21:14;00:00:01;00:18:27;0;0;0;0;0;0;0;0;0;0;0;0;0;0;0;0;0;0;0;0;0;0;0;0;0;0;0;0;0;00:00:00:000;00:00:00:000;;0;0;0;0;0;0;0;
2026-01-07 17:02:47;2026-01-07 17:21:14;2026-01-07 17:21:15;00:00:01;00:18:28;0;0;0;0;0;0;0;0;0;0;0;0;0;0;0;0;0;0;0;0;0;0;0;0;0;0;0;0;0;00:00:00:000;00:00:00:000;;0;0;0;0;0;0;0;
2026-01-07 17:02:47;2026-01-07 17:21:15;2026-01-07 17:21:16;00:00:01;00:18:29;0;0;0;0;0;0;0;0;0;0;0;0;0;0;0;0;0;0;0;0;0;0;0;0;0;0;0;0;0;00:00:00:000;00:00:00:000;;0;0;0;0;0;0;0;
2026-01-07 17:02:47;2026-01-07 17:21:16;2026-01-07 17:21:17;00:00:01;00:18:30;0;0;0;0;0;0;0;0;0;0;0;0;0;0;0;0;0;0;0;0;0;0;0;0;0;0;0;0;0;00:00:00:000;00:00:00:000;;0;0;0;0;0;0;0;
2026-01-07 17:02:47;2026-01-07 17:21:17;2026-01-07 17:21:18;00:00:01;00:18:31;0;0;0;0;0;0;0;0;0;0;0;0;0;0;0;0;0;0;0;0;0;0;0;0;0;0;0;0;0;00:00:00:000;00:00:00:000;;0;0;0;0;0;0;0;
2026-01-07 17:02:47;2026-01-07 17:21:18;2026-01-07 17:21:19;00:00:01;00:18:32;0;0;0;0;0;0;0;0;0;0;0;0;0;0;0;0;0;0;0;0;0;0;0;0;0;0;0;0;0;00:00:00:000;00:00:00:000;;0;0;0;0;0;0;0;
2026-01-07 17:02:47;2026-01-07 17:21:19;2026-01-07 17:21:20;00:00:01;00:18:33;0;0;0;0;0;0;0;0;0;0;0;0;0;0;0;0;0;0;0;0;0;0;0;0;0;0;0;0;0;00:00:00:000;00:00:00:000;;0;0;0;0;0;0;0;
2026-01-07 17:02:47;2026-01-07 17:21:20;2026-01-07 17:21:21;00:00:01;00:18:34;0;0;0;0;0;0;0;0;0;0;0;0;0;0;0;0;0;0;0;0;0;0;0;0;0;0;0;0;0;00:00:00:000;00:00:00:000;;0;0;0;0;0;0;0;
2026-01-07 17:02:47;2026-01-07 17:21:21;2026-01-07 17:21:22;00:00:01;00:18:35;0;0;0;0;0;0;0;0;0;0;0;0;0;0;0;0;0;0;0;0;0;0;0;0;0;0;0;0;0;00:00:00:000;00:00:00:000;;0;0;0;0;0;0;0;
2026-01-07 17:02:47;2026-01-07 17:21:22;2026-01-07 17:21:23;00:00:01;00:18:36;0;0;0;0;0;0;0;0;0;0;0;0;0;0;0;0;0;0;0;0;0;0;0;0;0;0;0;0;0;00:00:00:000;00:00:00:000;;0;0;0;0;0;0;0;
2026-01-07 17:02:47;2026-01-07 17:21:23;2026-01-07 17:21:24;00:00:01;00:18:37;0;0;0;0;0;0;0;0;0;0;0;0;0;0;0;0;0;0;0;0;0;0;0;0;0;0;0;0;0;00:00:00:000;00:00:00:000;;0;0;0;0;0;0;0;
2026-01-07 17:02:47;2026-01-07 17:21:24;2026-01-07 17:21:25;00:00:01;00:18:38;0;0;0;0;0;0;0;0;0;0;0;0;0;0;0;0;0;0;0;0;0;0;0;0;0;0;0;0;0;00:00:00:000;00:00:00:000;;0;0;0;0;0;0;0;
2026-01-07 17:02:47;2026-01-07 17:21:25;2026-01-07 17:21:26;00:00:01;00:18:39;0;0;0;0;0;0;0;0;0;0;0;0;0;0;0;0;0;0;0;0;0;0;0;0;0;0;0;0;0;00:00:00:000;00:00:00:000;;0;0;0;0;0;0;0;
2026-01-07 17:02:47;2026-01-07 17:21:26;2026-01-07 17:21:27;00:00:01;00:18:40;0;0;0;0;0;0;0;0;0;0;0;0;0;0;0;0;0;0;0;0;0;0;0;0;0;0;0;0;0;00:00:00:000;00:00:00:000;;0;0;0;0;0;0;0;
2026-01-07 17:02:47;2026-01-07 17:21:27;2026-01-07 17:21:28;00:00:01;00:18:41;0;0;0;0;0;0;0;0;0;0;0;0;0;0;0;0;0;0;0;0;0;0;0;0;0;0;0;0;0;00:00:00:000;00:00:00:000;;0;0;0;0;0;0;0;
2026-01-07 17:02:47;2026-01-07 17:21:28;2026-01-07 17:21:29;00:00:01;00:18:42;0;0;0;0;0;0;0;0;0;0;0;0;0;0;0;0;0;0;0;0;0;0;0;0;0;0;0;0;0;00:00:00:000;00:00:00:000;;0;0;0;0;0;0;0;
2026-01-07 17:02:47;2026-01-07 17:21:29;2026-01-07 17:21:30;00:00:01;00:18:43;0;0;0;0;0;0;0;0;0;0;0;0;0;0;0;0;0;0;0;0;0;0;0;0;0;0;0;0;0;00:00:00:000;00:00:00:000;;0;0;0;0;0;0;0;
2026-01-07 17:02:47;2026-01-07 17:21:30;2026-01-07 17:21:31;00:00:01;00:18:44;0;0;0;0;0;0;0;0;0;0;0;0;0;0;0;0;0;0;0;0;0;0;0;0;0;0;0;0;0;00:00:00:000;00:00:00:000;;0;0;0;0;0;0;0;
2026-01-07 17:02:47;2026-01-07 17:21:31;2026-01-07 17:21:32;00:00:01;00:18:45;0;0;0;0;0;0;0;0;0;0;0;0;0;0;0;0;0;0;0;0;0;0;0;0;0;0;0;0;0;00:00:00:000;00:00:00:000;;0;0;0;0;0;0;0;
2026-01-07 17:02:47;2026-01-07 17:21:32;2026-01-07 17:21:33;00:00:01;00:18:46;0;0;0;0;0;0;0;0;0;0;0;0;0;0;0;0;0;0;0;0;0;0;0;0;0;0;0;0;0;00:00:00:000;00:00:00:000;;0;0;0;0;0;0;0;
2026-01-07 17:02:47;2026-01-07 17:21:33;2026-01-07 17:21:34;00:00:01;00:18:47;0;0;0;0;0;0;0;0;0;0;0;0;0;0;0;0;0;0;0;0;0;0;0;0;0;0;0;0;0;00:00:00:000;00:00:00:000;;0;0;0;0;0;0;0;
2026-01-07 17:02:47;2026-01-07 17:21:34;2026-01-07 17:21:35;00:00:01;00:18:48;0;0;0;0;0;0;0;0;0;0;0;0;0;0;0;0;0;0;0;0;0;0;0;0;0;0;0;0;0;00:00:00:000;00:00:00:000;;0;0;0;0;0;0;0;
2026-01-07 17:02:47;2026-01-07 17:21:35;2026-01-07 17:21:36;00:00:01;00:18:49;0;0;0;0;0;0;0;0;0;0;0;0;0;0;0;0;0;0;0;0;0;0;0;0;0;0;0;0;0;00:00:00:000;00:00:00:000;;0;0;0;0;0;0;0;
2026-01-07 17:02:47;2026-01-07 17:21:36;2026-01-07 17:21:37;00:00:01;00:18:50;0;0;0;0;0;0;0;0;0;0;0;0;0;0;0;0;0;0;0;0;0;0;0;0;0;0;0;0;0;00:00:00:000;00:00:00:000;;0;0;0;0;0;0;0;
2026-01-07 17:02:47;2026-01-07 17:21:37;2026-01-07 17:21:38;00:00:01;00:18:51;0;0;0;0;0;0;0;0;0;0;0;0;0;0;0;0;0;0;0;0;0;0;0;0;0;0;0;0;0;00:00:00:000;00:00:00:000;;0;0;0;0;0;0;0;
2026-01-07 17:02:47;2026-01-07 17:21:38;2026-01-07 17:21:39;00:00:01;00:18:52;0;0;0;0;0;0;0;0;0;0;0;0;0;0;0;0;0;0;0;0;0;0;0;0;0;0;0;0;0;00:00:00:000;00:00:00:000;;0;0;0;0;0;0;0;
2026-01-07 17:02:47;2026-01-07 17:21:39;2026-01-07 17:21:40;00:00:01;00:18:53;0;0;0;0;0;0;0;0;0;0;0;0;0;0;0;0;0;0;0;0;0;0;0;0;0;0;0;0;0;00:00:00:000;00:00:00:000;;0;0;0;0;0;0;0;
2026-01-07 17:02:47;2026-01-07 17:21:40;2026-01-07 17:21:41;00:00:01;00:18:54;0;0;0;0;0;0;0;0;0;0;0;0;0;0;0;0;0;0;0;0;0;0;0;0;0;0;0;0;0;00:00:00:000;00:00:00:000;;0;0;0;0;0;0;0;
2026-01-07 17:02:47;2026-01-07 17:21:41;2026-01-07 17:21:42;00:00:01;00:18:55;0;0;0;0;0;0;0;0;0;0;0;0;0;0;0;0;0;0;0;0;0;0;0;0;0;0;0;0;0;00:00:00:000;00:00:00:000;;0;0;0;0;0;0;0;
2026-01-07 17:02:47;2026-01-07 17:21:42;2026-01-07 17:21:43;00:00:01;00:18:56;0;0;0;0;0;0;0;0;0;0;0;0;0;0;0;0;0;0;0;0;0;0;0;0;0;0;0;0;0;00:00:00:000;00:00:00:000;;0;0;0;0;0;0;0;
2026-01-07 17:02:47;2026-01-07 17:21:43;2026-01-07 17:21:44;00:00:01;00:18:57;0;0;0;0;0;0;0;0;0;0;0;0;0;0;0;0;0;0;0;0;0;0;0;0;0;0;0;0;0;00:00:00:000;00:00:00:000;;0;0;0;0;0;0;0;
2026-01-07 17:02:47;2026-01-07 17:21:44;2026-01-07 17:21:45;00:00:01;00:18:58;0;0;0;0;0;0;0;0;0;0;0;0;0;0;0;0;0;0;0;0;0;0;0;0;0;0;0;0;0;00:00:00:000;00:00:00:000;;0;0;0;0;0;0;0;
2026-01-07 17:02:47;2026-01-07 17:21:45;2026-01-07 17:21:46;00:00:01;00:18:59;0;0;0;0;0;0;0;0;0;0;0;0;0;0;0;0;0;0;0;0;0;0;0;0;0;0;0;0;0;00:00:00:000;00:00:00:000;;0;0;0;0;0;0;0;
2026-01-07 17:02:47;2026-01-07 17:21:46;2026-01-07 17:21:47;00:00:01;00:19:00;0;0;0;0;0;0;0;0;0;0;0;0;0;0;0;0;0;0;0;0;0;0;0;0;0;0;0;0;0;00:00:00:000;00:00:00:000;;0;0;0;0;0;0;0;
2026-01-07 17:02:47;2026-01-07 17:21:47;2026-01-07 17:21:48;00:00:01;00:19:01;0;0;0;0;0;0;0;0;0;0;0;0;0;0;0;0;0;0;0;0;0;0;0;0;0;0;0;0;0;00:00:00:000;00:00:00:000;;0;0;0;0;0;0;0;
2026-01-07 17:02:47;2026-01-07 17:21:48;2026-01-07 17:21:49;00:00:01;00:19:02;0;0;0;0;0;0;0;0;0;0;0;0;0;0;0;0;0;0;0;0;0;0;0;0;0;0;0;0;0;00:00:00:000;00:00:00:000;;0;0;0;0;0;0;0;
2026-01-07 17:02:47;2026-01-07 17:21:49;2026-01-07 17:21:50;00:00:01;00:19:03;0;0;0;0;0;0;0;0;0;0;0;0;0;0;0;0;0;0;0;0;0;0;0;0;0;0;0;0;0;00:00:00:000;00:00:00:000;;0;0;0;0;0;0;0;
2026-01-07 17:02:47;2026-01-07 17:21:50;2026-01-07 17:21:51;00:00:01;00:19:04;0;0;0;0;0;0;0;0;0;0;0;0;0;0;0;0;0;0;0;0;0;0;0;0;0;0;0;0;0;00:00:00:000;00:00:00:000;;0;0;0;0;0;0;0;
2026-01-07 17:02:47;2026-01-07 17:21:51;2026-01-07 17:21:52;00:00:01;00:19:05;0;0;0;0;0;0;0;0;0;0;0;0;0;0;0;0;0;0;0;0;0;0;0;0;0;0;0;0;0;00:00:00:000;00:00:00:000;;0;0;0;0;0;0;0;
2026-01-07 17:02:47;2026-01-07 17:21:52;2026-01-07 17:21:53;00:00:01;00:19:06;0;0;0;0;0;0;0;0;0;0;0;0;0;0;0;0;0;0;0;0;0;0;0;0;0;0;0;0;0;00:00:00:000;00:00:00:000;;0;0;0;0;0;0;0;
2026-01-07 17:02:47;2026-01-07 17:21:53;2026-01-07 17:21:54;00:00:01;00:19:07;0;0;0;0;0;0;0;0;0;0;0;0;0;0;0;0;0;0;0;0;0;0;0;0;0;0;0;0;0;00:00:00:000;00:00:00:000;;0;0;0;0;0;0;0;
2026-01-07 17:02:47;2026-01-07 17:21:54;2026-01-07 17:21:55;00:00:01;00:19:08;0;0;0;0;0;0;0;0;0;0;0;0;0;0;0;0;0;0;0;0;0;0;0;0;0;0;0;0;0;00:00:00:000;00:00:00:000;;0;0;0;0;0;0;0;
2026-01-07 17:02:47;2026-01-07 17:21:55;2026-01-07 17:21:56;00:00:01;00:19:09;0;0;0;0;0;0;0;0;0;0;0;0;0;0;0;0;0;0;0;0;0;0;0;0;0;0;0;0;0;00:00:00:000;00:00:00:000;;0;0;0;0;0;0;0;
2026-01-07 17:02:47;2026-01-07 17:21:56;2026-01-07 17:21:57;00:00:01;00:19:10;0;0;0;0;0;0;0;0;0;0;0;0;0;0;0;0;0;0;0;0;0;0;0;0;0;0;0;0;0;00:00:00:000;00:00:00:000;;0;0;0;0;0;0;0;
2026-01-07 17:02:47;2026-01-07 17:21:57;2026-01-07 17:21:58;00:00:01;00:19:11;0;0;0;0;0;0;0;0;0;0;0;0;0;0;0;0;0;0;0;0;0;0;0;0;0;0;0;0;0;00:00:00:000;00:00:00:000;;0;0;0;0;0;0;0;
2026-01-07 17:02:47;2026-01-07 17:21:58;2026-01-07 17:21:59;00:00:01;00:19:12;0;0;0;0;0;0;0;0;0;0;0;0;0;0;0;0;0;0;0;0;0;0;0;0;0;0;0;0;0;00:00:00:000;00:00:00:000;;0;0;0;0;0;0;0;
2026-01-07 17:02:47;2026-01-07 17:21:59;2026-01-07 17:22:00;00:00:01;00:19:13;0;0;0;0;0;0;0;0;0;0;0;0;0;0;0;0;0;0;0;0;0;0;0;0;0;0;0;0;0;00:00:00:000;00:00:00:000;;0;0;0;0;0;0;0;
2026-01-07 17:02:47;2026-01-07 17:22:00;2026-01-07 17:22:01;00:00:01;00:19:14;0;0;0;0;0;0;0;0;0;0;0;0;0;0;0;0;0;0;0;0;0;0;0;0;0;0;0;0;0;00:00:00:000;00:00:00:000;;0;0;0;0;0;0;0;
2026-01-07 17:02:47;2026-01-07 17:22:01;2026-01-07 17:22:02;00:00:01;00:19:15;0;0;0;0;0;0;0;0;0;0;0;0;0;0;0;0;0;0;0;0;0;0;0;0;0;0;0;0;0;00:00:00:000;00:00:00:000;;0;0;0;0;0;0;0;
2026-01-07 17:02:47;2026-01-07 17:22:02;2026-01-07 17:22:03;00:00:01;00:19:16;0;0;0;0;0;0;0;0;0;0;0;0;0;0;0;0;0;0;0;0;0;0;0;0;0;0;0;0;0;00:00:00:000;00:00:00:000;;0;0;0;0;0;0;0;
2026-01-07 17:02:47;2026-01-07 17:22:03;2026-01-07 17:22:04;00:00:01;00:19:17;0;0;0;0;0;0;0;0;0;0;0;0;0;0;0;0;0;0;0;0;0;0;0;0;0;0;0;0;0;00:00:00:000;00:00:00:000;;0;0;0;0;0;0;0;
2026-01-07 17:02:47;2026-01-07 17:22:04;2026-01-07 17:22:05;00:00:01;00:19:18;0;0;0;0;0;0;0;0;0;0;0;0;0;0;0;0;0;0;0;0;0;0;0;0;0;0;0;0;0;00:00:00:000;00:00:00:000;;0;0;0;0;0;0;0;
2026-01-07 17:02:47;2026-01-07 17:22:05;2026-01-07 17:22:06;00:00:01;00:19:19;0;0;0;0;0;0;0;0;0;0;0;0;0;0;0;0;0;0;0;0;0;0;0;0;0;0;0;0;0;00:00:00:000;00:00:00:000;;0;0;0;0;0;0;0;
2026-01-07 17:02:47;2026-01-07 17:22:06;2026-01-07 17:22:07;00:00:01;00:19:20;0;0;0;0;0;0;0;0;0;0;0;0;0;0;0;0;0;0;0;0;0;0;0;0;0;0;0;0;0;00:00:00:000;00:00:00:000;;0;0;0;0;0;0;0;
2026-01-07 17:02:47;2026-01-07 17:22:07;2026-01-07 17:22:08;00:00:01;00:19:21;0;0;0;0;0;0;0;0;0;0;0;0;0;0;0;0;0;0;0;0;0;0;0;0;0;0;0;0;0;00:00:00:000;00:00:00:000;;0;0;0;0;0;0;0;
2026-01-07 17:02:47;2026-01-07 17:22:08;2026-01-07 17:22:09;00:00:01;00:19:22;0;0;0;0;0;0;0;0;0;0;0;0;0;0;0;0;0;0;0;0;0;0;0;0;0;0;0;0;0;00:00:00:000;00:00:00:000;;0;0;0;0;0;0;0;
2026-01-07 17:02:47;2026-01-07 17:22:09;2026-01-07 17:22:10;00:00:01;00:19:23;0;0;0;0;0;0;0;0;0;0;0;0;0;0;0;0;0;0;0;0;0;0;0;0;0;0;0;0;0;00:00:00:000;00:00:00:000;;0;0;0;0;0;0;0;
2026-01-07 17:02:47;2026-01-07 17:22:10;2026-01-07 17:22:11;00:00:01;00:19:24;0;0;0;0;0;0;0;0;0;0;0;0;0;0;0;0;0;0;0;0;0;0;0;0;0;0;0;0;0;00:00:00:000;00:00:00:000;;0;0;0;0;0;0;0;
2026-01-07 17:02:47;2026-01-07 17:22:11;2026-01-07 17:22:12;00:00:01;00:19:25;0;0;0;0;0;0;0;0;0;0;0;0;0;0;0;0;0;0;0;0;0;0;0;0;0;0;0;0;0;00:00:00:000;00:00:00:000;;0;0;0;0;0;0;0;
2026-01-07 17:02:47;2026-01-07 17:22:12;2026-01-07 17:22:13;00:00:01;00:19:26;0;0;0;0;0;0;0;0;0;0;0;0;0;0;0;0;0;0;0;0;0;0;0;0;0;0;0;0;0;00:00:00:000;00:00:00:000;;0;0;0;0;0;0;0;
2026-01-07 17:02:47;2026-01-07 17:22:13;2026-01-07 17:22:14;00:00:01;00:19:27;0;0;0;0;0;0;0;0;0;0;0;0;0;0;0;0;0;0;0;0;0;0;0;0;0;0;0;0;0;00:00:00:000;00:00:00:000;;0;0;0;0;0;0;0;
2026-01-07 17:02:47;2026-01-07 17:22:14;2026-01-07 17:22:15;00:00:01;00:19:28;0;0;0;0;0;0;0;0;0;0;0;0;0;0;0;0;0;0;0;0;0;0;0;0;0;0;0;0;0;00:00:00:000;00:00:00:000;;0;0;0;0;0;0;0;
2026-01-07 17:02:47;2026-01-07 17:22:15;2026-01-07 17:22:16;00:00:01;00:19:29;0;0;0;0;0;0;0;0;0;0;0;0;0;0;0;0;0;0;0;0;0;0;0;0;0;0;0;0;0;00:00:00:000;00:00:00:000;;0;0;0;0;0;0;0;
2026-01-07 17:02:47;2026-01-07 17:22:16;2026-01-07 17:22:17;00:00:01;00:19:30;0;0;0;0;0;0;0;0;0;0;0;0;0;0;0;0;0;0;0;0;0;0;0;0;0;0;0;0;0;00:00:00:000;00:00:00:000;;0;0;0;0;0;0;0;
2026-01-07 17:02:47;2026-01-07 17:22:17;2026-01-07 17:22:18;00:00:01;00:19:31;0;0;0;0;0;0;0;0;0;0;0;0;0;0;0;0;0;0;0;0;0;0;0;0;0;0;0;0;0;00:00:00:000;00:00:00:000;;0;0;0;0;0;0;0;
2026-01-07 17:02:47;2026-01-07 17:22:18;2026-01-07 17:22:19;00:00:01;00:19:32;0;0;0;0;0;0;0;0;0;0;0;0;0;0;0;0;0;0;0;0;0;0;0;0;0;0;0;0;0;00:00:00:000;00:00:00:000;;0;0;0;0;0;0;0;
2026-01-07 17:02:47;2026-01-07 17:22:19;2026-01-07 17:22:20;00:00:01;00:19:33;0;0;0;0;0;0;0;0;0;0;0;0;0;0;0;0;0;0;0;0;0;0;0;0;0;0;0;0;0;00:00:00:000;00:00:00:000;;0;0;0;0;0;0;0;
2026-01-07 17:02:47;2026-01-07 17:22:20;2026-01-07 17:22:21;00:00:01;00:19:34;0;0;0;0;0;0;0;0;0;0;0;0;0;0;0;0;0;0;0;0;0;0;0;0;0;0;0;0;0;00:00:00:000;00:00:00:000;;0;0;0;0;0;0;0;
2026-01-07 17:02:47;2026-01-07 17:22:21;2026-01-07 17:22:22;00:00:01;00:19:35;0;0;0;0;0;0;0;0;0;0;0;0;0;0;0;0;0;0;0;0;0;0;0;0;0;0;0;0;0;00:00:00:000;00:00:00:000;;0;0;0;0;0;0;0;
2026-01-07 17:02:47;2026-01-07 17:22:22;2026-01-07 17:22:23;00:00:01;00:19:36;0;0;0;0;0;0;0;0;0;0;0;0;0;0;0;0;0;0;0;0;0;0;0;0;0;0;0;0;0;00:00:00:000;00:00:00:000;;0;0;0;0;0;0;0;
2026-01-07 17:02:47;2026-01-07 17:22:23;2026-01-07 17:22:24;00:00:01;00:19:37;0;0;0;0;0;0;0;0;0;0;0;0;0;0;0;0;0;0;0;0;0;0;0;0;0;0;0;0;0;00:00:00:000;00:00:00:000;;0;0;0;0;0;0;0;
2026-01-07 17:02:47;2026-01-07 17:22:24;2026-01-07 17:22:25;00:00:01;00:19:38;0;0;0;0;0;0;0;0;0;0;0;0;0;0;0;0;0;0;0;0;0;0;0;0;0;0;0;0;0;00:00:00:000;00:00:00:000;;0;0;0;0;0;0;0;
2026-01-07 17:02:47;2026-01-07 17:22:25;2026-01-07 17:22:26;00:00:01;00:19:39;0;0;0;0;0;0;0;0;0;0;0;0;0;0;0;0;0;0;0;0;0;0;0;0;0;0;0;0;0;00:00:00:000;00:00:00:000;;0;0;0;0;0;0;0;
2026-01-07 17:02:47;2026-01-07 17:22:26;2026-01-07 17:22:27;00:00:01;00:19:40;0;0;0;0;0;0;0;0;0;0;0;0;0;0;0;0;0;0;0;0;0;0;0;0;0;0;0;0;0;00:00:00:000;00:00:00:000;;0;0;0;0;0;0;0;
2026-01-07 17:02:47;2026-01-07 17:22:27;2026-01-07 17:22:28;00:00:01;00:19:41;0;0;0;0;0;0;0;0;0;0;0;0;0;0;0;0;0;0;0;0;0;0;0;0;0;0;0;0;0;00:00:00:000;00:00:00:000;;0;0;0;0;0;0;0;
2026-01-07 17:02:47;2026-01-07 17:22:28;2026-01-07 17:22:29;00:00:01;00:19:42;0;0;0;0;0;0;0;0;0;0;0;0;0;0;0;0;0;0;0;0;0;0;0;0;0;0;0;0;0;00:00:00:000;00:00:00:000;;0;0;0;0;0;0;0;
2026-01-07 17:02:47;2026-01-07 17:22:29;2026-01-07 17:22:30;00:00:01;00:19:43;0;0;0;0;0;0;0;0;0;0;0;0;0;0;0;0;0;0;0;0;0;0;0;0;0;0;0;0;0;00:00:00:000;00:00:00:000;;0;0;0;0;0;0;0;
2026-01-07 17:02:47;2026-01-07 17:22:30;2026-01-07 17:22:31;00:00:01;00:19:44;0;0;0;0;0;0;0;0;0;0;0;0;0;0;0;0;0;0;0;0;0;0;0;0;0;0;0;0;0;00:00:00:000;00:00:00:000;;0;0;0;0;0;0;0;
2026-01-07 17:02:47;2026-01-07 17:22:31;2026-01-07 17:22:32;00:00:01;00:19:45;0;0;0;0;0;0;0;0;0;0;0;0;0;0;0;0;0;0;0;0;0;0;0;0;0;0;0;0;0;00:00:00:000;00:00:00:000;;0;0;0;0;0;0;0;
2026-01-07 17:02:47;2026-01-07 17:22:32;2026-01-07 17:22:33;00:00:01;00:19:46;0;0;0;0;0;0;0;0;0;0;0;0;0;0;0;0;0;0;0;0;0;0;0;0;0;0;0;0;0;00:00:00:000;00:00:00:000;;0;0;0;0;0;0;0;
2026-01-07 17:02:47;2026-01-07 17:22:33;2026-01-07 17:22:34;00:00:01;00:19:47;0;0;0;0;0;0;0;0;0;0;0;0;0;0;0;0;0;0;0;0;0;0;0;0;0;0;0;0;0;00:00:00:000;00:00:00:000;;0;0;0;0;0;0;0;
2026-01-07 17:02:47;2026-01-07 17:22:34;2026-01-07 17:22:35;00:00:01;00:19:48;0;0;0;0;0;0;0;0;0;0;0;0;0;0;0;0;0;0;0;0;0;0;0;0;0;0;0;0;0;00:00:00:000;00:00:00:000;;0;0;0;0;0;0;0;
2026-01-07 17:02:47;2026-01-07 17:22:35;2026-01-07 17:22:36;00:00:01;00:19:49;0;0;0;0;0;0;0;0;0;0;0;0;0;0;0;0;0;0;0;0;0;0;0;0;0;0;0;0;0;00:00:00:000;00:00:00:000;;0;0;0;0;0;0;0;
2026-01-07 17:02:47;2026-01-07 17:22:36;2026-01-07 17:22:37;00:00:01;00:19:50;0;0;0;0;0;0;0;0;0;0;0;0;0;0;0;0;0;0;0;0;0;0;0;0;0;0;0;0;0;00:00:00:000;00:00:00:000;;0;0;0;0;0;0;0;
2026-01-07 17:02:47;2026-01-07 17:22:37;2026-01-07 17:22:38;00:00:01;00:19:51;0;0;0;0;0;0;0;0;0;0;0;0;0;0;0;0;0;0;0;0;0;0;0;0;0;0;0;0;0;00:00:00:000;00:00:00:000;;0;0;0;0;0;0;0;
2026-01-07 17:02:47;2026-01-07 17:22:38;2026-01-07 17:22:39;00:00:01;00:19:52;0;0;0;0;0;0;0;0;0;0;0;0;0;0;0;0;0;0;0;0;0;0;0;0;0;0;0;0;0;00:00:00:000;00:00:00:000;;0;0;0;0;0;0;0;
2026-01-07 17:02:47;2026-01-07 17:22:39;2026-01-07 17:22:40;00:00:01;00:19:53;0;0;0;0;0;0;0;0;0;0;0;0;0;0;0;0;0;0;0;0;0;0;0;0;0;0;0;0;0;00:00:00:000;00:00:00:000;;0;0;0;0;0;0;0;
2026-01-07 17:02:47;2026-01-07 17:22:40;2026-01-07 17:22:41;00:00:01;00:19:54;0;0;0;0;0;0;0;0;0;0;0;0;0;0;0;0;0;0;0;0;0;0;0;0;0;0;0;0;0;00:00:00:000;00:00:00:000;;0;0;0;0;0;0;0;
2026-01-07 17:02:47;2026-01-07 17:22:41;2026-01-07 17:22:42;00:00:01;00:19:55;0;0;0;0;0;0;0;0;0;0;0;0;0;0;0;0;0;0;0;0;0;0;0;0;0;0;0;0;0;00:00:00:000;00:00:00:000;;0;0;0;0;0;0;0;
2026-01-07 17:02:47;2026-01-07 17:22:42;2026-01-07 17:22:43;00:00:01;00:19:56;0;0;0;0;0;0;0;0;0;0;0;0;0;0;0;0;0;0;0;0;0;0;0;0;0;0;0;0;0;00:00:00:000;00:00:00:000;;0;0;0;0;0;0;0;
2026-01-07 17:02:47;2026-01-07 17:22:43;2026-01-07 17:22:44;00:00:01;00:19:57;0;0;0;0;0;0;0;0;0;0;0;0;0;0;0;0;0;0;0;0;0;0;0;0;0;0;0;0;0;00:00:00:000;00:00:00:000;;0;0;0;0;0;0;0;
2026-01-07 17:02:47;2026-01-07 17:22:44;2026-01-07 17:22:45;00:00:01;00:19:58;0;0;0;0;0;0;0;0;0;0;0;0;0;0;0;0;0;0;0;0;0;0;0;0;0;0;0;0;0;00:00:00:000;00:00:00:000;;0;0;0;0;0;0;0;
2026-01-07 17:02:47;2026-01-07 17:22:45;2026-01-07 17:22:46;00:00:01;00:19:59;0;0;0;0;0;0;0;0;0;0;0;0;0;0;0;0;0;0;0;0;0;0;0;0;0;0;0;0;0;00:00:00:000;00:00:00:000;;0;0;0;0;0;0;0;
2026-01-07 17:02:47;2026-01-07 17:22:46;2026-01-07 17:22:47;00:00:01;00:20:00;0;0;0;0;0;0;0;0;0;0;0;0;0;0;0;0;0;0;0;0;0;0;0;0;0;0;0;0;0;00:00:00:000;00:00:00:000;;0;0;0;0;0;0;0;
2026-01-07 17:02:47;2026-01-07 17:22:47;2026-01-07 17:22:48;00:00:01;00:20:01;0;0;0;0;0;0;0;0;0;0;0;0;0;0;0;0;0;0;0;0;0;0;0;0;0;0;0;0;0;00:00:00:000;00:00:00:000;;0;0;0;0;0;0;0;
2026-01-07 17:02:47;2026-01-07 17:22:48;2026-01-07 17:22:49;00:00:01;00:20:02;0;0;0;0;0;0;0;0;0;0;0;0;0;0;0;0;0;0;0;0;0;0;0;0;0;0;0;0;0;00:00:00:000;00:00:00:000;;0;0;0;0;0;0;0;
2026-01-07 17:02:47;2026-01-07 17:22:49;2026-01-07 17:22:50;00:00:01;00:20:03;0;0;0;0;0;0;0;0;0;0;0;0;0;0;0;0;0;0;0;0;0;0;0;0;0;0;0;0;0;00:00:00:000;00:00:00:000;;0;0;0;0;0;0;0;
2026-01-07 17:02:47;2026-01-07 17:22:50;2026-01-07 17:22:51;00:00:01;00:20:04;0;0;0;0;0;0;0;0;0;0;0;0;0;0;0;0;0;0;0;0;0;0;0;0;0;0;0;0;0;00:00:00:000;00:00:00:000;;0;0;0;0;0;0;0;
2026-01-07 17:02:47;2026-01-07 17:22:51;2026-01-07 17:22:52;00:00:01;00:20:05;0;0;0;0;0;0;0;0;0;0;0;0;0;0;0;0;0;0;0;0;0;0;0;0;0;0;0;0;0;00:00:00:000;00:00:00:000;;0;0;0;0;0;0;0;
2026-01-07 17:02:47;2026-01-07 17:22:52;2026-01-07 17:22:53;00:00:01;00:20:06;0;0;0;0;0;0;0;0;0;0;0;0;0;0;0;0;0;0;0;0;0;0;0;0;0;0;0;0;0;00:00:00:000;00:00:00:000;;0;0;0;0;0;0;0;
2026-01-07 17:02:47;2026-01-07 17:22:53;2026-01-07 17:22:54;00:00:01;00:20:07;0;0;0;0;0;0;0;0;0;0;0;0;0;0;0;0;0;0;0;0;0;0;0;0;0;0;0;0;0;00:00:00:000;00:00:00:000;;0;0;0;0;0;0;0;
2026-01-07 17:02:47;2026-01-07 17:22:54;2026-01-07 17:22:55;00:00:01;00:20:08;0;0;0;0;0;0;0;0;0;0;0;0;0;0;0;0;0;0;0;0;0;0;0;0;0;0;0;0;0;00:00:00:000;00:00:00:000;;0;0;0;0;0;0;0;
2026-01-07 17:02:47;2026-01-07 17:22:55;2026-01-07 17:22:56;00:00:01;00:20:09;0;0;0;0;0;0;0;0;0;0;0;0;0;0;0;0;0;0;0;0;0;0;0;0;0;0;0;0;0;00:00:00:000;00:00:00:000;;0;0;0;0;0;0;0;
2026-01-07 17:02:47;2026-01-07 17:22:56;2026-01-07 17:22:57;00:00:01;00:20:10;0;0;0;0;0;0;0;0;0;0;0;0;0;0;0;0;0;0;0;0;0;0;0;0;0;0;0;0;0;00:00:00:000;00:00:00:000;;0;0;0;0;0;0;0;
2026-01-07 17:02:47;2026-01-07 17:22:57;2026-01-07 17:22:58;00:00:01;00:20:11;0;0;0;0;0;0;0;0;0;0;0;0;0;0;0;0;0;0;0;0;0;0;0;0;0;0;0;0;0;00:00:00:000;00:00:00:000;;0;0;0;0;0;0;0;
2026-01-07 17:02:47;2026-01-07 17:22:58;2026-01-07 17:22:59;00:00:01;00:20:12;0;0;0;0;0;0;0;0;0;0;0;0;0;0;0;0;0;0;0;0;0;0;0;0;0;0;0;0;0;00:00:00:000;00:00:00:000;;0;0;0;0;0;0;0;
2026-01-07 17:02:47;2026-01-07 17:22:59;2026-01-07 17:23:00;00:00:01;00:20:13;0;0;0;0;0;0;0;0;0;0;0;0;0;0;0;0;0;0;0;0;0;0;0;0;0;0;0;0;0;00:00:00:000;00:00:00:000;;0;0;0;0;0;0;0;
2026-01-07 17:02:47;2026-01-07 17:23:00;2026-01-07 17:23:01;00:00:01;00:20:14;0;0;0;0;0;0;0;0;0;0;0;0;0;0;0;0;0;0;0;0;0;0;0;0;0;0;0;0;0;00:00:00:000;00:00:00:000;;0;0;0;0;0;0;0;
2026-01-07 17:02:47;2026-01-07 17:23:01;2026-01-07 17:23:02;00:00:01;00:20:15;0;0;0;0;0;0;0;0;0;0;0;0;0;0;0;0;0;0;0;0;0;0;0;0;0;0;0;0;0;00:00:00:000;00:00:00:000;;0;0;0;0;0;0;0;
2026-01-07 17:02:47;2026-01-07 17:23:02;2026-01-07 17:23:03;00:00:01;00:20:16;0;0;0;0;0;0;0;0;0;0;0;0;0;0;0;0;0;0;0;0;0;0;0;0;0;0;0;0;0;00:00:00:000;00:00:00:000;;0;0;0;0;0;0;0;
2026-01-07 17:02:47;2026-01-07 17:23:03;2026-01-07 17:23:04;00:00:01;00:20:17;0;0;0;0;0;0;0;0;0;0;0;0;0;0;0;0;0;0;0;0;0;0;0;0;0;0;0;0;0;00:00:00:000;00:00:00:000;;0;0;0;0;0;0;0;
2026-01-07 17:02:47;2026-01-07 17:23:04;2026-01-07 17:23:05;00:00:01;00:20:18;0;0;0;0;0;0;0;0;0;0;0;0;0;0;0;0;0;0;0;0;0;0;0;0;0;0;0;0;0;00:00:00:000;00:00:00:000;;0;0;0;0;0;0;0;
2026-01-07 17:02:47;2026-01-07 17:23:05;2026-01-07 17:23:06;00:00:01;00:20:19;0;0;0;0;0;0;0;0;0;0;0;0;0;0;0;0;0;0;0;0;0;0;0;0;0;0;0;0;0;00:00:00:000;00:00:00:000;;0;0;0;0;0;0;0;
2026-01-07 17:02:47;2026-01-07 17:23:06;2026-01-07 17:23:07;00:00:01;00:20:20;0;0;0;0;0;0;0;0;0;0;0;0;0;0;0;0;0;0;0;0;0;0;0;0;0;0;0;0;0;00:00:00:000;00:00:00:000;;0;0;0;0;0;0;0;
2026-01-07 17:02:47;2026-01-07 17:23:07;2026-01-07 17:23:08;00:00:01;00:20:21;0;0;0;0;0;0;0;0;0;0;0;0;0;0;0;0;0;0;0;0;0;0;0;0;0;0;0;0;0;00:00:00:000;00:00:00:000;;0;0;0;0;0;0;0;
2026-01-07 17:02:47;2026-01-07 17:23:08;2026-01-07 17:23:09;00:00:01;00:20:22;0;0;0;0;0;0;0;0;0;0;0;0;0;0;0;0;0;0;0;0;0;0;0;0;0;0;0;0;0;00:00:00:000;00:00:00:000;;0;0;0;0;0;0;0;
2026-01-07 17:02:47;2026-01-07 17:23:09;2026-01-07 17:23:10;00:00:01;00:20:23;0;0;0;0;0;0;0;0;0;0;0;0;0;0;0;0;0;0;0;0;0;0;0;0;0;0;0;0;0;00:00:00:000;00:00:00:000;;0;0;0;0;0;0;0;
2026-01-07 17:02:47;2026-01-07 17:23:10;2026-01-07 17:23:11;00:00:01;00:20:24;0;0;0;0;0;0;0;0;0;0;0;0;0;0;0;0;0;0;0;0;0;0;0;0;0;0;0;0;0;00:00:00:000;00:00:00:000;;0;0;0;0;0;0;0;
2026-01-07 17:02:47;2026-01-07 17:23:11;2026-01-07 17:23:12;00:00:01;00:20:25;0;0;0;0;0;0;0;0;0;0;0;0;0;0;0;0;0;0;0;0;0;0;0;0;0;0;0;0;0;00:00:00:000;00:00:00:000;;0;0;0;0;0;0;0;
2026-01-07 17:02:47;2026-01-07 17:23:12;2026-01-07 17:23:13;00:00:01;00:20:26;0;0;0;0;0;0;0;0;0;0;0;0;0;0;0;0;0;0;0;0;0;0;0;0;0;0;0;0;0;00:00:00:000;00:00:00:000;;0;0;0;0;0;0;0;
2026-01-07 17:02:47;2026-01-07 17:23:13;2026-01-07 17:23:14;00:00:01;00:20:27;0;0;0;0;0;0;0;0;0;0;0;0;0;0;0;0;0;0;0;0;0;0;0;0;0;0;0;0;0;00:00:00:000;00:00:00:000;;0;0;0;0;0;0;0;
2026-01-07 17:02:47;2026-01-07 17:23:14;2026-01-07 17:23:15;00:00:01;00:20:28;0;0;0;0;0;0;0;0;0;0;0;0;0;0;0;0;0;0;0;0;0;0;0;0;0;0;0;0;0;00:00:00:000;00:00:00:000;;0;0;0;0;0;0;0;
2026-01-07 17:02:47;2026-01-07 17:23:15;2026-01-07 17:23:16;00:00:01;00:20:29;0;0;0;0;0;0;0;0;0;0;0;0;0;0;0;0;0;0;0;0;0;0;0;0;0;0;0;0;0;00:00:00:000;00:00:00:000;;0;0;0;0;0;0;0;
2026-01-07 17:02:47;2026-01-07 17:23:16;2026-01-07 17:23:17;00:00:01;00:20:30;0;0;0;0;0;0;0;0;0;0;0;0;0;0;0;0;0;0;0;0;0;0;0;0;0;0;0;0;0;00:00:00:000;00:00:00:000;;0;0;0;0;0;0;0;
2026-01-07 17:02:47;2026-01-07 17:23:17;2026-01-07 17:23:18;00:00:01;00:20:31;0;0;0;0;0;0;0;0;0;0;0;0;0;0;0;0;0;0;0;0;0;0;0;0;0;0;0;0;0;00:00:00:000;00:00:00:000;;0;0;0;0;0;0;0;
2026-01-07 17:02:47;2026-01-07 17:23:18;2026-01-07 17:23:19;00:00:01;00:20:32;0;0;0;0;0;0;0;0;0;0;0;0;0;0;0;0;0;0;0;0;0;0;0;0;0;0;0;0;0;00:00:00:000;00:00:00:000;;0;0;0;0;0;0;0;
2026-01-07 17:02:47;2026-01-07 17:23:19;2026-01-07 17:23:20;00:00:01;00:20:33;0;0;0;0;0;0;0;0;0;0;0;0;0;0;0;0;0;0;0;0;0;0;0;0;0;0;0;0;0;00:00:00:000;00:00:00:000;;0;0;0;0;0;0;0;
2026-01-07 17:02:47;2026-01-07 17:23:20;2026-01-07 17:23:21;00:00:01;00:20:34;0;0;0;0;0;0;0;0;0;0;0;0;0;0;0;0;0;0;0;0;0;0;0;0;0;0;0;0;0;00:00:00:000;00:00:00:000;;0;0;0;0;0;0;0;
2026-01-07 17:02:47;2026-01-07 17:23:21;2026-01-07 17:23:22;00:00:01;00:20:35;0;0;0;0;0;0;0;0;0;0;0;0;0;0;0;0;0;0;0;0;0;0;0;0;0;0;0;0;0;00:00:00:000;00:00:00:000;;0;0;0;0;0;0;0;
2026-01-07 17:02:47;2026-01-07 17:23:22;2026-01-07 17:23:23;00:00:01;00:20:36;0;0;0;0;0;0;0;0;0;0;0;0;0;0;0;0;0;0;0;0;0;0;0;0;0;0;0;0;0;00:00:00:000;00:00:00:000;;0;0;0;0;0;0;0;
2026-01-07 17:02:47;2026-01-07 17:23:23;2026-01-07 17:23:24;00:00:01;00:20:37;0;0;0;0;0;0;0;0;0;0;0;0;0;0;0;0;0;0;0;0;0;0;0;0;0;0;0;0;0;00:00:00:000;00:00:00:000;;0;0;0;0;0;0;0;
2026-01-07 17:02:47;2026-01-07 17:23:24;2026-01-07 17:23:25;00:00:01;00:20:38;0;0;0;0;0;0;0;0;0;0;0;0;0;0;0;0;0;0;0;0;0;0;0;0;0;0;0;0;0;00:00:00:000;00:00:00:000;;0;0;0;0;0;0;0;
2026-01-07 17:02:47;2026-01-07 17:23:25;2026-01-07 17:23:26;00:00:01;00:20:39;0;0;0;0;0;0;0;0;0;0;0;0;0;0;0;0;0;0;0;0;0;0;0;0;0;0;0;0;0;00:00:00:000;00:00:00:000;;0;0;0;0;0;0;0;
2026-01-07 17:02:47;2026-01-07 17:23:26;2026-01-07 17:23:27;00:00:01;00:20:40;0;0;0;0;0;0;0;0;0;0;0;0;0;0;0;0;0;0;0;0;0;0;0;0;0;0;0;0;0;00:00:00:000;00:00:00:000;;0;0;0;0;0;0;0;
2026-01-07 17:02:47;2026-01-07 17:23:27;2026-01-07 17:23:28;00:00:01;00:20:41;0;0;0;0;0;0;0;0;0;0;0;0;0;0;0;0;0;0;0;0;0;0;0;0;0;0;0;0;0;00:00:00:000;00:00:00:000;;0;0;0;0;0;0;0;
2026-01-07 17:02:47;2026-01-07 17:23:28;2026-01-07 17:23:29;00:00:01;00:20:42;0;0;0;0;0;0;0;0;0;0;0;0;0;0;0;0;0;0;0;0;0;0;0;0;0;0;0;0;0;00:00:00:000;00:00:00:000;;0;0;0;0;0;0;0;
2026-01-07 17:02:47;2026-01-07 17:23:29;2026-01-07 17:23:30;00:00:01;00:20:43;0;0;0;0;0;0;0;0;0;0;0;0;0;0;0;0;0;0;0;0;0;0;0;0;0;0;0;0;0;00:00:00:000;00:00:00:000;;0;0;0;0;0;0;0;
2026-01-07 17:02:47;2026-01-07 17:23:30;2026-01-07 17:23:31;00:00:01;00:20:44;0;0;0;0;0;0;0;0;0;0;0;0;0;0;0;0;0;0;0;0;0;0;0;0;0;0;0;0;0;00:00:00:000;00:00:00:000;;0;0;0;0;0;0;0;
2026-01-07 17:02:47;2026-01-07 17:23:31;2026-01-07 17:23:32;00:00:01;00:20:45;0;0;0;0;0;0;0;0;0;0;0;0;0;0;0;0;0;0;0;0;0;0;0;0;0;0;0;0;0;00:00:00:000;00:00:00:000;;0;0;0;0;0;0;0;
2026-01-07 17:02:47;2026-01-07 17:23:32;2026-01-07 17:23:33;00:00:01;00:20:46;0;0;0;0;0;0;0;0;0;0;0;0;0;0;0;0;0;0;0;0;0;0;0;0;0;0;0;0;0;00:00:00:000;00:00:00:000;;0;0;0;0;0;0;0;
2026-01-07 17:02:47;2026-01-07 17:23:33;2026-01-07 17:23:34;00:00:01;00:20:47;0;0;0;0;0;0;0;0;0;0;0;0;0;0;0;0;0;0;0;0;0;0;0;0;0;0;0;0;0;00:00:00:000;00:00:00:000;;0;0;0;0;0;0;0;
2026-01-07 17:02:47;2026-01-07 17:23:34;2026-01-07 17:23:35;00:00:01;00:20:48;0;0;0;0;0;0;0;0;0;0;0;0;0;0;0;0;0;0;0;0;0;0;0;0;0;0;0;0;0;00:00:00:000;00:00:00:000;;0;0;0;0;0;0;0;
2026-01-07 17:02:47;2026-01-07 17:23:35;2026-01-07 17:23:36;00:00:01;00:20:49;0;0;0;0;0;0;0;0;0;0;0;0;0;0;0;0;0;0;0;0;0;0;0;0;0;0;0;0;0;00:00:00:000;00:00:00:000;;0;0;0;0;0;0;0;
2026-01-07 17:02:47;2026-01-07 17:23:36;2026-01-07 17:23:37;00:00:01;00:20:50;0;0;0;0;0;0;0;0;0;0;0;0;0;0;0;0;0;0;0;0;0;0;0;0;0;0;0;0;0;00:00:00:000;00:00:00:000;;0;0;0;0;0;0;0;
2026-01-07 17:02:47;2026-01-07 17:23:37;2026-01-07 17:23:38;00:00:01;00:20:51;0;0;0;0;0;0;0;0;0;0;0;0;0;0;0;0;0;0;0;0;0;0;0;0;0;0;0;0;0;00:00:00:000;00:00:00:000;;0;0;0;0;0;0;0;
2026-01-07 17:02:47;2026-01-07 17:23:38;2026-01-07 17:23:39;00:00:01;00:20:52;0;0;0;0;0;0;0;0;0;0;0;0;0;0;0;0;0;0;0;0;0;0;0;0;0;0;0;0;0;00:00:00:000;00:00:00:000;;0;0;0;0;0;0;0;
2026-01-07 17:02:47;2026-01-07 17:23:39;2026-01-07 17:23:40;00:00:01;00:20:53;0;0;0;0;0;0;0;0;0;0;0;0;0;0;0;0;0;0;0;0;0;0;0;0;0;0;0;0;0;00:00:00:000;00:00:00:000;;0;0;0;0;0;0;0;
2026-01-07 17:02:47;2026-01-07 17:23:40;2026-01-07 17:23:41;00:00:01;00:20:54;0;0;0;0;0;0;0;0;0;0;0;0;0;0;0;0;0;0;0;0;0;0;0;0;0;0;0;0;0;00:00:00:000;00:00:00:000;;0;0;0;0;0;0;0;
2026-01-07 17:02:47;2026-01-07 17:23:41;2026-01-07 17:23:42;00:00:01;00:20:55;0;0;0;0;0;0;0;0;0;0;0;0;0;0;0;0;0;0;0;0;0;0;0;0;0;0;0;0;0;00:00:00:000;00:00:00:000;;0;0;0;0;0;0;0;
2026-01-07 17:02:47;2026-01-07 17:23:42;2026-01-07 17:23:43;00:00:01;00:20:56;0;0;0;0;0;0;0;0;0;0;0;0;0;0;0;0;0;0;0;0;0;0;0;0;0;0;0;0;0;00:00:00:000;00:00:00:000;;0;0;0;0;0;0;0;
2026-01-07 17:02:47;2026-01-07 17:23:43;2026-01-07 17:23:44;00:00:01;00:20:57;0;0;0;0;0;0;0;0;0;0;0;0;0;0;0;0;0;0;0;0;0;0;0;0;0;0;0;0;0;00:00:00:000;00:00:00:000;;0;0;0;0;0;0;0;
2026-01-07 17:02:47;2026-01-07 17:23:44;2026-01-07 17:23:45;00:00:01;00:20:58;0;0;0;0;0;0;0;0;0;0;0;0;0;0;0;0;0;0;0;0;0;0;0;0;0;0;0;0;0;00:00:00:000;00:00:00:000;;0;0;0;0;0;0;0;
2026-01-07 17:02:47;2026-01-07 17:23:45;2026-01-07 17:23:46;00:00:01;00:20:59;0;0;0;0;0;0;0;0;0;0;0;0;0;0;0;0;0;0;0;0;0;0;0;0;0;0;0;0;0;00:00:00:000;00:00:00:000;;0;0;0;0;0;0;0;
2026-01-07 17:02:47;2026-01-07 17:23:46;2026-01-07 17:23:47;00:00:01;00:21:00;0;0;0;0;0;0;0;0;0;0;0;0;0;0;0;0;0;0;0;0;0;0;0;0;0;0;0;0;0;00:00:00:000;00:00:00:000;;0;0;0;0;0;0;0;
2026-01-07 17:02:47;2026-01-07 17:23:47;2026-01-07 17:23:48;00:00:01;00:21:01;0;0;0;0;0;0;0;0;0;0;0;0;0;0;0;0;0;0;0;0;0;0;0;0;0;0;0;0;0;00:00:00:000;00:00:00:000;;0;0;0;0;0;0;0;
2026-01-07 17:02:47;2026-01-07 17:23:48;2026-01-07 17:23:49;00:00:01;00:21:02;0;0;0;0;0;0;0;0;0;0;0;0;0;0;0;0;0;0;0;0;0;0;0;0;0;0;0;0;0;00:00:00:000;00:00:00:000;;0;0;0;0;0;0;0;
2026-01-07 17:02:47;2026-01-07 17:23:49;2026-01-07 17:23:50;00:00:01;00:21:03;0;0;0;0;0;0;0;0;0;0;0;0;0;0;0;0;0;0;0;0;0;0;0;0;0;0;0;0;0;00:00:00:000;00:00:00:000;;0;0;0;0;0;0;0;
2026-01-07 17:02:47;2026-01-07 17:23:50;2026-01-07 17:23:51;00:00:01;00:21:04;0;0;0;0;0;0;0;0;0;0;0;0;0;0;0;0;0;0;0;0;0;0;0;0;0;0;0;0;0;00:00:00:000;00:00:00:000;;0;0;0;0;0;0;0;
2026-01-07 17:02:47;2026-01-07 17:23:51;2026-01-07 17:23:52;00:00:01;00:21:05;0;0;0;0;0;0;0;0;0;0;0;0;0;0;0;0;0;0;0;0;0;0;0;0;0;0;0;0;0;00:00:00:000;00:00:00:000;;0;0;0;0;0;0;0;
2026-01-07 17:02:47;2026-01-07 17:23:52;2026-01-07 17:23:53;00:00:01;00:21:06;0;0;0;0;0;0;0;0;0;0;0;0;0;0;0;0;0;0;0;0;0;0;0;0;0;0;0;0;0;00:00:00:000;00:00:00:000;;0;0;0;0;0;0;0;
2026-01-07 17:02:47;2026-01-07 17:23:53;2026-01-07 17:23:54;00:00:01;00:21:07;0;0;0;0;0;0;0;0;0;0;0;0;0;0;0;0;0;0;0;0;0;0;0;0;0;0;0;0;0;00:00:00:000;00:00:00:000;;0;0;0;0;0;0;0;
2026-01-07 17:02:47;2026-01-07 17:23:54;2026-01-07 17:23:55;00:00:01;00:21:08;0;0;0;0;0;0;0;0;0;0;0;0;0;0;0;0;0;0;0;0;0;0;0;0;0;0;0;0;0;00:00:00:000;00:00:00:000;;0;0;0;0;0;0;0;
2026-01-07 17:02:47;2026-01-07 17:23:55;2026-01-07 17:23:56;00:00:01;00:21:09;0;0;0;0;0;0;0;0;0;0;0;0;0;0;0;0;0;0;0;0;0;0;0;0;0;0;0;0;0;00:00:00:000;00:00:00:000;;0;0;0;0;0;0;0;
2026-01-07 17:02:47;2026-01-07 17:23:56;2026-01-07 17:23:57;00:00:01;00:21:10;0;0;0;0;0;0;0;0;0;0;0;0;0;0;0;0;0;0;0;0;0;0;0;0;0;0;0;0;0;00:00:00:000;00:00:00:000;;0;0;0;0;0;0;0;
2026-01-07 17:02:47;2026-01-07 17:23:57;2026-01-07 17:23:58;00:00:01;00:21:11;0;0;0;0;0;0;0;0;0;0;0;0;0;0;0;0;0;0;0;0;0;0;0;0;0;0;0;0;0;00:00:00:000;00:00:00:000;;0;0;0;0;0;0;0;
2026-01-07 17:02:47;2026-01-07 17:23:58;2026-01-07 17:23:59;00:00:01;00:21:12;0;0;0;0;0;0;0;0;0;0;0;0;0;0;0;0;0;0;0;0;0;0;0;0;0;0;0;0;0;00:00:00:000;00:00:00:000;;0;0;0;0;0;0;0;
2026-01-07 17:02:47;2026-01-07 17:23:59;2026-01-07 17:24:00;00:00:01;00:21:13;0;0;0;0;0;0;0;0;0;0;0;0;0;0;0;0;0;0;0;0;0;0;0;0;0;0;0;0;0;00:00:00:000;00:00:00:000;;0;0;0;0;0;0;0;
2026-01-07 17:02:47;2026-01-07 17:24:00;2026-01-07 17:24:01;00:00:01;00:21:14;0;0;0;0;0;0;0;0;0;0;0;0;0;0;0;0;0;0;0;0;0;0;0;0;0;0;0;0;0;00:00:00:000;00:00:00:000;;0;0;0;0;0;0;0;
2026-01-07 17:02:47;2026-01-07 17:24:01;2026-01-07 17:24:02;00:00:01;00:21:15;0;0;0;0;0;0;0;0;0;0;0;0;0;0;0;0;0;0;0;0;0;0;0;0;0;0;0;0;0;00:00:00:000;00:00:00:000;;0;0;0;0;0;0;0;
2026-01-07 17:02:47;2026-01-07 17:24:02;2026-01-07 17:24:03;00:00:01;00:21:16;0;0;0;0;0;0;0;0;0;0;0;0;0;0;0;0;0;0;0;0;0;0;0;0;0;0;0;0;0;00:00:00:000;00:00:00:000;;0;0;0;0;0;0;0;
2026-01-07 17:02:47;2026-01-07 17:24:03;2026-01-07 17:24:04;00:00:01;00:21:17;0;0;0;0;0;0;0;0;0;0;0;0;0;0;0;0;0;0;0;0;0;0;0;0;0;0;0;0;0;00:00:00:000;00:00:00:000;;0;0;0;0;0;0;0;
2026-01-07 17:02:47;2026-01-07 17:24:04;2026-01-07 17:24:05;00:00:01;00:21:18;0;0;0;0;0;0;0;0;0;0;0;0;0;0;0;0;0;0;0;0;0;0;0;0;0;0;0;0;0;00:00:00:000;00:00:00:000;;0;0;0;0;0;0;0;
2026-01-07 17:02:47;2026-01-07 17:24:05;2026-01-07 17:24:06;00:00:01;00:21:19;0;0;0;0;0;0;0;0;0;0;0;0;0;0;0;0;0;0;0;0;0;0;0;0;0;0;0;0;0;00:00:00:000;00:00:00:000;;0;0;0;0;0;0;0;
2026-01-07 17:02:47;2026-01-07 17:24:06;2026-01-07 17:24:07;00:00:01;00:21:20;0;0;0;0;0;0;0;0;0;0;0;0;0;0;0;0;0;0;0;0;0;0;0;0;0;0;0;0;0;00:00:00:000;00:00:00:000;;0;0;0;0;0;0;0;
2026-01-07 17:02:47;2026-01-07 17:24:07;2026-01-07 17:24:08;00:00:01;00:21:21;0;0;0;0;0;0;0;0;0;0;0;0;0;0;0;0;0;0;0;0;0;0;0;0;0;0;0;0;0;00:00:00:000;00:00:00:000;;0;0;0;0;0;0;0;
2026-01-07 17:02:47;2026-01-07 17:24:08;2026-01-07 17:24:09;00:00:01;00:21:22;0;0;0;0;0;0;0;0;0;0;0;0;0;0;0;0;0;0;0;0;0;0;0;0;0;0;0;0;0;00:00:00:000;00:00:00:000;;0;0;0;0;0;0;0;
2026-01-07 17:02:47;2026-01-07 17:24:09;2026-01-07 17:24:10;00:00:01;00:21:23;0;0;0;0;0;0;0;0;0;0;0;0;0;0;0;0;0;0;0;0;0;0;0;0;0;0;0;0;0;00:00:00:000;00:00:00:000;;0;0;0;0;0;0;0;
2026-01-07 17:02:47;2026-01-07 17:24:10;2026-01-07 17:24:11;00:00:01;00:21:24;0;0;0;0;0;0;0;0;0;0;0;0;0;0;0;0;0;0;0;0;0;0;0;0;0;0;0;0;0;00:00:00:000;00:00:00:000;;0;0;0;0;0;0;0;
2026-01-07 17:02:47;2026-01-07 17:24:11;2026-01-07 17:24:12;00:00:01;00:21:25;0;0;0;0;0;0;0;0;0;0;0;0;0;0;0;0;0;0;0;0;0;0;0;0;0;0;0;0;0;00:00:00:000;00:00:00:000;;0;0;0;0;0;0;0;
2026-01-07 17:02:47;2026-01-07 17:24:12;2026-01-07 17:24:13;00:00:01;00:21:26;0;0;0;0;0;0;0;0;0;0;0;0;0;0;0;0;0;0;0;0;0;0;0;0;0;0;0;0;0;00:00:00:000;00:00:00:000;;0;0;0;0;0;0;0;
2026-01-07 17:02:47;2026-01-07 17:24:13;2026-01-07 17:24:14;00:00:01;00:21:27;0;0;0;0;0;0;0;0;0;0;0;0;0;0;0;0;0;0;0;0;0;0;0;0;0;0;0;0;0;00:00:00:000;00:00:00:000;;0;0;0;0;0;0;0;
2026-01-07 17:02:47;2026-01-07 17:24:14;2026-01-07 17:24:15;00:00:01;00:21:28;0;0;0;0;0;0;0;0;0;0;0;0;0;0;0;0;0;0;0;0;0;0;0;0;0;0;0;0;0;00:00:00:000;00:00:00:000;;0;0;0;0;0;0;0;
2026-01-07 17:02:47;2026-01-07 17:24:15;2026-01-07 17:24:16;00:00:00;00:21:28;0;0;0;0;0;0;0;0;0;0;0;0;0;0;0;0;0;0;0;0;0;0;0;0;0;0;0;0;0;00:00:00:000;00:00:00:000;;0;0;0;0;0;0;0;
