StartTime;LastResetTime;CurrentTime;ElapsedTime(P);ElapsedTime(C);Rate(P);Rate(C);IncomingCall(P);IncomingCall(C);OutgoingCall(P);OutgoingCall(C);MsgRecvPerS(P);MsgRecvPerS(C);MsgSendPerS(P);MsgSendPerS(C);UnexpectedMsg(P);UnexpectedMsg(C);CurrentCall;InitSuccessfulCall(P);InitSuccessfulCall(C);TrafficSuccessfulCall(P);TrafficSuccessfulCall(C);DefaultSuccessfulCall(P);DefaultSuccessfulCall(C);AbortSuccessfulCall(P);AbortSuccessfulCall(C);FailedCall(P);FailedCall(C);FailedRefused(P);FailedRefused(C);FailedAborted(P);FailedAborted(C);FailedTimeout(P);FailedTimeout(C);ResponseTime(P);ResponseTime(C);ResponseTimeRepartition;<50;<75;<100;<150;<300;<5000;>=5000;
2025-12-12 18:55:56;2025-12-12 18:55:56;2025-12-12 18:55:56;00:00:00;00:00:00;0;0;0;0;0;0;0;0;0;0;0;0;0;0;0;0;0;0;0;0;0;0;0;0;0;0;0;0;0;00:00:00:000;00:00:00:000;;0;0;0;0;0;0;0;
2025-12-12 18:55:56;2025-12-12 18:55:56;2025-12-12 18:55:57;00:00:01;00:00:01;0;0;0;0;0;0;0;0;0;0;0;0;0;0;0;0;0;0;0;0;0;0;0;0;0;0;0;0;0;00:00:00:000;00:00:00:000;;0;0;0;0;0;0;0;
2025-12-12 18:55:56;2025-12-12 18:55:57;2025-12-12 18:55:58;00:00:01;00:00:02;0;0;0;0;0;0;0;0;0;0;0;0;0;0;0;0;0;0;0;0;0;0;0;0;0;0;0;0;0;00:00:00:000;00:00:00:000;;0;0;0;0;0;0;0;
2025-12-12 18:55:56;2025-12-12 18:55:58;2025-12-12 18:55:59;00:00:01;00:00:03;0;0;0;0;0;0;0;0;0;0;0;0;0;0;0;0;0;0;0;0;0;0;0;0;0;0;0;0;0;00:00:00:000;00:00:00:000;;0;0;0;0;0;0;0;
2025-12-12 18:55:56;2025-12-12 18:55:59;2025-12-12 18:56:00;00:00:01;00:00:04;0;0;0;0;0;0;0;0;0;0;0;0;0;0;0;0;0;0;0;0;0;0;0;0;0;0;0;0;0;00:00:00:000;00:00:00:000;;0;0;0;0;0;0;0;
2025-12-12 18:55:56;2025-12-12 18:56:00;2025-12-12 18:56:01;00:00:01;00:00:05;0;0;0;0;0;0;0;0;0;0;0;0;0;0;0;0;0;0;0;0;0;0;0;0;0;0;0;0;0;00:00:00:000;00:00:00:000;;0;0;0;0;0;0;0;
2025-12-12 18:55:56;2025-12-12 18:56:01;2025-12-12 18:56:02;00:00:01;00:00:06;0;0;0;0;0;0;0;0;0;0;0;0;0;0;0;0;0;0;0;0;0;0;0;0;0;0;0;0;0;00:00:00:000;00:00:00:000;;0;0;0;0;0;0;0;
2025-12-12 18:55:56;2025-12-12 18:56:02;2025-12-12 18:56:03;00:00:01;00:00:07;0;0;0;0;0;0;0;0;0;0;0;0;0;0;0;0;0;0;0;0;0;0;0;0;0;0;0;0;0;00:00:00:000;00:00:00:000;;0;0;0;0;0;0;0;
2025-12-12 18:55:56;2025-12-12 18:56:03;2025-12-12 18:56:04;00:00:01;00:00:08;0;0;0;0;0;0;0;0;0;0;0;0;0;0;0;0;0;0;0;0;0;0;0;0;0;0;0;0;0;00:00:00:000;00:00:00:000;;0;0;0;0;0;0;0;
2025-12-12 18:55:56;2025-12-12 18:56:04;2025-12-12 18:56:05;00:00:01;00:00:09;0;0;0;0;0;0;0;0;0;0;0;0;0;0;0;0;0;0;0;0;0;0;0;0;0;0;0;0;0;00:00:00:000;00:00:00:000;;0;0;0;0;0;0;0;
2025-12-12 18:55:56;2025-12-12 18:56:05;2025-12-12 18:56:06;00:00:01;00:00:10;0;0;0;0;0;0;0;0;0;0;0;0;0;0;0;0;0;0;0;0;0;0;0;0;0;0;0;0;0;00:00:00:000;00:00:00:000;;0;0;0;0;0;0;0;
2025-12-12 18:55:56;2025-12-12 18:56:06;2025-12-12 18:56:07;00:00:01;00:00:11;0;0;0;0;0;0;0;0;0;0;0;0;0;0;0;0;0;0;0;0;0;0;0;0;0;0;0;0;0;00:00:00:000;00:00:00:000;;0;0;0;0;0;0;0;
2025-12-12 18:55:56;2025-12-12 18:56:07;2025-12-12 18:56:08;00:00:01;00:00:12;0;0;0;0;0;0;0;0;0;0;0;0;0;0;0;0;0;0;0;0;0;0;0;0;0;0;0;0;0;00:00:00:000;00:00:00:000;;0;0;0;0;0;0;0;
2025-12-12 18:55:56;2025-12-12 18:56:08;2025-12-12 18:56:09;00:00:01;00:00:13;0;0;0;0;0;0;0;0;0;0;0;0;0;0;0;0;0;0;0;0;0;0;0;0;0;0;0;0;0;00:00:00:000;00:00:00:000;;0;0;0;0;0;0;0;
2025-12-12 18:55:56;2025-12-12 18:56:09;2025-12-12 18:56:10;00:00:01;00:00:14;0;0;0;0;0;0;0;0;0;0;0;0;0;0;0;0;0;0;0;0;0;0;0;0;0;0;0;0;0;00:00:00:000;00:00:00:000;;0;0;0;0;0;0;0;
2025-12-12 18:55:56;2025-12-12 18:56:10;2025-12-12 18:56:11;00:00:01;00:00:15;0;0;0;0;0;0;0;0;0;0;0;0;0;0;0;0;0;0;0;0;0;0;0;0;0;0;0;0;0;00:00:00:000;00:00:00:000;;0;0;0;0;0;0;0;
2025-12-12 18:55:56;2025-12-12 18:56:11;2025-12-12 18:56:12;00:00:01;00:00:16;0;0;0;0;0;0;0;0;0;0;0;0;0;0;0;0;0;0;0;0;0;0;0;0;0;0;0;0;0;00:00:00:000;00:00:00:000;;0;0;0;0;0;0;0;
2025-12-12 18:55:56;2025-12-12 18:56:12;2025-12-12 18:56:13;00:00:01;00:00:17;2;0.117599;2;2;0;0;2;0.117599;2;0.117599;0;0;0;1;1;1;1;0;0;0;0;0;0;0;0;0;0;0;0;00:00:00:000;00:00:00:000;;0;0;0;0;0;0;0;
2025-12-12 18:55:56;2025-12-12 18:56:13;2025-12-12 18:56:14;00:00:01;00:00:18;1;0.166593;1;3;0;0;1;0.166593;1;0.166593;0;0;0;0;1;1;2;0;0;0;0;0;0;0;0;0;0;0;0;00:00:00:000;00:00:00:000;;0;0;0;0;0;0;0;
2025-12-12 18:55:56;2025-12-12 18:56:14;2025-12-12 18:56:15;00:00:01;00:00:19;1;0.210438;1;4;0;0;1;0.210438;1;0.210438;0;0;0;0;1;1;3;0;0;0;0;0;0;0;0;0;0;0;0;00:00:00:000;00:00:00:000;;0;0;0;0;0;0;0;
2025-12-12 18:55:56;2025-12-12 18:56:15;2025-12-12 18:56:16;00:00:01;00:00:20;1;0.2499;1;5;0;0;1;0.2499;1;0.2499;0;0;0;0;1;1;4;0;0;0;0;0;0;0;0;0;0;0;0;00:00:00:000;00:00:00:000;;0;0;0;0;0;0;0;
2025-12-12 18:55:56;2025-12-12 18:56:16;2025-12-12 18:56:17;00:00:01;00:00:21;1;0.285592;1;6;0;0;1;0.285592;1;0.285592;0;0;0;0;1;1;5;0;0;0;0;0;0;0;0;0;0;0;0;00:00:00:000;00:00:00:000;;0;0;0;0;0;0;0;
2025-12-12 18:55:56;2025-12-12 18:56:17;2025-12-12 18:56:18;00:00:01;00:00:22;1;0.318052;1;7;0;0;1;0.318052;1;0.318052;0;0;0;0;1;1;6;0;0;0;0;0;0;0;0;0;0;0;0;00:00:00:000;00:00:00:000;;0;0;0;0;0;0;0;
2025-12-12 18:55:56;2025-12-12 18:56:18;2025-12-12 18:56:19;00:00:01;00:00:23;1;0.347675;1;8;0;0;1;0.347675;1;0.347675;0;0;0;0;1;1;7;0;0;0;0;0;0;0;0;0;0;0;0;00:00:00:000;00:00:00:000;;0;0;0;0;0;0;0;
2025-12-12 18:55:56;2025-12-12 18:56:19;2025-12-12 18:56:20;00:00:01;00:00:24;1;0.374844;1;9;0;0;1;0.374844;1;0.374844;0;0;0;0;1;1;8;0;0;0;0;0;0;0;0;0;0;0;0;00:00:00:000;00:00:00:000;;0;0;0;0;0;0;0;
2025-12-12 18:55:56;2025-12-12 18:56:20;2025-12-12 18:56:21;00:00:01;00:00:25;1;0.399824;1;10;0;0;1;0.399824;1;0.399824;0;0;0;0;1;1;9;0;0;0;0;0;0;0;0;0;0;0;0;00:00:00:000;00:00:00:000;;0;0;0;0;0;0;0;
2025-12-12 18:55:56;2025-12-12 18:56:21;2025-12-12 18:56:22;00:00:01;00:00:26;1;0.422898;1;11;0;0;1;0.422898;1;0.422898;0;0;0;0;1;1;10;0;0;0;0;0;0;0;0;0;0;0;0;00:00:00:000;00:00:00:000;;0;0;0;0;0;0;0;
2025-12-12 18:55:56;2025-12-12 18:56:22;2025-12-12 18:56:23;00:00:01;00:00:27;1;0.444263;1;12;0;0;1;0.444263;1;0.444263;0;0;0;0;1;1;11;0;0;0;0;0;0;0;0;0;0;0;0;00:00:00:000;00:00:00:000;;0;0;0;0;0;0;0;
2025-12-12 18:55:56;2025-12-12 18:56:23;2025-12-12 18:56:24;00:00:01;00:00:28;1;0.464087;1;13;0;0;1;0.464087;1;0.464087;0;0;0;0;1;1;12;0;0;0;0;0;0;0;0;0;0;0;0;00:00:00:000;00:00:00:000;;0;0;0;0;0;0;0;
2025-12-12 18:55:56;2025-12-12 18:56:24;2025-12-12 18:56:25;00:00:01;00:00:29;1;0.482559;1;14;0;0;1;0.482559;1;0.482559;0;0;0;0;1;1;13;0;0;0;0;0;0;0;0;0;0;0;0;00:00:00:000;00:00:00:000;;0;0;0;0;0;0;0;
2025-12-12 18:55:56;2025-12-12 18:56:25;2025-12-12 18:56:26;00:00:01;00:00:30;1;0.4998;1;15;0;0;1;0.4998;1;0.4998;0;0;0;0;1;1;14;0;0;0;0;0;0;0;0;0;0;0;0;00:00:00:000;00:00:00:000;;0;0;0;0;0;0;0;
2025-12-12 18:55:56;2025-12-12 18:56:26;2025-12-12 18:56:27;00:00:01;00:00:31;1;0.515913;1;16;0;0;1;0.515913;1;0.515913;0;0;0;0;1;1;15;0;0;0;0;0;0;0;0;0;0;0;0;00:00:00:000;00:00:00:000;;0;0;0;0;0;0;0;
2025-12-12 18:55:56;2025-12-12 18:56:27;2025-12-12 18:56:28;00:00:01;00:00:32;1;0.531034;1;17;0;0;1;0.531034;1;0.531034;0;0;0;0;1;1;16;0;0;0;0;0;0;0;0;0;0;0;0;00:00:00:000;00:00:00:000;;0;0;0;0;0;0;0;
2025-12-12 18:55:56;2025-12-12 18:56:28;2025-12-12 18:56:29;00:00:01;00:00:33;1;0.54524;1;18;0;0;1;0.54524;1;0.54524;0;0;0;0;1;1;17;0;0;0;0;0;0;0;0;0;0;0;0;00:00:00:000;00:00:00:000;;0;0;0;0;0;0;0;
2025-12-12 18:55:56;2025-12-12 18:56:29;2025-12-12 18:56:30;00:00:01;00:00:34;1;0.558594;1;19;0;0;1;0.558594;1;0.558594;0;0;0;0;1;1;18;0;0;0;0;0;0;0;0;0;0;0;0;00:00:00:000;00:00:00:000;;0;0;0;0;0;0;0;
2025-12-12 18:55:56;2025-12-12 18:56:30;2025-12-12 18:56:31;00:00:01;00:00:35;1;0.5712;1;20;0;0;1;0.5712;1;0.5712;0;0;0;0;1;1;19;0;0;0;0;0;0;0;0;0;0;0;0;00:00:00:000;00:00:00:000;;0;0;0;0;0;0;0;
2025-12-12 18:55:56;2025-12-12 18:56:31;2025-12-12 18:56:32;00:00:01;00:00:36;1;0.58309;1;21;0;0;1;0.58309;1;0.58309;0;0;0;0;1;1;20;0;0;0;0;0;0;0;0;0;0;0;0;00:00:00:000;00:00:00:000;;0;0;0;0;0;0;0;
2025-12-12 18:55:56;2025-12-12 18:56:32;2025-12-12 18:56:33;00:00:01;00:00:37;1;0.594354;1;22;0;0;1;0.594354;1;0.594354;0;0;0;0;1;1;21;0;0;0;0;0;0;0;0;0;0;0;0;00:00:00:000;00:00:00:000;;0;0;0;0;0;0;0;
2025-12-12 18:55:56;2025-12-12 18:56:33;2025-12-12 18:56:34;00:00:01;00:00:38;1;0.605024;1;23;0;0;1;0.605024;1;0.605024;0;0;0;0;1;1;22;0;0;0;0;0;0;0;0;0;0;0;0;00:00:00:000;00:00:00:000;;0;0;0;0;0;0;0;
2025-12-12 18:55:56;2025-12-12 18:56:34;2025-12-12 18:56:35;00:00:01;00:00:39;1;0.615148;1;24;0;0;1;0.615148;1;0.615148;0;0;0;0;1;1;23;0;0;0;0;0;0;0;0;0;0;0;0;00:00:00:000;00:00:00:000;;0;0;0;0;0;0;0;
2025-12-12 18:55:56;2025-12-12 18:56:35;2025-12-12 18:56:36;00:00:01;00:00:40;1;0.62475;1;25;0;0;1;0.62475;1;0.62475;0;0;0;0;1;1;24;0;0;0;0;0;0;0;0;0;0;0;0;00:00:00:000;00:00:00:000;;0;0;0;0;0;0;0;
2025-12-12 18:55:56;2025-12-12 18:56:36;2025-12-12 18:56:37;00:00:01;00:00:41;1;0.633884;1;26;0;0;1;0.633884;1;0.633884;0;0;0;0;1;1;25;0;0;0;0;0;0;0;0;0;0;0;0;00:00:00:000;00:00:00:000;;0;0;0;0;0;0;0;
2025-12-12 18:55:56;2025-12-12 18:56:37;2025-12-12 18:56:38;00:00:01;00:00:42;1;0.642597;1;27;0;0;1;0.642597;1;0.642597;0;0;0;0;1;1;26;0;0;0;0;0;0;0;0;0;0;0;0;00:00:00:000;00:00:00:000;;0;0;0;0;0;0;0;
2025-12-12 18:55:56;2025-12-12 18:56:38;2025-12-12 18:56:39;00:00:01;00:00:43;1;0.650905;1;28;0;0;1;0.650905;1;0.650905;0;0;0;0;1;1;27;0;0;0;0;0;0;0;0;0;0;0;0;00:00:00:000;00:00:00:000;;0;0;0;0;0;0;0;
2025-12-12 18:55:56;2025-12-12 18:56:39;2025-12-12 18:56:40;00:00:01;00:00:44;1;0.658821;1;29;0;0;1;0.658821;1;0.658821;0;0;0;0;1;1;28;0;0;0;0;0;0;0;0;0;0;0;0;00:00:00:000;00:00:00:000;;0;0;0;0;0;0;0;
2025-12-12 18:55:56;2025-12-12 18:56:40;2025-12-12 18:56:41;00:00:01;00:00:45;1;0.6664;1;30;0;0;1;0.6664;1;0.6664;0;0;0;0;1;1;29;0;0;0;0;0;0;0;0;0;0;0;0;00:00:00:000;00:00:00:000;;0;0;0;0;0;0;0;
2025-12-12 18:55:56;2025-12-12 18:56:41;2025-12-12 18:56:42;00:00:01;00:00:46;1;0.673635;1;31;0;0;1;0.673635;1;0.673635;0;0;0;0;1;1;30;0;0;0;0;0;0;0;0;0;0;0;0;00:00:00:000;00:00:00:000;;0;0;0;0;0;0;0;
2025-12-12 18:55:56;2025-12-12 18:56:42;2025-12-12 18:56:43;00:00:01;00:00:47;1;0.680576;1;32;0;0;1;0.680576;1;0.680576;0;0;0;0;1;1;31;0;0;0;0;0;0;0;0;0;0;0;0;00:00:00:000;00:00:00:000;;0;0;0;0;0;0;0;
2025-12-12 18:55:56;2025-12-12 18:56:43;2025-12-12 18:56:44;00:00:01;00:00:48;1;0.687214;1;33;0;0;1;0.687214;1;0.687214;0;0;0;0;1;1;32;0;0;0;0;0;0;0;0;0;0;0;0;00:00:00:000;00:00:00:000;;0;0;0;0;0;0;0;
2025-12-12 18:55:56;2025-12-12 18:56:44;2025-12-12 18:56:45;00:00:01;00:00:49;1;0.693594;1;34;0;0;1;0.693594;1;0.693594;0;0;0;0;1;1;33;0;0;0;0;0;0;0;0;0;0;0;0;00:00:00:000;00:00:00:000;;0;0;0;0;0;0;0;
2025-12-12 18:55:56;2025-12-12 18:56:45;2025-12-12 18:56:46;00:00:01;00:00:50;1;0.699706;1;35;0;0;1;0.699706;1;0.699706;0;0;0;0;1;1;34;0;0;0;0;0;0;0;0;0;0;0;0;00:00:00:000;00:00:00:000;;0;0;0;0;0;0;0;
2025-12-12 18:55:56;2025-12-12 18:56:46;2025-12-12 18:56:47;00:00:01;00:00:51;1;0.705592;1;36;0;0;1;0.705592;1;0.705592;0;0;0;0;1;1;35;0;0;0;0;0;0;0;0;0;0;0;0;00:00:00:000;00:00:00:000;;0;0;0;0;0;0;0;
2025-12-12 18:55:56;2025-12-12 18:56:47;2025-12-12 18:56:48;00:00:01;00:00:52;1;0.711238;1;37;0;0;1;0.711238;1;0.711238;0;0;0;0;1;1;36;0;0;0;0;0;0;0;0;0;0;0;0;00:00:00:000;00:00:00:000;;0;0;0;0;0;0;0;
2025-12-12 18:55:56;2025-12-12 18:56:48;2025-12-12 18:56:49;00:00:01;00:00:53;1;0.716684;1;38;0;0;1;0.716684;1;0.716684;0;0;0;0;1;1;37;0;0;0;0;0;0;0;0;0;0;0;0;00:00:00:000;00:00:00:000;;0;0;0;0;0;0;0;
2025-12-12 18:55:56;2025-12-12 18:56:49;2025-12-12 18:56:50;00:00:01;00:00:54;1;0.721928;1;39;0;0;1;0.721928;1;0.721928;0;0;0;0;1;1;38;0;0;0;0;0;0;0;0;0;0;0;0;00:00:00:000;00:00:00:000;;0;0;0;0;0;0;0;
2025-12-12 18:55:56;2025-12-12 18:56:50;2025-12-12 18:56:51;00:00:01;00:00:55;1;0.726969;1;40;0;0;1;0.726969;1;0.726969;0;0;0;0;1;1;39;0;0;0;0;0;0;0;0;0;0;0;0;00:00:00:000;00:00:00:000;;0;0;0;0;0;0;0;
2025-12-12 18:55:56;2025-12-12 18:56:51;2025-12-12 18:56:52;00:00:01;00:00:56;1;0.731842;1;41;0;0;1;0.731842;1;0.731842;0;0;0;0;1;1;40;0;0;0;0;0;0;0;0;0;0;0;0;00:00:00:000;00:00:00:000;;0;0;0;0;0;0;0;
2025-12-12 18:55:56;2025-12-12 18:56:52;2025-12-12 18:56:53;00:00:01;00:00:57;1;0.736532;1;42;0;0;1;0.736532;1;0.736532;0;0;0;0;1;1;41;0;0;0;0;0;0;0;0;0;0;0;0;00:00:00:000;00:00:00:000;;0;0;0;0;0;0;0;
2025-12-12 18:55:56;2025-12-12 18:56:53;2025-12-12 18:56:54;00:00:01;00:00:58;1;0.741073;1;43;0;0;1;0.741073;1;0.741073;0;0;0;0;1;1;42;0;0;0;0;0;0;0;0;0;0;0;0;00:00:00:000;00:00:00:000;;0;0;0;0;0;0;0;
2025-12-12 18:55:56;2025-12-12 18:56:54;2025-12-12 18:56:55;00:00:01;00:00:59;1;0.745459;1;44;0;0;1;0.745459;1;0.745459;0;0;0;0;1;1;43;0;0;0;0;0;0;0;0;0;0;0;0;00:00:00:000;00:00:00:000;;0;0;0;0;0;0;0;
2025-12-12 18:55:56;2025-12-12 18:56:55;2025-12-12 18:56:56;00:00:01;00:01:00;1;0.749688;1;45;0;0;1;0.749688;1;0.749688;0;0;0;0;1;1;44;0;0;0;0;0;0;0;0;0;0;0;0;00:00:00:000;00:00:00:000;;0;0;0;0;0;0;0;
2025-12-12 18:55:56;2025-12-12 18:56:56;2025-12-12 18:56:57;00:00:01;00:01:01;1;0.753789;1;46;0;0;1;0.753789;1;0.753789;0;0;0;0;1;1;45;0;0;0;0;0;0;0;0;0;0;0;0;00:00:00:000;00:00:00:000;;0;0;0;0;0;0;0;
2025-12-12 18:55:56;2025-12-12 18:56:57;2025-12-12 18:56:58;00:00:01;00:01:02;1;0.757759;1;47;0;0;1;0.757759;1;0.757759;0;0;0;0;1;1;46;0;0;0;0;0;0;0;0;0;0;0;0;00:00:00:000;00:00:00:000;;0;0;0;0;0;0;0;
2025-12-12 18:55:56;2025-12-12 18:56:58;2025-12-12 18:56:59;00:00:01;00:01:03;1;0.76159;1;48;0;0;1;0.76159;1;0.76159;0;0;0;0;1;1;47;0;0;0;0;0;0;0;0;0;0;0;0;00:00:00:000;00:00:00:000;;0;0;0;0;0;0;0;
2025-12-12 18:55:56;2025-12-12 18:56:59;2025-12-12 18:57:00;00:00:01;00:01:04;1;0.765314;1;49;0;0;1;0.765314;1;0.765314;0;0;0;0;1;1;48;0;0;0;0;0;0;0;0;0;0;0;0;00:00:00:000;00:00:00:000;;0;0;0;0;0;0;0;
2025-12-12 18:55:56;2025-12-12 18:57:00;2025-12-12 18:57:01;00:00:01;00:01:05;1;0.768911;1;50;0;0;1;0.768911;1;0.768911;0;0;0;0;1;1;49;0;0;0;0;0;0;0;0;0;0;0;0;00:00:00:000;00:00:00:000;;0;0;0;0;0;0;0;
2025-12-12 18:55:56;2025-12-12 18:57:01;2025-12-12 18:57:02;00:00:01;00:01:06;1;0.772411;1;51;0;0;1;0.772411;1;0.772411;0;0;0;0;1;1;50;0;0;0;0;0;0;0;0;0;0;0;0;00:00:00:000;00:00:00:000;;0;0;0;0;0;0;0;
2025-12-12 18:55:56;2025-12-12 18:57:02;2025-12-12 18:57:03;00:00:01;00:01:07;1;0.775795;1;52;0;0;1;0.775795;1;0.775795;0;0;0;0;1;1;51;0;0;0;0;0;0;0;0;0;0;0;0;00:00:00:000;00:00:00:000;;0;0;0;0;0;0;0;
2025-12-12 18:55:56;2025-12-12 18:57:03;2025-12-12 18:57:04;00:00:01;00:01:08;1;0.779091;1;53;0;0;1;0.779091;1;0.779091;0;0;0;0;1;1;52;0;0;0;0;0;0;0;0;0;0;0;0;00:00:00:000;00:00:00:000;;0;0;0;0;0;0;0;
2025-12-12 18:55:56;2025-12-12 18:57:04;2025-12-12 18:57:05;00:00:01;00:01:09;1;0.782291;1;54;0;0;1;0.782291;1;0.782291;0;0;0;0;1;1;53;0;0;0;0;0;0;0;0;0;0;0;0;00:00:00:000;00:00:00:000;;0;0;0;0;0;0;0;
2025-12-12 18:55:56;2025-12-12 18:57:05;2025-12-12 18:57:06;00:00:01;00:01:10;1;0.785389;1;55;0;0;1;0.785389;1;0.785389;0;0;0;0;1;1;54;0;0;0;0;0;0;0;0;0;0;0;0;00:00:00:000;00:00:00:000;;0;0;0;0;0;0;0;
2025-12-12 18:55:56;2025-12-12 18:57:06;2025-12-12 18:57:07;00:00:01;00:01:11;1;0.78841;1;56;0;0;1;0.78841;1;0.78841;0;0;0;0;1;1;55;0;0;0;0;0;0;0;0;0;0;0;0;00:00:00:000;00:00:00:000;;0;0;0;0;0;0;0;
2025-12-12 18:55:56;2025-12-12 18:57:07;2025-12-12 18:57:08;00:00:01;00:01:12;1;0.791348;1;57;0;0;1;0.791348;1;0.791348;0;0;0;0;1;1;56;0;0;0;0;0;0;0;0;0;0;0;0;00:00:00:000;00:00:00:000;;0;0;0;0;0;0;0;
2025-12-12 18:55:56;2025-12-12 18:57:08;2025-12-12 18:57:09;00:00:01;00:01:13;1;0.794194;1;58;0;0;1;0.794194;1;0.794194;0;0;0;0;1;1;57;0;0;0;0;0;0;0;0;0;0;0;0;00:00:00:000;00:00:00:000;;0;0;0;0;0;0;0;
2025-12-12 18:55:56;2025-12-12 18:57:09;2025-12-12 18:57:10;00:00:01;00:01:14;1;0.796963;1;59;0;0;1;0.796963;1;0.796963;0;0;0;0;1;1;58;0;0;0;0;0;0;0;0;0;0;0;0;00:00:00:000;00:00:00:000;;0;0;0;0;0;0;0;
2025-12-12 18:55:56;2025-12-12 18:57:10;2025-12-12 18:57:11;00:00:01;00:01:15;1;0.799669;1;60;0;0;1;0.799669;1;0.799669;0;0;0;0;1;1;59;0;0;0;0;0;0;0;0;0;0;0;0;00:00:00:000;00:00:00:000;;0;0;0;0;0;0;0;
2025-12-12 18:55:56;2025-12-12 18:57:11;2025-12-12 18:57:12;00:00:01;00:01:16;1;0.802294;1;61;0;0;1;0.802294;1;0.802294;0;0;0;0;1;1;60;0;0;0;0;0;0;0;0;0;0;0;0;00:00:00:000;00:00:00:000;;0;0;0;0;0;0;0;
2025-12-12 18:55:56;2025-12-12 18:57:12;2025-12-12 18:57:13;00:00:01;00:01:17;1;0.80486;1;62;0;0;1;0.80486;1;0.80486;0;0;0;0;1;1;61;0;0;0;0;0;0;0;0;0;0;0;0;00:00:00:000;00:00:00:000;;0;0;0;0;0;0;0;
2025-12-12 18:55:56;2025-12-12 18:57:13;2025-12-12 18:57:14;00:00:01;00:01:18;1;0.807351;1;63;0;0;1;0.807351;1;0.807351;0;0;0;0;1;1;62;0;0;0;0;0;0;0;0;0;0;0;0;00:00:00:000;00:00:00:000;;0;0;0;0;0;0;0;
2025-12-12 18:55:56;2025-12-12 18:57:14;2025-12-12 18:57:15;00:00:01;00:01:19;1;0.809788;1;64;0;0;1;0.809788;1;0.809788;0;0;0;0;1;1;63;0;0;0;0;0;0;0;0;0;0;0;0;00:00:00:000;00:00:00:000;;0;0;0;0;0;0;0;
2025-12-12 18:55:56;2025-12-12 18:57:15;2025-12-12 18:57:16;00:00:01;00:01:20;1;0.812155;1;65;0;0;1;0.812155;1;0.812155;0;0;0;0;1;1;64;0;0;0;0;0;0;0;0;0;0;0;0;00:00:00:000;00:00:00:000;;0;0;0;0;0;0;0;
2025-12-12 18:55:56;2025-12-12 18:57:16;2025-12-12 18:57:17;00:00:01;00:01:21;1;0.814473;1;66;0;0;1;0.814473;1;0.814473;0;0;0;0;1;1;65;0;0;0;0;0;0;0;0;0;0;0;0;00:00:00:000;00:00:00:000;;0;0;0;0;0;0;0;
2025-12-12 18:55:56;2025-12-12 18:57:17;2025-12-12 18:57:18;00:00:01;00:01:22;1;0.816725;1;67;0;0;1;0.816725;1;0.816725;0;0;0;0;1;1;66;0;0;0;0;0;0;0;0;0;0;0;0;00:00:00:000;00:00:00:000;;0;0;0;0;0;0;0;
2025-12-12 18:55:56;2025-12-12 18:57:18;2025-12-12 18:57:19;00:00:01;00:01:23;1;0.818932;1;68;0;0;1;0.818932;1;0.818932;0;0;0;0;1;1;67;0;0;0;0;0;0;0;0;0;0;0;0;00:00:00:000;00:00:00:000;;0;0;0;0;0;0;0;
2025-12-12 18:55:56;2025-12-12 18:57:19;2025-12-12 18:57:20;00:00:01;00:01:24;1;0.821086;1;69;0;0;1;0.821086;1;0.821086;0;0;0;0;1;1;68;0;0;0;0;0;0;0;0;0;0;0;0;00:00:00:000;00:00:00:000;;0;0;0;0;0;0;0;
2025-12-12 18:55:56;2025-12-12 18:57:20;2025-12-12 18:57:21;00:00:01;00:01:25;1;0.823181;1;70;0;0;1;0.823181;1;0.823181;0;0;0;0;1;1;69;0;0;0;0;0;0;0;0;0;0;0;0;00:00:00:000;00:00:00:000;;0;0;0;0;0;0;0;
2025-12-12 18:55:56;2025-12-12 18:57:21;2025-12-12 18:57:22;00:00:01;00:01:26;1;0.825226;1;71;0;0;1;0.825226;1;0.825226;0;0;0;0;1;1;70;0;0;0;0;0;0;0;0;0;0;0;0;00:00:00:000;00:00:00:000;;0;0;0;0;0;0;0;
2025-12-12 18:55:56;2025-12-12 18:57:22;2025-12-12 18:57:23;00:00:01;00:01:27;1;0.827234;1;72;0;0;1;0.827234;1;0.827234;0;0;0;0;1;1;71;0;0;0;0;0;0;0;0;0;0;0;0;00:00:00:000;00:00:00:000;;0;0;0;0;0;0;0;
2025-12-12 18:55:56;2025-12-12 18:57:23;2025-12-12 18:57:24;00:00:01;00:01:28;1;0.829187;1;73;0;0;1;0.829187;1;0.829187;0;0;0;0;1;1;72;0;0;0;0;0;0;0;0;0;0;0;0;00:00:00:000;00:00:00:000;;0;0;0;0;0;0;0;
2025-12-12 18:55:56;2025-12-12 18:57:24;2025-12-12 18:57:25;00:00:01;00:01:29;1;0.831106;1;74;0;0;1;0.831106;1;0.831106;0;0;0;0;1;1;73;0;0;0;0;0;0;0;0;0;0;0;0;00:00:00:000;00:00:00:000;;0;0;0;0;0;0;0;
2025-12-12 18:55:56;2025-12-12 18:57:25;2025-12-12 18:57:26;00:00:01;00:01:30;1;0.832972;1;75;0;0;1;0.832972;1;0.832972;0;0;0;0;1;1;74;0;0;0;0;0;0;0;0;0;0;0;0;00:00:00:000;00:00:00:000;;0;0;0;0;0;0;0;
2025-12-12 18:55:56;2025-12-12 18:57:26;2025-12-12 18:57:27;00:00:01;00:01:31;1;0.834807;1;76;0;0;1;0.834807;1;0.834807;0;0;0;0;1;1;75;0;0;0;0;0;0;0;0;0;0;0;0;00:00:00:000;00:00:00:000;;0;0;0;0;0;0;0;
2025-12-12 18:55:56;2025-12-12 18:57:27;2025-12-12 18:57:28;00:00:01;00:01:32;1;0.836602;1;77;0;0;1;0.836602;1;0.836602;0;0;0;0;1;1;76;0;0;0;0;0;0;0;0;0;0;0;0;00:00:00:000;00:00:00:000;;0;0;0;0;0;0;0;
2025-12-12 18:55:56;2025-12-12 18:57:28;2025-12-12 18:57:29;00:00:01;00:01:33;1;0.838358;1;78;0;0;1;0.838358;1;0.838358;0;0;0;0;1;1;77;0;0;0;0;0;0;0;0;0;0;0;0;00:00:00:000;00:00:00:000;;0;0;0;0;0;0;0;
2025-12-12 18:55:56;2025-12-12 18:57:29;2025-12-12 18:57:30;00:00:01;00:01:34;1;0.840068;1;79;0;0;1;0.840068;1;0.840068;0;0;0;0;1;1;78;0;0;0;0;0;0;0;0;0;0;0;0;00:00:00:000;00:00:00:000;;0;0;0;0;0;0;0;
2025-12-12 18:55:56;2025-12-12 18:57:30;2025-12-12 18:57:31;00:00:01;00:01:35;1;0.841751;1;80;0;0;1;0.841751;1;0.841751;0;0;0;0;1;1;79;0;0;0;0;0;0;0;0;0;0;0;0;00:00:00:000;00:00:00:000;;0;0;0;0;0;0;0;
2025-12-12 18:55:56;2025-12-12 18:57:31;2025-12-12 18:57:32;00:00:01;00:01:36;1;0.84339;1;81;0;0;1;0.84339;1;0.84339;0;0;0;0;1;1;80;0;0;0;0;0;0;0;0;0;0;0;0;00:00:00:000;00:00:00:000;;0;0;0;0;0;0;0;
2025-12-12 18:55:56;2025-12-12 18:57:32;2025-12-12 18:57:33;00:00:01;00:01:37;1;0.845004;1;82;0;0;1;0.845004;1;0.845004;0;0;0;0;1;1;81;0;0;0;0;0;0;0;0;0;0;0;0;00:00:00:000;00:00:00:000;;0;0;0;0;0;0;0;
2025-12-12 18:55:56;2025-12-12 18:57:33;2025-12-12 18:57:34;00:00:01;00:01:38;1;0.846585;1;83;0;0;1;0.846585;1;0.846585;0;0;0;0;1;1;82;0;0;0;0;0;0;0;0;0;0;0;0;00:00:00:000;00:00:00:000;;0;0;0;0;0;0;0;
2025-12-12 18:55:56;2025-12-12 18:57:34;2025-12-12 18:57:35;00:00:01;00:01:39;1;0.848125;1;84;0;0;1;0.848125;1;0.848125;0;0;0;0;1;1;83;0;0;0;0;0;0;0;0;0;0;0;0;00:00:00:000;00:00:00:000;;0;0;0;0;0;0;0;
2025-12-12 18:55:56;2025-12-12 18:57:35;2025-12-12 18:57:36;00:00:01;00:01:40;1;0.849643;1;85;0;0;1;0.849643;1;0.849643;0;0;0;0;1;1;84;0;0;0;0;0;0;0;0;0;0;0;0;00:00:00:000;00:00:00:000;;0;0;0;0;0;0;0;
2025-12-12 18:55:56;2025-12-12 18:57:36;2025-12-12 18:57:37;00:00:01;00:01:41;1;0.851123;1;86;0;0;1;0.851123;1;0.851123;0;0;0;0;1;1;85;0;0;0;0;0;0;0;0;0;0;0;0;00:00:00:000;00:00:00:000;;0;0;0;0;0;0;0;
2025-12-12 18:55:56;2025-12-12 18:57:37;2025-12-12 18:57:38;00:00:01;00:01:42;1;0.852582;1;87;0;0;1;0.852582;1;0.852582;0;0;0;0;1;1;86;0;0;0;0;0;0;0;0;0;0;0;0;00:00:00:000;00:00:00:000;;0;0;0;0;0;0;0;
2025-12-12 18:55:56;2025-12-12 18:57:38;2025-12-12 18:57:39;00:00:01;00:01:43;1;0.854012;1;88;0;0;1;0.854012;1;0.854012;0;0;0;0;1;1;87;0;0;0;0;0;0;0;0;0;0;0;0;00:00:00:000;00:00:00:000;;0;0;0;0;0;0;0;
2025-12-12 18:55:56;2025-12-12 18:57:39;2025-12-12 18:57:40;00:00:01;00:01:44;1;0.855407;1;89;0;0;1;0.855407;1;0.855407;0;0;0;0;1;1;88;0;0;0;0;0;0;0;0;0;0;0;0;00:00:00:000;00:00:00:000;;0;0;0;0;0;0;0;
2025-12-12 18:55:56;2025-12-12 18:57:40;2025-12-12 18:57:41;00:00:01;00:01:45;1;0.856784;1;90;0;0;1;0.856784;1;0.856784;0;0;0;0;1;1;89;0;0;0;0;0;0;0;0;0;0;0;0;00:00:00:000;00:00:00:000;;0;0;0;0;0;0;0;
2025-12-12 18:55:56;2025-12-12 18:57:41;2025-12-12 18:57:42;00:00:01;00:01:46;1;0.858126;1;91;0;0;1;0.858126;1;0.858126;0;0;0;0;1;1;90;0;0;0;0;0;0;0;0;0;0;0;0;00:00:00:000;00:00:00:000;;0;0;0;0;0;0;0;
2025-12-12 18:55:56;2025-12-12 18:57:42;2025-12-12 18:57:43;00:00:01;00:01:47;1;0.859452;1;92;0;0;1;0.859452;1;0.859452;0;0;0;0;1;1;91;0;0;0;0;0;0;0;0;0;0;0;0;00:00:00:000;00:00:00:000;;0;0;0;0;0;0;0;
2025-12-12 18:55:56;2025-12-12 18:57:43;2025-12-12 18:57:44;00:00:01;00:01:48;1;0.860752;1;93;0;0;1;0.860752;1;0.860752;0;0;0;0;1;1;92;0;0;0;0;0;0;0;0;0;0;0;0;00:00:00:000;00:00:00:000;;0;0;0;0;0;0;0;
2025-12-12 18:55:56;2025-12-12 18:57:44;2025-12-12 18:57:45;00:00:01;00:01:49;1;0.862022;1;94;0;0;1;0.862022;1;0.862022;0;0;0;0;1;1;93;0;0;0;0;0;0;0;0;0;0;0;0;00:00:00:000;00:00:00:000;;0;0;0;0;0;0;0;
2025-12-12 18:55:56;2025-12-12 18:57:45;2025-12-12 18:57:46;00:00:01;00:01:50;1;0.863275;1;95;0;0;1;0.863275;1;0.863275;0;0;0;0;1;1;94;0;0;0;0;0;0;0;0;0;0;0;0;00:00:00:000;00:00:00:000;;0;0;0;0;0;0;0;
2025-12-12 18:55:56;2025-12-12 18:57:46;2025-12-12 18:57:47;00:00:01;00:01:51;1;0.864507;1;96;0;0;1;0.864507;1;0.864507;0;0;0;0;1;1;95;0;0;0;0;0;0;0;0;0;0;0;0;00:00:00:000;00:00:00:000;;0;0;0;0;0;0;0;
2025-12-12 18:55:56;2025-12-12 18:57:47;2025-12-12 18:57:48;00:00:01;00:01:52;1;0.865708;1;97;0;0;1;0.865708;1;0.865708;0;0;0;0;1;1;96;0;0;0;0;0;0;0;0;0;0;0;0;00:00:00:000;00:00:00:000;;0;0;0;0;0;0;0;
2025-12-12 18:55:56;2025-12-12 18:57:48;2025-12-12 18:57:49;00:00:01;00:01:53;1;0.866896;1;98;0;0;1;0.866896;1;0.866896;0;0;0;0;1;1;97;0;0;0;0;0;0;0;0;0;0;0;0;00:00:00:000;00:00:00:000;;0;0;0;0;0;0;0;
2025-12-12 18:55:56;2025-12-12 18:57:49;2025-12-12 18:57:50;00:00:01;00:01:54;1;0.868063;1;99;0;0;1;0.868063;1;0.868063;0;0;0;0;1;1;98;0;0;0;0;0;0;0;0;0;0;0;0;00:00:00:000;00:00:00:000;;0;0;0;0;0;0;0;
2025-12-12 18:55:56;2025-12-12 18:57:50;2025-12-12 18:57:51;00:00:01;00:01:55;1;0.869202;1;100;0;0;1;0.869202;1;0.869202;0;0;0;0;1;1;99;0;0;0;0;0;0;0;0;0;0;0;0;00:00:00:000;00:00:00:000;;0;0;0;0;0;0;0;
2025-12-12 18:55:56;2025-12-12 18:57:51;2025-12-12 18:57:52;00:00:01;00:01:56;1;0.870329;1;101;0;0;1;0.870329;1;0.870329;0;0;0;0;1;1;100;0;0;0;0;0;0;0;0;0;0;0;0;00:00:00:000;00:00:00:000;;0;0;0;0;0;0;0;
2025-12-12 18:55:56;2025-12-12 18:57:52;2025-12-12 18:57:53;00:00:01;00:01:57;1;0.871437;1;102;0;0;1;0.871437;1;0.871437;0;0;0;0;1;1;101;0;0;0;0;0;0;0;0;0;0;0;0;00:00:00:000;00:00:00:000;;0;0;0;0;0;0;0;
2025-12-12 18:55:56;2025-12-12 18:57:53;2025-12-12 18:57:54;00:00:01;00:01:58;1;0.872519;1;103;0;0;1;0.872519;1;0.872519;0;0;0;0;1;1;102;0;0;0;0;0;0;0;0;0;0;0;0;00:00:00:000;00:00:00:000;;0;0;0;0;0;0;0;
2025-12-12 18:55:56;2025-12-12 18:57:54;2025-12-12 18:57:55;00:00:01;00:01:59;1;0.87359;1;104;0;0;1;0.87359;1;0.87359;0;0;0;0;1;1;103;0;0;0;0;0;0;0;0;0;0;0;0;00:00:00:000;00:00:00:000;;0;0;0;0;0;0;0;
2025-12-12 18:55:56;2025-12-12 18:57:55;2025-12-12 18:57:56;00:00:01;00:02:00;1;0.874636;1;105;0;0;1;0.874636;1;0.874636;0;0;0;0;1;1;104;0;0;0;0;0;0;0;0;0;0;0;0;00:00:00:000;00:00:00:000;;0;0;0;0;0;0;0;
2025-12-12 18:55:56;2025-12-12 18:57:56;2025-12-12 18:57:57;00:00:01;00:02:01;1;0.875671;1;106;0;0;1;0.875671;1;0.875671;0;0;0;0;1;1;105;0;0;0;0;0;0;0;0;0;0;0;0;00:00:00:000;00:00:00:000;;0;0;0;0;0;0;0;
2025-12-12 18:55:56;2025-12-12 18:57:57;2025-12-12 18:57:58;00:00:01;00:02:02;1;0.87669;1;107;0;0;1;0.87669;1;0.87669;0;0;0;0;1;1;106;0;0;0;0;0;0;0;0;0;0;0;0;00:00:00:000;00:00:00:000;;0;0;0;0;0;0;0;
2025-12-12 18:55:56;2025-12-12 18:57:58;2025-12-12 18:57:59;00:00:01;00:02:03;1;0.877685;1;108;0;0;1;0.877685;1;0.877685;0;0;0;0;1;1;107;0;0;0;0;0;0;0;0;0;0;0;0;00:00:00:000;00:00:00:000;;0;0;0;0;0;0;0;
2025-12-12 18:55:56;2025-12-12 18:57:59;2025-12-12 18:58:00;00:00:01;00:02:04;1;0.878671;1;109;0;0;1;0.878671;1;0.878671;0;0;0;0;1;1;108;0;0;0;0;0;0;0;0;0;0;0;0;00:00:00:000;00:00:00:000;;0;0;0;0;0;0;0;
2025-12-12 18:55:56;2025-12-12 18:58:00;2025-12-12 18:58:01;00:00:01;00:02:05;1;0.879641;1;110;0;0;1;0.879641;1;0.879641;0;0;0;0;1;1;109;0;0;0;0;0;0;0;0;0;0;0;0;00:00:00:000;00:00:00:000;;0;0;0;0;0;0;0;
2025-12-12 18:55:56;2025-12-12 18:58:01;2025-12-12 18:58:02;00:00:01;00:02:06;1;0.880589;1;111;0;0;1;0.880589;1;0.880589;0;0;0;0;1;1;110;0;0;0;0;0;0;0;0;0;0;0;0;00:00:00:000;00:00:00:000;;0;0;0;0;0;0;0;
2025-12-12 18:55:56;2025-12-12 18:58:02;2025-12-12 18:58:03;00:00:01;00:02:07;1;0.881529;1;112;0;0;1;0.881529;1;0.881529;0;0;0;0;1;1;111;0;0;0;0;0;0;0;0;0;0;0;0;00:00:00:000;00:00:00:000;;0;0;0;0;0;0;0;
2025-12-12 18:55:56;2025-12-12 18:58:03;2025-12-12 18:58:04;00:00:01;00:02:08;1;0.882454;1;113;0;0;1;0.882454;1;0.882454;0;0;0;0;1;1;112;0;0;0;0;0;0;0;0;0;0;0;0;00:00:00:000;00:00:00:000;;0;0;0;0;0;0;0;
2025-12-12 18:55:56;2025-12-12 18:58:04;2025-12-12 18:58:05;00:00:01;00:02:09;1;0.883358;1;114;0;0;1;0.883358;1;0.883358;0;0;0;0;1;1;113;0;0;0;0;0;0;0;0;0;0;0;0;00:00:00:000;00:00:00:000;;0;0;0;0;0;0;0;
2025-12-12 18:55:56;2025-12-12 18:58:05;2025-12-12 18:58:06;00:00:01;00:02:10;1;0.884248;1;115;0;0;1;0.884248;1;0.884248;0;0;0;0;1;1;114;0;0;0;0;0;0;0;0;0;0;0;0;00:00:00:000;00:00:00:000;;0;0;0;0;0;0;0;
2025-12-12 18:55:56;2025-12-12 18:58:06;2025-12-12 18:58:07;00:00:01;00:02:11;1;0.885131;1;116;0;0;1;0.885131;1;0.885131;0;0;0;0;1;1;115;0;0;0;0;0;0;0;0;0;0;0;0;00:00:00:000;00:00:00:000;;0;0;0;0;0;0;0;
2025-12-12 18:55:56;2025-12-12 18:58:07;2025-12-12 18:58:08;00:00:01;00:02:12;1;0.886001;1;117;0;0;1;0.886001;1;0.886001;0;0;0;0;1;1;116;0;0;0;0;0;0;0;0;0;0;0;0;00:00:00:000;00:00:00:000;;0;0;0;0;0;0;0;
2025-12-12 18:55:56;2025-12-12 18:58:08;2025-12-12 18:58:09;00:00:01;00:02:13;1;0.886851;1;118;0;0;1;0.886851;1;0.886851;0;0;0;0;1;1;117;0;0;0;0;0;0;0;0;0;0;0;0;00:00:00:000;00:00:00:000;;0;0;0;0;0;0;0;
2025-12-12 18:55:56;2025-12-12 18:58:09;2025-12-12 18:58:10;00:00:01;00:02:14;1;0.887695;1;119;0;0;1;0.887695;1;0.887695;0;0;0;0;1;1;118;0;0;0;0;0;0;0;0;0;0;0;0;00:00:00:000;00:00:00:000;;0;0;0;0;0;0;0;
2025-12-12 18:55:56;2025-12-12 18:58:10;2025-12-12 18:58:11;00:00:01;00:02:15;1;0.888527;1;120;0;0;1;0.888527;1;0.888527;0;0;0;0;1;1;119;0;0;0;0;0;0;0;0;0;0;0;0;00:00:00:000;00:00:00:000;;0;0;0;0;0;0;0;
2025-12-12 18:55:56;2025-12-12 18:58:11;2025-12-12 18:58:12;00:00:01;00:02:16;1;0.889346;1;121;0;0;1;0.889346;1;0.889346;0;0;0;0;1;1;120;0;0;0;0;0;0;0;0;0;0;0;0;00:00:00:000;00:00:00:000;;0;0;0;0;0;0;0;
2025-12-12 18:55:56;2025-12-12 18:58:12;2025-12-12 18:58:13;00:00:01;00:02:17;1;0.890147;1;122;0;0;1;0.890147;1;0.890147;0;0;0;0;1;1;121;0;0;0;0;0;0;0;0;0;0;0;0;00:00:00:000;00:00:00:000;;0;0;0;0;0;0;0;
2025-12-12 18:55:56;2025-12-12 18:58:13;2025-12-12 18:58:14;00:00:01;00:02:18;1;0.890943;1;123;0;0;1;0.890943;1;0.890943;0;0;0;0;1;1;122;0;0;0;0;0;0;0;0;0;0;0;0;00:00:00:000;00:00:00:000;;0;0;0;0;0;0;0;
2025-12-12 18:55:56;2025-12-12 18:58:14;2025-12-12 18:58:15;00:00:01;00:02:19;1;0.891721;1;124;0;0;1;0.891721;1;0.891721;0;0;0;0;1;1;123;0;0;0;0;0;0;0;0;0;0;0;0;00:00:00:000;00:00:00:000;;0;0;0;0;0;0;0;
2025-12-12 18:55:56;2025-12-12 18:58:15;2025-12-12 18:58:16;00:00:01;00:02:20;1;0.892494;1;125;0;0;1;0.892494;1;0.892494;0;0;0;0;1;1;124;0;0;0;0;0;0;0;0;0;0;0;0;00:00:00:000;00:00:00:000;;0;0;0;0;0;0;0;
2025-12-12 18:55:56;2025-12-12 18:58:16;2025-12-12 18:58:17;00:00:01;00:02:21;1;0.893256;1;126;0;0;1;0.893256;1;0.893256;0;0;0;0;1;1;125;0;0;0;0;0;0;0;0;0;0;0;0;00:00:00:000;00:00:00:000;;0;0;0;0;0;0;0;
2025-12-12 18:55:56;2025-12-12 18:58:17;2025-12-12 18:58:18;00:00:01;00:02:22;1;0.894001;1;127;0;0;1;0.894001;1;0.894001;0;0;0;0;1;1;126;0;0;0;0;0;0;0;0;0;0;0;0;00:00:00:000;00:00:00:000;;0;0;0;0;0;0;0;
2025-12-12 18:55:56;2025-12-12 18:58:18;2025-12-12 18:58:19;00:00:01;00:02:23;1;0.894742;1;128;0;0;1;0.894742;1;0.894742;0;0;0;0;1;1;127;0;0;0;0;0;0;0;0;0;0;0;0;00:00:00:000;00:00:00:000;;0;0;0;0;0;0;0;
2025-12-12 18:55:56;2025-12-12 18:58:19;2025-12-12 18:58:20;00:00:01;00:02:24;1;0.895473;1;129;0;0;1;0.895473;1;0.895473;0;0;0;0;1;1;128;0;0;0;0;0;0;0;0;0;0;0;0;00:00:00:000;00:00:00:000;;0;0;0;0;0;0;0;
2025-12-12 18:55:56;2025-12-12 18:58:20;2025-12-12 18:58:21;00:00:01;00:02:25;1;0.896193;1;130;0;0;1;0.896193;1;0.896193;0;0;0;0;1;1;129;0;0;0;0;0;0;0;0;0;0;0;0;00:00:00:000;00:00:00:000;;0;0;0;0;0;0;0;
2025-12-12 18:55:56;2025-12-12 18:58:21;2025-12-12 18:58:22;00:00:01;00:02:26;1;0.896898;1;131;0;0;1;0.896898;1;0.896898;0;0;0;0;1;1;130;0;0;0;0;0;0;0;0;0;0;0;0;00:00:00:000;00:00:00:000;;0;0;0;0;0;0;0;
2025-12-12 18:55:56;2025-12-12 18:58:22;2025-12-12 18:58:23;00:00:01;00:02:27;1;0.897599;1;132;0;0;1;0.897599;1;0.897599;0;0;0;0;1;1;131;0;0;0;0;0;0;0;0;0;0;0;0;00:00:00:000;00:00:00:000;;0;0;0;0;0;0;0;
2025-12-12 18:55:56;2025-12-12 18:58:23;2025-12-12 18:58:24;00:00:01;00:02:28;1;0.898291;1;133;0;0;1;0.898291;1;0.898291;0;0;0;0;1;1;132;0;0;0;0;0;0;0;0;0;0;0;0;00:00:00:000;00:00:00:000;;0;0;0;0;0;0;0;
2025-12-12 18:55:56;2025-12-12 18:58:24;2025-12-12 18:58:25;00:00:01;00:02:29;1;0.898967;1;134;0;0;1;0.898967;1;0.898967;0;0;0;0;1;1;133;0;0;0;0;0;0;0;0;0;0;0;0;00:00:00:000;00:00:00:000;;0;0;0;0;0;0;0;
2025-12-12 18:55:56;2025-12-12 18:58:25;2025-12-12 18:58:26;00:00:01;00:02:30;1;0.899634;1;135;0;0;1;0.899634;1;0.899634;0;0;0;0;1;1;134;0;0;0;0;0;0;0;0;0;0;0;0;00:00:00:000;00:00:00:000;;0;0;0;0;0;0;0;
2025-12-12 18:55:56;2025-12-12 18:58:26;2025-12-12 18:58:27;00:00:01;00:02:31;1;0.900299;1;136;0;0;1;0.900299;1;0.900299;0;0;0;0;1;1;135;0;0;0;0;0;0;0;0;0;0;0;0;00:00:00:000;00:00:00:000;;0;0;0;0;0;0;0;
2025-12-12 18:55:56;2025-12-12 18:58:27;2025-12-12 18:58:28;00:00:01;00:02:32;1;0.900954;1;137;0;0;1;0.900954;1;0.900954;0;0;0;0;1;1;136;0;0;0;0;0;0;0;0;0;0;0;0;00:00:00:000;00:00:00:000;;0;0;0;0;0;0;0;
2025-12-12 18:55:56;2025-12-12 18:58:28;2025-12-12 18:58:29;00:00:01;00:02:33;1;0.901601;1;138;0;0;1;0.901601;1;0.901601;0;0;0;0;1;1;137;0;0;0;0;0;0;0;0;0;0;0;0;00:00:00:000;00:00:00:000;;0;0;0;0;0;0;0;
2025-12-12 18:55:56;2025-12-12 18:58:29;2025-12-12 18:58:30;00:00:01;00:02:34;1;0.902234;1;139;0;0;1;0.902234;1;0.902234;0;0;0;0;1;1;138;0;0;0;0;0;0;0;0;0;0;0;0;00:00:00:000;00:00:00:000;;0;0;0;0;0;0;0;
2025-12-12 18:55:56;2025-12-12 18:58:30;2025-12-12 18:58:31;00:00:01;00:02:35;1;0.902865;1;140;0;0;1;0.902865;1;0.902865;0;0;0;0;1;1;139;0;0;0;0;0;0;0;0;0;0;0;0;00:00:00:000;00:00:00:000;;0;0;0;0;0;0;0;
2025-12-12 18:55:56;2025-12-12 18:58:31;2025-12-12 18:58:32;00:00:01;00:02:36;1;0.903481;1;141;0;0;1;0.903481;1;0.903481;0;0;0;0;1;1;140;0;0;0;0;0;0;0;0;0;0;0;0;00:00:00:000;00:00:00:000;;0;0;0;0;0;0;0;
2025-12-12 18:55:56;2025-12-12 18:58:32;2025-12-12 18:58:33;00:00:01;00:02:37;1;0.904096;1;142;0;0;1;0.904096;1;0.904096;0;0;0;0;1;1;141;0;0;0;0;0;0;0;0;0;0;0;0;00:00:00:000;00:00:00:000;;0;0;0;0;0;0;0;
2025-12-12 18:55:56;2025-12-12 18:58:33;2025-12-12 18:58:34;00:00:01;00:02:38;1;0.904703;1;143;0;0;1;0.904703;1;0.904703;0;0;0;0;1;1;142;0;0;0;0;0;0;0;0;0;0;0;0;00:00:00:000;00:00:00:000;;0;0;0;0;0;0;0;
2025-12-12 18:55:56;2025-12-12 18:58:34;2025-12-12 18:58:35;00:00:01;00:02:39;1;0.905296;1;144;0;0;1;0.905296;1;0.905296;0;0;0;0;1;1;143;0;0;0;0;0;0;0;0;0;0;0;0;00:00:00:000;00:00:00:000;;0;0;0;0;0;0;0;
2025-12-12 18:55:56;2025-12-12 18:58:35;2025-12-12 18:58:36;00:00:01;00:02:40;1;0.905888;1;145;0;0;1;0.905888;1;0.905888;0;0;0;0;1;1;144;0;0;0;0;0;0;0;0;0;0;0;0;00:00:00:000;00:00:00:000;;0;0;0;0;0;0;0;
2025-12-12 18:55:56;2025-12-12 18:58:36;2025-12-12 18:58:37;00:00:01;00:02:41;1;0.906472;1;146;0;0;1;0.906472;1;0.906472;0;0;0;0;1;1;145;0;0;0;0;0;0;0;0;0;0;0;0;00:00:00:000;00:00:00:000;;0;0;0;0;0;0;0;
2025-12-12 18:55:56;2025-12-12 18:58:37;2025-12-12 18:58:38;00:00:01;00:02:42;1;0.907043;1;147;0;0;1;0.907043;1;0.907043;0;0;0;0;1;1;146;0;0;0;0;0;0;0;0;0;0;0;0;00:00:00:000;00:00:00:000;;0;0;0;0;0;0;0;
2025-12-12 18:55:56;2025-12-12 18:58:38;2025-12-12 18:58:39;00:00:01;00:02:43;1;0.907614;1;148;0;0;1;0.907614;1;0.907614;0;0;0;0;1;1;147;0;0;0;0;0;0;0;0;0;0;0;0;00:00:00:000;00:00:00:000;;0;0;0;0;0;0;0;
2025-12-12 18:55:56;2025-12-12 18:58:39;2025-12-12 18:58:40;00:00:01;00:02:44;1;0.908177;1;149;0;0;1;0.908177;1;0.908177;0;0;0;0;1;1;148;0;0;0;0;0;0;0;0;0;0;0;0;00:00:00:000;00:00:00:000;;0;0;0;0;0;0;0;
2025-12-12 18:55:56;2025-12-12 18:58:40;2025-12-12 18:58:41;00:00:01;00:02:45;1;0.908727;1;150;0;0;1;0.908727;1;0.908727;0;0;0;0;1;1;149;0;0;0;0;0;0;0;0;0;0;0;0;00:00:00:000;00:00:00:000;;0;0;0;0;0;0;0;
2025-12-12 18:55:56;2025-12-12 18:58:41;2025-12-12 18:58:42;00:00:01;00:02:46;1;0.909277;1;151;0;0;1;0.909277;1;0.909277;0;0;0;0;1;1;150;0;0;0;0;0;0;0;0;0;0;0;0;00:00:00:000;00:00:00:000;;0;0;0;0;0;0;0;
2025-12-12 18:55:56;2025-12-12 18:58:42;2025-12-12 18:58:43;00:00:01;00:02:47;1;0.909815;1;152;0;0;1;0.909815;1;0.909815;0;0;0;0;1;1;151;0;0;0;0;0;0;0;0;0;0;0;0;00:00:00:000;00:00:00:000;;0;0;0;0;0;0;0;
2025-12-12 18:55:56;2025-12-12 18:58:43;2025-12-12 18:58:44;00:00:01;00:02:48;1;0.910351;1;153;0;0;1;0.910351;1;0.910351;0;0;0;0;1;1;152;0;0;0;0;0;0;0;0;0;0;0;0;00:00:00:000;00:00:00:000;;0;0;0;0;0;0;0;
2025-12-12 18:55:56;2025-12-12 18:58:44;2025-12-12 18:58:45;00:00:01;00:02:49;1;0.910876;1;154;0;0;1;0.910876;1;0.910876;0;0;0;0;1;1;153;0;0;0;0;0;0;0;0;0;0;0;0;00:00:00:000;00:00:00:000;;0;0;0;0;0;0;0;
2025-12-12 18:55:56;2025-12-12 18:58:45;2025-12-12 18:58:46;00:00:01;00:02:50;1;0.9114;1;155;0;0;1;0.9114;1;0.9114;0;0;0;0;1;1;154;0;0;0;0;0;0;0;0;0;0;0;0;00:00:00:000;00:00:00:000;;0;0;0;0;0;0;0;
2025-12-12 18:55:56;2025-12-12 18:58:46;2025-12-12 18:58:47;00:00:01;00:02:51;1;0.911913;1;156;0;0;1;0.911913;1;0.911913;0;0;0;0;1;1;155;0;0;0;0;0;0;0;0;0;0;0;0;00:00:00:000;00:00:00:000;;0;0;0;0;0;0;0;
2025-12-12 18:55:56;2025-12-12 18:58:47;2025-12-12 18:58:48;00:00:01;00:02:52;1;0.912425;1;157;0;0;1;0.912425;1;0.912425;0;0;0;0;1;1;156;0;0;0;0;0;0;0;0;0;0;0;0;00:00:00:000;00:00:00:000;;0;0;0;0;0;0;0;
2025-12-12 18:55:56;2025-12-12 18:58:48;2025-12-12 18:58:49;00:00:01;00:02:53;1;0.912931;1;158;0;0;1;0.912931;1;0.912931;0;0;0;0;1;1;157;0;0;0;0;0;0;0;0;0;0;0;0;00:00:00:000;00:00:00:000;;0;0;0;0;0;0;0;
2025-12-12 18:55:56;2025-12-12 18:58:49;2025-12-12 18:58:50;00:00:01;00:02:54;1;0.913426;1;159;0;0;1;0.913426;1;0.913426;0;0;0;0;1;1;158;0;0;0;0;0;0;0;0;0;0;0;0;00:00:00:000;00:00:00:000;;0;0;0;0;0;0;0;
2025-12-12 18:55:56;2025-12-12 18:58:50;2025-12-12 18:58:51;00:00:01;00:02:55;1;0.91392;1;160;0;0;1;0.91392;1;0.91392;0;0;0;0;1;1;159;0;0;0;0;0;0;0;0;0;0;0;0;00:00:00:000;00:00:00:000;;0;0;0;0;0;0;0;
2025-12-12 18:55:56;2025-12-12 18:58:51;2025-12-12 18:58:52;00:00:01;00:02:56;1;0.914409;1;161;0;0;1;0.914409;1;0.914409;0;0;0;0;1;1;160;0;0;0;0;0;0;0;0;0;0;0;0;00:00:00:000;00:00:00:000;;0;0;0;0;0;0;0;
2025-12-12 18:55:56;2025-12-12 18:58:52;2025-12-12 18:58:53;00:00:01;00:02:57;1;0.914887;1;162;0;0;1;0.914887;1;0.914887;0;0;0;0;1;1;161;0;0;0;0;0;0;0;0;0;0;0;0;00:00:00:000;00:00:00:000;;0;0;0;0;0;0;0;
2025-12-12 18:55:56;2025-12-12 18:58:53;2025-12-12 18:58:54;00:00:01;00:02:58;1;0.915365;1;163;0;0;1;0.915365;1;0.915365;0;0;0;0;1;1;162;0;0;0;0;0;0;0;0;0;0;0;0;00:00:00:000;00:00:00:000;;0;0;0;0;0;0;0;
2025-12-12 18:55:56;2025-12-12 18:58:54;2025-12-12 18:58:55;00:00:01;00:02:59;1;0.915833;1;164;0;0;1;0.915833;1;0.915833;0;0;0;0;1;1;163;0;0;0;0;0;0;0;0;0;0;0;0;00:00:00:000;00:00:00:000;;0;0;0;0;0;0;0;
2025-12-12 18:55:56;2025-12-12 18:58:55;2025-12-12 18:58:56;00:00:01;00:03:00;1;0.9163;1;165;0;0;1;0.9163;1;0.9163;0;0;0;0;1;1;164;0;0;0;0;0;0;0;0;0;0;0;0;00:00:00:000;00:00:00:000;;0;0;0;0;0;0;0;
2025-12-12 18:55:56;2025-12-12 18:58:56;2025-12-12 18:58:57;00:00:01;00:03:01;1;0.916757;1;166;0;0;1;0.916757;1;0.916757;0;0;0;0;1;1;165;0;0;0;0;0;0;0;0;0;0;0;0;00:00:00:000;00:00:00:000;;0;0;0;0;0;0;0;
2025-12-12 18:55:56;2025-12-12 18:58:57;2025-12-12 18:58:58;00:00:01;00:03:02;1;0.917215;1;167;0;0;1;0.917215;1;0.917215;0;0;0;0;1;1;166;0;0;0;0;0;0;0;0;0;0;0;0;00:00:00:000;00:00:00:000;;0;0;0;0;0;0;0;
2025-12-12 18:55:56;2025-12-12 18:58:58;2025-12-12 18:58:59;00:00:01;00:03:03;1;0.917662;1;168;0;0;1;0.917662;1;0.917662;0;0;0;0;1;1;167;0;0;0;0;0;0;0;0;0;0;0;0;00:00:00:000;00:00:00:000;;0;0;0;0;0;0;0;
2025-12-12 18:55:56;2025-12-12 18:58:59;2025-12-12 18:59:00;00:00:01;00:03:04;1;0.918109;1;169;0;0;1;0.918109;1;0.918109;0;0;0;0;1;1;168;0;0;0;0;0;0;0;0;0;0;0;0;00:00:00:000;00:00:00:000;;0;0;0;0;0;0;0;
2025-12-12 18:55:56;2025-12-12 18:59:00;2025-12-12 18:59:01;00:00:01;00:03:05;1;0.918552;1;170;0;0;1;0.918552;1;0.918552;0;0;0;0;1;1;169;0;0;0;0;0;0;0;0;0;0;0;0;00:00:00:000;00:00:00:000;;0;0;0;0;0;0;0;
2025-12-12 18:55:56;2025-12-12 18:59:01;2025-12-12 18:59:02;00:00:01;00:03:06;1;0.918984;1;171;0;0;1;0.918984;1;0.918984;0;0;0;0;1;1;170;0;0;0;0;0;0;0;0;0;0;0;0;00:00:00:000;00:00:00:000;;0;0;0;0;0;0;0;
2025-12-12 18:55:56;2025-12-12 18:59:02;2025-12-12 18:59:03;00:00:01;00:03:07;1;0.919417;1;172;0;0;1;0.919417;1;0.919417;0;0;0;0;1;1;171;0;0;0;0;0;0;0;0;0;0;0;0;00:00:00:000;00:00:00:000;;0;0;0;0;0;0;0;
2025-12-12 18:55:56;2025-12-12 18:59:03;2025-12-12 18:59:04;00:00:01;00:03:08;1;0.919841;1;173;0;0;1;0.919841;1;0.919841;0;0;0;0;1;1;172;0;0;0;0;0;0;0;0;0;0;0;0;00:00:00:000;00:00:00:000;;0;0;0;0;0;0;0;
2025-12-12 18:55:56;2025-12-12 18:59:04;2025-12-12 18:59:05;00:00:01;00:03:09;1;0.920265;1;174;0;0;1;0.920265;1;0.920265;0;0;0;0;1;1;173;0;0;0;0;0;0;0;0;0;0;0;0;00:00:00:000;00:00:00:000;;0;0;0;0;0;0;0;
2025-12-12 18:55:56;2025-12-12 18:59:05;2025-12-12 18:59:06;00:00:01;00:03:10;1;0.92068;1;175;0;0;1;0.92068;1;0.92068;0;0;0;0;1;1;174;0;0;0;0;0;0;0;0;0;0;0;0;00:00:00:000;00:00:00:000;;0;0;0;0;0;0;0;
2025-12-12 18:55:56;2025-12-12 18:59:06;2025-12-12 18:59:07;00:00:01;00:03:11;1;0.921095;1;176;0;0;1;0.921095;1;0.921095;0;0;0;0;1;1;175;0;0;0;0;0;0;0;0;0;0;0;0;00:00:00:000;00:00:00:000;;0;0;0;0;0;0;0;
2025-12-12 18:55:56;2025-12-12 18:59:07;2025-12-12 18:59:08;00:00:01;00:03:12;1;0.921505;1;177;0;0;1;0.921505;1;0.921505;0;0;0;0;1;1;176;0;0;0;0;0;0;0;0;0;0;0;0;00:00:00:000;00:00:00:000;;0;0;0;0;0;0;0;
2025-12-12 18:55:56;2025-12-12 18:59:08;2025-12-12 18:59:09;00:00:01;00:03:13;1;0.921912;1;178;0;0;1;0.921912;1;0.921912;0;0;0;0;1;1;177;0;0;0;0;0;0;0;0;0;0;0;0;00:00:00:000;00:00:00:000;;0;0;0;0;0;0;0;
2025-12-12 18:55:56;2025-12-12 18:59:09;2025-12-12 18:59:10;00:00:01;00:03:14;1;0.92231;1;179;0;0;1;0.92231;1;0.92231;0;0;0;0;1;1;178;0;0;0;0;0;0;0;0;0;0;0;0;00:00:00:000;00:00:00:000;;0;0;0;0;0;0;0;
2025-12-12 18:55:56;2025-12-12 18:59:10;2025-12-12 18:59:11;00:00:01;00:03:15;1;0.922708;1;180;0;0;1;0.922708;1;0.922708;0;0;0;0;1;1;179;0;0;0;0;0;0;0;0;0;0;0;0;00:00:00:000;00:00:00:000;;0;0;0;0;0;0;0;
2025-12-12 18:55:56;2025-12-12 18:59:11;2025-12-12 18:59:12;00:00:01;00:03:16;1;0.923102;1;181;0;0;1;0.923102;1;0.923102;0;0;0;0;1;1;180;0;0;0;0;0;0;0;0;0;0;0;0;00:00:00:000;00:00:00:000;;0;0;0;0;0;0;0;
2025-12-12 18:55:56;2025-12-12 18:59:12;2025-12-12 18:59:13;00:00:01;00:03:17;1;0.923488;1;182;0;0;1;0.923488;1;0.923488;0;0;0;0;1;1;181;0;0;0;0;0;0;0;0;0;0;0;0;00:00:00:000;00:00:00:000;;0;0;0;0;0;0;0;
2025-12-12 18:55:56;2025-12-12 18:59:13;2025-12-12 18:59:14;00:00:01;00:03:18;1;0.923874;1;183;0;0;1;0.923874;1;0.923874;0;0;0;0;1;1;182;0;0;0;0;0;0;0;0;0;0;0;0;00:00:00:000;00:00:00:000;;0;0;0;0;0;0;0;
2025-12-12 18:55:56;2025-12-12 18:59:14;2025-12-12 18:59:15;00:00:01;00:03:19;1;0.924252;1;184;0;0;1;0.924252;1;0.924252;0;0;0;0;1;1;183;0;0;0;0;0;0;0;0;0;0;0;0;00:00:00:000;00:00:00:000;;0;0;0;0;0;0;0;
2025-12-12 18:55:56;2025-12-12 18:59:15;2025-12-12 18:59:16;00:00:01;00:03:20;1;0.92463;1;185;0;0;1;0.92463;1;0.92463;0;0;0;0;1;1;184;0;0;0;0;0;0;0;0;0;0;0;0;00:00:00:000;00:00:00:000;;0;0;0;0;0;0;0;
2025-12-12 18:55:56;2025-12-12 18:59:16;2025-12-12 18:59:17;00:00:01;00:03:21;1;0.925005;1;186;0;0;1;0.925005;1;0.925005;0;0;0;0;1;1;185;0;0;0;0;0;0;0;0;0;0;0;0;00:00:00:000;00:00:00:000;;0;0;0;0;0;0;0;
2025-12-12 18:55:56;2025-12-12 18:59:17;2025-12-12 18:59:18;00:00:01;00:03:22;1;0.925372;1;187;0;0;1;0.925372;1;0.925372;0;0;0;0;1;1;186;0;0;0;0;0;0;0;0;0;0;0;0;00:00:00:000;00:00:00:000;;0;0;0;0;0;0;0;
2025-12-12 18:55:56;2025-12-12 18:59:18;2025-12-12 18:59:19;00:00:01;00:03:23;1;0.925739;1;188;0;0;1;0.925739;1;0.925739;0;0;0;0;1;1;187;0;0;0;0;0;0;0;0;0;0;0;0;00:00:00:000;00:00:00:000;;0;0;0;0;0;0;0;
2025-12-12 18:55:56;2025-12-12 18:59:19;2025-12-12 18:59:20;00:00:01;00:03:24;1;0.926103;1;189;0;0;1;0.926103;1;0.926103;0;0;0;0;1;1;188;0;0;0;0;0;0;0;0;0;0;0;0;00:00:00:000;00:00:00:000;;0;0;0;0;0;0;0;
2025-12-12 18:55:56;2025-12-12 18:59:20;2025-12-12 18:59:21;00:00:01;00:03:25;1;0.926459;1;190;0;0;1;0.926459;1;0.926459;0;0;0;0;1;1;189;0;0;0;0;0;0;0;0;0;0;0;0;00:00:00:000;00:00:00:000;;0;0;0;0;0;0;0;
2025-12-12 18:55:56;2025-12-12 18:59:21;2025-12-12 18:59:22;00:00:01;00:03:26;1;0.926816;1;191;0;0;1;0.926816;1;0.926816;0;0;0;0;1;1;190;0;0;0;0;0;0;0;0;0;0;0;0;00:00:00:000;00:00:00:000;;0;0;0;0;0;0;0;
2025-12-12 18:55:56;2025-12-12 18:59:22;2025-12-12 18:59:23;00:00:01;00:03:27;1;0.927169;1;192;0;0;1;0.927169;1;0.927169;0;0;0;0;1;1;191;0;0;0;0;0;0;0;0;0;0;0;0;00:00:00:000;00:00:00:000;;0;0;0;0;0;0;0;
2025-12-12 18:55:56;2025-12-12 18:59:23;2025-12-12 18:59:24;00:00:01;00:03:28;1;0.927519;1;193;0;0;1;0.927519;1;0.927519;0;0;0;0;1;1;192;0;0;0;0;0;0;0;0;0;0;0;0;00:00:00:000;00:00:00:000;;0;0;0;0;0;0;0;
2025-12-12 18:55:56;2025-12-12 18:59:24;2025-12-12 18:59:25;00:00:01;00:03:29;1;0.927861;1;194;0;0;1;0.927861;1;0.927861;0;0;0;0;1;1;193;0;0;0;0;0;0;0;0;0;0;0;0;00:00:00:000;00:00:00:000;;0;0;0;0;0;0;0;
2025-12-12 18:55:56;2025-12-12 18:59:25;2025-12-12 18:59:26;00:00:01;00:03:30;1;0.928205;1;195;0;0;1;0.928205;1;0.928205;0;0;0;0;1;1;194;0;0;0;0;0;0;0;0;0;0;0;0;00:00:00:000;00:00:00:000;;0;0;0;0;0;0;0;
2025-12-12 18:55:56;2025-12-12 18:59:26;2025-12-12 18:59:27;00:00:01;00:03:31;1;0.928545;1;196;0;0;1;0.928545;1;0.928545;0;0;0;0;1;1;195;0;0;0;0;0;0;0;0;0;0;0;0;00:00:00:000;00:00:00:000;;0;0;0;0;0;0;0;
2025-12-12 18:55:56;2025-12-12 18:59:27;2025-12-12 18:59:28;00:00:01;00:03:32;1;0.928882;1;197;0;0;1;0.928882;1;0.928882;0;0;0;0;1;1;196;0;0;0;0;0;0;0;0;0;0;0;0;00:00:00:000;00:00:00:000;;0;0;0;0;0;0;0;
2025-12-12 18:55:56;2025-12-12 18:59:28;2025-12-12 18:59:29;00:00:01;00:03:33;1;0.929211;1;198;0;0;1;0.929211;1;0.929211;0;0;0;0;1;1;197;0;0;0;0;0;0;0;0;0;0;0;0;00:00:00:000;00:00:00:000;;0;0;0;0;0;0;0;
2025-12-12 18:55:56;2025-12-12 18:59:29;2025-12-12 18:59:30;00:00:01;00:03:34;1;0.929542;1;199;0;0;1;0.929542;1;0.929542;0;0;0;0;1;1;198;0;0;0;0;0;0;0;0;0;0;0;0;00:00:00:000;00:00:00:000;;0;0;0;0;0;0;0;
2025-12-12 18:55:56;2025-12-12 18:59:30;2025-12-12 18:59:31;00:00:01;00:03:35;1;0.929865;1;200;0;0;1;0.929865;1;0.929865;0;0;0;0;1;1;199;0;0;0;0;0;0;0;0;0;0;0;0;00:00:00:000;00:00:00:000;;0;0;0;0;0;0;0;
2025-12-12 18:55:56;2025-12-12 18:59:31;2025-12-12 18:59:32;00:00:01;00:03:36;1;0.930189;1;201;0;0;1;0.930189;1;0.930189;0;0;0;0;1;1;200;0;0;0;0;0;0;0;0;0;0;0;0;00:00:00:000;00:00:00:000;;0;0;0;0;0;0;0;
2025-12-12 18:55:56;2025-12-12 18:59:32;2025-12-12 18:59:33;00:00:01;00:03:37;1;0.930511;1;202;0;0;1;0.930511;1;0.930511;0;0;0;0;1;1;201;0;0;0;0;0;0;0;0;0;0;0;0;00:00:00:000;00:00:00:000;;0;0;0;0;0;0;0;
2025-12-12 18:55:56;2025-12-12 18:59:33;2025-12-12 18:59:34;00:00:01;00:03:38;1;0.930825;1;203;0;0;1;0.930825;1;0.930825;0;0;0;0;1;1;202;0;0;0;0;0;0;0;0;0;0;0;0;00:00:00:000;00:00:00:000;;0;0;0;0;0;0;0;
2025-12-12 18:55:56;2025-12-12 18:59:34;2025-12-12 18:59:35;00:00:01;00:03:39;1;0.931141;1;204;0;0;1;0.931141;1;0.931141;0;0;0;0;1;1;203;0;0;0;0;0;0;0;0;0;0;0;0;00:00:00:000;00:00:00:000;;0;0;0;0;0;0;0;
2025-12-12 18:55:56;2025-12-12 18:59:35;2025-12-12 18:59:36;00:00:01;00:03:40;1;0.93145;1;205;0;0;1;0.93145;1;0.93145;0;0;0;0;1;1;204;0;0;0;0;0;0;0;0;0;0;0;0;00:00:00:000;00:00:00:000;;0;0;0;0;0;0;0;
2025-12-12 18:55:56;2025-12-12 18:59:36;2025-12-12 18:59:37;00:00:01;00:03:41;1;0.93176;1;206;0;0;1;0.93176;1;0.93176;0;0;0;0;1;1;205;0;0;0;0;0;0;0;0;0;0;0;0;00:00:00:000;00:00:00:000;;0;0;0;0;0;0;0;
2025-12-12 18:55:56;2025-12-12 18:59:37;2025-12-12 18:59:38;00:00:01;00:03:42;1;0.932067;1;207;0;0;1;0.932067;1;0.932067;0;0;0;0;1;1;206;0;0;0;0;0;0;0;0;0;0;0;0;00:00:00:000;00:00:00:000;;0;0;0;0;0;0;0;
2025-12-12 18:55:56;2025-12-12 18:59:38;2025-12-12 18:59:39;00:00:01;00:03:43;1;0.932368;1;208;0;0;1;0.932368;1;0.932368;0;0;0;0;1;1;207;0;0;0;0;0;0;0;0;0;0;0;0;00:00:00:000;00:00:00:000;;0;0;0;0;0;0;0;
2025-12-12 18:55:56;2025-12-12 18:59:39;2025-12-12 18:59:40;00:00:01;00:03:44;1;0.932669;1;209;0;0;1;0.932669;1;0.932669;0;0;0;0;1;1;208;0;0;0;0;0;0;0;0;0;0;0;0;00:00:00:000;00:00:00:000;;0;0;0;0;0;0;0;
2025-12-12 18:55:56;2025-12-12 18:59:40;2025-12-12 18:59:41;00:00:01;00:03:45;1;0.932968;1;210;0;0;1;0.932968;1;0.932968;0;0;0;0;1;1;209;0;0;0;0;0;0;0;0;0;0;0;0;00:00:00:000;00:00:00:000;;0;0;0;0;0;0;0;
2025-12-12 18:55:56;2025-12-12 18:59:41;2025-12-12 18:59:42;00:00:01;00:03:46;1;0.933261;1;211;0;0;1;0.933261;1;0.933261;0;0;0;0;1;1;210;0;0;0;0;0;0;0;0;0;0;0;0;00:00:00:000;00:00:00:000;;0;0;0;0;0;0;0;
2025-12-12 18:55:56;2025-12-12 18:59:42;2025-12-12 18:59:43;00:00:01;00:03:47;1;0.933555;1;212;0;0;1;0.933555;1;0.933555;0;0;0;0;1;1;211;0;0;0;0;0;0;0;0;0;0;0;0;00:00:00:000;00:00:00:000;;0;0;0;0;0;0;0;
2025-12-12 18:55:56;2025-12-12 18:59:43;2025-12-12 18:59:44;00:00:01;00:03:48;1;0.933846;1;213;0;0;1;0.933846;1;0.933846;0;0;0;0;1;1;212;0;0;0;0;0;0;0;0;0;0;0;0;00:00:00:000;00:00:00:000;;0;0;0;0;0;0;0;
2025-12-12 18:55:56;2025-12-12 18:59:44;2025-12-12 18:59:45;00:00:01;00:03:49;1;0.934131;1;214;0;0;1;0.934131;1;0.934131;0;0;0;0;1;1;213;0;0;0;0;0;0;0;0;0;0;0;0;00:00:00:000;00:00:00:000;;0;0;0;0;0;0;0;
2025-12-12 18:55:56;2025-12-12 18:59:45;2025-12-12 18:59:46;00:00:01;00:03:50;1;0.934417;1;215;0;0;1;0.934417;1;0.934417;0;0;0;0;1;1;214;0;0;0;0;0;0;0;0;0;0;0;0;00:00:00:000;00:00:00:000;;0;0;0;0;0;0;0;
2025-12-12 18:55:56;2025-12-12 18:59:46;2025-12-12 18:59:47;00:00:01;00:03:51;1;0.934697;1;216;0;0;1;0.934697;1;0.934697;0;0;0;0;1;1;215;0;0;0;0;0;0;0;0;0;0;0;0;00:00:00:000;00:00:00:000;;0;0;0;0;0;0;0;
2025-12-12 18:55:56;2025-12-12 18:59:47;2025-12-12 18:59:48;00:00:01;00:03:52;1;0.934978;1;217;0;0;1;0.934978;1;0.934978;0;0;0;0;1;1;216;0;0;0;0;0;0;0;0;0;0;0;0;00:00:00:000;00:00:00:000;;0;0;0;0;0;0;0;
2025-12-12 18:55:56;2025-12-12 18:59:48;2025-12-12 18:59:49;00:00:01;00:03:53;1;0.935257;1;218;0;0;1;0.935257;1;0.935257;0;0;0;0;1;1;217;0;0;0;0;0;0;0;0;0;0;0;0;00:00:00:000;00:00:00:000;;0;0;0;0;0;0;0;
2025-12-12 18:55:56;2025-12-12 18:59:49;2025-12-12 18:59:50;00:00:01;00:03:54;1;0.935534;1;219;0;0;1;0.935534;1;0.935534;0;0;0;0;1;1;218;0;0;0;0;0;0;0;0;0;0;0;0;00:00:00:000;00:00:00:000;;0;0;0;0;0;0;0;
2025-12-12 18:55:56;2025-12-12 18:59:50;2025-12-12 18:59:51;00:00:01;00:03:55;1;0.935804;1;220;0;0;1;0.935804;1;0.935804;0;0;0;0;1;1;219;0;0;0;0;0;0;0;0;0;0;0;0;00:00:00:000;00:00:00:000;;0;0;0;0;0;0;0;
2025-12-12 18:55:56;2025-12-12 18:59:51;2025-12-12 18:59:52;00:00:01;00:03:56;1;0.936076;1;221;0;0;1;0.936076;1;0.936076;0;0;0;0;1;1;220;0;0;0;0;0;0;0;0;0;0;0;0;00:00:00:000;00:00:00:000;;0;0;0;0;0;0;0;
2025-12-12 18:55:56;2025-12-12 18:59:52;2025-12-12 18:59:53;00:00:01;00:03:57;1;0.936341;1;222;0;0;1;0.936341;1;0.936341;0;0;0;0;1;1;221;0;0;0;0;0;0;0;0;0;0;0;0;00:00:00:000;00:00:00:000;;0;0;0;0;0;0;0;
2025-12-12 18:55:56;2025-12-12 18:59:53;2025-12-12 18:59:54;00:00:01;00:03:58;1;0.936605;1;223;0;0;1;0.936605;1;0.936605;0;0;0;0;1;1;222;0;0;0;0;0;0;0;0;0;0;0;0;00:00:00:000;00:00:00:000;;0;0;0;0;0;0;0;
2025-12-12 18:55:56;2025-12-12 18:59:54;2025-12-12 18:59:55;00:00:01;00:03:59;1;0.93687;1;224;0;0;1;0.93687;1;0.93687;0;0;0;0;1;1;223;0;0;0;0;0;0;0;0;0;0;0;0;00:00:00:000;00:00:00:000;;0;0;0;0;0;0;0;
2025-12-12 18:55:56;2025-12-12 18:59:55;2025-12-12 18:59:56;00:00:01;00:04:00;1;0.937133;1;225;0;0;1;0.937133;1;0.937133;0;0;0;0;1;1;224;0;0;0;0;0;0;0;0;0;0;0;0;00:00:00:000;00:00:00:000;;0;0;0;0;0;0;0;
2025-12-12 18:55:56;2025-12-12 18:59:56;2025-12-12 18:59:57;00:00:01;00:04:01;1;0.93739;1;226;0;0;1;0.93739;1;0.93739;0;0;0;0;1;1;225;0;0;0;0;0;0;0;0;0;0;0;0;00:00:00:000;00:00:00:000;;0;0;0;0;0;0;0;
2025-12-12 18:55:56;2025-12-12 18:59:57;2025-12-12 18:59:58;00:00:01;00:04:02;1;0.937648;1;227;0;0;1;0.937648;1;0.937648;0;0;0;0;1;1;226;0;0;0;0;0;0;0;0;0;0;0;0;00:00:00:000;00:00:00:000;;0;0;0;0;0;0;0;
2025-12-12 18:55:56;2025-12-12 18:59:58;2025-12-12 18:59:59;00:00:01;00:04:03;1;0.937901;1;228;0;0;1;0.937901;1;0.937901;0;0;0;0;1;1;227;0;0;0;0;0;0;0;0;0;0;0;0;00:00:00:000;00:00:00:000;;0;0;0;0;0;0;0;
2025-12-12 18:55:56;2025-12-12 18:59:59;2025-12-12 19:00:00;00:00:01;00:04:04;1;0.938155;1;229;0;0;1;0.938155;1;0.938155;0;0;0;0;1;1;228;0;0;0;0;0;0;0;0;0;0;0;0;00:00:00:000;00:00:00:000;;0;0;0;0;0;0;0;
2025-12-12 18:55:56;2025-12-12 19:00:00;2025-12-12 19:00:01;00:00:01;00:04:05;1;0.938404;1;230;0;0;1;0.938404;1;0.938404;0;0;0;0;1;1;229;0;0;0;0;0;0;0;0;0;0;0;0;00:00:00:000;00:00:00:000;;0;0;0;0;0;0;0;
2025-12-12 18:55:56;2025-12-12 19:00:01;2025-12-12 19:00:02;00:00:01;00:04:06;1;0.938654;1;231;0;0;1;0.938654;1;0.938654;0;0;0;0;1;1;230;0;0;0;0;0;0;0;0;0;0;0;0;00:00:00:000;00:00:00:000;;0;0;0;0;0;0;0;
2025-12-12 18:55:56;2025-12-12 19:00:02;2025-12-12 19:00:03;00:00:01;00:04:07;1;0.938903;1;232;0;0;1;0.938903;1;0.938903;0;0;0;0;1;1;231;0;0;0;0;0;0;0;0;0;0;0;0;00:00:00:000;00:00:00:000;;0;0;0;0;0;0;0;
2025-12-12 18:55:56;2025-12-12 19:00:03;2025-12-12 19:00:04;00:00:01;00:04:08;1;0.939145;1;233;0;0;1;0.939145;1;0.939145;0;0;0;0;1;1;232;0;0;0;0;0;0;0;0;0;0;0;0;00:00:00:000;00:00:00:000;;0;0;0;0;0;0;0;
2025-12-12 18:55:56;2025-12-12 19:00:04;2025-12-12 19:00:05;00:00:01;00:04:09;1;0.939386;1;234;0;0;1;0.939386;1;0.939386;0;0;0;0;1;1;233;0;0;0;0;0;0;0;0;0;0;0;0;00:00:00:000;00:00:00:000;;0;0;0;0;0;0;0;
2025-12-12 18:55:56;2025-12-12 19:00:05;2025-12-12 19:00:06;00:00:01;00:04:10;1;0.939628;1;235;0;0;1;0.939628;1;0.939628;0;0;0;0;1;1;234;0;0;0;0;0;0;0;0;0;0;0;0;00:00:00:000;00:00:00:000;;0;0;0;0;0;0;0;
2025-12-12 18:55:56;2025-12-12 19:00:06;2025-12-12 19:00:07;00:00:01;00:04:11;1;0.939868;1;236;0;0;1;0.939868;1;0.939868;0;0;0;0;1;1;235;0;0;0;0;0;0;0;0;0;0;0;0;00:00:00:000;00:00:00:000;;0;0;0;0;0;0;0;
2025-12-12 18:55:56;2025-12-12 19:00:07;2025-12-12 19:00:08;00:00:01;00:04:12;1;0.940103;1;237;0;0;1;0.940103;1;0.940103;0;0;0;0;1;1;236;0;0;0;0;0;0;0;0;0;0;0;0;00:00:00:000;00:00:00:000;;0;0;0;0;0;0;0;
2025-12-12 18:55:56;2025-12-12 19:00:08;2025-12-12 19:00:09;00:00:01;00:04:13;1;0.94034;1;238;0;0;1;0.94034;1;0.94034;0;0;0;0;1;1;237;0;0;0;0;0;0;0;0;0;0;0;0;00:00:00:000;00:00:00:000;;0;0;0;0;0;0;0;
2025-12-12 18:55:56;2025-12-12 19:00:09;2025-12-12 19:00:10;00:00:01;00:04:14;1;0.940571;1;239;0;0;1;0.940571;1;0.940571;0;0;0;0;1;1;238;0;0;0;0;0;0;0;0;0;0;0;0;00:00:00:000;00:00:00:000;;0;0;0;0;0;0;0;
2025-12-12 18:55:56;2025-12-12 19:00:10;2025-12-12 19:00:11;00:00:01;00:04:15;1;0.940804;1;240;0;0;1;0.940804;1;0.940804;0;0;0;0;1;1;239;0;0;0;0;0;0;0;0;0;0;0;0;00:00:00:000;00:00:00:000;;0;0;0;0;0;0;0;
2025-12-12 18:55:56;2025-12-12 19:00:11;2025-12-12 19:00:12;00:00:01;00:04:16;1;0.941035;1;241;0;0;1;0.941035;1;0.941035;0;0;0;0;1;1;240;0;0;0;0;0;0;0;0;0;0;0;0;00:00:00:000;00:00:00:000;;0;0;0;0;0;0;0;
2025-12-12 18:55:56;2025-12-12 19:00:12;2025-12-12 19:00:13;00:00:01;00:04:17;1;0.941261;1;242;0;0;1;0.941261;1;0.941261;0;0;0;0;1;1;241;0;0;0;0;0;0;0;0;0;0;0;0;00:00:00:000;00:00:00:000;;0;0;0;0;0;0;0;
2025-12-12 18:55:56;2025-12-12 19:00:13;2025-12-12 19:00:14;00:00:01;00:04:18;1;0.941488;1;243;0;0;1;0.941488;1;0.941488;0;0;0;0;1;1;242;0;0;0;0;0;0;0;0;0;0;0;0;00:00:00:000;00:00:00:000;;0;0;0;0;0;0;0;
2025-12-12 18:55:56;2025-12-12 19:00:14;2025-12-12 19:00:15;00:00:01;00:04:19;1;0.941714;1;244;0;0;1;0.941714;1;0.941714;0;0;0;0;1;1;243;0;0;0;0;0;0;0;0;0;0;0;0;00:00:00:000;00:00:00:000;;0;0;0;0;0;0;0;
2025-12-12 18:55:56;2025-12-12 19:00:15;2025-12-12 19:00:16;00:00:01;00:04:20;1;0.941935;1;245;0;0;1;0.941935;1;0.941935;0;0;0;0;1;1;244;0;0;0;0;0;0;0;0;0;0;0;0;00:00:00:000;00:00:00:000;;0;0;0;0;0;0;0;
2025-12-12 18:55:56;2025-12-12 19:00:16;2025-12-12 19:00:17;00:00:01;00:04:21;1;0.942157;1;246;0;0;1;0.942157;1;0.942157;0;0;0;0;1;1;245;0;0;0;0;0;0;0;0;0;0;0;0;00:00:00:000;00:00:00:000;;0;0;0;0;0;0;0;
2025-12-12 18:55:56;2025-12-12 19:00:17;2025-12-12 19:00:18;00:00:01;00:04:22;1;0.942378;1;247;0;0;1;0.942378;1;0.942378;0;0;0;0;1;1;246;0;0;0;0;0;0;0;0;0;0;0;0;00:00:00:000;00:00:00:000;;0;0;0;0;0;0;0;
2025-12-12 18:55:56;2025-12-12 19:00:18;2025-12-12 19:00:19;00:00:01;00:04:23;1;0.942593;1;248;0;0;1;0.942593;1;0.942593;0;0;0;0;1;1;247;0;0;0;0;0;0;0;0;0;0;0;0;00:00:00:000;00:00:00:000;;0;0;0;0;0;0;0;
2025-12-12 18:55:56;2025-12-12 19:00:19;2025-12-12 19:00:20;00:00:01;00:04:24;1;0.94281;1;249;0;0;1;0.94281;1;0.94281;0;0;0;0;1;1;248;0;0;0;0;0;0;0;0;0;0;0;0;00:00:00:000;00:00:00:000;;0;0;0;0;0;0;0;
2025-12-12 18:55:56;2025-12-12 19:00:20;2025-12-12 19:00:21;00:00:01;00:04:25;1;0.943023;1;250;0;0;1;0.943023;1;0.943023;0;0;0;0;1;1;249;0;0;0;0;0;0;0;0;0;0;0;0;00:00:00:000;00:00:00:000;;0;0;0;0;0;0;0;
2025-12-12 18:55:56;2025-12-12 19:00:21;2025-12-12 19:00:22;00:00:01;00:04:26;1;0.943237;1;251;0;0;1;0.943237;1;0.943237;0;0;0;0;1;1;250;0;0;0;0;0;0;0;0;0;0;0;0;00:00:00:000;00:00:00:000;;0;0;0;0;0;0;0;
2025-12-12 18:55:56;2025-12-12 19:00:22;2025-12-12 19:00:23;00:00:01;00:04:27;1;0.943449;1;252;0;0;1;0.943449;1;0.943449;0;0;0;0;1;1;251;0;0;0;0;0;0;0;0;0;0;0;0;00:00:00:000;00:00:00:000;;0;0;0;0;0;0;0;
2025-12-12 18:55:56;2025-12-12 19:00:23;2025-12-12 19:00:24;00:00:01;00:04:28;1;0.94366;1;253;0;0;1;0.94366;1;0.94366;0;0;0;0;1;1;252;0;0;0;0;0;0;0;0;0;0;0;0;00:00:00:000;00:00:00:000;;0;0;0;0;0;0;0;
2025-12-12 18:55:56;2025-12-12 19:00:24;2025-12-12 19:00:25;00:00:01;00:04:29;1;0.943866;1;254;0;0;1;0.943866;1;0.943866;0;0;0;0;1;1;253;0;0;0;0;0;0;0;0;0;0;0;0;00:00:00:000;00:00:00:000;;0;0;0;0;0;0;0;
2025-12-12 18:55:56;2025-12-12 19:00:25;2025-12-12 19:00:26;00:00:01;00:04:30;1;0.944074;1;255;0;0;1;0.944074;1;0.944074;0;0;0;0;1;1;254;0;0;0;0;0;0;0;0;0;0;0;0;00:00:00:000;00:00:00:000;;0;0;0;0;0;0;0;
2025-12-12 18:55:56;2025-12-12 19:00:26;2025-12-12 19:00:27;00:00:01;00:04:31;1;0.944277;1;256;0;0;1;0.944277;1;0.944277;0;0;0;0;1;1;255;0;0;0;0;0;0;0;0;0;0;0;0;00:00:00:000;00:00:00:000;;0;0;0;0;0;0;0;
2025-12-12 18:55:56;2025-12-12 19:00:27;2025-12-12 19:00:28;00:00:01;00:04:32;1;0.944481;1;257;0;0;1;0.944481;1;0.944481;0;0;0;0;1;1;256;0;0;0;0;0;0;0;0;0;0;0;0;00:00:00:000;00:00:00:000;;0;0;0;0;0;0;0;
2025-12-12 18:55:56;2025-12-12 19:00:28;2025-12-12 19:00:29;00:00:01;00:04:33;1;0.944681;1;258;0;0;1;0.944681;1;0.944681;0;0;0;0;1;1;257;0;0;0;0;0;0;0;0;0;0;0;0;00:00:00:000;00:00:00:000;;0;0;0;0;0;0;0;
2025-12-12 18:55:56;2025-12-12 19:00:29;2025-12-12 19:00:30;00:00:01;00:04:34;1;0.94488;1;259;0;0;1;0.94488;1;0.94488;0;0;0;0;1;1;258;0;0;0;0;0;0;0;0;0;0;0;0;00:00:00:000;00:00:00:000;;0;0;0;0;0;0;0;
2025-12-12 18:55:56;2025-12-12 19:00:30;2025-12-12 19:00:31;00:00:01;00:04:35;1;0.94508;1;260;0;0;1;0.94508;1;0.94508;0;0;0;0;1;1;259;0;0;0;0;0;0;0;0;0;0;0;0;00:00:00:000;00:00:00:000;;0;0;0;0;0;0;0;
2025-12-12 18:55:56;2025-12-12 19:00:31;2025-12-12 19:00:32;00:00:01;00:04:36;1;0.945279;1;261;0;0;1;0.945279;1;0.945279;0;0;0;0;1;1;260;0;0;0;0;0;0;0;0;0;0;0;0;00:00:00:000;00:00:00:000;;0;0;0;0;0;0;0;
2025-12-12 18:55:56;2025-12-12 19:00:32;2025-12-12 19:00:33;00:00:01;00:04:37;1;0.945473;1;262;0;0;1;0.945473;1;0.945473;0;0;0;0;1;1;261;0;0;0;0;0;0;0;0;0;0;0;0;00:00:00:000;00:00:00:000;;0;0;0;0;0;0;0;
2025-12-12 18:55:56;2025-12-12 19:00:33;2025-12-12 19:00:34;00:00:01;00:04:38;1;0.945669;1;263;0;0;1;0.945669;1;0.945669;0;0;0;0;1;1;262;0;0;0;0;0;0;0;0;0;0;0;0;00:00:00:000;00:00:00:000;;0;0;0;0;0;0;0;
2025-12-12 18:55:56;2025-12-12 19:00:34;2025-12-12 19:00:35;00:00:01;00:04:39;1;0.94586;1;264;0;0;1;0.94586;1;0.94586;0;0;0;0;1;1;263;0;0;0;0;0;0;0;0;0;0;0;0;00:00:00:000;00:00:00:000;;0;0;0;0;0;0;0;
2025-12-12 18:55:56;2025-12-12 19:00:35;2025-12-12 19:00:36;00:00:01;00:04:40;1;0.946054;1;265;0;0;1;0.946054;1;0.946054;0;0;0;0;1;1;264;0;0;0;0;0;0;0;0;0;0;0;0;00:00:00:000;00:00:00:000;;0;0;0;0;0;0;0;
2025-12-12 18:55:56;2025-12-12 19:00:36;2025-12-12 19:00:37;00:00:01;00:04:41;1;0.946245;1;266;0;0;1;0.946245;1;0.946245;0;0;0;0;1;1;265;0;0;0;0;0;0;0;0;0;0;0;0;00:00:00:000;00:00:00:000;;0;0;0;0;0;0;0;
2025-12-12 18:55:56;2025-12-12 19:00:37;2025-12-12 19:00:38;00:00:01;00:04:42;1;0.946433;1;267;0;0;1;0.946433;1;0.946433;0;0;0;0;1;1;266;0;0;0;0;0;0;0;0;0;0;0;0;00:00:00:000;00:00:00:000;;0;0;0;0;0;0;0;
2025-12-12 18:55:56;2025-12-12 19:00:38;2025-12-12 19:00:39;00:00:01;00:04:43;1;0.946622;1;268;0;0;1;0.946622;1;0.946622;0;0;0;0;1;1;267;0;0;0;0;0;0;0;0;0;0;0;0;00:00:00:000;00:00:00:000;;0;0;0;0;0;0;0;
2025-12-12 18:55:56;2025-12-12 19:00:39;2025-12-12 19:00:40;00:00:01;00:04:44;1;0.946806;1;269;0;0;1;0.946806;1;0.946806;0;0;0;0;1;1;268;0;0;0;0;0;0;0;0;0;0;0;0;00:00:00:000;00:00:00:000;;0;0;0;0;0;0;0;
2025-12-12 18:55:56;2025-12-12 19:00:40;2025-12-12 19:00:41;00:00:01;00:04:45;1;0.946993;1;270;0;0;1;0.946993;1;0.946993;0;0;0;0;1;1;269;0;0;0;0;0;0;0;0;0;0;0;0;00:00:00:000;00:00:00:000;;0;0;0;0;0;0;0;
2025-12-12 18:55:56;2025-12-12 19:00:41;2025-12-12 19:00:42;00:00:01;00:04:46;1;0.947175;1;271;0;0;1;0.947175;1;0.947175;0;0;0;0;1;1;270;0;0;0;0;0;0;0;0;0;0;0;0;00:00:00:000;00:00:00:000;;0;0;0;0;0;0;0;
2025-12-12 18:55:56;2025-12-12 19:00:42;2025-12-12 19:00:43;00:00:01;00:04:47;1;0.947359;1;272;0;0;1;0.947359;1;0.947359;0;0;0;0;1;1;271;0;0;0;0;0;0;0;0;0;0;0;0;00:00:00:000;00:00:00:000;;0;0;0;0;0;0;0;
2025-12-12 18:55:56;2025-12-12 19:00:43;2025-12-12 19:00:44;00:00:01;00:04:48;1;0.947542;1;273;0;0;1;0.947542;1;0.947542;0;0;0;0;1;1;272;0;0;0;0;0;0;0;0;0;0;0;0;00:00:00:000;00:00:00:000;;0;0;0;0;0;0;0;
2025-12-12 18:55:56;2025-12-12 19:00:44;2025-12-12 19:00:45;00:00:01;00:04:49;1;0.94772;1;274;0;0;1;0.94772;1;0.94772;0;0;0;0;1;1;273;0;0;0;0;0;0;0;0;0;0;0;0;00:00:00:000;00:00:00:000;;0;0;0;0;0;0;0;
2025-12-12 18:55:56;2025-12-12 19:00:45;2025-12-12 19:00:46;00:00:01;00:04:50;1;0.9479;1;275;0;0;1;0.9479;1;0.9479;0;0;0;0;1;1;274;0;0;0;0;0;0;0;0;0;0;0;0;00:00:00:000;00:00:00:000;;0;0;0;0;0;0;0;
2025-12-12 18:55:56;2025-12-12 19:00:46;2025-12-12 19:00:47;00:00:01;00:04:51;1;0.948079;1;276;0;0;1;0.948079;1;0.948079;0;0;0;0;1;1;275;0;0;0;0;0;0;0;0;0;0;0;0;00:00:00:000;00:00:00:000;;0;0;0;0;0;0;0;
2025-12-12 18:55:56;2025-12-12 19:00:47;2025-12-12 19:00:48;00:00:01;00:04:52;1;0.948253;1;277;0;0;1;0.948253;1;0.948253;0;0;0;0;1;1;276;0;0;0;0;0;0;0;0;0;0;0;0;00:00:00:000;00:00:00:000;;0;0;0;0;0;0;0;
2025-12-12 18:55:56;2025-12-12 19:00:48;2025-12-12 19:00:49;00:00:01;00:04:53;1;0.94843;1;278;0;0;1;0.94843;1;0.94843;0;0;0;0;1;1;277;0;0;0;0;0;0;0;0;0;0;0;0;00:00:00:000;00:00:00:000;;0;0;0;0;0;0;0;
2025-12-12 18:55:56;2025-12-12 19:00:49;2025-12-12 19:00:50;00:00:01;00:04:54;1;0.948605;1;279;0;0;1;0.948605;1;0.948605;0;0;0;0;1;1;278;0;0;0;0;0;0;0;0;0;0;0;0;00:00:00:000;00:00:00:000;;0;0;0;0;0;0;0;
2025-12-12 18:55:56;2025-12-12 19:00:50;2025-12-12 19:00:51;00:00:01;00:04:55;1;0.948776;1;280;0;0;1;0.948776;1;0.948776;0;0;0;0;1;1;279;0;0;0;0;0;0;0;0;0;0;0;0;00:00:00:000;00:00:00:000;;0;0;0;0;0;0;0;
2025-12-12 18:55:56;2025-12-12 19:00:51;2025-12-12 19:00:52;00:00:01;00:04:56;1;0.948949;1;281;0;0;1;0.948949;1;0.948949;0;0;0;0;1;1;280;0;0;0;0;0;0;0;0;0;0;0;0;00:00:00:000;00:00:00:000;;0;0;0;0;0;0;0;
2025-12-12 18:55:56;2025-12-12 19:00:52;2025-12-12 19:00:53;00:00:01;00:04:57;1;0.949118;1;282;0;0;1;0.949118;1;0.949118;0;0;0;0;1;1;281;0;0;0;0;0;0;0;0;0;0;0;0;00:00:00:000;00:00:00:000;;0;0;0;0;0;0;0;
2025-12-12 18:55:56;2025-12-12 19:00:53;2025-12-12 19:00:54;00:00:01;00:04:58;1;0.949289;1;283;0;0;1;0.949289;1;0.949289;0;0;0;0;1;1;282;0;0;0;0;0;0;0;0;0;0;0;0;00:00:00:000;00:00:00:000;;0;0;0;0;0;0;0;
2025-12-12 18:55:56;2025-12-12 19:00:54;2025-12-12 19:00:55;00:00:01;00:04:59;1;0.949458;1;284;0;0;1;0.949458;1;0.949458;0;0;0;0;1;1;283;0;0;0;0;0;0;0;0;0;0;0;0;00:00:00:000;00:00:00:000;;0;0;0;0;0;0;0;
2025-12-12 18:55:56;2025-12-12 19:00:55;2025-12-12 19:00:56;00:00:01;00:05:00;1;0.949623;1;285;0;0;1;0.949623;1;0.949623;0;0;0;0;1;1;284;0;0;0;0;0;0;0;0;0;0;0;0;00:00:00:000;00:00:00:000;;0;0;0;0;0;0;0;
2025-12-12 18:55:56;2025-12-12 19:00:56;2025-12-12 19:00:57;00:00:01;00:05:01;1;0.949791;1;286;0;0;1;0.949791;1;0.949791;0;0;0;0;1;1;285;0;0;0;0;0;0;0;0;0;0;0;0;00:00:00:000;00:00:00:000;;0;0;0;0;0;0;0;
2025-12-12 18:55:56;2025-12-12 19:00:57;2025-12-12 19:00:58;00:00:01;00:05:02;1;0.949954;1;287;0;0;1;0.949954;1;0.949954;0;0;0;0;1;1;286;0;0;0;0;0;0;0;0;0;0;0;0;00:00:00:000;00:00:00:000;;0;0;0;0;0;0;0;
2025-12-12 18:55:56;2025-12-12 19:00:58;2025-12-12 19:00:59;00:00:01;00:05:03;1;0.950119;1;288;0;0;1;0.950119;1;0.950119;0;0;0;0;1;1;287;0;0;0;0;0;0;0;0;0;0;0;0;00:00:00:000;00:00:00:000;;0;0;0;0;0;0;0;
2025-12-12 18:55:56;2025-12-12 19:00:59;2025-12-12 19:01:00;00:00:01;00:05:04;1;0.950283;1;289;0;0;1;0.950283;1;0.950283;0;0;0;0;1;1;288;0;0;0;0;0;0;0;0;0;0;0;0;00:00:00:000;00:00:00:000;;0;0;0;0;0;0;0;
2025-12-12 18:55:56;2025-12-12 19:01:00;2025-12-12 19:01:01;00:00:01;00:05:05;1;0.950443;1;290;0;0;1;0.950443;1;0.950443;0;0;0;0;1;1;289;0;0;0;0;0;0;0;0;0;0;0;0;00:00:00:000;00:00:00:000;;0;0;0;0;0;0;0;
2025-12-12 18:55:56;2025-12-12 19:01:01;2025-12-12 19:01:02;00:00:01;00:05:06;1;0.950604;1;291;0;0;1;0.950604;1;0.950604;0;0;0;0;1;1;290;0;0;0;0;0;0;0;0;0;0;0;0;00:00:00:000;00:00:00:000;;0;0;0;0;0;0;0;
2025-12-12 18:55:56;2025-12-12 19:01:02;2025-12-12 19:01:03;00:00:01;00:05:07;1;0.950765;1;292;0;0;1;0.950765;1;0.950765;0;0;0;0;1;1;291;0;0;0;0;0;0;0;0;0;0;0;0;00:00:00:000;00:00:00:000;;0;0;0;0;0;0;0;
2025-12-12 18:55:56;2025-12-12 19:01:03;2025-12-12 19:01:04;00:00:01;00:05:08;1;0.950922;1;293;0;0;1;0.950922;1;0.950922;0;0;0;0;1;1;292;0;0;0;0;0;0;0;0;0;0;0;0;00:00:00:000;00:00:00:000;;0;0;0;0;0;0;0;
2025-12-12 18:55:56;2025-12-12 19:01:04;2025-12-12 19:01:05;00:00:01;00:05:09;1;0.951078;1;294;0;0;1;0.951078;1;0.951078;0;0;0;0;1;1;293;0;0;0;0;0;0;0;0;0;0;0;0;00:00:00:000;00:00:00:000;;0;0;0;0;0;0;0;
2025-12-12 18:55:56;2025-12-12 19:01:05;2025-12-12 19:01:06;00:00:01;00:05:10;1;0.951235;1;295;0;0;1;0.951235;1;0.951235;0;0;0;0;1;1;294;0;0;0;0;0;0;0;0;0;0;0;0;00:00:00:000;00:00:00:000;;0;0;0;0;0;0;0;
2025-12-12 18:55:56;2025-12-12 19:01:06;2025-12-12 19:01:07;00:00:01;00:05:11;1;0.951392;1;296;0;0;1;0.951392;1;0.951392;0;0;0;0;1;1;295;0;0;0;0;0;0;0;0;0;0;0;0;00:00:00:000;00:00:00:000;;0;0;0;0;0;0;0;
2025-12-12 18:55:56;2025-12-12 19:01:07;2025-12-12 19:01:08;00:00:01;00:05:12;1;0.951545;1;297;0;0;1;0.951545;1;0.951545;0;0;0;0;1;1;296;0;0;0;0;0;0;0;0;0;0;0;0;00:00:00:000;00:00:00:000;;0;0;0;0;0;0;0;
2025-12-12 18:55:56;2025-12-12 19:01:08;2025-12-12 19:01:09;00:00:01;00:05:13;1;0.9517;1;298;0;0;1;0.9517;1;0.9517;0;0;0;0;1;1;297;0;0;0;0;0;0;0;0;0;0;0;0;00:00:00:000;00:00:00:000;;0;0;0;0;0;0;0;
2025-12-12 18:55:56;2025-12-12 19:01:09;2025-12-12 19:01:10;00:00:01;00:05:14;1;0.95185;1;299;0;0;1;0.95185;1;0.95185;0;0;0;0;1;1;298;0;0;0;0;0;0;0;0;0;0;0;0;00:00:00:000;00:00:00:000;;0;0;0;0;0;0;0;
2025-12-12 18:55:56;2025-12-12 19:01:10;2025-12-12 19:01:11;00:00:01;00:05:15;1;0.952003;1;300;0;0;1;0.952003;1;0.952003;0;0;0;0;1;1;299;0;0;0;0;0;0;0;0;0;0;0;0;00:00:00:000;00:00:00:000;;0;0;0;0;0;0;0;
2025-12-12 18:55:56;2025-12-12 19:01:11;2025-12-12 19:01:12;00:00:01;00:05:16;1;0.952152;1;301;0;0;1;0.952152;1;0.952152;0;0;0;0;1;1;300;0;0;0;0;0;0;0;0;0;0;0;0;00:00:00:000;00:00:00:000;;0;0;0;0;0;0;0;
2025-12-12 18:55:56;2025-12-12 19:01:12;2025-12-12 19:01:13;00:00:01;00:05:17;1;0.952303;1;302;0;0;1;0.952303;1;0.952303;0;0;0;0;1;1;301;0;0;0;0;0;0;0;0;0;0;0;0;00:00:00:000;00:00:00:000;;0;0;0;0;0;0;0;
2025-12-12 18:55:56;2025-12-12 19:01:13;2025-12-12 19:01:14;00:00:01;00:05:18;1;0.952453;1;303;0;0;1;0.952453;1;0.952453;0;0;0;0;1;1;302;0;0;0;0;0;0;0;0;0;0;0;0;00:00:00:000;00:00:00:000;;0;0;0;0;0;0;0;
2025-12-12 18:55:56;2025-12-12 19:01:14;2025-12-12 19:01:15;00:00:01;00:05:19;1;0.952599;1;304;0;0;1;0.952599;1;0.952599;0;0;0;0;1;1;303;0;0;0;0;0;0;0;0;0;0;0;0;00:00:00:000;00:00:00:000;;0;0;0;0;0;0;0;
2025-12-12 18:55:56;2025-12-12 19:01:15;2025-12-12 19:01:16;00:00:01;00:05:20;1;0.952747;1;305;0;0;1;0.952747;1;0.952747;0;0;0;0;1;1;304;0;0;0;0;0;0;0;0;0;0;0;0;00:00:00:000;00:00:00:000;;0;0;0;0;0;0;0;
2025-12-12 18:55:56;2025-12-12 19:01:16;2025-12-12 19:01:17;00:00:01;00:05:21;1;0.952891;1;306;0;0;1;0.952891;1;0.952891;0;0;0;0;1;1;305;0;0;0;0;0;0;0;0;0;0;0;0;00:00:00:000;00:00:00:000;;0;0;0;0;0;0;0;
2025-12-12 18:55:56;2025-12-12 19:01:17;2025-12-12 19:01:18;00:00:01;00:05:22;1;0.953037;1;307;0;0;1;0.953037;1;0.953037;0;0;0;0;1;1;306;0;0;0;0;0;0;0;0;0;0;0;0;00:00:00:000;00:00:00:000;;0;0;0;0;0;0;0;
2025-12-12 18:55:56;2025-12-12 19:01:18;2025-12-12 19:01:19;00:00:01;00:05:23;1;0.953183;1;308;0;0;1;0.953183;1;0.953183;0;0;0;0;1;1;307;0;0;0;0;0;0;0;0;0;0;0;0;00:00:00:000;00:00:00:000;;0;0;0;0;0;0;0;
2025-12-12 18:55:56;2025-12-12 19:01:19;2025-12-12 19:01:20;00:00:01;00:05:24;1;0.953324;1;309;0;0;1;0.953324;1;0.953324;0;0;0;0;1;1;308;0;0;0;0;0;0;0;0;0;0;0;0;00:00:00:000;00:00:00:000;;0;0;0;0;0;0;0;
2025-12-12 18:55:56;2025-12-12 19:01:20;2025-12-12 19:01:21;00:00:01;00:05:25;1;0.953468;1;310;0;0;1;0.953468;1;0.953468;0;0;0;0;1;1;309;0;0;0;0;0;0;0;0;0;0;0;0;00:00:00:000;00:00:00:000;;0;0;0;0;0;0;0;
2025-12-12 18:55:56;2025-12-12 19:01:21;2025-12-12 19:01:22;00:00:01;00:05:26;1;0.953607;1;311;0;0;1;0.953607;1;0.953607;0;0;0;0;1;1;310;0;0;0;0;0;0;0;0;0;0;0;0;00:00:00:000;00:00:00:000;;0;0;0;0;0;0;0;
2025-12-12 18:55:56;2025-12-12 19:01:22;2025-12-12 19:01:23;00:00:01;00:05:27;1;0.953749;1;312;0;0;1;0.953749;1;0.953749;0;0;0;0;1;1;311;0;0;0;0;0;0;0;0;0;0;0;0;00:00:00:000;00:00:00:000;;0;0;0;0;0;0;0;
2025-12-12 18:55:56;2025-12-12 19:01:23;2025-12-12 19:01:24;00:00:01;00:05:28;1;0.953887;1;313;0;0;1;0.953887;1;0.953887;0;0;0;0;1;1;312;0;0;0;0;0;0;0;0;0;0;0;0;00:00:00:000;00:00:00:000;;0;0;0;0;0;0;0;
2025-12-12 18:55:56;2025-12-12 19:01:24;2025-12-12 19:01:25;00:00:01;00:05:29;1;0.954027;1;314;0;0;1;0.954027;1;0.954027;0;0;0;0;1;1;313;0;0;0;0;0;0;0;0;0;0;0;0;00:00:00:000;00:00:00:000;;0;0;0;0;0;0;0;
2025-12-12 18:55:56;2025-12-12 19:01:25;2025-12-12 19:01:26;00:00:01;00:05:30;1;0.954167;1;315;0;0;1;0.954167;1;0.954167;0;0;0;0;1;1;314;0;0;0;0;0;0;0;0;0;0;0;0;00:00:00:000;00:00:00:000;;0;0;0;0;0;0;0;
2025-12-12 18:55:56;2025-12-12 19:01:26;2025-12-12 19:01:27;00:00:01;00:05:31;1;0.954302;1;316;0;0;1;0.954302;1;0.954302;0;0;0;0;1;1;315;0;0;0;0;0;0;0;0;0;0;0;0;00:00:00:000;00:00:00:000;;0;0;0;0;0;0;0;
2025-12-12 18:55:56;2025-12-12 19:01:27;2025-12-12 19:01:28;00:00:01;00:05:32;1;0.95444;1;317;0;0;1;0.95444;1;0.95444;0;0;0;0;1;1;316;0;0;0;0;0;0;0;0;0;0;0;0;00:00:00:000;00:00:00:000;;0;0;0;0;0;0;0;
2025-12-12 18:55:56;2025-12-12 19:01:28;2025-12-12 19:01:29;00:00:01;00:05:33;1;0.954574;1;318;0;0;1;0.954574;1;0.954574;0;0;0;0;1;1;317;0;0;0;0;0;0;0;0;0;0;0;0;00:00:00:000;00:00:00:000;;0;0;0;0;0;0;0;
2025-12-12 18:55:56;2025-12-12 19:01:29;2025-12-12 19:01:30;00:00:01;00:05:34;1;0.954707;1;319;0;0;1;0.954707;1;0.954707;0;0;0;0;1;1;318;0;0;0;0;0;0;0;0;0;0;0;0;00:00:00:000;00:00:00:000;;0;0;0;0;0;0;0;
2025-12-12 18:55:56;2025-12-12 19:01:30;2025-12-12 19:01:31;00:00:01;00:05:35;1;0.954842;1;320;0;0;1;0.954842;1;0.954842;0;0;0;0;1;1;319;0;0;0;0;0;0;0;0;0;0;0;0;00:00:00:000;00:00:00:000;;0;0;0;0;0;0;0;
2025-12-12 18:55:56;2025-12-12 19:01:31;2025-12-12 19:01:32;00:00:01;00:05:36;1;0.954976;1;321;0;0;1;0.954976;1;0.954976;0;0;0;0;1;1;320;0;0;0;0;0;0;0;0;0;0;0;0;00:00:00:000;00:00:00:000;;0;0;0;0;0;0;0;
2025-12-12 18:55:56;2025-12-12 19:01:32;2025-12-12 19:01:33;00:00:01;00:05:37;1;0.955107;1;322;0;0;1;0.955107;1;0.955107;0;0;0;0;1;1;321;0;0;0;0;0;0;0;0;0;0;0;0;00:00:00:000;00:00:00:000;;0;0;0;0;0;0;0;
2025-12-12 18:55:56;2025-12-12 19:01:33;2025-12-12 19:01:34;00:00:01;00:05:38;1;0.95524;1;323;0;0;1;0.95524;1;0.95524;0;0;0;0;1;1;322;0;0;0;0;0;0;0;0;0;0;0;0;00:00:00:000;00:00:00:000;;0;0;0;0;0;0;0;
2025-12-12 18:55:56;2025-12-12 19:01:34;2025-12-12 19:01:35;00:00:01;00:05:39;1;0.955372;1;324;0;0;1;0.955372;1;0.955372;0;0;0;0;1;1;323;0;0;0;0;0;0;0;0;0;0;0;0;00:00:00:000;00:00:00:000;;0;0;0;0;0;0;0;
2025-12-12 18:55:56;2025-12-12 19:01:35;2025-12-12 19:01:36;00:00:01;00:05:40;1;0.9555;1;325;0;0;1;0.9555;1;0.9555;0;0;0;0;1;1;324;0;0;0;0;0;0;0;0;0;0;0;0;00:00:00:000;00:00:00:000;;0;0;0;0;0;0;0;
2025-12-12 18:55:56;2025-12-12 19:01:36;2025-12-12 19:01:37;00:00:01;00:05:41;1;0.955631;1;326;0;0;1;0.955631;1;0.955631;0;0;0;0;1;1;325;0;0;0;0;0;0;0;0;0;0;0;0;00:00:00:000;00:00:00:000;;0;0;0;0;0;0;0;
2025-12-12 18:55:56;2025-12-12 19:01:37;2025-12-12 19:01:38;00:00:01;00:05:42;1;0.95576;1;327;0;0;1;0.95576;1;0.95576;0;0;0;0;1;1;326;0;0;0;0;0;0;0;0;0;0;0;0;00:00:00:000;00:00:00:000;;0;0;0;0;0;0;0;
2025-12-12 18:55:56;2025-12-12 19:01:38;2025-12-12 19:01:39;00:00:01;00:05:43;1;0.955886;1;328;0;0;1;0.955886;1;0.955886;0;0;0;0;1;1;327;0;0;0;0;0;0;0;0;0;0;0;0;00:00:00:000;00:00:00:000;;0;0;0;0;0;0;0;
2025-12-12 18:55:56;2025-12-12 19:01:39;2025-12-12 19:01:40;00:00:01;00:05:44;1;0.956015;1;329;0;0;1;0.956015;1;0.956015;0;0;0;0;1;1;328;0;0;0;0;0;0;0;0;0;0;0;0;00:00:00:000;00:00:00:000;;0;0;0;0;0;0;0;
2025-12-12 18:55:56;2025-12-12 19:01:40;2025-12-12 19:01:41;00:00:01;00:05:45;1;0.956139;1;330;0;0;1;0.956139;1;0.956139;0;0;0;0;1;1;329;0;0;0;0;0;0;0;0;0;0;0;0;00:00:00:000;00:00:00:000;;0;0;0;0;0;0;0;
2025-12-12 18:55:56;2025-12-12 19:01:41;2025-12-12 19:01:42;00:00:01;00:05:46;1;0.956266;1;331;0;0;1;0.956266;1;0.956266;0;0;0;0;1;1;330;0;0;0;0;0;0;0;0;0;0;0;0;00:00:00:000;00:00:00:000;;0;0;0;0;0;0;0;
2025-12-12 18:55:56;2025-12-12 19:01:42;2025-12-12 19:01:43;00:00:01;00:05:47;1;0.956389;1;332;0;0;1;0.956389;1;0.956389;0;0;0;0;1;1;331;0;0;0;0;0;0;0;0;0;0;0;0;00:00:00:000;00:00:00:000;;0;0;0;0;0;0;0;
2025-12-12 18:55:56;2025-12-12 19:01:43;2025-12-12 19:01:44;00:00:01;00:05:48;1;0.956514;1;333;0;0;1;0.956514;1;0.956514;0;0;0;0;1;1;332;0;0;0;0;0;0;0;0;0;0;0;0;00:00:00:000;00:00:00:000;;0;0;0;0;0;0;0;
2025-12-12 18:55:56;2025-12-12 19:01:44;2025-12-12 19:01:45;00:00:01;00:05:49;1;0.956639;1;334;0;0;1;0.956639;1;0.956639;0;0;0;0;1;1;333;0;0;0;0;0;0;0;0;0;0;0;0;00:00:00:000;00:00:00:000;;0;0;0;0;0;0;0;
2025-12-12 18:55:56;2025-12-12 19:01:45;2025-12-12 19:01:46;00:00:01;00:05:50;1;0.95676;1;335;0;0;1;0.95676;1;0.95676;0;0;0;0;1;1;334;0;0;0;0;0;0;0;0;0;0;0;0;00:00:00:000;00:00:00:000;;0;0;0;0;0;0;0;
2025-12-12 18:55:56;2025-12-12 19:01:46;2025-12-12 19:01:47;00:00:01;00:05:51;1;0.956883;1;336;0;0;1;0.956883;1;0.956883;0;0;0;0;1;1;335;0;0;0;0;0;0;0;0;0;0;0;0;00:00:00:000;00:00:00:000;;0;0;0;0;0;0;0;
2025-12-12 18:55:56;2025-12-12 19:01:47;2025-12-12 19:01:48;00:00:01;00:05:52;1;0.957006;1;337;0;0;1;0.957006;1;0.957006;0;0;0;0;1;1;336;0;0;0;0;0;0;0;0;0;0;0;0;00:00:00:000;00:00:00:000;;0;0;0;0;0;0;0;
2025-12-12 18:55:56;2025-12-12 19:01:48;2025-12-12 19:01:49;00:00:01;00:05:53;1;0.957125;1;338;0;0;1;0.957125;1;0.957125;0;0;0;0;1;1;337;0;0;0;0;0;0;0;0;0;0;0;0;00:00:00:000;00:00:00:000;;0;0;0;0;0;0;0;
2025-12-12 18:55:56;2025-12-12 19:01:49;2025-12-12 19:01:50;00:00:01;00:05:54;1;0.957246;1;339;0;0;1;0.957246;1;0.957246;0;0;0;0;1;1;338;0;0;0;0;0;0;0;0;0;0;0;0;00:00:00:000;00:00:00:000;;0;0;0;0;0;0;0;
2025-12-12 18:55:56;2025-12-12 19:01:50;2025-12-12 19:01:51;00:00:01;00:05:55;1;0.957364;1;340;0;0;1;0.957364;1;0.957364;0;0;0;0;1;1;339;0;0;0;0;0;0;0;0;0;0;0;0;00:00:00:000;00:00:00:000;;0;0;0;0;0;0;0;
2025-12-12 18:55:56;2025-12-12 19:01:51;2025-12-12 19:01:52;00:00:01;00:05:56;1;0.957483;1;341;0;0;1;0.957483;1;0.957483;0;0;0;0;1;1;340;0;0;0;0;0;0;0;0;0;0;0;0;00:00:00:000;00:00:00:000;;0;0;0;0;0;0;0;
2025-12-12 18:55:56;2025-12-12 19:01:52;2025-12-12 19:01:53;00:00:01;00:05:57;1;0.957602;1;342;0;0;1;0.957602;1;0.957602;0;0;0;0;1;1;341;0;0;0;0;0;0;0;0;0;0;0;0;00:00:00:000;00:00:00:000;;0;0;0;0;0;0;0;
2025-12-12 18:55:56;2025-12-12 19:01:53;2025-12-12 19:01:54;00:00:01;00:05:58;1;0.957718;1;343;0;0;1;0.957718;1;0.957718;0;0;0;0;1;1;342;0;0;0;0;0;0;0;0;0;0;0;0;00:00:00:000;00:00:00:000;;0;0;0;0;0;0;0;
2025-12-12 18:55:56;2025-12-12 19:01:54;2025-12-12 19:01:55;00:00:01;00:05:59;1;0.957836;1;344;0;0;1;0.957836;1;0.957836;0;0;0;0;1;1;343;0;0;0;0;0;0;0;0;0;0;0;0;00:00:00:000;00:00:00:000;;0;0;0;0;0;0;0;
2025-12-12 18:55:56;2025-12-12 19:01:55;2025-12-12 19:01:56;00:00:01;00:06:00;1;0.957953;1;345;0;0;1;0.957953;1;0.957953;0;0;0;0;1;1;344;0;0;0;0;0;0;0;0;0;0;0;0;00:00:00:000;00:00:00:000;;0;0;0;0;0;0;0;
2025-12-12 18:55:56;2025-12-12 19:01:56;2025-12-12 19:01:57;00:00:01;00:06:01;1;0.958067;1;346;0;0;1;0.958067;1;0.958067;0;0;0;0;1;1;345;0;0;0;0;0;0;0;0;0;0;0;0;00:00:00:000;00:00:00:000;;0;0;0;0;0;0;0;
2025-12-12 18:55:56;2025-12-12 19:01:57;2025-12-12 19:01:58;00:00:01;00:06:02;1;0.958182;1;347;0;0;1;0.958182;1;0.958182;0;0;0;0;1;1;346;0;0;0;0;0;0;0;0;0;0;0;0;00:00:00:000;00:00:00:000;;0;0;0;0;0;0;0;
2025-12-12 18:55:56;2025-12-12 19:01:58;2025-12-12 19:01:59;00:00:01;00:06:03;1;0.958295;1;348;0;0;1;0.958295;1;0.958295;0;0;0;0;1;1;347;0;0;0;0;0;0;0;0;0;0;0;0;00:00:00:000;00:00:00:000;;0;0;0;0;0;0;0;
2025-12-12 18:55:56;2025-12-12 19:01:59;2025-12-12 19:02:00;00:00:01;00:06:04;1;0.958409;1;349;0;0;1;0.958409;1;0.958409;0;0;0;0;1;1;348;0;0;0;0;0;0;0;0;0;0;0;0;00:00:00:000;00:00:00:000;;0;0;0;0;0;0;0;
2025-12-12 18:55:56;2025-12-12 19:02:00;2025-12-12 19:02:01;00:00:01;00:06:05;1;0.958521;1;350;0;0;1;0.958521;1;0.958521;0;0;0;0;1;1;349;0;0;0;0;0;0;0;0;0;0;0;0;00:00:00:000;00:00:00:000;;0;0;0;0;0;0;0;
2025-12-12 18:55:56;2025-12-12 19:02:01;2025-12-12 19:02:02;00:00:01;00:06:06;1;0.958634;1;351;0;0;1;0.958634;1;0.958634;0;0;0;0;1;1;350;0;0;0;0;0;0;0;0;0;0;0;0;00:00:00:000;00:00:00:000;;0;0;0;0;0;0;0;
2025-12-12 18:55:56;2025-12-12 19:02:02;2025-12-12 19:02:03;00:00:01;00:06:07;1;0.958744;1;352;0;0;1;0.958744;1;0.958744;0;0;0;0;1;1;351;0;0;0;0;0;0;0;0;0;0;0;0;00:00:00:000;00:00:00:000;;0;0;0;0;0;0;0;
2025-12-12 18:55:56;2025-12-12 19:02:03;2025-12-12 19:02:04;00:00:01;00:06:08;1;0.958856;1;353;0;0;1;0.958856;1;0.958856;0;0;0;0;1;1;352;0;0;0;0;0;0;0;0;0;0;0;0;00:00:00:000;00:00:00:000;;0;0;0;0;0;0;0;
2025-12-12 18:55:56;2025-12-12 19:02:04;2025-12-12 19:02:05;00:00:01;00:06:09;1;0.958965;1;354;0;0;1;0.958965;1;0.958965;0;0;0;0;1;1;353;0;0;0;0;0;0;0;0;0;0;0;0;00:00:00:000;00:00:00:000;;0;0;0;0;0;0;0;
2025-12-12 18:55:56;2025-12-12 19:02:05;2025-12-12 19:02:06;00:00:01;00:06:10;1;0.959076;1;355;0;0;1;0.959076;1;0.959076;0;0;0;0;1;1;354;0;0;0;0;0;0;0;0;0;0;0;0;00:00:00:000;00:00:00:000;;0;0;0;0;0;0;0;
2025-12-12 18:55:56;2025-12-12 19:02:06;2025-12-12 19:02:07;00:00:01;00:06:11;1;0.959184;1;356;0;0;1;0.959184;1;0.959184;0;0;0;0;1;1;355;0;0;0;0;0;0;0;0;0;0;0;0;00:00:00:000;00:00:00:000;;0;0;0;0;0;0;0;
2025-12-12 18:55:56;2025-12-12 19:02:07;2025-12-12 19:02:08;00:00:01;00:06:12;1;0.959293;1;357;0;0;1;0.959293;1;0.959293;0;0;0;0;1;1;356;0;0;0;0;0;0;0;0;0;0;0;0;00:00:00:000;00:00:00:000;;0;0;0;0;0;0;0;
2025-12-12 18:55:56;2025-12-12 19:02:08;2025-12-12 19:02:09;00:00:01;00:06:13;1;0.9594;1;358;0;0;1;0.9594;1;0.9594;0;0;0;0;1;1;357;0;0;0;0;0;0;0;0;0;0;0;0;00:00:00:000;00:00:00:000;;0;0;0;0;0;0;0;
2025-12-12 18:55:56;2025-12-12 19:02:09;2025-12-12 19:02:10;00:00:01;00:06:14;1;0.959508;1;359;0;0;1;0.959508;1;0.959508;0;0;0;0;1;1;358;0;0;0;0;0;0;0;0;0;0;0;0;00:00:00:000;00:00:00:000;;0;0;0;0;0;0;0;
2025-12-12 18:55:56;2025-12-12 19:02:10;2025-12-12 19:02:11;00:00:01;00:06:15;1;0.959616;1;360;0;0;1;0.959616;1;0.959616;0;0;0;0;1;1;359;0;0;0;0;0;0;0;0;0;0;0;0;00:00:00:000;00:00:00:000;;0;0;0;0;0;0;0;
2025-12-12 18:55:56;2025-12-12 19:02:11;2025-12-12 19:02:12;00:00:01;00:06:16;1;0.959721;1;361;0;0;1;0.959721;1;0.959721;0;0;0;0;1;1;360;0;0;0;0;0;0;0;0;0;0;0;0;00:00:00:000;00:00:00:000;;0;0;0;0;0;0;0;
2025-12-12 18:55:56;2025-12-12 19:02:12;2025-12-12 19:02:13;00:00:01;00:06:17;1;0.959828;1;362;0;0;1;0.959828;1;0.959828;0;0;0;0;1;1;361;0;0;0;0;0;0;0;0;0;0;0;0;00:00:00:000;00:00:00:000;;0;0;0;0;0;0;0;
2025-12-12 18:55:56;2025-12-12 19:02:13;2025-12-12 19:02:14;00:00:01;00:06:18;1;0.959931;1;363;0;0;1;0.959931;1;0.959931;0;0;0;0;1;1;362;0;0;0;0;0;0;0;0;0;0;0;0;00:00:00:000;00:00:00:000;;0;0;0;0;0;0;0;
2025-12-12 18:55:56;2025-12-12 19:02:14;2025-12-12 19:02:15;00:00:01;00:06:19;1;0.960037;1;364;0;0;1;0.960037;1;0.960037;0;0;0;0;1;1;363;0;0;0;0;0;0;0;0;0;0;0;0;00:00:00:000;00:00:00:000;;0;0;0;0;0;0;0;
2025-12-12 18:55:56;2025-12-12 19:02:15;2025-12-12 19:02:16;00:00:01;00:06:20;1;0.96014;1;365;0;0;1;0.96014;1;0.96014;0;0;0;0;1;1;364;0;0;0;0;0;0;0;0;0;0;0;0;00:00:00:000;00:00:00:000;;0;0;0;0;0;0;0;
2025-12-12 18:55:56;2025-12-12 19:02:16;2025-12-12 19:02:17;00:00:01;00:06:21;1;0.960244;1;366;0;0;1;0.960244;1;0.960244;0;0;0;0;1;1;365;0;0;0;0;0;0;0;0;0;0;0;0;00:00:00:000;00:00:00:000;;0;0;0;0;0;0;0;
2025-12-12 18:55:56;2025-12-12 19:02:17;2025-12-12 19:02:18;00:00:01;00:06:22;1;0.960348;1;367;0;0;1;0.960348;1;0.960348;0;0;0;0;1;1;366;0;0;0;0;0;0;0;0;0;0;0;0;00:00:00:000;00:00:00:000;;0;0;0;0;0;0;0;
2025-12-12 18:55:56;2025-12-12 19:02:18;2025-12-12 19:02:19;00:00:01;00:06:23;1;0.960449;1;368;0;0;1;0.960449;1;0.960449;0;0;0;0;1;1;367;0;0;0;0;0;0;0;0;0;0;0;0;00:00:00:000;00:00:00:000;;0;0;0;0;0;0;0;
2025-12-12 18:55:56;2025-12-12 19:02:19;2025-12-12 19:02:20;00:00:01;00:06:24;1;0.96055;1;369;0;0;1;0.96055;1;0.96055;0;0;0;0;1;1;368;0;0;0;0;0;0;0;0;0;0;0;0;00:00:00:000;00:00:00:000;;0;0;0;0;0;0;0;
2025-12-12 18:55:56;2025-12-12 19:02:20;2025-12-12 19:02:21;00:00:01;00:06:25;1;0.960652;1;370;0;0;1;0.960652;1;0.960652;0;0;0;0;1;1;369;0;0;0;0;0;0;0;0;0;0;0;0;00:00:00:000;00:00:00:000;;0;0;0;0;0;0;0;
2025-12-12 18:55:56;2025-12-12 19:02:21;2025-12-12 19:02:22;00:00:01;00:06:26;1;0.960752;1;371;0;0;1;0.960752;1;0.960752;0;0;0;0;1;1;370;0;0;0;0;0;0;0;0;0;0;0;0;00:00:00:000;00:00:00:000;;0;0;0;0;0;0;0;
2025-12-12 18:55:56;2025-12-12 19:02:22;2025-12-12 19:02:23;00:00:01;00:06:27;1;0.960853;1;372;0;0;1;0.960853;1;0.960853;0;0;0;0;1;1;371;0;0;0;0;0;0;0;0;0;0;0;0;00:00:00:000;00:00:00:000;;0;0;0;0;0;0;0;
2025-12-12 18:55:56;2025-12-12 19:02:23;2025-12-12 19:02:24;00:00:01;00:06:28;1;0.960954;1;373;0;0;1;0.960954;1;0.960954;0;0;0;0;1;1;372;0;0;0;0;0;0;0;0;0;0;0;0;00:00:00:000;00:00:00:000;;0;0;0;0;0;0;0;
2025-12-12 18:55:56;2025-12-12 19:02:24;2025-12-12 19:02:25;00:00:01;00:06:29;1;0.961052;1;374;0;0;1;0.961052;1;0.961052;0;0;0;0;1;1;373;0;0;0;0;0;0;0;0;0;0;0;0;00:00:00:000;00:00:00:000;;0;0;0;0;0;0;0;
2025-12-12 18:55:56;2025-12-12 19:02:25;2025-12-12 19:02:26;00:00:01;00:06:30;1;0.961152;1;375;0;0;1;0.961152;1;0.961152;0;0;0;0;1;1;374;0;0;0;0;0;0;0;0;0;0;0;0;00:00:00:000;00:00:00:000;;0;0;0;0;0;0;0;
2025-12-12 18:55:56;2025-12-12 19:02:26;2025-12-12 19:02:27;00:00:01;00:06:31;1;0.961248;1;376;0;0;1;0.961248;1;0.961248;0;0;0;0;1;1;375;0;0;0;0;0;0;0;0;0;0;0;0;00:00:00:000;00:00:00:000;;0;0;0;0;0;0;0;
2025-12-12 18:55:56;2025-12-12 19:02:27;2025-12-12 19:02:28;00:00:01;00:06:32;1;0.961347;1;377;0;0;1;0.961347;1;0.961347;0;0;0;0;1;1;376;0;0;0;0;0;0;0;0;0;0;0;0;00:00:00:000;00:00:00:000;;0;0;0;0;0;0;0;
2025-12-12 18:55:56;2025-12-12 19:02:28;2025-12-12 19:02:29;00:00:01;00:06:33;1;0.961443;1;378;0;0;1;0.961443;1;0.961443;0;0;0;0;1;1;377;0;0;0;0;0;0;0;0;0;0;0;0;00:00:00:000;00:00:00:000;;0;0;0;0;0;0;0;
2025-12-12 18:55:56;2025-12-12 19:02:29;2025-12-12 19:02:30;00:00:01;00:06:34;1;0.961541;1;379;0;0;1;0.961541;1;0.961541;0;0;0;0;1;1;378;0;0;0;0;0;0;0;0;0;0;0;0;00:00:00:000;00:00:00:000;;0;0;0;0;0;0;0;
2025-12-12 18:55:56;2025-12-12 19:02:30;2025-12-12 19:02:31;00:00:01;00:06:35;1;0.961638;1;380;0;0;1;0.961638;1;0.961638;0;0;0;0;1;1;379;0;0;0;0;0;0;0;0;0;0;0;0;00:00:00:000;00:00:00:000;;0;0;0;0;0;0;0;
2025-12-12 18:55:56;2025-12-12 19:02:31;2025-12-12 19:02:32;00:00:01;00:06:36;1;0.961733;1;381;0;0;1;0.961733;1;0.961733;0;0;0;0;1;1;380;0;0;0;0;0;0;0;0;0;0;0;0;00:00:00:000;00:00:00:000;;0;0;0;0;0;0;0;
2025-12-12 18:55:56;2025-12-12 19:02:32;2025-12-12 19:02:33;00:00:01;00:06:37;1;0.961829;1;382;0;0;1;0.961829;1;0.961829;0;0;0;0;1;1;381;0;0;0;0;0;0;0;0;0;0;0;0;00:00:00:000;00:00:00:000;;0;0;0;0;0;0;0;
2025-12-12 18:55:56;2025-12-12 19:02:33;2025-12-12 19:02:34;00:00:01;00:06:38;1;0.961925;1;383;0;0;1;0.961925;1;0.961925;0;0;0;0;1;1;382;0;0;0;0;0;0;0;0;0;0;0;0;00:00:00:000;00:00:00:000;;0;0;0;0;0;0;0;
2025-12-12 18:55:56;2025-12-12 19:02:34;2025-12-12 19:02:35;00:00:01;00:06:39;1;0.962018;1;384;0;0;1;0.962018;1;0.962018;0;0;0;0;1;1;383;0;0;0;0;0;0;0;0;0;0;0;0;00:00:00:000;00:00:00:000;;0;0;0;0;0;0;0;
2025-12-12 18:55:56;2025-12-12 19:02:35;2025-12-12 19:02:36;00:00:01;00:06:40;1;0.962113;1;385;0;0;1;0.962113;1;0.962113;0;0;0;0;1;1;384;0;0;0;0;0;0;0;0;0;0;0;0;00:00:00:000;00:00:00:000;;0;0;0;0;0;0;0;
2025-12-12 18:55:56;2025-12-12 19:02:36;2025-12-12 19:02:37;00:00:01;00:06:41;1;0.962205;1;386;0;0;1;0.962205;1;0.962205;0;0;0;0;1;1;385;0;0;0;0;0;0;0;0;0;0;0;0;00:00:00:000;00:00:00:000;;0;0;0;0;0;0;0;
2025-12-12 18:55:56;2025-12-12 19:02:37;2025-12-12 19:02:38;00:00:01;00:06:42;1;0.962299;1;387;0;0;1;0.962299;1;0.962299;0;0;0;0;1;1;386;0;0;0;0;0;0;0;0;0;0;0;0;00:00:00:000;00:00:00:000;;0;0;0;0;0;0;0;
2025-12-12 18:55:56;2025-12-12 19:02:38;2025-12-12 19:02:39;00:00:01;00:06:43;1;0.96239;1;388;0;0;1;0.96239;1;0.96239;0;0;0;0;1;1;387;0;0;0;0;0;0;0;0;0;0;0;0;00:00:00:000;00:00:00:000;;0;0;0;0;0;0;0;
2025-12-12 18:55:56;2025-12-12 19:02:39;2025-12-12 19:02:40;00:00:01;00:06:44;1;0.962483;1;389;0;0;1;0.962483;1;0.962483;0;0;0;0;1;1;388;0;0;0;0;0;0;0;0;0;0;0;0;00:00:00:000;00:00:00:000;;0;0;0;0;0;0;0;
2025-12-12 18:55:56;2025-12-12 19:02:40;2025-12-12 19:02:41;00:00:01;00:06:45;1;0.962576;1;390;0;0;1;0.962576;1;0.962576;0;0;0;0;1;1;389;0;0;0;0;0;0;0;0;0;0;0;0;00:00:00:000;00:00:00:000;;0;0;0;0;0;0;0;
2025-12-12 18:55:56;2025-12-12 19:02:41;2025-12-12 19:02:42;00:00:01;00:06:46;1;0.962665;1;391;0;0;1;0.962665;1;0.962665;0;0;0;0;1;1;390;0;0;0;0;0;0;0;0;0;0;0;0;00:00:00:000;00:00:00:000;;0;0;0;0;0;0;0;
2025-12-12 18:55:56;2025-12-12 19:02:42;2025-12-12 19:02:43;00:00:01;00:06:47;1;0.962757;1;392;0;0;1;0.962757;1;0.962757;0;0;0;0;1;1;391;0;0;0;0;0;0;0;0;0;0;0;0;00:00:00:000;00:00:00:000;;0;0;0;0;0;0;0;
2025-12-12 18:55:56;2025-12-12 19:02:43;2025-12-12 19:02:44;00:00:01;00:06:48;1;0.962848;1;393;0;0;1;0.962848;1;0.962848;0;0;0;0;1;1;392;0;0;0;0;0;0;0;0;0;0;0;0;00:00:00:000;00:00:00:000;;0;0;0;0;0;0;0;
2025-12-12 18:55:56;2025-12-12 19:02:44;2025-12-12 19:02:45;00:00:01;00:06:49;1;0.962937;1;394;0;0;1;0.962937;1;0.962937;0;0;0;0;1;1;393;0;0;0;0;0;0;0;0;0;0;0;0;00:00:00:000;00:00:00:000;;0;0;0;0;0;0;0;
2025-12-12 18:55:56;2025-12-12 19:02:45;2025-12-12 19:02:46;00:00:01;00:06:50;1;0.963027;1;395;0;0;1;0.963027;1;0.963027;0;0;0;0;1;1;394;0;0;0;0;0;0;0;0;0;0;0;0;00:00:00:000;00:00:00:000;;0;0;0;0;0;0;0;
2025-12-12 18:55:56;2025-12-12 19:02:46;2025-12-12 19:02:47;00:00:01;00:06:51;1;0.963117;1;396;0;0;1;0.963117;1;0.963117;0;0;0;0;1;1;395;0;0;0;0;0;0;0;0;0;0;0;0;00:00:00:000;00:00:00:000;;0;0;0;0;0;0;0;
2025-12-12 18:55:56;2025-12-12 19:02:47;2025-12-12 19:02:48;00:00:01;00:06:52;1;0.963204;1;397;0;0;1;0.963204;1;0.963204;0;0;0;0;1;1;396;0;0;0;0;0;0;0;0;0;0;0;0;00:00:00:000;00:00:00:000;;0;0;0;0;0;0;0;
2025-12-12 18:55:56;2025-12-12 19:02:48;2025-12-12 19:02:49;00:00:01;00:06:53;1;0.963293;1;398;0;0;1;0.963293;1;0.963293;0;0;0;0;1;1;397;0;0;0;0;0;0;0;0;0;0;0;0;00:00:00:000;00:00:00:000;;0;0;0;0;0;0;0;
2025-12-12 18:55:56;2025-12-12 19:02:49;2025-12-12 19:02:50;00:00:01;00:06:54;1;0.96338;1;399;0;0;1;0.96338;1;0.96338;0;0;0;0;1;1;398;0;0;0;0;0;0;0;0;0;0;0;0;00:00:00:000;00:00:00:000;;0;0;0;0;0;0;0;
2025-12-12 18:55:56;2025-12-12 19:02:50;2025-12-12 19:02:51;00:00:01;00:06:55;1;0.963465;1;400;0;0;1;0.963465;1;0.963465;0;0;0;0;1;1;399;0;0;0;0;0;0;0;0;0;0;0;0;00:00:00:000;00:00:00:000;;0;0;0;0;0;0;0;
2025-12-12 18:55:56;2025-12-12 19:02:51;2025-12-12 19:02:52;00:00:01;00:06:56;1;0.963553;1;401;0;0;1;0.963553;1;0.963553;0;0;0;0;1;1;400;0;0;0;0;0;0;0;0;0;0;0;0;00:00:00:000;00:00:00:000;;0;0;0;0;0;0;0;
2025-12-12 18:55:56;2025-12-12 19:02:52;2025-12-12 19:02:53;00:00:01;00:06:57;1;0.963641;1;402;0;0;1;0.963641;1;0.963641;0;0;0;0;1;1;401;0;0;0;0;0;0;0;0;0;0;0;0;00:00:00:000;00:00:00:000;;0;0;0;0;0;0;0;
2025-12-12 18:55:56;2025-12-12 19:02:53;2025-12-12 19:02:54;00:00:01;00:06:58;1;0.963725;1;403;0;0;1;0.963725;1;0.963725;0;0;0;0;1;1;402;0;0;0;0;0;0;0;0;0;0;0;0;00:00:00:000;00:00:00:000;;0;0;0;0;0;0;0;
2025-12-12 18:55:56;2025-12-12 19:02:54;2025-12-12 19:02:55;00:00:01;00:06:59;1;0.963809;1;404;0;0;1;0.963809;1;0.963809;0;0;0;0;1;1;403;0;0;0;0;0;0;0;0;0;0;0;0;00:00:00:000;00:00:00:000;;0;0;0;0;0;0;0;
2025-12-12 18:55:56;2025-12-12 19:02:55;2025-12-12 19:02:56;00:00:01;00:07:00;1;0.963896;1;405;0;0;1;0.963896;1;0.963896;0;0;0;0;1;1;404;0;0;0;0;0;0;0;0;0;0;0;0;00:00:00:000;00:00:00:000;;0;0;0;0;0;0;0;
2025-12-12 18:55:56;2025-12-12 19:02:56;2025-12-12 19:02:57;00:00:01;00:07:01;1;0.963979;1;406;0;0;1;0.963979;1;0.963979;0;0;0;0;1;1;405;0;0;0;0;0;0;0;0;0;0;0;0;00:00:00:000;00:00:00:000;;0;0;0;0;0;0;0;
2025-12-12 18:55:56;2025-12-12 19:02:57;2025-12-12 19:02:58;00:00:01;00:07:02;1;0.964064;1;407;0;0;1;0.964064;1;0.964064;0;0;0;0;1;1;406;0;0;0;0;0;0;0;0;0;0;0;0;00:00:00:000;00:00:00:000;;0;0;0;0;0;0;0;
2025-12-12 18:55:56;2025-12-12 19:02:58;2025-12-12 19:02:59;00:00:01;00:07:03;1;0.964149;1;408;0;0;1;0.964149;1;0.964149;0;0;0;0;1;1;407;0;0;0;0;0;0;0;0;0;0;0;0;00:00:00:000;00:00:00:000;;0;0;0;0;0;0;0;
2025-12-12 18:55:56;2025-12-12 19:02:59;2025-12-12 19:03:00;00:00:01;00:07:04;1;0.964231;1;409;0;0;1;0.964231;1;0.964231;0;0;0;0;1;1;408;0;0;0;0;0;0;0;0;0;0;0;0;00:00:00:000;00:00:00:000;;0;0;0;0;0;0;0;
2025-12-12 18:55:56;2025-12-12 19:03:00;2025-12-12 19:03:01;00:00:01;00:07:05;1;0.964316;1;410;0;0;1;0.964316;1;0.964316;0;0;0;0;1;1;409;0;0;0;0;0;0;0;0;0;0;0;0;00:00:00:000;00:00:00:000;;0;0;0;0;0;0;0;
2025-12-12 18:55:56;2025-12-12 19:03:01;2025-12-12 19:03:02;00:00:01;00:07:06;1;0.964397;1;411;0;0;1;0.964397;1;0.964397;0;0;0;0;1;1;410;0;0;0;0;0;0;0;0;0;0;0;0;00:00:00:000;00:00:00:000;;0;0;0;0;0;0;0;
2025-12-12 18:55:56;2025-12-12 19:03:02;2025-12-12 19:03:03;00:00:01;00:07:07;1;0.96448;1;412;0;0;1;0.96448;1;0.96448;0;0;0;0;1;1;411;0;0;0;0;0;0;0;0;0;0;0;0;00:00:00:000;00:00:00:000;;0;0;0;0;0;0;0;
2025-12-12 18:55:56;2025-12-12 19:03:03;2025-12-12 19:03:04;00:00:01;00:07:08;1;0.964561;1;413;0;0;1;0.964561;1;0.964561;0;0;0;0;1;1;412;0;0;0;0;0;0;0;0;0;0;0;0;00:00:00:000;00:00:00:000;;0;0;0;0;0;0;0;
2025-12-12 18:55:56;2025-12-12 19:03:04;2025-12-12 19:03:05;00:00:01;00:07:09;1;0.964644;1;414;0;0;1;0.964644;1;0.964644;0;0;0;0;1;1;413;0;0;0;0;0;0;0;0;0;0;0;0;00:00:00:000;00:00:00:000;;0;0;0;0;0;0;0;
2025-12-12 18:55:56;2025-12-12 19:03:05;2025-12-12 19:03:06;00:00:01;00:07:10;1;0.964726;1;415;0;0;1;0.964726;1;0.964726;0;0;0;0;1;1;414;0;0;0;0;0;0;0;0;0;0;0;0;00:00:00:000;00:00:00:000;;0;0;0;0;0;0;0;
2025-12-12 18:55:56;2025-12-12 19:03:06;2025-12-12 19:03:07;00:00:01;00:07:11;1;0.964805;1;416;0;0;1;0.964805;1;0.964805;0;0;0;0;1;1;415;0;0;0;0;0;0;0;0;0;0;0;0;00:00:00:000;00:00:00:000;;0;0;0;0;0;0;0;
2025-12-12 18:55:56;2025-12-12 19:03:07;2025-12-12 19:03:08;00:00:01;00:07:12;1;0.964887;1;417;0;0;1;0.964887;1;0.964887;0;0;0;0;1;1;416;0;0;0;0;0;0;0;0;0;0;0;0;00:00:00:000;00:00:00:000;;0;0;0;0;0;0;0;
2025-12-12 18:55:56;2025-12-12 19:03:08;2025-12-12 19:03:09;00:00:01;00:07:13;1;0.964968;1;418;0;0;1;0.964968;1;0.964968;0;0;0;0;1;1;417;0;0;0;0;0;0;0;0;0;0;0;0;00:00:00:000;00:00:00:000;;0;0;0;0;0;0;0;
2025-12-12 18:55:56;2025-12-12 19:03:09;2025-12-12 19:03:10;00:00:01;00:07:14;1;0.965046;1;419;0;0;1;0.965046;1;0.965046;0;0;0;0;1;1;418;0;0;0;0;0;0;0;0;0;0;0;0;00:00:00:000;00:00:00:000;;0;0;0;0;0;0;0;
2025-12-12 18:55:56;2025-12-12 19:03:10;2025-12-12 19:03:11;00:00:01;00:07:15;1;0.965127;1;420;0;0;1;0.965127;1;0.965127;0;0;0;0;1;1;419;0;0;0;0;0;0;0;0;0;0;0;0;00:00:00:000;00:00:00:000;;0;0;0;0;0;0;0;
2025-12-12 18:55:56;2025-12-12 19:03:11;2025-12-12 19:03:12;00:00:01;00:07:16;1;0.965207;1;421;0;0;1;0.965207;1;0.965207;0;0;0;0;1;1;420;0;0;0;0;0;0;0;0;0;0;0;0;00:00:00:000;00:00:00:000;;0;0;0;0;0;0;0;
2025-12-12 18:55:56;2025-12-12 19:03:12;2025-12-12 19:03:13;00:00:01;00:07:17;1;0.965284;1;422;0;0;1;0.965284;1;0.965284;0;0;0;0;1;1;421;0;0;0;0;0;0;0;0;0;0;0;0;00:00:00:000;00:00:00:000;;0;0;0;0;0;0;0;
2025-12-12 18:55:56;2025-12-12 19:03:13;2025-12-12 19:03:14;00:00:01;00:07:18;1;0.965363;1;423;0;0;1;0.965363;1;0.965363;0;0;0;0;1;1;422;0;0;0;0;0;0;0;0;0;0;0;0;00:00:00:000;00:00:00:000;;0;0;0;0;0;0;0;
2025-12-12 18:55:56;2025-12-12 19:03:14;2025-12-12 19:03:15;00:00:01;00:07:19;1;0.96544;1;424;0;0;1;0.96544;1;0.96544;0;0;0;0;1;1;423;0;0;0;0;0;0;0;0;0;0;0;0;00:00:00:000;00:00:00:000;;0;0;0;0;0;0;0;
2025-12-12 18:55:56;2025-12-12 19:03:15;2025-12-12 19:03:16;00:00:01;00:07:20;1;0.965518;1;425;0;0;1;0.965518;1;0.965518;0;0;0;0;1;1;424;0;0;0;0;0;0;0;0;0;0;0;0;00:00:00:000;00:00:00:000;;0;0;0;0;0;0;0;
2025-12-12 18:55:56;2025-12-12 19:03:16;2025-12-12 19:03:17;00:00:01;00:07:21;0.999001;0.965592;1;426;0;0;0.999001;0.965592;0.999001;0.965592;0;0;0;0;1;1;425;0;0;0;0;0;0;0;0;0;0;0;0;00:00:00:000;00:00:00:000;;0;0;0;0;0;0;0;
2025-12-12 18:55:56;2025-12-12 19:03:17;2025-12-12 19:03:18;00:00:01;00:07:22;1;0.965668;1;427;0;0;1;0.965668;1;0.965668;0;0;0;0;1;1;426;0;0;0;0;0;0;0;0;0;0;0;0;00:00:00:000;00:00:00:000;;0;0;0;0;0;0;0;
2025-12-12 18:55:56;2025-12-12 19:03:18;2025-12-12 19:03:19;00:00:01;00:07:23;1;0.965745;1;428;0;0;1;0.965745;1;0.965745;0;0;0;0;1;1;427;0;0;0;0;0;0;0;0;0;0;0;0;00:00:00:000;00:00:00:000;;0;0;0;0;0;0;0;
2025-12-12 18:55:56;2025-12-12 19:03:19;2025-12-12 19:03:20;00:00:01;00:07:24;1;0.965823;1;429;0;0;1;0.965823;1;0.965823;0;0;0;0;1;1;428;0;0;0;0;0;0;0;0;0;0;0;0;00:00:00:000;00:00:00:000;;0;0;0;0;0;0;0;
2025-12-12 18:55:56;2025-12-12 19:03:20;2025-12-12 19:03:21;00:00:01;00:07:25;1;0.965897;1;430;0;0;1;0.965897;1;0.965897;0;0;0;0;1;1;429;0;0;0;0;0;0;0;0;0;0;0;0;00:00:00:000;00:00:00:000;;0;0;0;0;0;0;0;
2025-12-12 18:55:56;2025-12-12 19:03:21;2025-12-12 19:03:22;00:00:01;00:07:26;1;0.965974;1;431;0;0;1;0.965974;1;0.965974;0;0;0;0;1;1;430;0;0;0;0;0;0;0;0;0;0;0;0;00:00:00:000;00:00:00:000;;0;0;0;0;0;0;0;
2025-12-12 18:55:56;2025-12-12 19:03:22;2025-12-12 19:03:23;00:00:01;00:07:27;1;0.96605;1;432;0;0;1;0.96605;1;0.96605;0;0;0;0;1;1;431;0;0;0;0;0;0;0;0;0;0;0;0;00:00:00:000;00:00:00:000;;0;0;0;0;0;0;0;
2025-12-12 18:55:56;2025-12-12 19:03:23;2025-12-12 19:03:24;00:00:01;00:07:28;1;0.966123;1;433;0;0;1;0.966123;1;0.966123;0;0;0;0;1;1;432;0;0;0;0;0;0;0;0;0;0;0;0;00:00:00:000;00:00:00:000;;0;0;0;0;0;0;0;
2025-12-12 18:55:56;2025-12-12 19:03:24;2025-12-12 19:03:25;00:00:01;00:07:29;1;0.966199;1;434;0;0;1;0.966199;1;0.966199;0;0;0;0;1;1;433;0;0;0;0;0;0;0;0;0;0;0;0;00:00:00:000;00:00:00:000;;0;0;0;0;0;0;0;
2025-12-12 18:55:56;2025-12-12 19:03:25;2025-12-12 19:03:26;00:00:01;00:07:30;1;0.966274;1;435;0;0;1;0.966274;1;0.966274;0;0;0;0;1;1;434;0;0;0;0;0;0;0;0;0;0;0;0;00:00:00:000;00:00:00:000;;0;0;0;0;0;0;0;
2025-12-12 18:55:56;2025-12-12 19:03:26;2025-12-12 19:03:27;00:00:01;00:07:31;1;0.966346;1;436;0;0;1;0.966346;1;0.966346;0;0;0;0;1;1;435;0;0;0;0;0;0;0;0;0;0;0;0;00:00:00:000;00:00:00:000;;0;0;0;0;0;0;0;
2025-12-12 18:55:56;2025-12-12 19:03:27;2025-12-12 19:03:28;00:00:01;00:07:32;1;0.966421;1;437;0;0;1;0.966421;1;0.966421;0;0;0;0;1;1;436;0;0;0;0;0;0;0;0;0;0;0;0;00:00:00:000;00:00:00:000;;0;0;0;0;0;0;0;
2025-12-12 18:55:56;2025-12-12 19:03:28;2025-12-12 19:03:29;00:00:01;00:07:33;1;0.966495;1;438;0;0;1;0.966495;1;0.966495;0;0;0;0;1;1;437;0;0;0;0;0;0;0;0;0;0;0;0;00:00:00:000;00:00:00:000;;0;0;0;0;0;0;0;
2025-12-12 18:55:56;2025-12-12 19:03:29;2025-12-12 19:03:30;00:00:01;00:07:34;1;0.966569;1;439;0;0;1;0.966569;1;0.966569;0;0;0;0;1;1;438;0;0;0;0;0;0;0;0;0;0;0;0;00:00:00:000;00:00:00:000;;0;0;0;0;0;0;0;
2025-12-12 18:55:56;2025-12-12 19:03:30;2025-12-12 19:03:31;00:00:01;00:07:35;1;0.96664;1;440;0;0;1;0.96664;1;0.96664;0;0;0;0;1;1;439;0;0;0;0;0;0;0;0;0;0;0;0;00:00:00:000;00:00:00:000;;0;0;0;0;0;0;0;
2025-12-12 18:55:56;2025-12-12 19:03:31;2025-12-12 19:03:32;00:00:01;00:07:36;1;0.966713;1;441;0;0;1;0.966713;1;0.966713;0;0;0;0;1;1;440;0;0;0;0;0;0;0;0;0;0;0;0;00:00:00:000;00:00:00:000;;0;0;0;0;0;0;0;
2025-12-12 18:55:56;2025-12-12 19:03:32;2025-12-12 19:03:33;00:00:01;00:07:37;1;0.966786;1;442;0;0;1;0.966786;1;0.966786;0;0;0;0;1;1;441;0;0;0;0;0;0;0;0;0;0;0;0;00:00:00:000;00:00:00:000;;0;0;0;0;0;0;0;
2025-12-12 18:55:56;2025-12-12 19:03:33;2025-12-12 19:03:34;00:00:01;00:07:38;1;0.966856;1;443;0;0;1;0.966856;1;0.966856;0;0;0;0;1;1;442;0;0;0;0;0;0;0;0;0;0;0;0;00:00:00:000;00:00:00:000;;0;0;0;0;0;0;0;
2025-12-12 18:55:56;2025-12-12 19:03:34;2025-12-12 19:03:35;00:00:01;00:07:39;1;0.966928;1;444;0;0;1;0.966928;1;0.966928;0;0;0;0;1;1;443;0;0;0;0;0;0;0;0;0;0;0;0;00:00:00:000;00:00:00:000;;0;0;0;0;0;0;0;
2025-12-12 18:55:56;2025-12-12 19:03:35;2025-12-12 19:03:36;00:00:01;00:07:40;1;0.967;1;445;0;0;1;0.967;1;0.967;0;0;0;0;1;1;444;0;0;0;0;0;0;0;0;0;0;0;0;00:00:00:000;00:00:00:000;;0;0;0;0;0;0;0;
2025-12-12 18:55:56;2025-12-13 13:10:03;2025-12-13 13:10:03;18:06:27;18:14:07;1.53404e-05;0.00679385;1;446;0;0;1.53404e-05;0.00679385;1.53404e-05;0.00679385;0;0;0;0;1;1;445;0;0;0;0;0;0;0;0;0;0;0;0;00:00:00:000;00:00:00:000;;0;0;0;0;0;0;0;
2025-12-12 18:55:56;2025-12-13 13:10:03;2025-12-13 13:10:04;00:00:01;18:14:08;39063.7;0.604217;39220;39666;0;0;39063.7;0.604217;39063.7;0.604217;0;0;0;0;1;39220;39665;0;0;0;0;0;0;0;0;0;0;0;0;00:00:00:000;00:00:00:000;;0;0;0;0;0;0;0;
2025-12-12 18:55:56;2025-12-13 13:10:04;2025-12-13 13:10:05;00:00:01;18:14:09;25504;0.992801;25504;65177;0;0;25504;0.992801;25506;0.992801;0;0;0;0;1;25506;65176;0;0;0;0;0;0;0;0;0;0;0;0;00:00:00:000;00:00:00:000;;0;0;0;0;0;0;0;
2025-12-12 18:55:56;2025-12-13 13:10:05;2025-12-13 13:10:06;00:00:01;18:14:10;1;0.992801;1;65178;0;0;1;0.992801;1;0.992801;0;0;0;0;1;1;65177;0;0;0;0;0;0;0;0;0;0;0;0;00:00:00:000;00:00:00:000;;0;0;0;0;0;0;0;
2025-12-12 18:55:56;2025-12-13 13:10:06;2025-12-13 13:10:07;00:00:01;18:14:11;1;0.992801;1;65179;0;0;1;0.992801;1;0.992801;0;0;0;0;1;1;65178;0;0;0;0;0;0;0;0;0;0;0;0;00:00:00:000;00:00:00:000;;0;0;0;0;0;0;0;
2025-12-12 18:55:56;2025-12-13 13:10:07;2025-12-13 13:10:08;00:00:01;18:14:12;1;0.992801;1;65180;0;0;1;0.992801;1;0.992801;0;0;0;0;1;1;65179;0;0;0;0;0;0;0;0;0;0;0;0;00:00:00:000;00:00:00:000;;0;0;0;0;0;0;0;
2025-12-12 18:55:56;2025-12-13 13:10:08;2025-12-13 13:10:09;00:00:01;18:14:13;1;0.992801;1;65181;0;0;1;0.992801;1;0.992801;0;0;0;0;1;1;65180;0;0;0;0;0;0;0;0;0;0;0;0;00:00:00:000;00:00:00:000;;0;0;0;0;0;0;0;
2025-12-12 18:55:56;2025-12-13 13:10:09;2025-12-13 13:10:10;00:00:01;18:14:14;1;0.992802;1;65182;0;0;1;0.992802;1;0.992802;0;0;0;0;1;1;65181;0;0;0;0;0;0;0;0;0;0;0;0;00:00:00:000;00:00:00:000;;0;0;0;0;0;0;0;
2025-12-12 18:55:56;2025-12-13 13:10:10;2025-12-13 13:10:11;00:00:01;18:14:15;1;0.992802;1;65183;0;0;1;0.992802;1;0.992802;0;0;0;0;1;1;65182;0;0;0;0;0;0;0;0;0;0;0;0;00:00:00:000;00:00:00:000;;0;0;0;0;0;0;0;
2025-12-12 18:55:56;2025-12-13 13:10:11;2025-12-13 13:10:12;00:00:01;18:14:16;1;0.992802;1;65184;0;0;1;0.992802;1;0.992802;0;0;0;0;1;1;65183;0;0;0;0;0;0;0;0;0;0;0;0;00:00:00:000;00:00:00:000;;0;0;0;0;0;0;0;
2025-12-12 18:55:56;2025-12-13 13:10:13;2025-12-13 13:10:13;00:00:01;18:14:17;1;0.992802;1;65185;0;0;1;0.992802;1;0.992802;0;0;0;0;1;1;65184;0;0;0;0;0;0;0;0;0;0;0;0;00:00:00:000;00:00:00:000;;0;0;0;0;0;0;0;
2025-12-12 18:55:56;2025-12-13 13:10:14;2025-12-13 13:10:14;00:00:01;18:14:18;1;0.992802;1;65186;0;0;1;0.992802;1;0.992802;0;0;0;0;1;1;65185;0;0;0;0;0;0;0;0;0;0;0;0;00:00:00:000;00:00:00:000;;0;0;0;0;0;0;0;
2025-12-12 18:55:56;2025-12-13 13:10:15;2025-12-13 13:10:15;00:00:01;18:14:19;1;0.992802;1;65187;0;0;1;0.992802;1;0.992802;0;0;0;0;1;1;65186;0;0;0;0;0;0;0;0;0;0;0;0;00:00:00:000;00:00:00:000;;0;0;0;0;0;0;0;
2025-12-12 18:55:56;2025-12-13 13:10:16;2025-12-13 13:10:16;00:00:01;18:14:20;1;0.992802;1;65188;0;0;1;0.992802;1;0.992802;0;0;0;0;1;1;65187;0;0;0;0;0;0;0;0;0;0;0;0;00:00:00:000;00:00:00:000;;0;0;0;0;0;0;0;
2025-12-12 18:55:56;2025-12-13 13:10:17;2025-12-13 13:10:17;00:00:01;18:14:21;1;0.992802;1;65189;0;0;1;0.992802;1;0.992802;0;0;0;0;1;1;65188;0;0;0;0;0;0;0;0;0;0;0;0;00:00:00:000;00:00:00:000;;0;0;0;0;0;0;0;
2025-12-12 18:55:56;2025-12-13 13:10:18;2025-12-13 13:10:18;00:00:01;18:14:22;1;0.992802;1;65190;0;0;1;0.992802;1;0.992802;0;0;0;0;1;1;65189;0;0;0;0;0;0;0;0;0;0;0;0;00:00:00:000;00:00:00:000;;0;0;0;0;0;0;0;
2025-12-12 18:55:56;2025-12-13 13:10:19;2025-12-13 13:10:19;00:00:01;18:14:23;1;0.992803;1;65191;0;0;1;0.992803;1;0.992803;0;0;0;0;1;1;65190;0;0;0;0;0;0;0;0;0;0;0;0;00:00:00:000;00:00:00:000;;0;0;0;0;0;0;0;
2025-12-12 18:55:56;2025-12-13 13:10:20;2025-12-13 13:10:20;00:00:01;18:14:24;1;0.992803;1;65192;0;0;1;0.992803;1;0.992803;0;0;0;0;1;1;65191;0;0;0;0;0;0;0;0;0;0;0;0;00:00:00:000;00:00:00:000;;0;0;0;0;0;0;0;
2025-12-12 18:55:56;2025-12-13 13:10:21;2025-12-13 13:10:22;00:00:01;18:14:25;1;0.992803;1;65193;0;0;1;0.992803;1;0.992803;0;0;0;0;1;1;65192;0;0;0;0;0;0;0;0;0;0;0;0;00:00:00:000;00:00:00:000;;0;0;0;0;0;0;0;
2025-12-12 18:55:56;2025-12-13 13:10:22;2025-12-13 13:10:23;00:00:01;18:14:26;1;0.992803;1;65194;0;0;1;0.992803;1;0.992803;0;0;0;0;1;1;65193;0;0;0;0;0;0;0;0;0;0;0;0;00:00:00:000;00:00:00:000;;0;0;0;0;0;0;0;
2025-12-12 18:55:56;2025-12-13 13:10:23;2025-12-13 13:10:24;00:00:01;18:14:27;1;0.992803;1;65195;0;0;1;0.992803;1;0.992803;0;0;0;0;1;1;65194;0;0;0;0;0;0;0;0;0;0;0;0;00:00:00:000;00:00:00:000;;0;0;0;0;0;0;0;
2025-12-12 18:55:56;2025-12-13 13:10:24;2025-12-13 13:10:25;00:00:01;18:14:28;1;0.992803;1;65196;0;0;1;0.992803;1;0.992803;0;0;0;0;1;1;65195;0;0;0;0;0;0;0;0;0;0;0;0;00:00:00:000;00:00:00:000;;0;0;0;0;0;0;0;
2025-12-12 18:55:56;2025-12-13 13:10:25;2025-12-13 13:10:26;00:00:01;18:14:29;1;0.992803;1;65197;0;0;1;0.992803;1;0.992803;0;0;0;0;1;1;65196;0;0;0;0;0;0;0;0;0;0;0;0;00:00:00:000;00:00:00:000;;0;0;0;0;0;0;0;
2025-12-12 18:55:56;2025-12-13 13:10:26;2025-12-13 13:10:27;00:00:01;18:14:30;1;0.992803;1;65198;0;0;1;0.992803;1;0.992803;0;0;0;0;1;1;65197;0;0;0;0;0;0;0;0;0;0;0;0;00:00:00:000;00:00:00:000;;0;0;0;0;0;0;0;
2025-12-12 18:55:56;2025-12-13 13:10:27;2025-12-13 13:10:28;00:00:01;18:14:31;1;0.992803;1;65199;0;0;1;0.992803;1;0.992803;0;0;0;0;1;1;65198;0;0;0;0;0;0;0;0;0;0;0;0;00:00:00:000;00:00:00:000;;0;0;0;0;0;0;0;
2025-12-12 18:55:56;2025-12-13 13:10:28;2025-12-13 13:10:29;00:00:01;18:14:32;1;0.992803;1;65200;0;0;1;0.992803;1;0.992803;0;0;0;0;1;1;65199;0;0;0;0;0;0;0;0;0;0;0;0;00:00:00:000;00:00:00:000;;0;0;0;0;0;0;0;
2025-12-12 18:55:56;2025-12-13 13:10:29;2025-12-13 13:10:30;00:00:01;18:14:33;1;0.992804;1;65201;0;0;1;0.992804;1;0.992804;0;0;0;0;1;1;65200;0;0;0;0;0;0;0;0;0;0;0;0;00:00:00:000;00:00:00:000;;0;0;0;0;0;0;0;
2025-12-12 18:55:56;2025-12-13 13:10:30;2025-12-13 13:10:31;00:00:01;18:14:34;1;0.992804;1;65202;0;0;1;0.992804;1;0.992804;0;0;0;0;1;1;65201;0;0;0;0;0;0;0;0;0;0;0;0;00:00:00:000;00:00:00:000;;0;0;0;0;0;0;0;
2025-12-12 18:55:56;2025-12-13 13:10:31;2025-12-13 13:10:32;00:00:01;18:14:35;1;0.992804;1;65203;0;0;1;0.992804;1;0.992804;0;0;0;0;1;1;65202;0;0;0;0;0;0;0;0;0;0;0;0;00:00:00:000;00:00:00:000;;0;0;0;0;0;0;0;
2025-12-12 18:55:56;2025-12-13 13:10:32;2025-12-13 13:10:33;00:00:01;18:14:36;1;0.992804;1;65204;0;0;1;0.992804;1;0.992804;0;0;0;0;1;1;65203;0;0;0;0;0;0;0;0;0;0;0;0;00:00:00:000;00:00:00:000;;0;0;0;0;0;0;0;
2025-12-12 18:55:56;2025-12-13 13:10:33;2025-12-13 13:10:34;00:00:01;18:14:37;1;0.992804;1;65205;0;0;1;0.992804;1;0.992804;0;0;0;0;1;1;65204;0;0;0;0;0;0;0;0;0;0;0;0;00:00:00:000;00:00:00:000;;0;0;0;0;0;0;0;
2025-12-12 18:55:56;2025-12-13 13:10:34;2025-12-13 13:10:35;00:00:01;18:14:38;1;0.992804;1;65206;0;0;1;0.992804;1;0.992804;0;0;0;0;1;1;65205;0;0;0;0;0;0;0;0;0;0;0;0;00:00:00:000;00:00:00:000;;0;0;0;0;0;0;0;
2025-12-12 18:55:56;2025-12-13 13:10:35;2025-12-13 13:10:36;00:00:01;18:14:39;1;0.992804;1;65207;0;0;1;0.992804;1;0.992804;0;0;0;0;1;1;65206;0;0;0;0;0;0;0;0;0;0;0;0;00:00:00:000;00:00:00:000;;0;0;0;0;0;0;0;
2025-12-12 18:55:56;2025-12-13 13:10:36;2025-12-13 13:10:37;00:00:01;18:14:40;1;0.992804;1;65208;0;0;1;0.992804;1;0.992804;0;0;0;0;1;1;65207;0;0;0;0;0;0;0;0;0;0;0;0;00:00:00:000;00:00:00:000;;0;0;0;0;0;0;0;
2025-12-12 18:55:56;2025-12-13 13:10:37;2025-12-13 13:10:38;00:00:01;18:14:41;1;0.992804;1;65209;0;0;1;0.992804;1;0.992804;0;0;0;0;1;1;65208;0;0;0;0;0;0;0;0;0;0;0;0;00:00:00:000;00:00:00:000;;0;0;0;0;0;0;0;
2025-12-12 18:55:56;2025-12-13 13:10:38;2025-12-13 13:10:39;00:00:01;18:14:42;1;0.992805;1;65210;0;0;1;0.992805;1;0.992805;0;0;0;0;1;1;65209;0;0;0;0;0;0;0;0;0;0;0;0;00:00:00:000;00:00:00:000;;0;0;0;0;0;0;0;
2025-12-12 18:55:56;2025-12-13 13:10:39;2025-12-13 13:10:40;00:00:01;18:14:43;1;0.992805;1;65211;0;0;1;0.992805;1;0.992805;0;0;0;0;1;1;65210;0;0;0;0;0;0;0;0;0;0;0;0;00:00:00:000;00:00:00:000;;0;0;0;0;0;0;0;
2025-12-12 18:55:56;2025-12-13 13:10:40;2025-12-13 13:10:41;00:00:01;18:14:44;1;0.992805;1;65212;0;0;1;0.992805;1;0.992805;0;0;0;0;1;1;65211;0;0;0;0;0;0;0;0;0;0;0;0;00:00:00:000;00:00:00:000;;0;0;0;0;0;0;0;
2025-12-12 18:55:56;2025-12-13 13:10:41;2025-12-13 13:10:42;00:00:01;18:14:45;1;0.992805;1;65213;0;0;1;0.992805;1;0.992805;0;0;0;0;1;1;65212;0;0;0;0;0;0;0;0;0;0;0;0;00:00:00:000;00:00:00:000;;0;0;0;0;0;0;0;
2025-12-12 18:55:56;2025-12-13 13:10:42;2025-12-13 13:10:43;00:00:01;18:14:46;1;0.992805;1;65214;0;0;1;0.992805;1;0.992805;0;0;0;0;1;1;65213;0;0;0;0;0;0;0;0;0;0;0;0;00:00:00:000;00:00:00:000;;0;0;0;0;0;0;0;
2025-12-12 18:55:56;2025-12-13 13:10:43;2025-12-13 13:10:44;00:00:01;18:14:47;1;0.992805;1;65215;0;0;1;0.992805;1;0.992805;0;0;0;0;1;1;65214;0;0;0;0;0;0;0;0;0;0;0;0;00:00:00:000;00:00:00:000;;0;0;0;0;0;0;0;
2025-12-12 18:55:56;2025-12-13 13:10:44;2025-12-13 13:10:45;00:00:01;18:14:48;1;0.992805;1;65216;0;0;1;0.992805;1;0.992805;0;0;0;0;1;1;65215;0;0;0;0;0;0;0;0;0;0;0;0;00:00:00:000;00:00:00:000;;0;0;0;0;0;0;0;
2025-12-12 18:55:56;2025-12-13 13:10:45;2025-12-13 13:10:46;00:00:01;18:14:49;1;0.992805;1;65217;0;0;1;0.992805;1;0.992805;0;0;0;0;1;1;65216;0;0;0;0;0;0;0;0;0;0;0;0;00:00:00:000;00:00:00:000;;0;0;0;0;0;0;0;
2025-12-12 18:55:56;2025-12-13 13:10:46;2025-12-13 13:10:47;00:00:01;18:14:50;1;0.992805;1;65218;0;0;1;0.992805;1;0.992805;0;0;0;0;1;1;65217;0;0;0;0;0;0;0;0;0;0;0;0;00:00:00:000;00:00:00:000;;0;0;0;0;0;0;0;
2025-12-12 18:55:56;2025-12-13 13:10:47;2025-12-13 13:10:48;00:00:01;18:14:51;1;0.992805;1;65219;0;0;1;0.992805;1;0.992805;0;0;0;0;1;1;65218;0;0;0;0;0;0;0;0;0;0;0;0;00:00:00:000;00:00:00:000;;0;0;0;0;0;0;0;
2025-12-12 18:55:56;2025-12-13 13:10:48;2025-12-13 13:10:49;00:00:01;18:14:52;1;0.992806;1;65220;0;0;1;0.992806;1;0.992806;0;0;0;0;1;1;65219;0;0;0;0;0;0;0;0;0;0;0;0;00:00:00:000;00:00:00:000;;0;0;0;0;0;0;0;
2025-12-12 18:55:56;2025-12-13 13:10:49;2025-12-13 13:10:50;00:00:01;18:14:53;1;0.992806;1;65221;0;0;1;0.992806;1;0.992806;0;0;0;0;1;1;65220;0;0;0;0;0;0;0;0;0;0;0;0;00:00:00:000;00:00:00:000;;0;0;0;0;0;0;0;
2025-12-12 18:55:56;2025-12-13 13:10:50;2025-12-13 13:10:51;00:00:01;18:14:54;1;0.992806;1;65222;0;0;1;0.992806;1;0.992806;0;0;0;0;1;1;65221;0;0;0;0;0;0;0;0;0;0;0;0;00:00:00:000;00:00:00:000;;0;0;0;0;0;0;0;
2025-12-12 18:55:56;2025-12-13 13:10:51;2025-12-13 13:10:52;00:00:01;18:14:55;1;0.992806;1;65223;0;0;1;0.992806;1;0.992806;0;0;0;0;1;1;65222;0;0;0;0;0;0;0;0;0;0;0;0;00:00:00:000;00:00:00:000;;0;0;0;0;0;0;0;
2025-12-12 18:55:56;2025-12-13 13:10:52;2025-12-13 13:10:53;00:00:01;18:14:56;1;0.992806;1;65224;0;0;1;0.992806;1;0.992806;0;0;0;0;1;1;65223;0;0;0;0;0;0;0;0;0;0;0;0;00:00:00:000;00:00:00:000;;0;0;0;0;0;0;0;
2025-12-12 18:55:56;2025-12-13 13:10:53;2025-12-13 13:10:54;00:00:01;18:14:57;1;0.992806;1;65225;0;0;1;0.992806;1;0.992806;0;0;0;0;1;1;65224;0;0;0;0;0;0;0;0;0;0;0;0;00:00:00:000;00:00:00:000;;0;0;0;0;0;0;0;
2025-12-12 18:55:56;2025-12-13 13:10:54;2025-12-13 13:10:55;00:00:01;18:14:58;1;0.992806;1;65226;0;0;1;0.992806;1;0.992806;0;0;0;0;1;1;65225;0;0;0;0;0;0;0;0;0;0;0;0;00:00:00:000;00:00:00:000;;0;0;0;0;0;0;0;
2025-12-12 18:55:56;2025-12-13 13:10:55;2025-12-13 13:10:56;00:00:01;18:14:59;1;0.992806;1;65227;0;0;1;0.992806;1;0.992806;0;0;0;0;1;1;65226;0;0;0;0;0;0;0;0;0;0;0;0;00:00:00:000;00:00:00:000;;0;0;0;0;0;0;0;
2025-12-12 18:55:56;2025-12-13 13:10:56;2025-12-13 13:10:57;00:00:01;18:15:00;1;0.992806;1;65228;0;0;1;0.992806;1;0.992806;0;0;0;0;1;1;65227;0;0;0;0;0;0;0;0;0;0;0;0;00:00:00:000;00:00:00:000;;0;0;0;0;0;0;0;
2025-12-12 18:55:56;2025-12-13 13:10:57;2025-12-13 13:10:58;00:00:01;18:15:01;1;0.992806;1;65229;0;0;1;0.992806;1;0.992806;0;0;0;0;1;1;65228;0;0;0;0;0;0;0;0;0;0;0;0;00:00:00:000;00:00:00:000;;0;0;0;0;0;0;0;
2025-12-12 18:55:56;2025-12-13 13:10:58;2025-12-13 13:10:59;00:00:01;18:15:02;1;0.992807;1;65230;0;0;1;0.992807;1;0.992807;0;0;0;0;1;1;65229;0;0;0;0;0;0;0;0;0;0;0;0;00:00:00:000;00:00:00:000;;0;0;0;0;0;0;0;
2025-12-12 18:55:56;2025-12-13 13:10:59;2025-12-13 13:11:00;00:00:01;18:15:03;1;0.992807;1;65231;0;0;1;0.992807;1;0.992807;0;0;0;0;1;1;65230;0;0;0;0;0;0;0;0;0;0;0;0;00:00:00:000;00:00:00:000;;0;0;0;0;0;0;0;
2025-12-12 18:55:56;2025-12-13 13:11:00;2025-12-13 13:11:01;00:00:01;18:15:04;1;0.992807;1;65232;0;0;1;0.992807;1;0.992807;0;0;0;0;1;1;65231;0;0;0;0;0;0;0;0;0;0;0;0;00:00:00:000;00:00:00:000;;0;0;0;0;0;0;0;
2025-12-12 18:55:56;2025-12-13 13:11:01;2025-12-13 13:11:02;00:00:01;18:15:05;1;0.992807;1;65233;0;0;1;0.992807;1;0.992807;0;0;0;0;1;1;65232;0;0;0;0;0;0;0;0;0;0;0;0;00:00:00:000;00:00:00:000;;0;0;0;0;0;0;0;
2025-12-12 18:55:56;2025-12-13 13:11:02;2025-12-13 13:11:03;00:00:01;18:15:06;1;0.992807;1;65234;0;0;1;0.992807;1;0.992807;0;0;0;0;1;1;65233;0;0;0;0;0;0;0;0;0;0;0;0;00:00:00:000;00:00:00:000;;0;0;0;0;0;0;0;
2025-12-12 18:55:56;2025-12-13 13:11:03;2025-12-13 13:11:04;00:00:01;18:15:07;1;0.992807;1;65235;0;0;1;0.992807;1;0.992807;0;0;0;0;1;1;65234;0;0;0;0;0;0;0;0;0;0;0;0;00:00:00:000;00:00:00:000;;0;0;0;0;0;0;0;
2025-12-12 18:55:56;2025-12-13 13:11:04;2025-12-13 13:11:05;00:00:01;18:15:08;1;0.992807;1;65236;0;0;1;0.992807;1;0.992807;0;0;0;0;1;1;65235;0;0;0;0;0;0;0;0;0;0;0;0;00:00:00:000;00:00:00:000;;0;0;0;0;0;0;0;
2025-12-12 18:55:56;2025-12-13 13:11:05;2025-12-13 13:11:06;00:00:01;18:15:09;1;0.992807;1;65237;0;0;1;0.992807;1;0.992807;0;0;0;0;1;1;65236;0;0;0;0;0;0;0;0;0;0;0;0;00:00:00:000;00:00:00:000;;0;0;0;0;0;0;0;
2025-12-12 18:55:56;2025-12-13 13:11:06;2025-12-13 13:11:07;00:00:01;18:15:10;1;0.992807;1;65238;0;0;1;0.992807;1;0.992807;0;0;0;0;1;1;65237;0;0;0;0;0;0;0;0;0;0;0;0;00:00:00:000;00:00:00:000;;0;0;0;0;0;0;0;
2025-12-12 18:55:56;2025-12-13 13:11:07;2025-12-13 13:11:08;00:00:01;18:15:11;1;0.992808;1;65239;0;0;1;0.992808;1;0.992808;0;0;0;0;1;1;65238;0;0;0;0;0;0;0;0;0;0;0;0;00:00:00:000;00:00:00:000;;0;0;0;0;0;0;0;
2025-12-12 18:55:56;2025-12-13 13:11:08;2025-12-13 13:11:09;00:00:01;18:15:12;1;0.992808;1;65240;0;0;1;0.992808;1;0.992808;0;0;0;0;1;1;65239;0;0;0;0;0;0;0;0;0;0;0;0;00:00:00:000;00:00:00:000;;0;0;0;0;0;0;0;
2025-12-12 18:55:56;2025-12-13 13:11:09;2025-12-13 13:11:10;00:00:01;18:15:13;1;0.992808;1;65241;0;0;1;0.992808;1;0.992808;0;0;0;0;1;1;65240;0;0;0;0;0;0;0;0;0;0;0;0;00:00:00:000;00:00:00:000;;0;0;0;0;0;0;0;
2025-12-12 18:55:56;2025-12-13 13:11:10;2025-12-13 13:11:11;00:00:01;18:15:14;1;0.992808;1;65242;0;0;1;0.992808;1;0.992808;0;0;0;0;1;1;65241;0;0;0;0;0;0;0;0;0;0;0;0;00:00:00:000;00:00:00:000;;0;0;0;0;0;0;0;
2025-12-12 18:55:56;2025-12-13 13:11:11;2025-12-13 13:11:12;00:00:01;18:15:15;1;0.992808;1;65243;0;0;1;0.992808;1;0.992808;0;0;0;0;1;1;65242;0;0;0;0;0;0;0;0;0;0;0;0;00:00:00:000;00:00:00:000;;0;0;0;0;0;0;0;
2025-12-12 18:55:56;2025-12-13 13:11:12;2025-12-13 13:11:13;00:00:01;18:15:16;1;0.992808;1;65244;0;0;1;0.992808;1;0.992808;0;0;0;0;1;1;65243;0;0;0;0;0;0;0;0;0;0;0;0;00:00:00:000;00:00:00:000;;0;0;0;0;0;0;0;
2025-12-12 18:55:56;2025-12-13 13:11:13;2025-12-13 13:11:14;00:00:01;18:15:17;1;0.992808;1;65245;0;0;1;0.992808;1;0.992808;0;0;0;0;1;1;65244;0;0;0;0;0;0;0;0;0;0;0;0;00:00:00:000;00:00:00:000;;0;0;0;0;0;0;0;
2025-12-12 18:55:56;2025-12-13 13:11:14;2025-12-13 13:11:15;00:00:01;18:15:18;1;0.992808;1;65246;0;0;1;0.992808;1;0.992808;0;0;0;0;1;1;65245;0;0;0;0;0;0;0;0;0;0;0;0;00:00:00:000;00:00:00:000;;0;0;0;0;0;0;0;
2025-12-12 18:55:56;2025-12-13 13:11:15;2025-12-13 13:11:16;00:00:01;18:15:19;1;0.992808;1;65247;0;0;1;0.992808;1;0.992808;0;0;0;0;1;1;65246;0;0;0;0;0;0;0;0;0;0;0;0;00:00:00:000;00:00:00:000;;0;0;0;0;0;0;0;
2025-12-12 18:55:56;2025-12-13 13:11:16;2025-12-13 13:11:17;00:00:01;18:15:20;1;0.992808;1;65248;0;0;1;0.992808;1;0.992808;0;0;0;0;1;1;65247;0;0;0;0;0;0;0;0;0;0;0;0;00:00:00:000;00:00:00:000;;0;0;0;0;0;0;0;
2025-12-12 18:55:56;2025-12-13 13:11:17;2025-12-13 13:11:18;00:00:01;18:15:21;1;0.992809;1;65249;0;0;1;0.992809;1;0.992809;0;0;0;0;1;1;65248;0;0;0;0;0;0;0;0;0;0;0;0;00:00:00:000;00:00:00:000;;0;0;0;0;0;0;0;
2025-12-12 18:55:56;2025-12-13 13:11:18;2025-12-13 13:11:19;00:00:01;18:15:22;1;0.992809;1;65250;0;0;1;0.992809;1;0.992809;0;0;0;0;1;1;65249;0;0;0;0;0;0;0;0;0;0;0;0;00:00:00:000;00:00:00:000;;0;0;0;0;0;0;0;
2025-12-12 18:55:56;2025-12-13 13:11:19;2025-12-13 13:11:20;00:00:01;18:15:23;1;0.992809;1;65251;0;0;1;0.992809;1;0.992809;0;0;0;0;1;1;65250;0;0;0;0;0;0;0;0;0;0;0;0;00:00:00:000;00:00:00:000;;0;0;0;0;0;0;0;
2025-12-12 18:55:56;2025-12-13 13:11:20;2025-12-13 13:11:21;00:00:01;18:15:24;1;0.992809;1;65252;0;0;1;0.992809;1;0.992809;0;0;0;0;1;1;65251;0;0;0;0;0;0;0;0;0;0;0;0;00:00:00:000;00:00:00:000;;0;0;0;0;0;0;0;
2025-12-12 18:55:56;2025-12-13 13:11:21;2025-12-13 13:11:22;00:00:01;18:15:25;1;0.992809;1;65253;0;0;1;0.992809;1;0.992809;0;0;0;0;1;1;65252;0;0;0;0;0;0;0;0;0;0;0;0;00:00:00:000;00:00:00:000;;0;0;0;0;0;0;0;
2025-12-12 18:55:56;2025-12-13 13:11:22;2025-12-13 13:11:23;00:00:01;18:15:26;1;0.992809;1;65254;0;0;1;0.992809;1;0.992809;0;0;0;0;1;1;65253;0;0;0;0;0;0;0;0;0;0;0;0;00:00:00:000;00:00:00:000;;0;0;0;0;0;0;0;
2025-12-12 18:55:56;2025-12-13 13:11:23;2025-12-13 13:11:24;00:00:01;18:15:27;1;0.992809;1;65255;0;0;1;0.992809;1;0.992809;0;0;0;0;1;1;65254;0;0;0;0;0;0;0;0;0;0;0;0;00:00:00:000;00:00:00:000;;0;0;0;0;0;0;0;
2025-12-12 18:55:56;2025-12-13 13:11:24;2025-12-13 13:11:25;00:00:01;18:15:28;1;0.992809;1;65256;0;0;1;0.992809;1;0.992809;0;0;0;0;1;1;65255;0;0;0;0;0;0;0;0;0;0;0;0;00:00:00:000;00:00:00:000;;0;0;0;0;0;0;0;
2025-12-12 18:55:56;2025-12-13 13:11:25;2025-12-13 13:11:26;00:00:01;18:15:29;1;0.992809;1;65257;0;0;1;0.992809;1;0.992809;0;0;0;0;1;1;65256;0;0;0;0;0;0;0;0;0;0;0;0;00:00:00:000;00:00:00:000;;0;0;0;0;0;0;0;
2025-12-12 18:55:56;2025-12-13 13:11:26;2025-12-13 13:11:27;00:00:01;18:15:30;1;0.99281;1;65258;0;0;1;0.99281;1;0.99281;0;0;0;0;1;1;65257;0;0;0;0;0;0;0;0;0;0;0;0;00:00:00:000;00:00:00:000;;0;0;0;0;0;0;0;
2025-12-12 18:55:56;2025-12-13 13:11:27;2025-12-13 13:11:28;00:00:01;18:15:31;1;0.99281;1;65259;0;0;1;0.99281;1;0.99281;0;0;0;0;1;1;65258;0;0;0;0;0;0;0;0;0;0;0;0;00:00:00:000;00:00:00:000;;0;0;0;0;0;0;0;
2025-12-12 18:55:56;2025-12-13 13:11:28;2025-12-13 13:11:29;00:00:01;18:15:32;1;0.99281;1;65260;0;0;1;0.99281;1;0.99281;0;0;0;0;1;1;65259;0;0;0;0;0;0;0;0;0;0;0;0;00:00:00:000;00:00:00:000;;0;0;0;0;0;0;0;
2025-12-12 18:55:56;2025-12-13 13:11:29;2025-12-13 13:11:30;00:00:01;18:15:33;1;0.99281;1;65261;0;0;1;0.99281;1;0.99281;0;0;0;0;1;1;65260;0;0;0;0;0;0;0;0;0;0;0;0;00:00:00:000;00:00:00:000;;0;0;0;0;0;0;0;
2025-12-12 18:55:56;2025-12-13 13:11:30;2025-12-13 13:11:31;00:00:01;18:15:34;1;0.99281;1;65262;0;0;1;0.99281;1;0.99281;0;0;0;0;1;1;65261;0;0;0;0;0;0;0;0;0;0;0;0;00:00:00:000;00:00:00:000;;0;0;0;0;0;0;0;
2025-12-12 18:55:56;2025-12-13 13:11:31;2025-12-13 13:11:32;00:00:01;18:15:35;1;0.99281;1;65263;0;0;1;0.99281;1;0.99281;0;0;0;0;1;1;65262;0;0;0;0;0;0;0;0;0;0;0;0;00:00:00:000;00:00:00:000;;0;0;0;0;0;0;0;
2025-12-12 18:55:56;2025-12-13 13:11:32;2025-12-13 13:11:33;00:00:01;18:15:36;1;0.99281;1;65264;0;0;1;0.99281;1;0.99281;0;0;0;0;1;1;65263;0;0;0;0;0;0;0;0;0;0;0;0;00:00:00:000;00:00:00:000;;0;0;0;0;0;0;0;
2025-12-12 18:55:56;2025-12-13 13:11:33;2025-12-13 13:11:34;00:00:01;18:15:37;1;0.99281;1;65265;0;0;1;0.99281;1;0.99281;0;0;0;0;1;1;65264;0;0;0;0;0;0;0;0;0;0;0;0;00:00:00:000;00:00:00:000;;0;0;0;0;0;0;0;
2025-12-12 18:55:56;2025-12-13 13:11:34;2025-12-13 13:11:35;00:00:01;18:15:38;1;0.99281;1;65266;0;0;1;0.99281;1;0.99281;0;0;0;0;1;1;65265;0;0;0;0;0;0;0;0;0;0;0;0;00:00:00:000;00:00:00:000;;0;0;0;0;0;0;0;
2025-12-12 18:55:56;2025-12-13 13:11:35;2025-12-13 13:11:36;00:00:01;18:15:39;1;0.99281;1;65267;0;0;1;0.99281;1;0.99281;0;0;0;0;1;1;65266;0;0;0;0;0;0;0;0;0;0;0;0;00:00:00:000;00:00:00:000;;0;0;0;0;0;0;0;
2025-12-12 18:55:56;2025-12-13 13:11:36;2025-12-13 13:11:37;00:00:01;18:15:40;1;0.992811;1;65268;0;0;1;0.992811;1;0.992811;0;0;0;0;1;1;65267;0;0;0;0;0;0;0;0;0;0;0;0;00:00:00:000;00:00:00:000;;0;0;0;0;0;0;0;
2025-12-12 18:55:56;2025-12-13 13:11:37;2025-12-13 13:11:38;00:00:01;18:15:41;1;0.992811;1;65269;0;0;1;0.992811;1;0.992811;0;0;0;0;1;1;65268;0;0;0;0;0;0;0;0;0;0;0;0;00:00:00:000;00:00:00:000;;0;0;0;0;0;0;0;
2025-12-12 18:55:56;2025-12-13 13:11:38;2025-12-13 13:11:39;00:00:01;18:15:42;1;0.992811;1;65270;0;0;1;0.992811;1;0.992811;0;0;0;0;1;1;65269;0;0;0;0;0;0;0;0;0;0;0;0;00:00:00:000;00:00:00:000;;0;0;0;0;0;0;0;
2025-12-12 18:55:56;2025-12-13 13:11:39;2025-12-13 13:11:40;00:00:01;18:15:43;1;0.992811;1;65271;0;0;1;0.992811;1;0.992811;0;0;0;0;1;1;65270;0;0;0;0;0;0;0;0;0;0;0;0;00:00:00:000;00:00:00:000;;0;0;0;0;0;0;0;
2025-12-12 18:55:56;2025-12-13 13:11:40;2025-12-13 13:11:41;00:00:01;18:15:44;1;0.992811;1;65272;0;0;1;0.992811;1;0.992811;0;0;0;0;1;1;65271;0;0;0;0;0;0;0;0;0;0;0;0;00:00:00:000;00:00:00:000;;0;0;0;0;0;0;0;
2025-12-12 18:55:56;2025-12-13 13:11:41;2025-12-13 13:11:42;00:00:01;18:15:45;1;0.992811;1;65273;0;0;1;0.992811;1;0.992811;0;0;0;0;1;1;65272;0;0;0;0;0;0;0;0;0;0;0;0;00:00:00:000;00:00:00:000;;0;0;0;0;0;0;0;
2025-12-12 18:55:56;2025-12-13 13:11:42;2025-12-13 13:11:43;00:00:01;18:15:46;1;0.992811;1;65274;0;0;1;0.992811;1;0.992811;0;0;0;0;1;1;65273;0;0;0;0;0;0;0;0;0;0;0;0;00:00:00:000;00:00:00:000;;0;0;0;0;0;0;0;
2025-12-12 18:55:56;2025-12-13 13:11:43;2025-12-13 13:11:44;00:00:01;18:15:47;1;0.992811;1;65275;0;0;1;0.992811;1;0.992811;0;0;0;0;1;1;65274;0;0;0;0;0;0;0;0;0;0;0;0;00:00:00:000;00:00:00:000;;0;0;0;0;0;0;0;
2025-12-12 18:55:56;2025-12-13 13:11:44;2025-12-13 13:11:45;00:00:01;18:15:48;1;0.992811;1;65276;0;0;1;0.992811;1;0.992811;0;0;0;0;1;1;65275;0;0;0;0;0;0;0;0;0;0;0;0;00:00:00:000;00:00:00:000;;0;0;0;0;0;0;0;
2025-12-12 18:55:56;2025-12-13 13:11:45;2025-12-13 13:11:46;00:00:01;18:15:49;1;0.992812;1;65277;0;0;1;0.992812;1;0.992812;0;0;0;0;1;1;65276;0;0;0;0;0;0;0;0;0;0;0;0;00:00:00:000;00:00:00:000;;0;0;0;0;0;0;0;
2025-12-12 18:55:56;2025-12-13 13:11:46;2025-12-13 13:11:47;00:00:01;18:15:50;1;0.992812;1;65278;0;0;1;0.992812;1;0.992812;0;0;0;0;1;1;65277;0;0;0;0;0;0;0;0;0;0;0;0;00:00:00:000;00:00:00:000;;0;0;0;0;0;0;0;
2025-12-12 18:55:56;2025-12-13 13:11:47;2025-12-13 13:11:48;00:00:01;18:15:51;1;0.992812;1;65279;0;0;1;0.992812;1;0.992812;0;0;0;0;1;1;65278;0;0;0;0;0;0;0;0;0;0;0;0;00:00:00:000;00:00:00:000;;0;0;0;0;0;0;0;
2025-12-12 18:55:56;2025-12-13 13:11:48;2025-12-13 13:11:49;00:00:01;18:15:52;1;0.992812;1;65280;0;0;1;0.992812;1;0.992812;0;0;0;0;1;1;65279;0;0;0;0;0;0;0;0;0;0;0;0;00:00:00:000;00:00:00:000;;0;0;0;0;0;0;0;
2025-12-12 18:55:56;2025-12-13 13:11:49;2025-12-13 13:11:50;00:00:01;18:15:53;1;0.992812;1;65281;0;0;1;0.992812;1;0.992812;0;0;0;0;1;1;65280;0;0;0;0;0;0;0;0;0;0;0;0;00:00:00:000;00:00:00:000;;0;0;0;0;0;0;0;
2025-12-12 18:55:56;2025-12-13 13:11:50;2025-12-13 13:11:51;00:00:01;18:15:54;1;0.992812;1;65282;0;0;1;0.992812;1;0.992812;0;0;0;0;1;1;65281;0;0;0;0;0;0;0;0;0;0;0;0;00:00:00:000;00:00:00:000;;0;0;0;0;0;0;0;
2025-12-12 18:55:56;2025-12-13 13:11:51;2025-12-13 13:11:52;00:00:01;18:15:55;1;0.992812;1;65283;0;0;1;0.992812;1;0.992812;0;0;0;0;1;1;65282;0;0;0;0;0;0;0;0;0;0;0;0;00:00:00:000;00:00:00:000;;0;0;0;0;0;0;0;
2025-12-12 18:55:56;2025-12-13 13:11:52;2025-12-13 13:11:53;00:00:01;18:15:56;1;0.992812;1;65284;0;0;1;0.992812;1;0.992812;0;0;0;0;1;1;65283;0;0;0;0;0;0;0;0;0;0;0;0;00:00:00:000;00:00:00:000;;0;0;0;0;0;0;0;
2025-12-12 18:55:56;2025-12-13 13:11:53;2025-12-13 13:11:54;00:00:01;18:15:57;1;0.992812;1;65285;0;0;1;0.992812;1;0.992812;0;0;0;0;1;1;65284;0;0;0;0;0;0;0;0;0;0;0;0;00:00:00:000;00:00:00:000;;0;0;0;0;0;0;0;
2025-12-12 18:55:56;2025-12-13 13:11:54;2025-12-13 13:11:55;00:00:01;18:15:58;1;0.992812;1;65286;0;0;1;0.992812;1;0.992812;0;0;0;0;1;1;65285;0;0;0;0;0;0;0;0;0;0;0;0;00:00:00:000;00:00:00:000;;0;0;0;0;0;0;0;
2025-12-12 18:55:56;2025-12-13 13:11:55;2025-12-13 13:11:56;00:00:01;18:15:59;1;0.992813;1;65287;0;0;1;0.992813;1;0.992813;0;0;0;0;1;1;65286;0;0;0;0;0;0;0;0;0;0;0;0;00:00:00:000;00:00:00:000;;0;0;0;0;0;0;0;
2025-12-12 18:55:56;2025-12-13 13:11:56;2025-12-13 13:11:57;00:00:01;18:16:00;1;0.992813;1;65288;0;0;1;0.992813;1;0.992813;0;0;0;0;1;1;65287;0;0;0;0;0;0;0;0;0;0;0;0;00:00:00:000;00:00:00:000;;0;0;0;0;0;0;0;
2025-12-12 18:55:56;2025-12-13 13:11:57;2025-12-13 13:11:58;00:00:01;18:16:01;1;0.992813;1;65289;0;0;1;0.992813;1;0.992813;0;0;0;0;1;1;65288;0;0;0;0;0;0;0;0;0;0;0;0;00:00:00:000;00:00:00:000;;0;0;0;0;0;0;0;
2025-12-12 18:55:56;2025-12-13 13:11:58;2025-12-13 13:11:59;00:00:01;18:16:02;1;0.992813;1;65290;0;0;1;0.992813;1;0.992813;0;0;0;0;1;1;65289;0;0;0;0;0;0;0;0;0;0;0;0;00:00:00:000;00:00:00:000;;0;0;0;0;0;0;0;
2025-12-12 18:55:56;2025-12-13 13:11:59;2025-12-13 13:12:00;00:00:01;18:16:03;1;0.992813;1;65291;0;0;1;0.992813;1;0.992813;0;0;0;0;1;1;65290;0;0;0;0;0;0;0;0;0;0;0;0;00:00:00:000;00:00:00:000;;0;0;0;0;0;0;0;
2025-12-12 18:55:56;2025-12-13 13:12:00;2025-12-13 13:12:01;00:00:01;18:16:04;1;0.992813;1;65292;0;0;1;0.992813;1;0.992813;0;0;0;0;1;1;65291;0;0;0;0;0;0;0;0;0;0;0;0;00:00:00:000;00:00:00:000;;0;0;0;0;0;0;0;
2025-12-12 18:55:56;2025-12-13 13:12:01;2025-12-13 13:12:02;00:00:01;18:16:05;1;0.992813;1;65293;0;0;1;0.992813;1;0.992813;0;0;0;0;1;1;65292;0;0;0;0;0;0;0;0;0;0;0;0;00:00:00:000;00:00:00:000;;0;0;0;0;0;0;0;
2025-12-12 18:55:56;2025-12-13 13:12:02;2025-12-13 13:12:03;00:00:01;18:16:06;1;0.992813;1;65294;0;0;1;0.992813;1;0.992813;0;0;0;0;1;1;65293;0;0;0;0;0;0;0;0;0;0;0;0;00:00:00:000;00:00:00:000;;0;0;0;0;0;0;0;
2025-12-12 18:55:56;2025-12-13 13:12:03;2025-12-13 13:12:04;00:00:01;18:16:07;1;0.992813;1;65295;0;0;1;0.992813;1;0.992813;0;0;0;0;1;1;65294;0;0;0;0;0;0;0;0;0;0;0;0;00:00:00:000;00:00:00:000;;0;0;0;0;0;0;0;
2025-12-12 18:55:56;2025-12-13 13:12:04;2025-12-13 13:12:05;00:00:01;18:16:08;1;0.992813;1;65296;0;0;1;0.992813;1;0.992813;0;0;0;0;1;1;65295;0;0;0;0;0;0;0;0;0;0;0;0;00:00:00:000;00:00:00:000;;0;0;0;0;0;0;0;
2025-12-12 18:55:56;2025-12-13 13:12:05;2025-12-13 13:12:06;00:00:01;18:16:09;1;0.992814;1;65297;0;0;1;0.992814;1;0.992814;0;0;0;0;1;1;65296;0;0;0;0;0;0;0;0;0;0;0;0;00:00:00:000;00:00:00:000;;0;0;0;0;0;0;0;
2025-12-12 18:55:56;2025-12-13 13:12:06;2025-12-13 13:12:07;00:00:01;18:16:10;1;0.992814;1;65298;0;0;1;0.992814;1;0.992814;0;0;0;0;1;1;65297;0;0;0;0;0;0;0;0;0;0;0;0;00:00:00:000;00:00:00:000;;0;0;0;0;0;0;0;
2025-12-12 18:55:56;2025-12-13 13:12:07;2025-12-13 13:12:08;00:00:01;18:16:11;1;0.992814;1;65299;0;0;1;0.992814;1;0.992814;0;0;0;0;1;1;65298;0;0;0;0;0;0;0;0;0;0;0;0;00:00:00:000;00:00:00:000;;0;0;0;0;0;0;0;
2025-12-12 18:55:56;2025-12-13 13:12:08;2025-12-13 13:12:09;00:00:01;18:16:12;1;0.992814;1;65300;0;0;1;0.992814;1;0.992814;0;0;0;0;1;1;65299;0;0;0;0;0;0;0;0;0;0;0;0;00:00:00:000;00:00:00:000;;0;0;0;0;0;0;0;
2025-12-12 18:55:56;2025-12-13 13:12:09;2025-12-13 13:12:10;00:00:01;18:16:13;1;0.992814;1;65301;0;0;1;0.992814;1;0.992814;0;0;0;0;1;1;65300;0;0;0;0;0;0;0;0;0;0;0;0;00:00:00:000;00:00:00:000;;0;0;0;0;0;0;0;
2025-12-12 18:55:56;2025-12-13 13:12:10;2025-12-13 13:12:11;00:00:01;18:16:14;1;0.992814;1;65302;0;0;1;0.992814;1;0.992814;0;0;0;0;1;1;65301;0;0;0;0;0;0;0;0;0;0;0;0;00:00:00:000;00:00:00:000;;0;0;0;0;0;0;0;
2025-12-12 18:55:56;2025-12-13 13:12:11;2025-12-13 13:12:12;00:00:01;18:16:15;1;0.992814;1;65303;0;0;1;0.992814;1;0.992814;0;0;0;0;1;1;65302;0;0;0;0;0;0;0;0;0;0;0;0;00:00:00:000;00:00:00:000;;0;0;0;0;0;0;0;
2025-12-12 18:55:56;2025-12-13 13:12:12;2025-12-13 13:12:13;00:00:01;18:16:16;1;0.992814;1;65304;0;0;1;0.992814;1;0.992814;0;0;0;0;1;1;65303;0;0;0;0;0;0;0;0;0;0;0;0;00:00:00:000;00:00:00:000;;0;0;0;0;0;0;0;
2025-12-12 18:55:56;2025-12-13 13:12:13;2025-12-13 13:12:14;00:00:01;18:16:17;1;0.992814;1;65305;0;0;1;0.992814;1;0.992814;0;0;0;0;1;1;65304;0;0;0;0;0;0;0;0;0;0;0;0;00:00:00:000;00:00:00:000;;0;0;0;0;0;0;0;
2025-12-12 18:55:56;2025-12-13 13:12:14;2025-12-13 13:12:15;00:00:01;18:16:18;1;0.992815;1;65306;0;0;1;0.992815;1;0.992815;0;0;0;0;1;1;65305;0;0;0;0;0;0;0;0;0;0;0;0;00:00:00:000;00:00:00:000;;0;0;0;0;0;0;0;
2025-12-12 18:55:56;2025-12-13 13:12:15;2025-12-13 13:12:16;00:00:01;18:16:19;1;0.992815;1;65307;0;0;1;0.992815;1;0.992815;0;0;0;0;1;1;65306;0;0;0;0;0;0;0;0;0;0;0;0;00:00:00:000;00:00:00:000;;0;0;0;0;0;0;0;
2025-12-12 18:55:56;2025-12-13 13:12:16;2025-12-13 13:12:17;00:00:01;18:16:20;1;0.992815;1;65308;0;0;1;0.992815;1;0.992815;0;0;0;0;1;1;65307;0;0;0;0;0;0;0;0;0;0;0;0;00:00:00:000;00:00:00:000;;0;0;0;0;0;0;0;
2025-12-12 18:55:56;2025-12-13 13:12:17;2025-12-13 13:12:18;00:00:01;18:16:21;1;0.992815;1;65309;0;0;1;0.992815;1;0.992815;0;0;0;0;1;1;65308;0;0;0;0;0;0;0;0;0;0;0;0;00:00:00:000;00:00:00:000;;0;0;0;0;0;0;0;
2025-12-12 18:55:56;2025-12-13 13:12:18;2025-12-13 13:12:19;00:00:01;18:16:22;1;0.992815;1;65310;0;0;1;0.992815;1;0.992815;0;0;0;0;1;1;65309;0;0;0;0;0;0;0;0;0;0;0;0;00:00:00:000;00:00:00:000;;0;0;0;0;0;0;0;
2025-12-12 18:55:56;2025-12-13 13:12:19;2025-12-13 13:12:20;00:00:01;18:16:23;1;0.992815;1;65311;0;0;1;0.992815;1;0.992815;0;0;0;0;1;1;65310;0;0;0;0;0;0;0;0;0;0;0;0;00:00:00:000;00:00:00:000;;0;0;0;0;0;0;0;
2025-12-12 18:55:56;2025-12-13 13:12:20;2025-12-13 13:12:21;00:00:01;18:16:24;1;0.992815;1;65312;0;0;1;0.992815;1;0.992815;0;0;0;0;1;1;65311;0;0;0;0;0;0;0;0;0;0;0;0;00:00:00:000;00:00:00:000;;0;0;0;0;0;0;0;
2025-12-12 18:55:56;2025-12-13 13:12:21;2025-12-13 13:12:22;00:00:01;18:16:25;1;0.992815;1;65313;0;0;1;0.992815;1;0.992815;0;0;0;0;1;1;65312;0;0;0;0;0;0;0;0;0;0;0;0;00:00:00:000;00:00:00:000;;0;0;0;0;0;0;0;
2025-12-12 18:55:56;2025-12-13 13:12:22;2025-12-13 13:12:23;00:00:01;18:16:26;1;0.992815;1;65314;0;0;1;0.992815;1;0.992815;0;0;0;0;1;1;65313;0;0;0;0;0;0;0;0;0;0;0;0;00:00:00:000;00:00:00:000;;0;0;0;0;0;0;0;
2025-12-12 18:55:56;2025-12-13 13:12:23;2025-12-13 13:12:24;00:00:01;18:16:27;1;0.992815;1;65315;0;0;1;0.992815;1;0.992815;0;0;0;0;1;1;65314;0;0;0;0;0;0;0;0;0;0;0;0;00:00:00:000;00:00:00:000;;0;0;0;0;0;0;0;
2025-12-12 18:55:56;2025-12-13 13:12:24;2025-12-13 13:12:25;00:00:01;18:16:28;1;0.992816;1;65316;0;0;1;0.992816;1;0.992816;0;0;0;0;1;1;65315;0;0;0;0;0;0;0;0;0;0;0;0;00:00:00:000;00:00:00:000;;0;0;0;0;0;0;0;
2025-12-12 18:55:56;2025-12-13 13:12:25;2025-12-13 13:12:26;00:00:01;18:16:29;1;0.992816;1;65317;0;0;1;0.992816;1;0.992816;0;0;0;0;1;1;65316;0;0;0;0;0;0;0;0;0;0;0;0;00:00:00:000;00:00:00:000;;0;0;0;0;0;0;0;
2025-12-12 18:55:56;2025-12-13 13:12:26;2025-12-13 13:12:27;00:00:01;18:16:30;1;0.992816;1;65318;0;0;1;0.992816;1;0.992816;0;0;0;0;1;1;65317;0;0;0;0;0;0;0;0;0;0;0;0;00:00:00:000;00:00:00:000;;0;0;0;0;0;0;0;
2025-12-12 18:55:56;2025-12-13 13:12:27;2025-12-13 13:12:28;00:00:01;18:16:31;1;0.992816;1;65319;0;0;1;0.992816;1;0.992816;0;0;0;0;1;1;65318;0;0;0;0;0;0;0;0;0;0;0;0;00:00:00:000;00:00:00:000;;0;0;0;0;0;0;0;
2025-12-12 18:55:56;2025-12-13 13:12:28;2025-12-13 13:12:29;00:00:01;18:16:32;1;0.992816;1;65320;0;0;1;0.992816;1;0.992816;0;0;0;0;1;1;65319;0;0;0;0;0;0;0;0;0;0;0;0;00:00:00:000;00:00:00:000;;0;0;0;0;0;0;0;
2025-12-12 18:55:56;2025-12-13 13:12:29;2025-12-13 13:12:30;00:00:01;18:16:33;1;0.992816;1;65321;0;0;1;0.992816;1;0.992816;0;0;0;0;1;1;65320;0;0;0;0;0;0;0;0;0;0;0;0;00:00:00:000;00:00:00:000;;0;0;0;0;0;0;0;
2025-12-12 18:55:56;2025-12-13 13:12:30;2025-12-13 13:12:31;00:00:01;18:16:34;1;0.992816;1;65322;0;0;1;0.992816;1;0.992816;0;0;0;0;1;1;65321;0;0;0;0;0;0;0;0;0;0;0;0;00:00:00:000;00:00:00:000;;0;0;0;0;0;0;0;
2025-12-12 18:55:56;2025-12-13 13:12:31;2025-12-13 13:12:32;00:00:01;18:16:35;1;0.992816;1;65323;0;0;1;0.992816;1;0.992816;0;0;0;0;1;1;65322;0;0;0;0;0;0;0;0;0;0;0;0;00:00:00:000;00:00:00:000;;0;0;0;0;0;0;0;
2025-12-12 18:55:56;2025-12-13 13:12:32;2025-12-13 13:12:33;00:00:01;18:16:36;1;0.992816;1;65324;0;0;1;0.992816;1;0.992816;0;0;0;0;1;1;65323;0;0;0;0;0;0;0;0;0;0;0;0;00:00:00:000;00:00:00:000;;0;0;0;0;0;0;0;
2025-12-12 18:55:56;2025-12-13 13:12:33;2025-12-13 13:12:34;00:00:01;18:16:37;1;0.992817;1;65325;0;0;1;0.992817;1;0.992817;0;0;0;0;1;1;65324;0;0;0;0;0;0;0;0;0;0;0;0;00:00:00:000;00:00:00:000;;0;0;0;0;0;0;0;
2025-12-12 18:55:56;2025-12-13 13:12:34;2025-12-13 13:12:35;00:00:01;18:16:38;1;0.992817;1;65326;0;0;1;0.992817;1;0.992817;0;0;0;0;1;1;65325;0;0;0;0;0;0;0;0;0;0;0;0;00:00:00:000;00:00:00:000;;0;0;0;0;0;0;0;
2025-12-12 18:55:56;2025-12-13 13:12:35;2025-12-13 13:12:36;00:00:01;18:16:39;1;0.992817;1;65327;0;0;1;0.992817;1;0.992817;0;0;0;0;1;1;65326;0;0;0;0;0;0;0;0;0;0;0;0;00:00:00:000;00:00:00:000;;0;0;0;0;0;0;0;
2025-12-12 18:55:56;2025-12-13 13:12:36;2025-12-13 13:12:37;00:00:01;18:16:40;1;0.992817;1;65328;0;0;1;0.992817;1;0.992817;0;0;0;0;1;1;65327;0;0;0;0;0;0;0;0;0;0;0;0;00:00:00:000;00:00:00:000;;0;0;0;0;0;0;0;
2025-12-12 18:55:56;2025-12-13 13:12:37;2025-12-13 13:12:38;00:00:01;18:16:41;1;0.992817;1;65329;0;0;1;0.992817;1;0.992817;0;0;0;0;1;1;65328;0;0;0;0;0;0;0;0;0;0;0;0;00:00:00:000;00:00:00:000;;0;0;0;0;0;0;0;
2025-12-12 18:55:56;2025-12-13 13:12:38;2025-12-13 13:12:39;00:00:01;18:16:42;1;0.992817;1;65330;0;0;1;0.992817;1;0.992817;0;0;0;0;1;1;65329;0;0;0;0;0;0;0;0;0;0;0;0;00:00:00:000;00:00:00:000;;0;0;0;0;0;0;0;
2025-12-12 18:55:56;2025-12-13 13:12:39;2025-12-13 13:12:40;00:00:01;18:16:43;1;0.992817;1;65331;0;0;1;0.992817;1;0.992817;0;0;0;0;1;1;65330;0;0;0;0;0;0;0;0;0;0;0;0;00:00:00:000;00:00:00:000;;0;0;0;0;0;0;0;
2025-12-12 18:55:56;2025-12-13 13:12:40;2025-12-13 13:12:41;00:00:01;18:16:44;1;0.992817;1;65332;0;0;1;0.992817;1;0.992817;0;0;0;0;1;1;65331;0;0;0;0;0;0;0;0;0;0;0;0;00:00:00:000;00:00:00:000;;0;0;0;0;0;0;0;
2025-12-12 18:55:56;2025-12-13 13:12:41;2025-12-13 13:12:42;00:00:01;18:16:45;1;0.992817;1;65333;0;0;1;0.992817;1;0.992817;0;0;0;0;1;1;65332;0;0;0;0;0;0;0;0;0;0;0;0;00:00:00:000;00:00:00:000;;0;0;0;0;0;0;0;
2025-12-12 18:55:56;2025-12-13 13:12:42;2025-12-13 13:12:43;00:00:01;18:16:46;1;0.992818;1;65334;0;0;1;0.992818;1;0.992818;0;0;0;0;1;1;65333;0;0;0;0;0;0;0;0;0;0;0;0;00:00:00:000;00:00:00:000;;0;0;0;0;0;0;0;
2025-12-12 18:55:56;2025-12-13 13:12:43;2025-12-13 13:12:44;00:00:01;18:16:47;1;0.992818;1;65335;0;0;1;0.992818;1;0.992818;0;0;0;0;1;1;65334;0;0;0;0;0;0;0;0;0;0;0;0;00:00:00:000;00:00:00:000;;0;0;0;0;0;0;0;
2025-12-12 18:55:56;2025-12-13 13:12:44;2025-12-13 13:12:45;00:00:01;18:16:48;1;0.992818;1;65336;0;0;1;0.992818;1;0.992818;0;0;0;0;1;1;65335;0;0;0;0;0;0;0;0;0;0;0;0;00:00:00:000;00:00:00:000;;0;0;0;0;0;0;0;
2025-12-12 18:55:56;2025-12-13 13:12:45;2025-12-13 13:12:46;00:00:01;18:16:49;1;0.992818;1;65337;0;0;1;0.992818;1;0.992818;0;0;0;0;1;1;65336;0;0;0;0;0;0;0;0;0;0;0;0;00:00:00:000;00:00:00:000;;0;0;0;0;0;0;0;
2025-12-12 18:55:56;2025-12-13 13:12:46;2025-12-13 13:12:47;00:00:01;18:16:50;1;0.992818;1;65338;0;0;1;0.992818;1;0.992818;0;0;0;0;1;1;65337;0;0;0;0;0;0;0;0;0;0;0;0;00:00:00:000;00:00:00:000;;0;0;0;0;0;0;0;
2025-12-12 18:55:56;2025-12-13 13:12:47;2025-12-13 13:12:48;00:00:01;18:16:51;1;0.992818;1;65339;0;0;1;0.992818;1;0.992818;0;0;0;0;1;1;65338;0;0;0;0;0;0;0;0;0;0;0;0;00:00:00:000;00:00:00:000;;0;0;0;0;0;0;0;
2025-12-12 18:55:56;2025-12-13 13:12:48;2025-12-13 13:12:49;00:00:01;18:16:52;1;0.992818;1;65340;0;0;1;0.992818;1;0.992818;0;0;0;0;1;1;65339;0;0;0;0;0;0;0;0;0;0;0;0;00:00:00:000;00:00:00:000;;0;0;0;0;0;0;0;
2025-12-12 18:55:56;2025-12-13 13:12:49;2025-12-13 13:12:50;00:00:01;18:16:53;1;0.992818;1;65341;0;0;1;0.992818;1;0.992818;0;0;0;0;1;1;65340;0;0;0;0;0;0;0;0;0;0;0;0;00:00:00:000;00:00:00:000;;0;0;0;0;0;0;0;
2025-12-12 18:55:56;2025-12-13 13:12:50;2025-12-13 13:12:51;00:00:01;18:16:54;1;0.992818;1;65342;0;0;1;0.992818;1;0.992818;0;0;0;0;1;1;65341;0;0;0;0;0;0;0;0;0;0;0;0;00:00:00:000;00:00:00:000;;0;0;0;0;0;0;0;
2025-12-12 18:55:56;2025-12-13 13:12:51;2025-12-13 13:12:52;00:00:01;18:16:55;1;0.992818;1;65343;0;0;1;0.992818;1;0.992818;0;0;0;0;1;1;65342;0;0;0;0;0;0;0;0;0;0;0;0;00:00:00:000;00:00:00:000;;0;0;0;0;0;0;0;
2025-12-12 18:55:56;2025-12-13 13:12:52;2025-12-13 13:12:53;00:00:01;18:16:56;1;0.992819;1;65344;0;0;1;0.992819;1;0.992819;0;0;0;0;1;1;65343;0;0;0;0;0;0;0;0;0;0;0;0;00:00:00:000;00:00:00:000;;0;0;0;0;0;0;0;
2025-12-12 18:55:56;2025-12-13 13:12:53;2025-12-13 13:12:54;00:00:01;18:16:57;1;0.992819;1;65345;0;0;1;0.992819;1;0.992819;0;0;0;0;1;1;65344;0;0;0;0;0;0;0;0;0;0;0;0;00:00:00:000;00:00:00:000;;0;0;0;0;0;0;0;
2025-12-12 18:55:56;2025-12-13 13:12:54;2025-12-13 13:12:55;00:00:01;18:16:58;1;0.992819;1;65346;0;0;1;0.992819;1;0.992819;0;0;0;0;1;1;65345;0;0;0;0;0;0;0;0;0;0;0;0;00:00:00:000;00:00:00:000;;0;0;0;0;0;0;0;
2025-12-12 18:55:56;2025-12-13 13:12:55;2025-12-13 13:12:56;00:00:01;18:16:59;1;0.992819;1;65347;0;0;1;0.992819;1;0.992819;0;0;0;0;1;1;65346;0;0;0;0;0;0;0;0;0;0;0;0;00:00:00:000;00:00:00:000;;0;0;0;0;0;0;0;
2025-12-12 18:55:56;2025-12-13 13:12:56;2025-12-13 13:12:57;00:00:01;18:17:00;1;0.992819;1;65348;0;0;1;0.992819;1;0.992819;0;0;0;0;1;1;65347;0;0;0;0;0;0;0;0;0;0;0;0;00:00:00:000;00:00:00:000;;0;0;0;0;0;0;0;
2025-12-12 18:55:56;2025-12-13 13:12:57;2025-12-13 13:12:58;00:00:01;18:17:01;1;0.992819;1;65349;0;0;1;0.992819;1;0.992819;0;0;0;0;1;1;65348;0;0;0;0;0;0;0;0;0;0;0;0;00:00:00:000;00:00:00:000;;0;0;0;0;0;0;0;
2025-12-12 18:55:56;2025-12-13 13:12:58;2025-12-13 13:12:59;00:00:01;18:17:02;1;0.992819;1;65350;0;0;1;0.992819;1;0.992819;0;0;0;0;1;1;65349;0;0;0;0;0;0;0;0;0;0;0;0;00:00:00:000;00:00:00:000;;0;0;0;0;0;0;0;
2025-12-12 18:55:56;2025-12-13 13:12:59;2025-12-13 13:13:00;00:00:01;18:17:03;1;0.992819;1;65351;0;0;1;0.992819;1;0.992819;0;0;0;0;1;1;65350;0;0;0;0;0;0;0;0;0;0;0;0;00:00:00:000;00:00:00:000;;0;0;0;0;0;0;0;
2025-12-12 18:55:56;2025-12-13 13:13:00;2025-12-13 13:13:01;00:00:01;18:17:04;1;0.992819;1;65352;0;0;1;0.992819;1;0.992819;0;0;0;0;1;1;65351;0;0;0;0;0;0;0;0;0;0;0;0;00:00:00:000;00:00:00:000;;0;0;0;0;0;0;0;
2025-12-12 18:55:56;2025-12-13 13:13:01;2025-12-13 13:13:02;00:00:01;18:17:05;1;0.992819;1;65353;0;0;1;0.992819;1;0.992819;0;0;0;0;1;1;65352;0;0;0;0;0;0;0;0;0;0;0;0;00:00:00:000;00:00:00:000;;0;0;0;0;0;0;0;
2025-12-12 18:55:56;2025-12-13 13:13:02;2025-12-13 13:13:03;00:00:01;18:17:06;1;0.99282;1;65354;0;0;1;0.99282;1;0.99282;0;0;0;0;1;1;65353;0;0;0;0;0;0;0;0;0;0;0;0;00:00:00:000;00:00:00:000;;0;0;0;0;0;0;0;
2025-12-12 18:55:56;2025-12-13 13:13:03;2025-12-13 13:13:04;00:00:01;18:17:07;1;0.99282;1;65355;0;0;1;0.99282;1;0.99282;0;0;0;0;1;1;65354;0;0;0;0;0;0;0;0;0;0;0;0;00:00:00:000;00:00:00:000;;0;0;0;0;0;0;0;
2025-12-12 18:55:56;2025-12-13 13:13:04;2025-12-13 13:13:05;00:00:01;18:17:08;1;0.99282;1;65356;0;0;1;0.99282;1;0.99282;0;0;0;0;1;1;65355;0;0;0;0;0;0;0;0;0;0;0;0;00:00:00:000;00:00:00:000;;0;0;0;0;0;0;0;
2025-12-12 18:55:56;2025-12-13 13:13:05;2025-12-13 13:13:06;00:00:01;18:17:09;1;0.99282;1;65357;0;0;1;0.99282;1;0.99282;0;0;0;0;1;1;65356;0;0;0;0;0;0;0;0;0;0;0;0;00:00:00:000;00:00:00:000;;0;0;0;0;0;0;0;
2025-12-12 18:55:56;2025-12-13 13:13:06;2025-12-13 13:13:07;00:00:01;18:17:10;1;0.99282;1;65358;0;0;1;0.99282;1;0.99282;0;0;0;0;1;1;65357;0;0;0;0;0;0;0;0;0;0;0;0;00:00:00:000;00:00:00:000;;0;0;0;0;0;0;0;
2025-12-12 18:55:56;2025-12-13 13:13:07;2025-12-13 13:13:08;00:00:01;18:17:11;1;0.99282;1;65359;0;0;1;0.99282;1;0.99282;0;0;0;0;1;1;65358;0;0;0;0;0;0;0;0;0;0;0;0;00:00:00:000;00:00:00:000;;0;0;0;0;0;0;0;
2025-12-12 18:55:56;2025-12-13 13:13:08;2025-12-13 13:13:09;00:00:01;18:17:12;1;0.99282;1;65360;0;0;1;0.99282;1;0.99282;0;0;0;0;1;1;65359;0;0;0;0;0;0;0;0;0;0;0;0;00:00:00:000;00:00:00:000;;0;0;0;0;0;0;0;
2025-12-12 18:55:56;2025-12-13 13:13:09;2025-12-13 13:13:10;00:00:01;18:17:13;1;0.99282;1;65361;0;0;1;0.99282;1;0.99282;0;0;0;0;1;1;65360;0;0;0;0;0;0;0;0;0;0;0;0;00:00:00:000;00:00:00:000;;0;0;0;0;0;0;0;
2025-12-12 18:55:56;2025-12-13 13:13:10;2025-12-13 13:13:11;00:00:01;18:17:14;1;0.99282;1;65362;0;0;1;0.99282;1;0.99282;0;0;0;0;1;1;65361;0;0;0;0;0;0;0;0;0;0;0;0;00:00:00:000;00:00:00:000;;0;0;0;0;0;0;0;
2025-12-12 18:55:56;2025-12-13 13:13:11;2025-12-13 13:13:12;00:00:01;18:17:15;1;0.992821;1;65363;0;0;1;0.992821;1;0.992821;0;0;0;0;1;1;65362;0;0;0;0;0;0;0;0;0;0;0;0;00:00:00:000;00:00:00:000;;0;0;0;0;0;0;0;
2025-12-12 18:55:56;2025-12-13 13:13:12;2025-12-13 13:13:13;00:00:01;18:17:16;1;0.992821;1;65364;0;0;1;0.992821;1;0.992821;0;0;0;0;1;1;65363;0;0;0;0;0;0;0;0;0;0;0;0;00:00:00:000;00:00:00:000;;0;0;0;0;0;0;0;
2025-12-12 18:55:56;2025-12-13 13:13:13;2025-12-13 13:13:14;00:00:01;18:17:17;1;0.992821;1;65365;0;0;1;0.992821;1;0.992821;0;0;0;0;1;1;65364;0;0;0;0;0;0;0;0;0;0;0;0;00:00:00:000;00:00:00:000;;0;0;0;0;0;0;0;
2025-12-12 18:55:56;2025-12-13 13:13:14;2025-12-13 13:13:15;00:00:01;18:17:18;1;0.992821;1;65366;0;0;1;0.992821;1;0.992821;0;0;0;0;1;1;65365;0;0;0;0;0;0;0;0;0;0;0;0;00:00:00:000;00:00:00:000;;0;0;0;0;0;0;0;
2025-12-12 18:55:56;2025-12-13 13:13:15;2025-12-13 13:13:16;00:00:01;18:17:19;1;0.992821;1;65367;0;0;1;0.992821;1;0.992821;0;0;0;0;1;1;65366;0;0;0;0;0;0;0;0;0;0;0;0;00:00:00:000;00:00:00:000;;0;0;0;0;0;0;0;
2025-12-12 18:55:56;2025-12-13 13:13:16;2025-12-13 13:13:17;00:00:01;18:17:20;1;0.992821;1;65368;0;0;1;0.992821;1;0.992821;0;0;0;0;1;1;65367;0;0;0;0;0;0;0;0;0;0;0;0;00:00:00:000;00:00:00:000;;0;0;0;0;0;0;0;
2025-12-12 18:55:56;2025-12-13 13:13:17;2025-12-13 13:13:18;00:00:01;18:17:21;1;0.992821;1;65369;0;0;1;0.992821;1;0.992821;0;0;0;0;1;1;65368;0;0;0;0;0;0;0;0;0;0;0;0;00:00:00:000;00:00:00:000;;0;0;0;0;0;0;0;
2025-12-12 18:55:56;2025-12-13 13:13:18;2025-12-13 13:13:19;00:00:01;18:17:22;1;0.992821;1;65370;0;0;1;0.992821;1;0.992821;0;0;0;0;1;1;65369;0;0;0;0;0;0;0;0;0;0;0;0;00:00:00:000;00:00:00:000;;0;0;0;0;0;0;0;
2025-12-12 18:55:56;2025-12-13 13:13:19;2025-12-13 13:13:20;00:00:01;18:17:23;1;0.992821;1;65371;0;0;1;0.992821;1;0.992821;0;0;0;0;1;1;65370;0;0;0;0;0;0;0;0;0;0;0;0;00:00:00:000;00:00:00:000;;0;0;0;0;0;0;0;
2025-12-12 18:55:56;2025-12-13 13:13:20;2025-12-13 13:13:21;00:00:01;18:17:24;1;0.992821;1;65372;0;0;1;0.992821;1;0.992821;0;0;0;0;1;1;65371;0;0;0;0;0;0;0;0;0;0;0;0;00:00:00:000;00:00:00:000;;0;0;0;0;0;0;0;
2025-12-12 18:55:56;2025-12-13 13:13:21;2025-12-13 13:13:22;00:00:01;18:17:25;1;0.992822;1;65373;0;0;1;0.992822;1;0.992822;0;0;0;0;1;1;65372;0;0;0;0;0;0;0;0;0;0;0;0;00:00:00:000;00:00:00:000;;0;0;0;0;0;0;0;
2025-12-12 18:55:56;2025-12-13 13:13:22;2025-12-13 13:13:23;00:00:01;18:17:26;1;0.992822;1;65374;0;0;1;0.992822;1;0.992822;0;0;0;0;1;1;65373;0;0;0;0;0;0;0;0;0;0;0;0;00:00:00:000;00:00:00:000;;0;0;0;0;0;0;0;
2025-12-12 18:55:56;2025-12-13 13:13:23;2025-12-13 13:13:24;00:00:01;18:17:27;1;0.992822;1;65375;0;0;1;0.992822;1;0.992822;0;0;0;0;1;1;65374;0;0;0;0;0;0;0;0;0;0;0;0;00:00:00:000;00:00:00:000;;0;0;0;0;0;0;0;
2025-12-12 18:55:56;2025-12-13 13:13:24;2025-12-13 13:13:25;00:00:01;18:17:28;1;0.992822;1;65376;0;0;1;0.992822;1;0.992822;0;0;0;0;1;1;65375;0;0;0;0;0;0;0;0;0;0;0;0;00:00:00:000;00:00:00:000;;0;0;0;0;0;0;0;
2025-12-12 18:55:56;2025-12-13 13:13:25;2025-12-13 13:13:26;00:00:01;18:17:29;1;0.992822;1;65377;0;0;1;0.992822;1;0.992822;0;0;0;0;1;1;65376;0;0;0;0;0;0;0;0;0;0;0;0;00:00:00:000;00:00:00:000;;0;0;0;0;0;0;0;
2025-12-12 18:55:56;2025-12-13 13:13:26;2025-12-13 13:13:27;00:00:01;18:17:30;1;0.992822;1;65378;0;0;1;0.992822;1;0.992822;0;0;0;0;1;1;65377;0;0;0;0;0;0;0;0;0;0;0;0;00:00:00:000;00:00:00:000;;0;0;0;0;0;0;0;
2025-12-12 18:55:56;2025-12-13 13:13:27;2025-12-13 13:13:28;00:00:01;18:17:31;1;0.992822;1;65379;0;0;1;0.992822;1;0.992822;0;0;0;0;1;1;65378;0;0;0;0;0;0;0;0;0;0;0;0;00:00:00:000;00:00:00:000;;0;0;0;0;0;0;0;
2025-12-12 18:55:56;2025-12-13 13:13:28;2025-12-13 13:13:29;00:00:01;18:17:32;1;0.992822;1;65380;0;0;1;0.992822;1;0.992822;0;0;0;0;1;1;65379;0;0;0;0;0;0;0;0;0;0;0;0;00:00:00:000;00:00:00:000;;0;0;0;0;0;0;0;
2025-12-12 18:55:56;2025-12-13 13:13:29;2025-12-13 13:13:30;00:00:01;18:17:33;1;0.992822;1;65381;0;0;1;0.992822;1;0.992822;0;0;0;0;1;1;65380;0;0;0;0;0;0;0;0;0;0;0;0;00:00:00:000;00:00:00:000;;0;0;0;0;0;0;0;
2025-12-12 18:55:56;2025-12-13 13:13:30;2025-12-13 13:13:31;00:00:01;18:17:34;1;0.992823;1;65382;0;0;1;0.992823;1;0.992823;0;0;0;0;1;1;65381;0;0;0;0;0;0;0;0;0;0;0;0;00:00:00:000;00:00:00:000;;0;0;0;0;0;0;0;
2025-12-12 18:55:56;2025-12-13 13:13:31;2025-12-13 13:13:32;00:00:01;18:17:35;1;0.992823;1;65383;0;0;1;0.992823;1;0.992823;0;0;0;0;1;1;65382;0;0;0;0;0;0;0;0;0;0;0;0;00:00:00:000;00:00:00:000;;0;0;0;0;0;0;0;
2025-12-12 18:55:56;2025-12-13 13:13:32;2025-12-13 13:13:33;00:00:01;18:17:36;1;0.992823;1;65384;0;0;1;0.992823;1;0.992823;0;0;0;0;1;1;65383;0;0;0;0;0;0;0;0;0;0;0;0;00:00:00:000;00:00:00:000;;0;0;0;0;0;0;0;
2025-12-12 18:55:56;2025-12-13 13:13:33;2025-12-13 13:13:34;00:00:01;18:17:37;1;0.992823;1;65385;0;0;1;0.992823;1;0.992823;0;0;0;0;1;1;65384;0;0;0;0;0;0;0;0;0;0;0;0;00:00:00:000;00:00:00:000;;0;0;0;0;0;0;0;
2025-12-12 18:55:56;2025-12-13 13:13:34;2025-12-13 13:13:35;00:00:01;18:17:38;1;0.992823;1;65386;0;0;1;0.992823;1;0.992823;0;0;0;0;1;1;65385;0;0;0;0;0;0;0;0;0;0;0;0;00:00:00:000;00:00:00:000;;0;0;0;0;0;0;0;
2025-12-12 18:55:56;2025-12-13 13:13:35;2025-12-13 13:13:36;00:00:01;18:17:39;1;0.992823;1;65387;0;0;1;0.992823;1;0.992823;0;0;0;0;1;1;65386;0;0;0;0;0;0;0;0;0;0;0;0;00:00:00:000;00:00:00:000;;0;0;0;0;0;0;0;
2025-12-12 18:55:56;2025-12-13 13:13:36;2025-12-13 13:13:37;00:00:01;18:17:40;1;0.992823;1;65388;0;0;1;0.992823;1;0.992823;0;0;0;0;1;1;65387;0;0;0;0;0;0;0;0;0;0;0;0;00:00:00:000;00:00:00:000;;0;0;0;0;0;0;0;
2025-12-12 18:55:56;2025-12-13 13:13:37;2025-12-13 13:13:38;00:00:01;18:17:41;1;0.992823;1;65389;0;0;1;0.992823;1;0.992823;0;0;0;0;1;1;65388;0;0;0;0;0;0;0;0;0;0;0;0;00:00:00:000;00:00:00:000;;0;0;0;0;0;0;0;
2025-12-12 18:55:56;2025-12-13 13:13:38;2025-12-13 13:13:39;00:00:01;18:17:42;1;0.992823;1;65390;0;0;1;0.992823;1;0.992823;0;0;0;0;1;1;65389;0;0;0;0;0;0;0;0;0;0;0;0;00:00:00:000;00:00:00:000;;0;0;0;0;0;0;0;
2025-12-12 18:55:56;2025-12-13 13:13:39;2025-12-13 13:13:40;00:00:01;18:17:43;1;0.992823;1;65391;0;0;1;0.992823;1;0.992823;0;0;0;0;1;1;65390;0;0;0;0;0;0;0;0;0;0;0;0;00:00:00:000;00:00:00:000;;0;0;0;0;0;0;0;
2025-12-12 18:55:56;2025-12-13 13:13:40;2025-12-13 13:13:41;00:00:01;18:17:44;1;0.992824;1;65392;0;0;1;0.992824;1;0.992824;0;0;0;0;1;1;65391;0;0;0;0;0;0;0;0;0;0;0;0;00:00:00:000;00:00:00:000;;0;0;0;0;0;0;0;
2025-12-12 18:55:56;2025-12-13 13:13:41;2025-12-13 13:13:42;00:00:01;18:17:45;1;0.992824;1;65393;0;0;1;0.992824;1;0.992824;0;0;0;0;1;1;65392;0;0;0;0;0;0;0;0;0;0;0;0;00:00:00:000;00:00:00:000;;0;0;0;0;0;0;0;
2025-12-12 18:55:56;2025-12-13 13:13:42;2025-12-13 13:13:43;00:00:01;18:17:46;1;0.992824;1;65394;0;0;1;0.992824;1;0.992824;0;0;0;0;1;1;65393;0;0;0;0;0;0;0;0;0;0;0;0;00:00:00:000;00:00:00:000;;0;0;0;0;0;0;0;
2025-12-12 18:55:56;2025-12-13 13:13:43;2025-12-13 13:13:44;00:00:01;18:17:47;1;0.992824;1;65395;0;0;1;0.992824;1;0.992824;0;0;0;0;1;1;65394;0;0;0;0;0;0;0;0;0;0;0;0;00:00:00:000;00:00:00:000;;0;0;0;0;0;0;0;
2025-12-12 18:55:56;2025-12-13 13:13:44;2025-12-13 13:13:45;00:00:01;18:17:48;1;0.992824;1;65396;0;0;1;0.992824;1;0.992824;0;0;0;0;1;1;65395;0;0;0;0;0;0;0;0;0;0;0;0;00:00:00:000;00:00:00:000;;0;0;0;0;0;0;0;
2025-12-12 18:55:56;2025-12-13 13:13:45;2025-12-13 13:13:46;00:00:01;18:17:49;1;0.992824;1;65397;0;0;1;0.992824;1;0.992824;0;0;0;0;1;1;65396;0;0;0;0;0;0;0;0;0;0;0;0;00:00:00:000;00:00:00:000;;0;0;0;0;0;0;0;
2025-12-12 18:55:56;2025-12-13 13:13:46;2025-12-13 13:13:47;00:00:01;18:17:50;1;0.992824;1;65398;0;0;1;0.992824;1;0.992824;0;0;0;0;1;1;65397;0;0;0;0;0;0;0;0;0;0;0;0;00:00:00:000;00:00:00:000;;0;0;0;0;0;0;0;
2025-12-12 18:55:56;2025-12-13 13:13:47;2025-12-13 13:13:48;00:00:01;18:17:51;1;0.992824;1;65399;0;0;1;0.992824;1;0.992824;0;0;0;0;1;1;65398;0;0;0;0;0;0;0;0;0;0;0;0;00:00:00:000;00:00:00:000;;0;0;0;0;0;0;0;
2025-12-12 18:55:56;2025-12-13 13:13:48;2025-12-13 13:13:49;00:00:01;18:17:52;1;0.992824;1;65400;0;0;1;0.992824;1;0.992824;0;0;0;0;1;1;65399;0;0;0;0;0;0;0;0;0;0;0;0;00:00:00:000;00:00:00:000;;0;0;0;0;0;0;0;
2025-12-12 18:55:56;2025-12-13 13:13:49;2025-12-13 13:13:50;00:00:01;18:17:53;1;0.992824;1;65401;0;0;1;0.992824;1;0.992824;0;0;0;0;1;1;65400;0;0;0;0;0;0;0;0;0;0;0;0;00:00:00:000;00:00:00:000;;0;0;0;0;0;0;0;
2025-12-12 18:55:56;2025-12-13 13:13:50;2025-12-13 13:13:51;00:00:01;18:17:54;1;0.992825;1;65402;0;0;1;0.992825;1;0.992825;0;0;0;0;1;1;65401;0;0;0;0;0;0;0;0;0;0;0;0;00:00:00:000;00:00:00:000;;0;0;0;0;0;0;0;
2025-12-12 18:55:56;2025-12-13 13:13:51;2025-12-13 13:13:52;00:00:01;18:17:55;1;0.992825;1;65403;0;0;1;0.992825;1;0.992825;0;0;0;0;1;1;65402;0;0;0;0;0;0;0;0;0;0;0;0;00:00:00:000;00:00:00:000;;0;0;0;0;0;0;0;
2025-12-12 18:55:56;2025-12-13 13:13:52;2025-12-13 13:13:53;00:00:01;18:17:56;1;0.992825;1;65404;0;0;1;0.992825;1;0.992825;0;0;0;0;1;1;65403;0;0;0;0;0;0;0;0;0;0;0;0;00:00:00:000;00:00:00:000;;0;0;0;0;0;0;0;
2025-12-12 18:55:56;2025-12-13 13:13:53;2025-12-13 13:13:54;00:00:01;18:17:57;1;0.992825;1;65405;0;0;1;0.992825;1;0.992825;0;0;0;0;1;1;65404;0;0;0;0;0;0;0;0;0;0;0;0;00:00:00:000;00:00:00:000;;0;0;0;0;0;0;0;
2025-12-12 18:55:56;2025-12-13 13:13:54;2025-12-13 13:13:55;00:00:01;18:17:58;1;0.992825;1;65406;0;0;1;0.992825;1;0.992825;0;0;0;0;1;1;65405;0;0;0;0;0;0;0;0;0;0;0;0;00:00:00:000;00:00:00:000;;0;0;0;0;0;0;0;
2025-12-12 18:55:56;2025-12-13 13:13:55;2025-12-13 13:13:56;00:00:01;18:17:59;1;0.992825;1;65407;0;0;1;0.992825;1;0.992825;0;0;0;0;1;1;65406;0;0;0;0;0;0;0;0;0;0;0;0;00:00:00:000;00:00:00:000;;0;0;0;0;0;0;0;
2025-12-12 18:55:56;2025-12-13 13:13:56;2025-12-13 13:13:57;00:00:01;18:18:00;1;0.992825;1;65408;0;0;1;0.992825;1;0.992825;0;0;0;0;1;1;65407;0;0;0;0;0;0;0;0;0;0;0;0;00:00:00:000;00:00:00:000;;0;0;0;0;0;0;0;
2025-12-12 18:55:56;2025-12-13 13:13:57;2025-12-13 13:13:58;00:00:01;18:18:01;1;0.992825;1;65409;0;0;1;0.992825;1;0.992825;0;0;0;0;1;1;65408;0;0;0;0;0;0;0;0;0;0;0;0;00:00:00:000;00:00:00:000;;0;0;0;0;0;0;0;
2025-12-12 18:55:56;2025-12-13 13:13:58;2025-12-13 13:13:59;00:00:01;18:18:02;1;0.992825;1;65410;0;0;1;0.992825;1;0.992825;0;0;0;0;1;1;65409;0;0;0;0;0;0;0;0;0;0;0;0;00:00:00:000;00:00:00:000;;0;0;0;0;0;0;0;
2025-12-12 18:55:56;2025-12-13 13:13:59;2025-12-13 13:14:00;00:00:01;18:18:03;1;0.992826;1;65411;0;0;1;0.992826;1;0.992826;0;0;0;0;1;1;65410;0;0;0;0;0;0;0;0;0;0;0;0;00:00:00:000;00:00:00:000;;0;0;0;0;0;0;0;
2025-12-12 18:55:56;2025-12-13 13:14:00;2025-12-13 13:14:01;00:00:01;18:18:04;1;0.992826;1;65412;0;0;1;0.992826;1;0.992826;0;0;0;0;1;1;65411;0;0;0;0;0;0;0;0;0;0;0;0;00:00:00:000;00:00:00:000;;0;0;0;0;0;0;0;
2025-12-12 18:55:56;2025-12-13 13:14:01;2025-12-13 13:14:02;00:00:01;18:18:05;1;0.992826;1;65413;0;0;1;0.992826;1;0.992826;0;0;0;0;1;1;65412;0;0;0;0;0;0;0;0;0;0;0;0;00:00:00:000;00:00:00:000;;0;0;0;0;0;0;0;
2025-12-12 18:55:56;2025-12-13 13:14:02;2025-12-13 13:14:03;00:00:01;18:18:06;1;0.992826;1;65414;0;0;1;0.992826;1;0.992826;0;0;0;0;1;1;65413;0;0;0;0;0;0;0;0;0;0;0;0;00:00:00:000;00:00:00:000;;0;0;0;0;0;0;0;
2025-12-12 18:55:56;2025-12-13 13:14:03;2025-12-13 13:14:04;00:00:01;18:18:07;1;0.992826;1;65415;0;0;1;0.992826;1;0.992826;0;0;0;0;1;1;65414;0;0;0;0;0;0;0;0;0;0;0;0;00:00:00:000;00:00:00:000;;0;0;0;0;0;0;0;
2025-12-12 18:55:56;2025-12-13 13:14:04;2025-12-13 13:14:05;00:00:01;18:18:08;1;0.992826;1;65416;0;0;1;0.992826;1;0.992826;0;0;0;0;1;1;65415;0;0;0;0;0;0;0;0;0;0;0;0;00:00:00:000;00:00:00:000;;0;0;0;0;0;0;0;
2025-12-12 18:55:56;2025-12-13 13:14:05;2025-12-13 13:14:06;00:00:01;18:18:09;1;0.992826;1;65417;0;0;1;0.992826;1;0.992826;0;0;0;0;1;1;65416;0;0;0;0;0;0;0;0;0;0;0;0;00:00:00:000;00:00:00:000;;0;0;0;0;0;0;0;
2025-12-12 18:55:56;2025-12-13 13:14:06;2025-12-13 13:14:07;00:00:01;18:18:10;1;0.992826;1;65418;0;0;1;0.992826;1;0.992826;0;0;0;0;1;1;65417;0;0;0;0;0;0;0;0;0;0;0;0;00:00:00:000;00:00:00:000;;0;0;0;0;0;0;0;
2025-12-12 18:55:56;2025-12-13 13:14:07;2025-12-13 13:14:08;00:00:01;18:18:11;1;0.992826;1;65419;0;0;1;0.992826;1;0.992826;0;0;0;0;1;1;65418;0;0;0;0;0;0;0;0;0;0;0;0;00:00:00:000;00:00:00:000;;0;0;0;0;0;0;0;
2025-12-12 18:55:56;2025-12-13 13:14:08;2025-12-13 13:14:09;00:00:01;18:18:12;1;0.992826;1;65420;0;0;1;0.992826;1;0.992826;0;0;0;0;1;1;65419;0;0;0;0;0;0;0;0;0;0;0;0;00:00:00:000;00:00:00:000;;0;0;0;0;0;0;0;
2025-12-12 18:55:56;2025-12-13 13:14:09;2025-12-13 13:14:10;00:00:01;18:18:13;1;0.992827;1;65421;0;0;1;0.992827;1;0.992827;0;0;0;0;1;1;65420;0;0;0;0;0;0;0;0;0;0;0;0;00:00:00:000;00:00:00:000;;0;0;0;0;0;0;0;
2025-12-12 18:55:56;2025-12-13 13:14:10;2025-12-13 13:14:11;00:00:01;18:18:14;1;0.992827;1;65422;0;0;1;0.992827;1;0.992827;0;0;0;0;1;1;65421;0;0;0;0;0;0;0;0;0;0;0;0;00:00:00:000;00:00:00:000;;0;0;0;0;0;0;0;
2025-12-12 18:55:56;2025-12-13 13:14:11;2025-12-13 13:14:12;00:00:01;18:18:15;1;0.992827;1;65423;0;0;1;0.992827;1;0.992827;0;0;0;0;1;1;65422;0;0;0;0;0;0;0;0;0;0;0;0;00:00:00:000;00:00:00:000;;0;0;0;0;0;0;0;
2025-12-12 18:55:56;2025-12-13 13:14:12;2025-12-13 13:14:13;00:00:01;18:18:16;1;0.992827;1;65424;0;0;1;0.992827;1;0.992827;0;0;0;0;1;1;65423;0;0;0;0;0;0;0;0;0;0;0;0;00:00:00:000;00:00:00:000;;0;0;0;0;0;0;0;
2025-12-12 18:55:56;2025-12-13 13:14:13;2025-12-13 13:14:14;00:00:01;18:18:17;1;0.992827;1;65425;0;0;1;0.992827;1;0.992827;0;0;0;0;1;1;65424;0;0;0;0;0;0;0;0;0;0;0;0;00:00:00:000;00:00:00:000;;0;0;0;0;0;0;0;
2025-12-12 18:55:56;2025-12-13 13:14:14;2025-12-13 13:14:15;00:00:01;18:18:18;1;0.992827;1;65426;0;0;1;0.992827;1;0.992827;0;0;0;0;1;1;65425;0;0;0;0;0;0;0;0;0;0;0;0;00:00:00:000;00:00:00:000;;0;0;0;0;0;0;0;
2025-12-12 18:55:56;2025-12-13 13:14:15;2025-12-13 13:14:16;00:00:01;18:18:19;1;0.992827;1;65427;0;0;1;0.992827;1;0.992827;0;0;0;0;1;1;65426;0;0;0;0;0;0;0;0;0;0;0;0;00:00:00:000;00:00:00:000;;0;0;0;0;0;0;0;
2025-12-12 18:55:56;2025-12-13 13:14:16;2025-12-13 13:14:17;00:00:01;18:18:20;1;0.992827;1;65428;0;0;1;0.992827;1;0.992827;0;0;0;0;1;1;65427;0;0;0;0;0;0;0;0;0;0;0;0;00:00:00:000;00:00:00:000;;0;0;0;0;0;0;0;
2025-12-12 18:55:56;2025-12-13 13:14:17;2025-12-13 13:14:18;00:00:01;18:18:21;1;0.992827;1;65429;0;0;1;0.992827;1;0.992827;0;0;0;0;1;1;65428;0;0;0;0;0;0;0;0;0;0;0;0;00:00:00:000;00:00:00:000;;0;0;0;0;0;0;0;
2025-12-12 18:55:56;2025-12-13 13:14:18;2025-12-13 13:14:19;00:00:01;18:18:22;1;0.992827;1;65430;0;0;1;0.992827;1;0.992827;0;0;0;0;1;1;65429;0;0;0;0;0;0;0;0;0;0;0;0;00:00:00:000;00:00:00:000;;0;0;0;0;0;0;0;
2025-12-12 18:55:56;2025-12-13 13:14:19;2025-12-13 13:14:20;00:00:01;18:18:23;1;0.992828;1;65431;0;0;1;0.992828;1;0.992828;0;0;0;0;1;1;65430;0;0;0;0;0;0;0;0;0;0;0;0;00:00:00:000;00:00:00:000;;0;0;0;0;0;0;0;
2025-12-12 18:55:56;2025-12-13 13:14:20;2025-12-13 13:14:21;00:00:01;18:18:24;1;0.992828;1;65432;0;0;1;0.992828;1;0.992828;0;0;0;0;1;1;65431;0;0;0;0;0;0;0;0;0;0;0;0;00:00:00:000;00:00:00:000;;0;0;0;0;0;0;0;
2025-12-12 18:55:56;2025-12-13 13:14:21;2025-12-13 13:14:22;00:00:01;18:18:25;1;0.992828;1;65433;0;0;1;0.992828;1;0.992828;0;0;0;0;1;1;65432;0;0;0;0;0;0;0;0;0;0;0;0;00:00:00:000;00:00:00:000;;0;0;0;0;0;0;0;
2025-12-12 18:55:56;2025-12-13 13:14:22;2025-12-13 13:14:23;00:00:01;18:18:26;1;0.992828;1;65434;0;0;1;0.992828;1;0.992828;0;0;0;0;1;1;65433;0;0;0;0;0;0;0;0;0;0;0;0;00:00:00:000;00:00:00:000;;0;0;0;0;0;0;0;
2025-12-12 18:55:56;2025-12-13 13:14:23;2025-12-13 13:14:24;00:00:01;18:18:27;1;0.992828;1;65435;0;0;1;0.992828;1;0.992828;0;0;0;0;1;1;65434;0;0;0;0;0;0;0;0;0;0;0;0;00:00:00:000;00:00:00:000;;0;0;0;0;0;0;0;
2025-12-12 18:55:56;2025-12-13 13:14:24;2025-12-13 13:14:25;00:00:01;18:18:28;1;0.992828;1;65436;0;0;1;0.992828;1;0.992828;0;0;0;0;1;1;65435;0;0;0;0;0;0;0;0;0;0;0;0;00:00:00:000;00:00:00:000;;0;0;0;0;0;0;0;
2025-12-12 18:55:56;2025-12-13 13:14:25;2025-12-13 13:14:26;00:00:01;18:18:29;1;0.992828;1;65437;0;0;1;0.992828;1;0.992828;0;0;0;0;1;1;65436;0;0;0;0;0;0;0;0;0;0;0;0;00:00:00:000;00:00:00:000;;0;0;0;0;0;0;0;
2025-12-12 18:55:56;2025-12-13 13:14:26;2025-12-13 13:14:27;00:00:01;18:18:30;1;0.992828;1;65438;0;0;1;0.992828;1;0.992828;0;0;0;0;1;1;65437;0;0;0;0;0;0;0;0;0;0;0;0;00:00:00:000;00:00:00:000;;0;0;0;0;0;0;0;
2025-12-12 18:55:56;2025-12-13 13:14:27;2025-12-13 13:14:28;00:00:01;18:18:31;1;0.992828;1;65439;0;0;1;0.992828;1;0.992828;0;0;0;0;1;1;65438;0;0;0;0;0;0;0;0;0;0;0;0;00:00:00:000;00:00:00:000;;0;0;0;0;0;0;0;
2025-12-12 18:55:56;2025-12-13 13:14:28;2025-12-13 13:14:29;00:00:01;18:18:32;1;0.992829;1;65440;0;0;1;0.992829;1;0.992829;0;0;0;0;1;1;65439;0;0;0;0;0;0;0;0;0;0;0;0;00:00:00:000;00:00:00:000;;0;0;0;0;0;0;0;
2025-12-12 18:55:56;2025-12-13 13:14:29;2025-12-13 13:14:30;00:00:01;18:18:33;1;0.992829;1;65441;0;0;1;0.992829;1;0.992829;0;0;0;0;1;1;65440;0;0;0;0;0;0;0;0;0;0;0;0;00:00:00:000;00:00:00:000;;0;0;0;0;0;0;0;
2025-12-12 18:55:56;2025-12-13 13:14:30;2025-12-13 13:14:31;00:00:01;18:18:34;1;0.992829;1;65442;0;0;1;0.992829;1;0.992829;0;0;0;0;1;1;65441;0;0;0;0;0;0;0;0;0;0;0;0;00:00:00:000;00:00:00:000;;0;0;0;0;0;0;0;
2025-12-12 18:55:56;2025-12-13 13:14:31;2025-12-13 13:14:32;00:00:01;18:18:35;1;0.992829;1;65443;0;0;1;0.992829;1;0.992829;0;0;0;0;1;1;65442;0;0;0;0;0;0;0;0;0;0;0;0;00:00:00:000;00:00:00:000;;0;0;0;0;0;0;0;
2025-12-12 18:55:56;2025-12-13 13:14:32;2025-12-13 13:14:33;00:00:01;18:18:36;1;0.992829;1;65444;0;0;1;0.992829;1;0.992829;0;0;0;0;1;1;65443;0;0;0;0;0;0;0;0;0;0;0;0;00:00:00:000;00:00:00:000;;0;0;0;0;0;0;0;
2025-12-12 18:55:56;2025-12-13 13:14:33;2025-12-13 13:14:34;00:00:01;18:18:37;1;0.992829;1;65445;0;0;1;0.992829;1;0.992829;0;0;0;0;1;1;65444;0;0;0;0;0;0;0;0;0;0;0;0;00:00:00:000;00:00:00:000;;0;0;0;0;0;0;0;
2025-12-12 18:55:56;2025-12-13 13:14:34;2025-12-13 13:14:35;00:00:01;18:18:38;1;0.992829;1;65446;0;0;1;0.992829;1;0.992829;0;0;0;0;1;1;65445;0;0;0;0;0;0;0;0;0;0;0;0;00:00:00:000;00:00:00:000;;0;0;0;0;0;0;0;
2025-12-12 18:55:56;2025-12-13 13:14:35;2025-12-13 13:14:36;00:00:01;18:18:39;1;0.992829;1;65447;0;0;1;0.992829;1;0.992829;0;0;0;0;1;1;65446;0;0;0;0;0;0;0;0;0;0;0;0;00:00:00:000;00:00:00:000;;0;0;0;0;0;0;0;
2025-12-12 18:55:56;2025-12-13 13:14:36;2025-12-13 13:14:37;00:00:01;18:18:40;1;0.992829;1;65448;0;0;1;0.992829;1;0.992829;0;0;0;0;1;1;65447;0;0;0;0;0;0;0;0;0;0;0;0;00:00:00:000;00:00:00:000;;0;0;0;0;0;0;0;
2025-12-12 18:55:56;2025-12-13 13:14:37;2025-12-13 13:14:38;00:00:01;18:18:41;1;0.99283;1;65449;0;0;1;0.99283;1;0.99283;0;0;0;0;1;1;65448;0;0;0;0;0;0;0;0;0;0;0;0;00:00:00:000;00:00:00:000;;0;0;0;0;0;0;0;
2025-12-12 18:55:56;2025-12-13 13:14:38;2025-12-13 13:14:39;00:00:01;18:18:42;1;0.99283;1;65450;0;0;1;0.99283;1;0.99283;0;0;0;0;1;1;65449;0;0;0;0;0;0;0;0;0;0;0;0;00:00:00:000;00:00:00:000;;0;0;0;0;0;0;0;
2025-12-12 18:55:56;2025-12-13 13:14:39;2025-12-13 13:14:40;00:00:01;18:18:43;1;0.99283;1;65451;0;0;1;0.99283;1;0.99283;0;0;0;0;1;1;65450;0;0;0;0;0;0;0;0;0;0;0;0;00:00:00:000;00:00:00:000;;0;0;0;0;0;0;0;
2025-12-12 18:55:56;2025-12-13 13:14:40;2025-12-13 13:14:41;00:00:01;18:18:44;1;0.99283;1;65452;0;0;1;0.99283;1;0.99283;0;0;0;0;1;1;65451;0;0;0;0;0;0;0;0;0;0;0;0;00:00:00:000;00:00:00:000;;0;0;0;0;0;0;0;
2025-12-12 18:55:56;2025-12-13 13:14:41;2025-12-13 13:14:42;00:00:01;18:18:45;1;0.99283;1;65453;0;0;1;0.99283;1;0.99283;0;0;0;0;1;1;65452;0;0;0;0;0;0;0;0;0;0;0;0;00:00:00:000;00:00:00:000;;0;0;0;0;0;0;0;
2025-12-12 18:55:56;2025-12-13 13:14:42;2025-12-13 13:14:43;00:00:01;18:18:46;1;0.99283;1;65454;0;0;1;0.99283;1;0.99283;0;0;0;0;1;1;65453;0;0;0;0;0;0;0;0;0;0;0;0;00:00:00:000;00:00:00:000;;0;0;0;0;0;0;0;
2025-12-12 18:55:56;2025-12-13 13:14:43;2025-12-13 13:14:44;00:00:01;18:18:47;1;0.99283;1;65455;0;0;1;0.99283;1;0.99283;0;0;0;0;1;1;65454;0;0;0;0;0;0;0;0;0;0;0;0;00:00:00:000;00:00:00:000;;0;0;0;0;0;0;0;
2025-12-12 18:55:56;2025-12-13 13:14:44;2025-12-13 13:14:45;00:00:01;18:18:48;1;0.99283;1;65456;0;0;1;0.99283;1;0.99283;0;0;0;0;1;1;65455;0;0;0;0;0;0;0;0;0;0;0;0;00:00:00:000;00:00:00:000;;0;0;0;0;0;0;0;
2025-12-12 18:55:56;2025-12-13 13:14:45;2025-12-13 13:14:46;00:00:01;18:18:49;1;0.99283;1;65457;0;0;1;0.99283;1;0.99283;0;0;0;0;1;1;65456;0;0;0;0;0;0;0;0;0;0;0;0;00:00:00:000;00:00:00:000;;0;0;0;0;0;0;0;
2025-12-12 18:55:56;2025-12-13 13:14:46;2025-12-13 13:14:47;00:00:01;18:18:50;1;0.99283;1;65458;0;0;1;0.99283;1;0.99283;0;0;0;0;1;1;65457;0;0;0;0;0;0;0;0;0;0;0;0;00:00:00:000;00:00:00:000;;0;0;0;0;0;0;0;
2025-12-12 18:55:56;2025-12-13 13:14:47;2025-12-13 13:14:48;00:00:01;18:18:51;1;0.992831;1;65459;0;0;1;0.992831;1;0.992831;0;0;0;0;1;1;65458;0;0;0;0;0;0;0;0;0;0;0;0;00:00:00:000;00:00:00:000;;0;0;0;0;0;0;0;
2025-12-12 18:55:56;2025-12-13 13:14:48;2025-12-13 13:14:49;00:00:01;18:18:52;1;0.992831;1;65460;0;0;1;0.992831;1;0.992831;0;0;0;0;1;1;65459;0;0;0;0;0;0;0;0;0;0;0;0;00:00:00:000;00:00:00:000;;0;0;0;0;0;0;0;
2025-12-12 18:55:56;2025-12-13 13:14:49;2025-12-13 13:14:50;00:00:01;18:18:53;1;0.992831;1;65461;0;0;1;0.992831;1;0.992831;0;0;0;0;1;1;65460;0;0;0;0;0;0;0;0;0;0;0;0;00:00:00:000;00:00:00:000;;0;0;0;0;0;0;0;
2025-12-12 18:55:56;2025-12-13 13:14:50;2025-12-13 13:14:51;00:00:01;18:18:54;1;0.992831;1;65462;0;0;1;0.992831;1;0.992831;0;0;0;0;1;1;65461;0;0;0;0;0;0;0;0;0;0;0;0;00:00:00:000;00:00:00:000;;0;0;0;0;0;0;0;
2025-12-12 18:55:56;2025-12-13 13:14:51;2025-12-13 13:14:52;00:00:01;18:18:55;1;0.992831;1;65463;0;0;1;0.992831;1;0.992831;0;0;0;0;1;1;65462;0;0;0;0;0;0;0;0;0;0;0;0;00:00:00:000;00:00:00:000;;0;0;0;0;0;0;0;
2025-12-12 18:55:56;2025-12-13 13:14:52;2025-12-13 13:14:53;00:00:01;18:18:56;1;0.992831;1;65464;0;0;1;0.992831;1;0.992831;0;0;0;0;1;1;65463;0;0;0;0;0;0;0;0;0;0;0;0;00:00:00:000;00:00:00:000;;0;0;0;0;0;0;0;
2025-12-12 18:55:56;2025-12-13 13:14:53;2025-12-13 13:14:54;00:00:01;18:18:57;1;0.992831;1;65465;0;0;1;0.992831;1;0.992831;0;0;0;0;1;1;65464;0;0;0;0;0;0;0;0;0;0;0;0;00:00:00:000;00:00:00:000;;0;0;0;0;0;0;0;
2025-12-12 18:55:56;2025-12-13 13:14:54;2025-12-13 13:14:55;00:00:01;18:18:58;1;0.992831;1;65466;0;0;1;0.992831;1;0.992831;0;0;0;0;1;1;65465;0;0;0;0;0;0;0;0;0;0;0;0;00:00:00:000;00:00:00:000;;0;0;0;0;0;0;0;
2025-12-12 18:55:56;2025-12-13 13:14:55;2025-12-13 13:14:56;00:00:01;18:18:59;1;0.992831;1;65467;0;0;1;0.992831;1;0.992831;0;0;0;0;1;1;65466;0;0;0;0;0;0;0;0;0;0;0;0;00:00:00:000;00:00:00:000;;0;0;0;0;0;0;0;
2025-12-12 18:55:56;2025-12-13 13:14:56;2025-12-13 13:14:57;00:00:01;18:19:00;1;0.992831;1;65468;0;0;1;0.992831;1;0.992831;0;0;0;0;1;1;65467;0;0;0;0;0;0;0;0;0;0;0;0;00:00:00:000;00:00:00:000;;0;0;0;0;0;0;0;
2025-12-12 18:55:56;2025-12-13 13:14:57;2025-12-13 13:14:58;00:00:01;18:19:01;1;0.992832;1;65469;0;0;1;0.992832;1;0.992832;0;0;0;0;1;1;65468;0;0;0;0;0;0;0;0;0;0;0;0;00:00:00:000;00:00:00:000;;0;0;0;0;0;0;0;
2025-12-12 18:55:56;2025-12-13 13:14:58;2025-12-13 13:14:59;00:00:01;18:19:02;1;0.992832;1;65470;0;0;1;0.992832;1;0.992832;0;0;0;0;1;1;65469;0;0;0;0;0;0;0;0;0;0;0;0;00:00:00:000;00:00:00:000;;0;0;0;0;0;0;0;
2025-12-12 18:55:56;2025-12-13 13:14:59;2025-12-13 13:15:00;00:00:01;18:19:03;1;0.992832;1;65471;0;0;1;0.992832;1;0.992832;0;0;0;0;1;1;65470;0;0;0;0;0;0;0;0;0;0;0;0;00:00:00:000;00:00:00:000;;0;0;0;0;0;0;0;
2025-12-12 18:55:56;2025-12-13 13:15:00;2025-12-13 13:15:01;00:00:01;18:19:04;1;0.992832;1;65472;0;0;1;0.992832;1;0.992832;0;0;0;0;1;1;65471;0;0;0;0;0;0;0;0;0;0;0;0;00:00:00:000;00:00:00:000;;0;0;0;0;0;0;0;
2025-12-12 18:55:56;2025-12-13 13:15:01;2025-12-13 13:15:02;00:00:01;18:19:05;1;0.992832;1;65473;0;0;1;0.992832;1;0.992832;0;0;0;0;1;1;65472;0;0;0;0;0;0;0;0;0;0;0;0;00:00:00:000;00:00:00:000;;0;0;0;0;0;0;0;
2025-12-12 18:55:56;2025-12-13 13:15:02;2025-12-13 13:15:03;00:00:01;18:19:06;1;0.992832;1;65474;0;0;1;0.992832;1;0.992832;0;0;0;0;1;1;65473;0;0;0;0;0;0;0;0;0;0;0;0;00:00:00:000;00:00:00:000;;0;0;0;0;0;0;0;
2025-12-12 18:55:56;2025-12-13 13:15:03;2025-12-13 13:15:04;00:00:01;18:19:07;1;0.992832;1;65475;0;0;1;0.992832;1;0.992832;0;0;0;0;1;1;65474;0;0;0;0;0;0;0;0;0;0;0;0;00:00:00:000;00:00:00:000;;0;0;0;0;0;0;0;
2025-12-12 18:55:56;2025-12-13 13:15:04;2025-12-13 13:15:05;00:00:01;18:19:08;1;0.992832;1;65476;0;0;1;0.992832;1;0.992832;0;0;0;0;1;1;65475;0;0;0;0;0;0;0;0;0;0;0;0;00:00:00:000;00:00:00:000;;0;0;0;0;0;0;0;
2025-12-12 18:55:56;2025-12-13 13:15:05;2025-12-13 13:15:06;00:00:01;18:19:09;1;0.992832;1;65477;0;0;1;0.992832;1;0.992832;0;0;0;0;1;1;65476;0;0;0;0;0;0;0;0;0;0;0;0;00:00:00:000;00:00:00:000;;0;0;0;0;0;0;0;
2025-12-12 18:55:56;2025-12-13 13:15:06;2025-12-13 13:15:07;00:00:01;18:19:10;1;0.992833;1;65478;0;0;1;0.992833;1;0.992833;0;0;0;0;1;1;65477;0;0;0;0;0;0;0;0;0;0;0;0;00:00:00:000;00:00:00:000;;0;0;0;0;0;0;0;
2025-12-12 18:55:56;2025-12-13 13:15:07;2025-12-13 13:15:08;00:00:01;18:19:11;1;0.992833;1;65479;0;0;1;0.992833;1;0.992833;0;0;0;0;1;1;65478;0;0;0;0;0;0;0;0;0;0;0;0;00:00:00:000;00:00:00:000;;0;0;0;0;0;0;0;
2025-12-12 18:55:56;2025-12-13 13:15:08;2025-12-13 13:15:09;00:00:01;18:19:12;1;0.992833;1;65480;0;0;1;0.992833;1;0.992833;0;0;0;0;1;1;65479;0;0;0;0;0;0;0;0;0;0;0;0;00:00:00:000;00:00:00:000;;0;0;0;0;0;0;0;
2025-12-12 18:55:56;2025-12-13 13:15:09;2025-12-13 13:15:10;00:00:01;18:19:13;1;0.992833;1;65481;0;0;1;0.992833;1;0.992833;0;0;0;0;1;1;65480;0;0;0;0;0;0;0;0;0;0;0;0;00:00:00:000;00:00:00:000;;0;0;0;0;0;0;0;
2025-12-12 18:55:56;2025-12-13 13:15:10;2025-12-13 13:15:11;00:00:01;18:19:14;1;0.992833;1;65482;0;0;1;0.992833;1;0.992833;0;0;0;0;1;1;65481;0;0;0;0;0;0;0;0;0;0;0;0;00:00:00:000;00:00:00:000;;0;0;0;0;0;0;0;
2025-12-12 18:55:56;2025-12-13 13:15:11;2025-12-13 13:15:12;00:00:01;18:19:15;1;0.992833;1;65483;0;0;1;0.992833;1;0.992833;0;0;0;0;1;1;65482;0;0;0;0;0;0;0;0;0;0;0;0;00:00:00:000;00:00:00:000;;0;0;0;0;0;0;0;
2025-12-12 18:55:56;2025-12-13 13:15:12;2025-12-13 13:15:13;00:00:01;18:19:16;1;0.992833;1;65484;0;0;1;0.992833;1;0.992833;0;0;0;0;1;1;65483;0;0;0;0;0;0;0;0;0;0;0;0;00:00:00:000;00:00:00:000;;0;0;0;0;0;0;0;
2025-12-12 18:55:56;2025-12-14 00:46:59;2025-12-14 00:46:59;11:31:46;29:51:02;0;0.609364;0;65484;0;0;0;0.609364;0;0.609364;0;0;0;0;1;0;65483;0;0;0;0;0;0;0;0;0;0;0;0;00:00:00:000;00:00:00:000;;0;0;0;0;0;0;0;
2025-12-12 18:55:56;2025-12-14 00:47:00;2025-12-14 00:47:00;00:00:01;29:51:03;39872.3;0.981129;39952;105436;0;0;39872.3;0.981129;39872.3;0.981129;0;0;0;0;1;39952;105435;0;0;0;0;0;0;0;0;0;0;0;0;00:00:00:000;00:00:00:000;;0;0;0;0;0;0;0;
2025-12-12 18:55:56;2025-12-14 00:47:01;2025-12-14 00:47:01;00:00:01;29:51:04;1;0.98113;1;105437;0;0;1;0.98113;1;0.98113;0;0;0;0;1;1;105436;0;0;0;0;0;0;0;0;0;0;0;0;00:00:00:000;00:00:00:000;;0;0;0;0;0;0;0;
2025-12-12 18:55:56;2025-12-14 00:47:02;2025-12-14 00:47:02;00:00:01;29:51:05;1;0.98113;1;105438;0;0;1;0.98113;1;0.98113;0;0;0;0;1;1;105437;0;0;0;0;0;0;0;0;0;0;0;0;00:00:00:000;00:00:00:000;;0;0;0;0;0;0;0;
2025-12-12 18:55:56;2025-12-14 00:47:03;2025-12-14 00:47:03;00:00:01;29:51:06;1;0.98113;1;105439;0;0;1;0.98113;1;0.98113;0;0;0;0;1;1;105438;0;0;0;0;0;0;0;0;0;0;0;0;00:00:00:000;00:00:00:000;;0;0;0;0;0;0;0;
2025-12-12 18:55:56;2025-12-14 00:47:04;2025-12-14 00:47:04;00:00:01;29:51:07;1;0.98113;1;105440;0;0;1;0.98113;1;0.98113;0;0;0;0;1;1;105439;0;0;0;0;0;0;0;0;0;0;0;0;00:00:00:000;00:00:00:000;;0;0;0;0;0;0;0;
2025-12-12 18:55:56;2025-12-14 00:47:05;2025-12-14 00:47:05;00:00:01;29:51:08;1;0.98113;1;105441;0;0;1;0.98113;1;0.98113;0;0;0;0;1;1;105440;0;0;0;0;0;0;0;0;0;0;0;0;00:00:00:000;00:00:00:000;;0;0;0;0;0;0;0;
2025-12-12 18:55:56;2025-12-14 00:47:06;2025-12-14 00:47:06;00:00:01;29:51:09;1;0.98113;1;105442;0;0;1;0.98113;1;0.98113;0;0;0;0;1;1;105441;0;0;0;0;0;0;0;0;0;0;0;0;00:00:00:000;00:00:00:000;;0;0;0;0;0;0;0;
2025-12-12 18:55:56;2025-12-14 00:47:07;2025-12-14 00:47:07;00:00:01;29:51:10;1;0.981131;1;105443;0;0;1;0.981131;1;0.981131;0;0;0;0;1;1;105442;0;0;0;0;0;0;0;0;0;0;0;0;00:00:00:000;00:00:00:000;;0;0;0;0;0;0;0;
2025-12-12 18:55:56;2025-12-14 00:47:08;2025-12-14 00:47:08;00:00:01;29:51:11;1;0.981131;1;105444;0;0;1;0.981131;1;0.981131;0;0;0;0;1;1;105443;0;0;0;0;0;0;0;0;0;0;0;0;00:00:00:000;00:00:00:000;;0;0;0;0;0;0;0;
2025-12-12 18:55:56;2025-12-14 00:47:09;2025-12-14 00:47:09;00:00:01;29:51:12;1;0.981131;1;105445;0;0;1;0.981131;1;0.981131;0;0;0;0;1;1;105444;0;0;0;0;0;0;0;0;0;0;0;0;00:00:00:000;00:00:00:000;;0;0;0;0;0;0;0;
2025-12-12 18:55:56;2025-12-14 00:47:10;2025-12-14 00:47:10;00:00:01;29:51:13;1;0.981131;1;105446;0;0;1;0.981131;1;0.981131;0;0;0;0;1;1;105445;0;0;0;0;0;0;0;0;0;0;0;0;00:00:00:000;00:00:00:000;;0;0;0;0;0;0;0;
2025-12-12 18:55:56;2025-12-14 00:47:11;2025-12-14 00:47:11;00:00:01;29:51:14;1;0.981131;1;105447;0;0;1;0.981131;1;0.981131;0;0;0;0;1;1;105446;0;0;0;0;0;0;0;0;0;0;0;0;00:00:00:000;00:00:00:000;;0;0;0;0;0;0;0;
2025-12-12 18:55:56;2025-12-14 00:47:12;2025-12-14 00:47:12;00:00:01;29:51:15;1;0.981131;1;105448;0;0;1;0.981131;1;0.981131;0;0;0;0;1;1;105447;0;0;0;0;0;0;0;0;0;0;0;0;00:00:00:000;00:00:00:000;;0;0;0;0;0;0;0;
2025-12-12 18:55:56;2025-12-14 00:47:13;2025-12-14 00:47:13;00:00:01;29:51:16;1;0.981132;1;105449;0;0;1;0.981132;1;0.981132;0;0;0;0;1;1;105448;0;0;0;0;0;0;0;0;0;0;0;0;00:00:00:000;00:00:00:000;;0;0;0;0;0;0;0;
2025-12-12 18:55:56;2025-12-14 00:47:14;2025-12-14 00:47:14;00:00:01;29:51:17;1;0.981132;1;105450;0;0;1;0.981132;1;0.981132;0;0;0;0;1;1;105449;0;0;0;0;0;0;0;0;0;0;0;0;00:00:00:000;00:00:00:000;;0;0;0;0;0;0;0;
2025-12-12 18:55:56;2025-12-14 00:47:15;2025-12-14 00:47:15;00:00:01;29:51:18;1;0.981132;1;105451;0;0;1;0.981132;1;0.981132;0;0;0;0;1;1;105450;0;0;0;0;0;0;0;0;0;0;0;0;00:00:00:000;00:00:00:000;;0;0;0;0;0;0;0;
2025-12-12 18:55:56;2025-12-14 00:47:16;2025-12-14 00:47:16;00:00:01;29:51:19;1;0.981132;1;105452;0;0;1;0.981132;1;0.981132;0;0;0;0;1;1;105451;0;0;0;0;0;0;0;0;0;0;0;0;00:00:00:000;00:00:00:000;;0;0;0;0;0;0;0;
2025-12-12 18:55:56;2025-12-14 00:47:17;2025-12-14 00:47:17;00:00:01;29:51:20;1;0.981132;1;105453;0;0;1;0.981132;1;0.981132;0;0;0;0;1;1;105452;0;0;0;0;0;0;0;0;0;0;0;0;00:00:00:000;00:00:00:000;;0;0;0;0;0;0;0;
2025-12-12 18:55:56;2025-12-14 00:47:18;2025-12-14 00:47:18;00:00:01;29:51:21;1;0.981132;1;105454;0;0;1;0.981132;1;0.981132;0;0;0;0;1;1;105453;0;0;0;0;0;0;0;0;0;0;0;0;00:00:00:000;00:00:00:000;;0;0;0;0;0;0;0;
2025-12-12 18:55:56;2025-12-14 00:47:19;2025-12-14 00:47:19;00:00:01;29:51:22;1;0.981133;1;105455;0;0;1;0.981133;1;0.981133;0;0;0;0;1;1;105454;0;0;0;0;0;0;0;0;0;0;0;0;00:00:00:000;00:00:00:000;;0;0;0;0;0;0;0;
2025-12-12 18:55:56;2025-12-14 00:47:20;2025-12-14 00:47:20;00:00:01;29:51:23;1;0.981133;1;105456;0;0;1;0.981133;1;0.981133;0;0;0;0;1;1;105455;0;0;0;0;0;0;0;0;0;0;0;0;00:00:00:000;00:00:00:000;;0;0;0;0;0;0;0;
2025-12-12 18:55:56;2025-12-14 00:47:21;2025-12-14 00:47:21;00:00:01;29:51:24;1;0.981133;1;105457;0;0;1;0.981133;1;0.981133;0;0;0;0;1;1;105456;0;0;0;0;0;0;0;0;0;0;0;0;00:00:00:000;00:00:00:000;;0;0;0;0;0;0;0;
2025-12-12 18:55:56;2025-12-14 00:47:22;2025-12-14 00:47:22;00:00:01;29:51:25;1;0.981133;1;105458;0;0;1;0.981133;1;0.981133;0;0;0;0;1;1;105457;0;0;0;0;0;0;0;0;0;0;0;0;00:00:00:000;00:00:00:000;;0;0;0;0;0;0;0;
2025-12-12 18:55:56;2025-12-14 00:47:23;2025-12-14 00:47:23;00:00:01;29:51:26;1;0.981133;1;105459;0;0;1;0.981133;1;0.981133;0;0;0;0;1;1;105458;0;0;0;0;0;0;0;0;0;0;0;0;00:00:00:000;00:00:00:000;;0;0;0;0;0;0;0;
2025-12-12 18:55:56;2025-12-14 00:47:24;2025-12-14 00:47:24;00:00:01;29:51:27;1;0.981134;1;105460;0;0;1;0.981134;1;0.981134;0;0;0;0;1;1;105459;0;0;0;0;0;0;0;0;0;0;0;0;00:00:00:000;00:00:00:000;;0;0;0;0;0;0;0;
2025-12-12 18:55:56;2025-12-14 00:47:25;2025-12-14 00:47:25;00:00:01;29:51:28;1;0.981134;1;105461;0;0;1;0.981134;1;0.981134;0;0;0;0;1;1;105460;0;0;0;0;0;0;0;0;0;0;0;0;00:00:00:000;00:00:00:000;;0;0;0;0;0;0;0;
2025-12-12 18:55:56;2025-12-14 00:47:26;2025-12-14 00:47:26;00:00:01;29:51:29;1;0.981134;1;105462;0;0;1;0.981134;1;0.981134;0;0;0;0;1;1;105461;0;0;0;0;0;0;0;0;0;0;0;0;00:00:00:000;00:00:00:000;;0;0;0;0;0;0;0;
2025-12-12 18:55:56;2025-12-14 00:47:27;2025-12-14 00:47:27;00:00:01;29:51:30;1;0.981134;1;105463;0;0;1;0.981134;1;0.981134;0;0;0;0;1;1;105462;0;0;0;0;0;0;0;0;0;0;0;0;00:00:00:000;00:00:00:000;;0;0;0;0;0;0;0;
2025-12-12 18:55:56;2025-12-14 00:47:28;2025-12-14 00:47:28;00:00:01;29:51:31;1;0.981134;1;105464;0;0;1;0.981134;1;0.981134;0;0;0;0;1;1;105463;0;0;0;0;0;0;0;0;0;0;0;0;00:00:00:000;00:00:00:000;;0;0;0;0;0;0;0;
2025-12-12 18:55:56;2025-12-14 00:47:29;2025-12-14 00:47:29;00:00:01;29:51:32;1;0.981134;1;105465;0;0;1;0.981134;1;0.981134;0;0;0;0;1;1;105464;0;0;0;0;0;0;0;0;0;0;0;0;00:00:00:000;00:00:00:000;;0;0;0;0;0;0;0;
2025-12-12 18:55:56;2025-12-14 00:47:30;2025-12-14 00:47:30;00:00:01;29:51:33;1;0.981135;1;105466;0;0;1;0.981135;1;0.981135;0;0;0;0;1;1;105465;0;0;0;0;0;0;0;0;0;0;0;0;00:00:00:000;00:00:00:000;;0;0;0;0;0;0;0;
2025-12-12 18:55:56;2025-12-14 00:47:31;2025-12-14 00:47:31;00:00:01;29:51:34;1;0.981135;1;105467;0;0;1;0.981135;1;0.981135;0;0;0;0;1;1;105466;0;0;0;0;0;0;0;0;0;0;0;0;00:00:00:000;00:00:00:000;;0;0;0;0;0;0;0;
2025-12-12 18:55:56;2025-12-14 00:47:32;2025-12-14 00:47:32;00:00:01;29:51:35;1;0.981135;1;105468;0;0;1;0.981135;1;0.981135;0;0;0;0;1;1;105467;0;0;0;0;0;0;0;0;0;0;0;0;00:00:00:000;00:00:00:000;;0;0;0;0;0;0;0;
2025-12-12 18:55:56;2025-12-14 00:47:33;2025-12-14 00:47:33;00:00:01;29:51:36;1;0.981135;1;105469;0;0;1;0.981135;1;0.981135;0;0;0;0;1;1;105468;0;0;0;0;0;0;0;0;0;0;0;0;00:00:00:000;00:00:00:000;;0;0;0;0;0;0;0;
2025-12-12 18:55:56;2025-12-14 00:47:33;2025-12-14 00:47:34;00:00:01;29:51:37;1;0.981135;1;105470;0;0;1;0.981135;1;0.981135;0;0;0;0;1;1;105469;0;0;0;0;0;0;0;0;0;0;0;0;00:00:00:000;00:00:00:000;;0;0;0;0;0;0;0;
2025-12-12 18:55:56;2025-12-14 00:47:34;2025-12-14 00:47:35;00:00:01;29:51:38;1;0.981135;1;105471;0;0;1;0.981135;1;0.981135;0;0;0;0;1;1;105470;0;0;0;0;0;0;0;0;0;0;0;0;00:00:00:000;00:00:00:000;;0;0;0;0;0;0;0;
2025-12-12 18:55:56;2025-12-14 00:47:35;2025-12-14 00:47:36;00:00:01;29:51:39;1;0.981136;1;105472;0;0;1;0.981136;1;0.981136;0;0;0;0;1;1;105471;0;0;0;0;0;0;0;0;0;0;0;0;00:00:00:000;00:00:00:000;;0;0;0;0;0;0;0;
2025-12-12 18:55:56;2025-12-14 00:47:36;2025-12-14 00:47:37;00:00:01;29:51:40;1;0.981136;1;105473;0;0;1;0.981136;1;0.981136;0;0;0;0;1;1;105472;0;0;0;0;0;0;0;0;0;0;0;0;00:00:00:000;00:00:00:000;;0;0;0;0;0;0;0;
2025-12-12 18:55:56;2025-12-14 00:47:37;2025-12-14 00:47:38;00:00:01;29:51:41;1;0.981136;1;105474;0;0;1;0.981136;1;0.981136;0;0;0;0;1;1;105473;0;0;0;0;0;0;0;0;0;0;0;0;00:00:00:000;00:00:00:000;;0;0;0;0;0;0;0;
2025-12-12 18:55:56;2025-12-14 00:47:38;2025-12-14 00:47:39;00:00:01;29:51:42;1;0.981136;1;105475;0;0;1;0.981136;1;0.981136;0;0;0;0;1;1;105474;0;0;0;0;0;0;0;0;0;0;0;0;00:00:00:000;00:00:00:000;;0;0;0;0;0;0;0;
2025-12-12 18:55:56;2025-12-14 00:47:39;2025-12-14 00:47:40;00:00:01;29:51:43;1;0.981136;1;105476;0;0;1;0.981136;1;0.981136;0;0;0;0;1;1;105475;0;0;0;0;0;0;0;0;0;0;0;0;00:00:00:000;00:00:00:000;;0;0;0;0;0;0;0;
2025-12-12 18:55:56;2025-12-14 00:47:40;2025-12-14 00:47:41;00:00:01;29:51:44;1;0.981136;1;105477;0;0;1;0.981136;1;0.981136;0;0;0;0;1;1;105476;0;0;0;0;0;0;0;0;0;0;0;0;00:00:00:000;00:00:00:000;;0;0;0;0;0;0;0;
2025-12-12 18:55:56;2025-12-14 00:47:41;2025-12-14 00:47:42;00:00:01;29:51:45;1;0.981137;1;105478;0;0;1;0.981137;1;0.981137;0;0;0;0;1;1;105477;0;0;0;0;0;0;0;0;0;0;0;0;00:00:00:000;00:00:00:000;;0;0;0;0;0;0;0;
2025-12-12 18:55:56;2025-12-14 00:47:42;2025-12-14 00:47:43;00:00:01;29:51:46;1;0.981137;1;105479;0;0;1;0.981137;1;0.981137;0;0;0;0;1;1;105478;0;0;0;0;0;0;0;0;0;0;0;0;00:00:00:000;00:00:00:000;;0;0;0;0;0;0;0;
2025-12-12 18:55:56;2025-12-14 00:47:43;2025-12-14 00:47:44;00:00:01;29:51:47;1;0.981137;1;105480;0;0;1;0.981137;1;0.981137;0;0;0;0;1;1;105479;0;0;0;0;0;0;0;0;0;0;0;0;00:00:00:000;00:00:00:000;;0;0;0;0;0;0;0;
2025-12-12 18:55:56;2025-12-14 00:47:44;2025-12-14 00:47:45;00:00:01;29:51:48;1;0.981137;1;105481;0;0;1;0.981137;1;0.981137;0;0;0;0;1;1;105480;0;0;0;0;0;0;0;0;0;0;0;0;00:00:00:000;00:00:00:000;;0;0;0;0;0;0;0;
2025-12-12 18:55:56;2025-12-14 00:47:45;2025-12-14 00:47:46;00:00:01;29:51:49;1;0.981137;1;105482;0;0;1;0.981137;1;0.981137;0;0;0;0;1;1;105481;0;0;0;0;0;0;0;0;0;0;0;0;00:00:00:000;00:00:00:000;;0;0;0;0;0;0;0;
2025-12-12 18:55:56;2025-12-14 00:47:46;2025-12-14 00:47:47;00:00:01;29:51:50;1;0.981137;1;105483;0;0;1;0.981137;1;0.981137;0;0;0;0;1;1;105482;0;0;0;0;0;0;0;0;0;0;0;0;00:00:00:000;00:00:00:000;;0;0;0;0;0;0;0;
2025-12-12 18:55:56;2025-12-14 00:47:47;2025-12-14 00:47:48;00:00:01;29:51:51;1;0.981138;1;105484;0;0;1;0.981138;1;0.981138;0;0;0;0;1;1;105483;0;0;0;0;0;0;0;0;0;0;0;0;00:00:00:000;00:00:00:000;;0;0;0;0;0;0;0;
2025-12-12 18:55:56;2025-12-14 00:47:48;2025-12-14 00:47:49;00:00:01;29:51:52;1;0.981138;1;105485;0;0;1;0.981138;1;0.981138;0;0;0;0;1;1;105484;0;0;0;0;0;0;0;0;0;0;0;0;00:00:00:000;00:00:00:000;;0;0;0;0;0;0;0;
2025-12-12 18:55:56;2025-12-14 00:47:49;2025-12-14 00:47:50;00:00:01;29:51:53;1;0.981138;1;105486;0;0;1;0.981138;1;0.981138;0;0;0;0;1;1;105485;0;0;0;0;0;0;0;0;0;0;0;0;00:00:00:000;00:00:00:000;;0;0;0;0;0;0;0;
2025-12-12 18:55:56;2025-12-14 00:47:50;2025-12-14 00:47:51;00:00:01;29:51:54;1;0.981138;1;105487;0;0;1;0.981138;1;0.981138;0;0;0;0;1;1;105486;0;0;0;0;0;0;0;0;0;0;0;0;00:00:00:000;00:00:00:000;;0;0;0;0;0;0;0;
2025-12-12 18:55:56;2025-12-14 00:47:51;2025-12-14 00:47:52;00:00:01;29:51:55;1;0.981138;1;105488;0;0;1;0.981138;1;0.981138;0;0;0;0;1;1;105487;0;0;0;0;0;0;0;0;0;0;0;0;00:00:00:000;00:00:00:000;;0;0;0;0;0;0;0;
2025-12-12 18:55:56;2025-12-14 00:47:52;2025-12-14 00:47:53;00:00:01;29:51:56;1;0.981139;1;105489;0;0;1;0.981139;1;0.981139;0;0;0;0;1;1;105488;0;0;0;0;0;0;0;0;0;0;0;0;00:00:00:000;00:00:00:000;;0;0;0;0;0;0;0;
2025-12-12 18:55:56;2025-12-14 00:47:53;2025-12-14 00:47:54;00:00:01;29:51:57;1;0.981139;1;105490;0;0;1;0.981139;1;0.981139;0;0;0;0;1;1;105489;0;0;0;0;0;0;0;0;0;0;0;0;00:00:00:000;00:00:00:000;;0;0;0;0;0;0;0;
2025-12-12 18:55:56;2025-12-14 00:47:54;2025-12-14 00:47:55;00:00:01;29:51:58;1;0.981139;1;105491;0;0;1;0.981139;1;0.981139;0;0;0;0;1;1;105490;0;0;0;0;0;0;0;0;0;0;0;0;00:00:00:000;00:00:00:000;;0;0;0;0;0;0;0;
2025-12-12 18:55:56;2025-12-14 00:47:55;2025-12-14 00:47:56;00:00:01;29:51:59;1;0.981139;1;105492;0;0;1;0.981139;1;0.981139;0;0;0;0;1;1;105491;0;0;0;0;0;0;0;0;0;0;0;0;00:00:00:000;00:00:00:000;;0;0;0;0;0;0;0;
2025-12-12 18:55:56;2025-12-14 00:47:56;2025-12-14 00:47:57;00:00:01;29:52:00;1;0.981139;1;105493;0;0;1;0.981139;1;0.981139;0;0;0;0;1;1;105492;0;0;0;0;0;0;0;0;0;0;0;0;00:00:00:000;00:00:00:000;;0;0;0;0;0;0;0;
2025-12-12 18:55:56;2025-12-14 00:47:57;2025-12-14 00:47:58;00:00:01;29:52:01;1;0.981139;1;105494;0;0;1;0.981139;1;0.981139;0;0;0;0;1;1;105493;0;0;0;0;0;0;0;0;0;0;0;0;00:00:00:000;00:00:00:000;;0;0;0;0;0;0;0;
2025-12-12 18:55:56;2025-12-14 00:47:58;2025-12-14 00:47:59;00:00:01;29:52:02;1;0.981139;1;105495;0;0;1;0.981139;1;0.981139;0;0;0;0;1;1;105494;0;0;0;0;0;0;0;0;0;0;0;0;00:00:00:000;00:00:00:000;;0;0;0;0;0;0;0;
2025-12-12 18:55:56;2025-12-14 00:47:59;2025-12-14 00:48:00;00:00:01;29:52:03;1;0.98114;1;105496;0;0;1;0.98114;1;0.98114;0;0;0;0;1;1;105495;0;0;0;0;0;0;0;0;0;0;0;0;00:00:00:000;00:00:00:000;;0;0;0;0;0;0;0;
2025-12-12 18:55:56;2025-12-14 00:48:00;2025-12-14 00:48:01;00:00:01;29:52:04;1;0.98114;1;105497;0;0;1;0.98114;1;0.98114;0;0;0;0;1;1;105496;0;0;0;0;0;0;0;0;0;0;0;0;00:00:00:000;00:00:00:000;;0;0;0;0;0;0;0;
2025-12-12 18:55:56;2025-12-14 00:48:01;2025-12-14 00:48:02;00:00:01;29:52:05;1;0.98114;1;105498;0;0;1;0.98114;1;0.98114;0;0;0;0;1;1;105497;0;0;0;0;0;0;0;0;0;0;0;0;00:00:00:000;00:00:00:000;;0;0;0;0;0;0;0;
2025-12-12 18:55:56;2025-12-14 00:48:02;2025-12-14 00:48:03;00:00:01;29:52:06;1;0.98114;1;105499;0;0;1;0.98114;1;0.98114;0;0;0;0;1;1;105498;0;0;0;0;0;0;0;0;0;0;0;0;00:00:00:000;00:00:00:000;;0;0;0;0;0;0;0;
2025-12-12 18:55:56;2025-12-14 00:48:03;2025-12-14 00:48:04;00:00:01;29:52:07;1;0.98114;1;105500;0;0;1;0.98114;1;0.98114;0;0;0;0;1;1;105499;0;0;0;0;0;0;0;0;0;0;0;0;00:00:00:000;00:00:00:000;;0;0;0;0;0;0;0;
2025-12-12 18:55:56;2025-12-14 00:48:04;2025-12-14 00:48:05;00:00:01;29:52:08;1;0.981141;1;105501;0;0;1;0.981141;1;0.981141;0;0;0;0;1;1;105500;0;0;0;0;0;0;0;0;0;0;0;0;00:00:00:000;00:00:00:000;;0;0;0;0;0;0;0;
2025-12-12 18:55:56;2025-12-14 00:48:05;2025-12-14 00:48:06;00:00:01;29:52:09;1;0.981141;1;105502;0;0;1;0.981141;1;0.981141;0;0;0;0;1;1;105501;0;0;0;0;0;0;0;0;0;0;0;0;00:00:00:000;00:00:00:000;;0;0;0;0;0;0;0;
2025-12-12 18:55:56;2025-12-14 00:48:06;2025-12-14 00:48:07;00:00:01;29:52:10;1;0.981141;1;105503;0;0;1;0.981141;1;0.981141;0;0;0;0;1;1;105502;0;0;0;0;0;0;0;0;0;0;0;0;00:00:00:000;00:00:00:000;;0;0;0;0;0;0;0;
2025-12-12 18:55:56;2025-12-14 00:48:07;2025-12-14 00:48:08;00:00:01;29:52:11;1;0.981141;1;105504;0;0;1;0.981141;1;0.981141;0;0;0;0;1;1;105503;0;0;0;0;0;0;0;0;0;0;0;0;00:00:00:000;00:00:00:000;;0;0;0;0;0;0;0;
2025-12-12 18:55:56;2025-12-14 00:48:08;2025-12-14 00:48:09;00:00:01;29:52:12;1;0.981141;1;105505;0;0;1;0.981141;1;0.981141;0;0;0;0;1;1;105504;0;0;0;0;0;0;0;0;0;0;0;0;00:00:00:000;00:00:00:000;;0;0;0;0;0;0;0;
2025-12-12 18:55:56;2025-12-14 00:48:09;2025-12-14 00:48:10;00:00:01;29:52:13;1;0.981141;1;105506;0;0;1;0.981141;1;0.981141;0;0;0;0;1;1;105505;0;0;0;0;0;0;0;0;0;0;0;0;00:00:00:000;00:00:00:000;;0;0;0;0;0;0;0;
2025-12-12 18:55:56;2025-12-14 00:48:10;2025-12-14 00:48:11;00:00:01;29:52:14;1;0.981142;1;105507;0;0;1;0.981142;1;0.981142;0;0;0;0;1;1;105506;0;0;0;0;0;0;0;0;0;0;0;0;00:00:00:000;00:00:00:000;;0;0;0;0;0;0;0;
2025-12-12 18:55:56;2025-12-14 00:48:11;2025-12-14 00:48:12;00:00:01;29:52:15;1;0.981142;1;105508;0;0;1;0.981142;1;0.981142;0;0;0;0;1;1;105507;0;0;0;0;0;0;0;0;0;0;0;0;00:00:00:000;00:00:00:000;;0;0;0;0;0;0;0;
2025-12-12 18:55:56;2025-12-14 00:48:12;2025-12-14 00:48:13;00:00:01;29:52:16;1;0.981142;1;105509;0;0;1;0.981142;1;0.981142;0;0;0;0;1;1;105508;0;0;0;0;0;0;0;0;0;0;0;0;00:00:00:000;00:00:00:000;;0;0;0;0;0;0;0;
2025-12-12 18:55:56;2025-12-14 00:48:13;2025-12-14 00:48:14;00:00:01;29:52:17;1;0.981142;1;105510;0;0;1;0.981142;1;0.981142;0;0;0;0;1;1;105509;0;0;0;0;0;0;0;0;0;0;0;0;00:00:00:000;00:00:00:000;;0;0;0;0;0;0;0;
2025-12-12 18:55:56;2025-12-14 00:48:14;2025-12-14 00:48:15;00:00:01;29:52:18;1;0.981142;1;105511;0;0;1;0.981142;1;0.981142;0;0;0;0;1;1;105510;0;0;0;0;0;0;0;0;0;0;0;0;00:00:00:000;00:00:00:000;;0;0;0;0;0;0;0;
2025-12-12 18:55:56;2025-12-14 00:48:15;2025-12-14 00:48:16;00:00:01;29:52:19;1;0.981142;1;105512;0;0;1;0.981142;1;0.981142;0;0;0;0;1;1;105511;0;0;0;0;0;0;0;0;0;0;0;0;00:00:00:000;00:00:00:000;;0;0;0;0;0;0;0;
2025-12-12 18:55:56;2025-12-14 00:48:16;2025-12-14 00:48:17;00:00:01;29:52:20;1;0.981143;1;105513;0;0;1;0.981143;1;0.981143;0;0;0;0;1;1;105512;0;0;0;0;0;0;0;0;0;0;0;0;00:00:00:000;00:00:00:000;;0;0;0;0;0;0;0;
2025-12-12 18:55:56;2025-12-14 00:48:17;2025-12-14 00:48:18;00:00:01;29:52:21;1;0.981143;1;105514;0;0;1;0.981143;1;0.981143;0;0;0;0;1;1;105513;0;0;0;0;0;0;0;0;0;0;0;0;00:00:00:000;00:00:00:000;;0;0;0;0;0;0;0;
2025-12-12 18:55:56;2025-12-14 00:48:18;2025-12-14 00:48:19;00:00:01;29:52:22;1;0.981143;1;105515;0;0;1;0.981143;1;0.981143;0;0;0;0;1;1;105514;0;0;0;0;0;0;0;0;0;0;0;0;00:00:00:000;00:00:00:000;;0;0;0;0;0;0;0;
2025-12-12 18:55:56;2025-12-14 00:48:19;2025-12-14 00:48:20;00:00:01;29:52:23;1;0.981143;1;105516;0;0;1;0.981143;1;0.981143;0;0;0;0;1;1;105515;0;0;0;0;0;0;0;0;0;0;0;0;00:00:00:000;00:00:00:000;;0;0;0;0;0;0;0;
2025-12-12 18:55:56;2025-12-14 00:48:20;2025-12-14 00:48:21;00:00:01;29:52:24;1;0.981143;1;105517;0;0;1;0.981143;1;0.981143;0;0;0;0;1;1;105516;0;0;0;0;0;0;0;0;0;0;0;0;00:00:00:000;00:00:00:000;;0;0;0;0;0;0;0;
2025-12-12 18:55:56;2025-12-14 00:48:21;2025-12-14 00:48:22;00:00:01;29:52:25;1;0.981143;1;105518;0;0;1;0.981143;1;0.981143;0;0;0;0;1;1;105517;0;0;0;0;0;0;0;0;0;0;0;0;00:00:00:000;00:00:00:000;;0;0;0;0;0;0;0;
2025-12-12 18:55:56;2025-12-14 00:48:22;2025-12-14 00:48:23;00:00:01;29:52:26;1;0.981144;1;105519;0;0;1;0.981144;1;0.981144;0;0;0;0;1;1;105518;0;0;0;0;0;0;0;0;0;0;0;0;00:00:00:000;00:00:00:000;;0;0;0;0;0;0;0;
2025-12-12 18:55:56;2025-12-14 00:48:23;2025-12-14 00:48:24;00:00:01;29:52:27;1;0.981144;1;105520;0;0;1;0.981144;1;0.981144;0;0;0;0;1;1;105519;0;0;0;0;0;0;0;0;0;0;0;0;00:00:00:000;00:00:00:000;;0;0;0;0;0;0;0;
2025-12-12 18:55:56;2025-12-14 00:48:24;2025-12-14 00:48:25;00:00:01;29:52:28;1;0.981144;1;105521;0;0;1;0.981144;1;0.981144;0;0;0;0;1;1;105520;0;0;0;0;0;0;0;0;0;0;0;0;00:00:00:000;00:00:00:000;;0;0;0;0;0;0;0;
2025-12-12 18:55:56;2025-12-14 00:48:25;2025-12-14 00:48:26;00:00:01;29:52:29;1;0.981144;1;105522;0;0;1;0.981144;1;0.981144;0;0;0;0;1;1;105521;0;0;0;0;0;0;0;0;0;0;0;0;00:00:00:000;00:00:00:000;;0;0;0;0;0;0;0;
2025-12-12 18:55:56;2025-12-14 00:48:26;2025-12-14 00:48:27;00:00:01;29:52:30;1;0.981144;1;105523;0;0;1;0.981144;1;0.981144;0;0;0;0;1;1;105522;0;0;0;0;0;0;0;0;0;0;0;0;00:00:00:000;00:00:00:000;;0;0;0;0;0;0;0;
2025-12-12 18:55:56;2025-12-14 00:48:27;2025-12-14 00:48:28;00:00:01;29:52:31;1;0.981144;1;105524;0;0;1;0.981144;1;0.981144;0;0;0;0;1;1;105523;0;0;0;0;0;0;0;0;0;0;0;0;00:00:00:000;00:00:00:000;;0;0;0;0;0;0;0;
2025-12-12 18:55:56;2025-12-14 00:48:28;2025-12-14 00:48:29;00:00:01;29:52:32;1;0.981145;1;105525;0;0;1;0.981145;1;0.981145;0;0;0;0;1;1;105524;0;0;0;0;0;0;0;0;0;0;0;0;00:00:00:000;00:00:00:000;;0;0;0;0;0;0;0;
2025-12-12 18:55:56;2025-12-14 00:48:29;2025-12-14 00:48:30;00:00:01;29:52:33;1;0.981145;1;105526;0;0;1;0.981145;1;0.981145;0;0;0;0;1;1;105525;0;0;0;0;0;0;0;0;0;0;0;0;00:00:00:000;00:00:00:000;;0;0;0;0;0;0;0;
2025-12-12 18:55:56;2025-12-14 00:48:30;2025-12-14 00:48:31;00:00:01;29:52:34;1;0.981145;1;105527;0;0;1;0.981145;1;0.981145;0;0;0;0;1;1;105526;0;0;0;0;0;0;0;0;0;0;0;0;00:00:00:000;00:00:00:000;;0;0;0;0;0;0;0;
2025-12-12 18:55:56;2025-12-14 00:48:31;2025-12-14 00:48:32;00:00:01;29:52:35;1;0.981145;1;105528;0;0;1;0.981145;1;0.981145;0;0;0;0;1;1;105527;0;0;0;0;0;0;0;0;0;0;0;0;00:00:00:000;00:00:00:000;;0;0;0;0;0;0;0;
2025-12-12 18:55:56;2025-12-14 00:48:32;2025-12-14 00:48:33;00:00:01;29:52:36;1;0.981145;1;105529;0;0;1;0.981145;1;0.981145;0;0;0;0;1;1;105528;0;0;0;0;0;0;0;0;0;0;0;0;00:00:00:000;00:00:00:000;;0;0;0;0;0;0;0;
2025-12-12 18:55:56;2025-12-14 00:48:33;2025-12-14 00:48:34;00:00:01;29:52:37;1;0.981146;1;105530;0;0;1;0.981146;1;0.981146;0;0;0;0;1;1;105529;0;0;0;0;0;0;0;0;0;0;0;0;00:00:00:000;00:00:00:000;;0;0;0;0;0;0;0;
2025-12-12 18:55:56;2025-12-14 00:48:34;2025-12-14 00:48:35;00:00:01;29:52:38;1;0.981146;1;105531;0;0;1;0.981146;1;0.981146;0;0;0;0;1;1;105530;0;0;0;0;0;0;0;0;0;0;0;0;00:00:00:000;00:00:00:000;;0;0;0;0;0;0;0;
2025-12-12 18:55:56;2025-12-14 00:48:35;2025-12-14 00:48:36;00:00:01;29:52:39;1;0.981146;1;105532;0;0;1;0.981146;1;0.981146;0;0;0;0;1;1;105531;0;0;0;0;0;0;0;0;0;0;0;0;00:00:00:000;00:00:00:000;;0;0;0;0;0;0;0;
2025-12-12 18:55:56;2025-12-14 00:48:36;2025-12-14 00:48:37;00:00:01;29:52:40;1;0.981146;1;105533;0;0;1;0.981146;1;0.981146;0;0;0;0;1;1;105532;0;0;0;0;0;0;0;0;0;0;0;0;00:00:00:000;00:00:00:000;;0;0;0;0;0;0;0;
2025-12-12 18:55:56;2025-12-14 00:48:37;2025-12-14 00:48:38;00:00:01;29:52:41;1;0.981146;1;105534;0;0;1;0.981146;1;0.981146;0;0;0;0;1;1;105533;0;0;0;0;0;0;0;0;0;0;0;0;00:00:00:000;00:00:00:000;;0;0;0;0;0;0;0;
2025-12-12 18:55:56;2025-12-14 00:48:38;2025-12-14 00:48:39;00:00:01;29:52:42;1;0.981146;1;105535;0;0;1;0.981146;1;0.981146;0;0;0;0;1;1;105534;0;0;0;0;0;0;0;0;0;0;0;0;00:00:00:000;00:00:00:000;;0;0;0;0;0;0;0;
2025-12-12 18:55:56;2025-12-14 00:48:39;2025-12-14 00:48:40;00:00:01;29:52:43;1;0.981147;1;105536;0;0;1;0.981147;1;0.981147;0;0;0;0;1;1;105535;0;0;0;0;0;0;0;0;0;0;0;0;00:00:00:000;00:00:00:000;;0;0;0;0;0;0;0;
2025-12-12 18:55:56;2025-12-14 00:48:40;2025-12-14 00:48:41;00:00:01;29:52:44;1;0.981147;1;105537;0;0;1;0.981147;1;0.981147;0;0;0;0;1;1;105536;0;0;0;0;0;0;0;0;0;0;0;0;00:00:00:000;00:00:00:000;;0;0;0;0;0;0;0;
2025-12-12 18:55:56;2025-12-14 00:48:41;2025-12-14 00:48:42;00:00:01;29:52:45;1;0.981147;1;105538;0;0;1;0.981147;1;0.981147;0;0;0;0;1;1;105537;0;0;0;0;0;0;0;0;0;0;0;0;00:00:00:000;00:00:00:000;;0;0;0;0;0;0;0;
2025-12-12 18:55:56;2025-12-14 00:48:42;2025-12-14 00:48:43;00:00:01;29:52:46;1;0.981147;1;105539;0;0;1;0.981147;1;0.981147;0;0;0;0;1;1;105538;0;0;0;0;0;0;0;0;0;0;0;0;00:00:00:000;00:00:00:000;;0;0;0;0;0;0;0;
2025-12-12 18:55:56;2025-12-14 00:48:43;2025-12-14 00:48:44;00:00:01;29:52:47;1;0.981147;1;105540;0;0;1;0.981147;1;0.981147;0;0;0;0;1;1;105539;0;0;0;0;0;0;0;0;0;0;0;0;00:00:00:000;00:00:00:000;;0;0;0;0;0;0;0;
2025-12-12 18:55:56;2025-12-14 00:48:44;2025-12-14 00:48:45;00:00:01;29:52:48;1;0.981147;1;105541;0;0;1;0.981147;1;0.981147;0;0;0;0;1;1;105540;0;0;0;0;0;0;0;0;0;0;0;0;00:00:00:000;00:00:00:000;;0;0;0;0;0;0;0;
2025-12-12 18:55:56;2025-12-14 00:48:45;2025-12-14 00:48:46;00:00:01;29:52:49;1;0.981148;1;105542;0;0;1;0.981148;1;0.981148;0;0;0;0;1;1;105541;0;0;0;0;0;0;0;0;0;0;0;0;00:00:00:000;00:00:00:000;;0;0;0;0;0;0;0;
2025-12-12 18:55:56;2025-12-14 00:48:46;2025-12-14 00:48:47;00:00:01;29:52:50;1;0.981148;1;105543;0;0;1;0.981148;1;0.981148;0;0;0;0;1;1;105542;0;0;0;0;0;0;0;0;0;0;0;0;00:00:00:000;00:00:00:000;;0;0;0;0;0;0;0;
2025-12-12 18:55:56;2025-12-14 00:48:47;2025-12-14 00:48:48;00:00:01;29:52:51;1;0.981148;1;105544;0;0;1;0.981148;1;0.981148;0;0;0;0;1;1;105543;0;0;0;0;0;0;0;0;0;0;0;0;00:00:00:000;00:00:00:000;;0;0;0;0;0;0;0;
2025-12-12 18:55:56;2025-12-14 00:48:48;2025-12-14 00:48:49;00:00:01;29:52:52;1;0.981148;1;105545;0;0;1;0.981148;1;0.981148;0;0;0;0;1;1;105544;0;0;0;0;0;0;0;0;0;0;0;0;00:00:00:000;00:00:00:000;;0;0;0;0;0;0;0;
2025-12-12 18:55:56;2025-12-14 00:48:49;2025-12-14 00:48:50;00:00:01;29:52:53;1;0.981148;1;105546;0;0;1;0.981148;1;0.981148;0;0;0;0;1;1;105545;0;0;0;0;0;0;0;0;0;0;0;0;00:00:00:000;00:00:00:000;;0;0;0;0;0;0;0;
2025-12-12 18:55:56;2025-12-14 00:48:50;2025-12-14 00:48:51;00:00:01;29:52:54;1;0.981148;1;105547;0;0;1;0.981148;1;0.981148;0;0;0;0;1;1;105546;0;0;0;0;0;0;0;0;0;0;0;0;00:00:00:000;00:00:00:000;;0;0;0;0;0;0;0;
2025-12-12 18:55:56;2025-12-14 00:48:51;2025-12-14 00:48:52;00:00:01;29:52:55;1;0.981149;1;105548;0;0;1;0.981149;1;0.981149;0;0;0;0;1;1;105547;0;0;0;0;0;0;0;0;0;0;0;0;00:00:00:000;00:00:00:000;;0;0;0;0;0;0;0;
2025-12-12 18:55:56;2025-12-14 00:48:52;2025-12-14 00:48:53;00:00:01;29:52:56;1;0.981149;1;105549;0;0;1;0.981149;1;0.981149;0;0;0;0;1;1;105548;0;0;0;0;0;0;0;0;0;0;0;0;00:00:00:000;00:00:00:000;;0;0;0;0;0;0;0;
2025-12-12 18:55:56;2025-12-14 00:48:53;2025-12-14 00:48:54;00:00:01;29:52:57;1;0.981149;1;105550;0;0;1;0.981149;1;0.981149;0;0;0;0;1;1;105549;0;0;0;0;0;0;0;0;0;0;0;0;00:00:00:000;00:00:00:000;;0;0;0;0;0;0;0;
2025-12-12 18:55:56;2025-12-14 00:48:54;2025-12-14 00:48:55;00:00:01;29:52:58;1;0.981149;1;105551;0;0;1;0.981149;1;0.981149;0;0;0;0;1;1;105550;0;0;0;0;0;0;0;0;0;0;0;0;00:00:00:000;00:00:00:000;;0;0;0;0;0;0;0;
2025-12-12 18:55:56;2025-12-14 00:48:55;2025-12-14 00:48:56;00:00:01;29:52:59;1;0.981149;1;105552;0;0;1;0.981149;1;0.981149;0;0;0;0;1;1;105551;0;0;0;0;0;0;0;0;0;0;0;0;00:00:00:000;00:00:00:000;;0;0;0;0;0;0;0;
2025-12-12 18:55:56;2025-12-14 00:48:56;2025-12-14 00:48:57;00:00:01;29:53:00;1;0.98115;1;105553;0;0;1;0.98115;1;0.98115;0;0;0;0;1;1;105552;0;0;0;0;0;0;0;0;0;0;0;0;00:00:00:000;00:00:00:000;;0;0;0;0;0;0;0;
2025-12-12 18:55:56;2025-12-14 00:48:57;2025-12-14 00:48:58;00:00:01;29:53:01;1;0.98115;1;105554;0;0;1;0.98115;1;0.98115;0;0;0;0;1;1;105553;0;0;0;0;0;0;0;0;0;0;0;0;00:00:00:000;00:00:00:000;;0;0;0;0;0;0;0;
2025-12-12 18:55:56;2025-12-14 00:48:58;2025-12-14 00:48:59;00:00:01;29:53:02;1;0.98115;1;105555;0;0;1;0.98115;1;0.98115;0;0;0;0;1;1;105554;0;0;0;0;0;0;0;0;0;0;0;0;00:00:00:000;00:00:00:000;;0;0;0;0;0;0;0;
2025-12-12 18:55:56;2025-12-14 00:48:59;2025-12-14 00:49:00;00:00:01;29:53:03;1;0.98115;1;105556;0;0;1;0.98115;1;0.98115;0;0;0;0;1;1;105555;0;0;0;0;0;0;0;0;0;0;0;0;00:00:00:000;00:00:00:000;;0;0;0;0;0;0;0;
2025-12-12 18:55:56;2025-12-14 00:49:00;2025-12-14 00:49:01;00:00:01;29:53:04;1;0.98115;1;105557;0;0;1;0.98115;1;0.98115;0;0;0;0;1;1;105556;0;0;0;0;0;0;0;0;0;0;0;0;00:00:00:000;00:00:00:000;;0;0;0;0;0;0;0;
2025-12-12 18:55:56;2025-12-14 00:49:01;2025-12-14 00:49:02;00:00:01;29:53:05;1;0.98115;1;105558;0;0;1;0.98115;1;0.98115;0;0;0;0;1;1;105557;0;0;0;0;0;0;0;0;0;0;0;0;00:00:00:000;00:00:00:000;;0;0;0;0;0;0;0;
2025-12-12 18:55:56;2025-12-14 00:49:02;2025-12-14 00:49:03;00:00:01;29:53:06;1;0.981151;1;105559;0;0;1;0.981151;1;0.981151;0;0;0;0;1;1;105558;0;0;0;0;0;0;0;0;0;0;0;0;00:00:00:000;00:00:00:000;;0;0;0;0;0;0;0;
2025-12-12 18:55:56;2025-12-14 00:49:03;2025-12-14 00:49:04;00:00:01;29:53:07;1;0.981151;1;105560;0;0;1;0.981151;1;0.981151;0;0;0;0;1;1;105559;0;0;0;0;0;0;0;0;0;0;0;0;00:00:00:000;00:00:00:000;;0;0;0;0;0;0;0;
2025-12-12 18:55:56;2025-12-14 00:49:04;2025-12-14 00:49:05;00:00:01;29:53:08;1;0.981151;1;105561;0;0;1;0.981151;1;0.981151;0;0;0;0;1;1;105560;0;0;0;0;0;0;0;0;0;0;0;0;00:00:00:000;00:00:00:000;;0;0;0;0;0;0;0;
2025-12-12 18:55:56;2025-12-14 00:49:05;2025-12-14 00:49:06;00:00:01;29:53:09;1;0.981151;1;105562;0;0;1;0.981151;1;0.981151;0;0;0;0;1;1;105561;0;0;0;0;0;0;0;0;0;0;0;0;00:00:00:000;00:00:00:000;;0;0;0;0;0;0;0;
2025-12-12 18:55:56;2025-12-14 00:49:06;2025-12-14 00:49:07;00:00:01;29:53:10;1;0.981151;1;105563;0;0;1;0.981151;1;0.981151;0;0;0;0;1;1;105562;0;0;0;0;0;0;0;0;0;0;0;0;00:00:00:000;00:00:00:000;;0;0;0;0;0;0;0;
2025-12-12 18:55:56;2025-12-14 00:49:07;2025-12-14 00:49:08;00:00:01;29:53:11;1;0.981151;1;105564;0;0;1;0.981151;1;0.981151;0;0;0;0;1;1;105563;0;0;0;0;0;0;0;0;0;0;0;0;00:00:00:000;00:00:00:000;;0;0;0;0;0;0;0;
2025-12-12 18:55:56;2025-12-14 00:49:08;2025-12-14 00:49:09;00:00:01;29:53:12;1;0.981152;1;105565;0;0;1;0.981152;1;0.981152;0;0;0;0;1;1;105564;0;0;0;0;0;0;0;0;0;0;0;0;00:00:00:000;00:00:00:000;;0;0;0;0;0;0;0;
2025-12-12 18:55:56;2025-12-14 00:49:09;2025-12-14 00:49:10;00:00:01;29:53:13;1;0.981152;1;105566;0;0;1;0.981152;1;0.981152;0;0;0;0;1;1;105565;0;0;0;0;0;0;0;0;0;0;0;0;00:00:00:000;00:00:00:000;;0;0;0;0;0;0;0;
2025-12-12 18:55:56;2025-12-14 00:49:10;2025-12-14 00:49:11;00:00:01;29:53:14;1;0.981152;1;105567;0;0;1;0.981152;1;0.981152;0;0;0;0;1;1;105566;0;0;0;0;0;0;0;0;0;0;0;0;00:00:00:000;00:00:00:000;;0;0;0;0;0;0;0;
2025-12-12 18:55:56;2025-12-14 00:49:11;2025-12-14 00:49:12;00:00:01;29:53:15;1;0.981152;1;105568;0;0;1;0.981152;1;0.981152;0;0;0;0;1;1;105567;0;0;0;0;0;0;0;0;0;0;0;0;00:00:00:000;00:00:00:000;;0;0;0;0;0;0;0;
2025-12-12 18:55:56;2025-12-14 00:49:12;2025-12-14 00:49:13;00:00:01;29:53:16;1;0.981152;1;105569;0;0;1;0.981152;1;0.981152;0;0;0;0;1;1;105568;0;0;0;0;0;0;0;0;0;0;0;0;00:00:00:000;00:00:00:000;;0;0;0;0;0;0;0;
2025-12-12 18:55:56;2025-12-14 00:49:13;2025-12-14 00:49:14;00:00:01;29:53:17;1;0.981152;1;105570;0;0;1;0.981152;1;0.981152;0;0;0;0;1;1;105569;0;0;0;0;0;0;0;0;0;0;0;0;00:00:00:000;00:00:00:000;;0;0;0;0;0;0;0;
2025-12-12 18:55:56;2025-12-14 00:49:14;2025-12-14 00:49:15;00:00:01;29:53:18;1;0.981153;1;105571;0;0;1;0.981153;1;0.981153;0;0;0;0;1;1;105570;0;0;0;0;0;0;0;0;0;0;0;0;00:00:00:000;00:00:00:000;;0;0;0;0;0;0;0;
2025-12-12 18:55:56;2025-12-14 00:49:15;2025-12-14 00:49:16;00:00:01;29:53:19;1;0.981153;1;105572;0;0;1;0.981153;1;0.981153;0;0;0;0;1;1;105571;0;0;0;0;0;0;0;0;0;0;0;0;00:00:00:000;00:00:00:000;;0;0;0;0;0;0;0;
2025-12-12 18:55:56;2025-12-14 00:49:16;2025-12-14 00:49:17;00:00:01;29:53:20;1;0.981153;1;105573;0;0;1;0.981153;1;0.981153;0;0;0;0;1;1;105572;0;0;0;0;0;0;0;0;0;0;0;0;00:00:00:000;00:00:00:000;;0;0;0;0;0;0;0;
2025-12-12 18:55:56;2025-12-14 00:49:17;2025-12-14 00:49:18;00:00:01;29:53:21;1;0.981153;1;105574;0;0;1;0.981153;1;0.981153;0;0;0;0;1;1;105573;0;0;0;0;0;0;0;0;0;0;0;0;00:00:00:000;00:00:00:000;;0;0;0;0;0;0;0;
2025-12-12 18:55:56;2025-12-14 00:49:18;2025-12-14 00:49:19;00:00:01;29:53:22;1;0.981153;1;105575;0;0;1;0.981153;1;0.981153;0;0;0;0;1;1;105574;0;0;0;0;0;0;0;0;0;0;0;0;00:00:00:000;00:00:00:000;;0;0;0;0;0;0;0;
2025-12-12 18:55:56;2025-12-14 00:49:19;2025-12-14 00:49:20;00:00:01;29:53:23;1;0.981153;1;105576;0;0;1;0.981153;1;0.981153;0;0;0;0;1;1;105575;0;0;0;0;0;0;0;0;0;0;0;0;00:00:00:000;00:00:00:000;;0;0;0;0;0;0;0;
2025-12-12 18:55:56;2025-12-14 00:49:20;2025-12-14 00:49:21;00:00:01;29:53:24;1;0.981154;1;105577;0;0;1;0.981154;1;0.981154;0;0;0;0;1;1;105576;0;0;0;0;0;0;0;0;0;0;0;0;00:00:00:000;00:00:00:000;;0;0;0;0;0;0;0;
2025-12-12 18:55:56;2025-12-14 00:49:21;2025-12-14 00:49:22;00:00:01;29:53:25;1;0.981154;1;105578;0;0;1;0.981154;1;0.981154;0;0;0;0;1;1;105577;0;0;0;0;0;0;0;0;0;0;0;0;00:00:00:000;00:00:00:000;;0;0;0;0;0;0;0;
2025-12-12 18:55:56;2025-12-14 00:49:22;2025-12-14 00:49:23;00:00:01;29:53:26;1;0.981154;1;105579;0;0;1;0.981154;1;0.981154;0;0;0;0;1;1;105578;0;0;0;0;0;0;0;0;0;0;0;0;00:00:00:000;00:00:00:000;;0;0;0;0;0;0;0;
2025-12-12 18:55:56;2025-12-14 00:49:23;2025-12-14 00:49:24;00:00:01;29:53:27;1;0.981154;1;105580;0;0;1;0.981154;1;0.981154;0;0;0;0;1;1;105579;0;0;0;0;0;0;0;0;0;0;0;0;00:00:00:000;00:00:00:000;;0;0;0;0;0;0;0;
2025-12-12 18:55:56;2025-12-14 00:49:24;2025-12-14 00:49:25;00:00:01;29:53:28;1;0.981154;1;105581;0;0;1;0.981154;1;0.981154;0;0;0;0;1;1;105580;0;0;0;0;0;0;0;0;0;0;0;0;00:00:00:000;00:00:00:000;;0;0;0;0;0;0;0;
2025-12-12 18:55:56;2025-12-14 00:49:25;2025-12-14 00:49:26;00:00:01;29:53:29;1;0.981154;1;105582;0;0;1;0.981154;1;0.981154;0;0;0;0;1;1;105581;0;0;0;0;0;0;0;0;0;0;0;0;00:00:00:000;00:00:00:000;;0;0;0;0;0;0;0;
2025-12-12 18:55:56;2025-12-14 00:49:26;2025-12-14 00:49:27;00:00:01;29:53:30;1;0.981155;1;105583;0;0;1;0.981155;1;0.981155;0;0;0;0;1;1;105582;0;0;0;0;0;0;0;0;0;0;0;0;00:00:00:000;00:00:00:000;;0;0;0;0;0;0;0;
2025-12-12 18:55:56;2025-12-14 00:49:27;2025-12-14 00:49:28;00:00:01;29:53:31;1;0.981155;1;105584;0;0;1;0.981155;1;0.981155;0;0;0;0;1;1;105583;0;0;0;0;0;0;0;0;0;0;0;0;00:00:00:000;00:00:00:000;;0;0;0;0;0;0;0;
2025-12-12 18:55:56;2025-12-14 00:49:28;2025-12-14 00:49:29;00:00:01;29:53:32;1;0.981155;1;105585;0;0;1;0.981155;1;0.981155;0;0;0;0;1;1;105584;0;0;0;0;0;0;0;0;0;0;0;0;00:00:00:000;00:00:00:000;;0;0;0;0;0;0;0;
2025-12-12 18:55:56;2025-12-14 00:49:29;2025-12-14 00:49:30;00:00:01;29:53:33;1;0.981155;1;105586;0;0;1;0.981155;1;0.981155;0;0;0;0;1;1;105585;0;0;0;0;0;0;0;0;0;0;0;0;00:00:00:000;00:00:00:000;;0;0;0;0;0;0;0;
2025-12-12 18:55:56;2025-12-14 00:49:30;2025-12-14 00:49:31;00:00:01;29:53:34;1;0.981155;1;105587;0;0;1;0.981155;1;0.981155;0;0;0;0;1;1;105586;0;0;0;0;0;0;0;0;0;0;0;0;00:00:00:000;00:00:00:000;;0;0;0;0;0;0;0;
2025-12-12 18:55:56;2025-12-14 00:49:31;2025-12-14 00:49:32;00:00:01;29:53:35;1;0.981156;1;105588;0;0;1;0.981156;1;0.981156;0;0;0;0;1;1;105587;0;0;0;0;0;0;0;0;0;0;0;0;00:00:00:000;00:00:00:000;;0;0;0;0;0;0;0;
2025-12-12 18:55:56;2025-12-14 00:49:32;2025-12-14 00:49:33;00:00:01;29:53:36;1;0.981156;1;105589;0;0;1;0.981156;1;0.981156;0;0;0;0;1;1;105588;0;0;0;0;0;0;0;0;0;0;0;0;00:00:00:000;00:00:00:000;;0;0;0;0;0;0;0;
2025-12-12 18:55:56;2025-12-14 00:49:33;2025-12-14 00:49:34;00:00:01;29:53:37;1;0.981156;1;105590;0;0;1;0.981156;1;0.981156;0;0;0;0;1;1;105589;0;0;0;0;0;0;0;0;0;0;0;0;00:00:00:000;00:00:00:000;;0;0;0;0;0;0;0;
2025-12-12 18:55:56;2025-12-14 00:49:34;2025-12-14 00:49:35;00:00:01;29:53:38;1;0.981156;1;105591;0;0;1;0.981156;1;0.981156;0;0;0;0;1;1;105590;0;0;0;0;0;0;0;0;0;0;0;0;00:00:00:000;00:00:00:000;;0;0;0;0;0;0;0;
2025-12-12 18:55:56;2025-12-14 00:49:35;2025-12-14 00:49:36;00:00:01;29:53:39;1;0.981156;1;105592;0;0;1;0.981156;1;0.981156;0;0;0;0;1;1;105591;0;0;0;0;0;0;0;0;0;0;0;0;00:00:00:000;00:00:00:000;;0;0;0;0;0;0;0;
2025-12-12 18:55:56;2025-12-14 00:49:36;2025-12-14 00:49:37;00:00:01;29:53:40;1;0.981156;1;105593;0;0;1;0.981156;1;0.981156;0;0;0;0;1;1;105592;0;0;0;0;0;0;0;0;0;0;0;0;00:00:00:000;00:00:00:000;;0;0;0;0;0;0;0;
2025-12-12 18:55:56;2025-12-14 00:49:37;2025-12-14 00:49:38;00:00:01;29:53:41;1;0.981157;1;105594;0;0;1;0.981157;1;0.981157;0;0;0;0;1;1;105593;0;0;0;0;0;0;0;0;0;0;0;0;00:00:00:000;00:00:00:000;;0;0;0;0;0;0;0;
2025-12-12 18:55:56;2025-12-14 00:49:38;2025-12-14 00:49:39;00:00:01;29:53:42;1;0.981157;1;105595;0;0;1;0.981157;1;0.981157;0;0;0;0;1;1;105594;0;0;0;0;0;0;0;0;0;0;0;0;00:00:00:000;00:00:00:000;;0;0;0;0;0;0;0;
2025-12-12 18:55:56;2025-12-14 00:49:39;2025-12-14 00:49:40;00:00:01;29:53:43;1;0.981157;1;105596;0;0;1;0.981157;1;0.981157;0;0;0;0;1;1;105595;0;0;0;0;0;0;0;0;0;0;0;0;00:00:00:000;00:00:00:000;;0;0;0;0;0;0;0;
2025-12-12 18:55:56;2025-12-14 00:49:40;2025-12-14 00:49:41;00:00:01;29:53:44;1;0.981157;1;105597;0;0;1;0.981157;1;0.981157;0;0;0;0;1;1;105596;0;0;0;0;0;0;0;0;0;0;0;0;00:00:00:000;00:00:00:000;;0;0;0;0;0;0;0;
2025-12-12 18:55:56;2025-12-14 00:49:41;2025-12-14 00:49:42;00:00:01;29:53:45;1;0.981157;1;105598;0;0;1;0.981157;1;0.981157;0;0;0;0;1;1;105597;0;0;0;0;0;0;0;0;0;0;0;0;00:00:00:000;00:00:00:000;;0;0;0;0;0;0;0;
2025-12-12 18:55:56;2025-12-14 00:49:42;2025-12-14 00:49:43;00:00:01;29:53:46;1;0.981157;1;105599;0;0;1;0.981157;1;0.981157;0;0;0;0;1;1;105598;0;0;0;0;0;0;0;0;0;0;0;0;00:00:00:000;00:00:00:000;;0;0;0;0;0;0;0;
2025-12-12 18:55:56;2025-12-14 00:49:43;2025-12-14 00:49:44;00:00:01;29:53:47;1;0.981158;1;105600;0;0;1;0.981158;1;0.981158;0;0;0;0;1;1;105599;0;0;0;0;0;0;0;0;0;0;0;0;00:00:00:000;00:00:00:000;;0;0;0;0;0;0;0;
2025-12-12 18:55:56;2025-12-14 00:49:44;2025-12-14 00:49:45;00:00:01;29:53:48;1;0.981158;1;105601;0;0;1;0.981158;1;0.981158;0;0;0;0;1;1;105600;0;0;0;0;0;0;0;0;0;0;0;0;00:00:00:000;00:00:00:000;;0;0;0;0;0;0;0;
2025-12-12 18:55:56;2025-12-14 00:49:45;2025-12-14 00:49:46;00:00:01;29:53:49;1;0.981158;1;105602;0;0;1;0.981158;1;0.981158;0;0;0;0;1;1;105601;0;0;0;0;0;0;0;0;0;0;0;0;00:00:00:000;00:00:00:000;;0;0;0;0;0;0;0;
2025-12-12 18:55:56;2025-12-14 00:49:46;2025-12-14 00:49:47;00:00:01;29:53:50;1;0.981158;1;105603;0;0;1;0.981158;1;0.981158;0;0;0;0;1;1;105602;0;0;0;0;0;0;0;0;0;0;0;0;00:00:00:000;00:00:00:000;;0;0;0;0;0;0;0;
2025-12-12 18:55:56;2025-12-14 00:49:47;2025-12-14 00:49:48;00:00:01;29:53:51;1;0.981158;1;105604;0;0;1;0.981158;1;0.981158;0;0;0;0;1;1;105603;0;0;0;0;0;0;0;0;0;0;0;0;00:00:00:000;00:00:00:000;;0;0;0;0;0;0;0;
2025-12-12 18:55:56;2025-12-14 00:49:48;2025-12-14 00:49:49;00:00:01;29:53:52;1;0.981158;1;105605;0;0;1;0.981158;1;0.981158;0;0;0;0;1;1;105604;0;0;0;0;0;0;0;0;0;0;0;0;00:00:00:000;00:00:00:000;;0;0;0;0;0;0;0;
2025-12-12 18:55:56;2025-12-14 00:49:49;2025-12-14 00:49:50;00:00:01;29:53:53;1;0.981159;1;105606;0;0;1;0.981159;1;0.981159;0;0;0;0;1;1;105605;0;0;0;0;0;0;0;0;0;0;0;0;00:00:00:000;00:00:00:000;;0;0;0;0;0;0;0;
2025-12-12 18:55:56;2025-12-14 00:49:50;2025-12-14 00:49:51;00:00:01;29:53:54;1;0.981159;1;105607;0;0;1;0.981159;1;0.981159;0;0;0;0;1;1;105606;0;0;0;0;0;0;0;0;0;0;0;0;00:00:00:000;00:00:00:000;;0;0;0;0;0;0;0;
2025-12-12 18:55:56;2025-12-14 00:49:51;2025-12-14 00:49:52;00:00:01;29:53:55;1;0.981159;1;105608;0;0;1;0.981159;1;0.981159;0;0;0;0;1;1;105607;0;0;0;0;0;0;0;0;0;0;0;0;00:00:00:000;00:00:00:000;;0;0;0;0;0;0;0;
2025-12-12 18:55:56;2025-12-14 00:49:52;2025-12-14 00:49:53;00:00:01;29:53:56;1;0.981159;1;105609;0;0;1;0.981159;1;0.981159;0;0;0;0;1;1;105608;0;0;0;0;0;0;0;0;0;0;0;0;00:00:00:000;00:00:00:000;;0;0;0;0;0;0;0;
2025-12-12 18:55:56;2025-12-14 00:49:53;2025-12-14 00:49:54;00:00:01;29:53:57;1;0.981159;1;105610;0;0;1;0.981159;1;0.981159;0;0;0;0;1;1;105609;0;0;0;0;0;0;0;0;0;0;0;0;00:00:00:000;00:00:00:000;;0;0;0;0;0;0;0;
2025-12-12 18:55:56;2025-12-14 00:49:54;2025-12-14 00:49:55;00:00:01;29:53:58;1;0.981159;1;105611;0;0;1;0.981159;1;0.981159;0;0;0;0;1;1;105610;0;0;0;0;0;0;0;0;0;0;0;0;00:00:00:000;00:00:00:000;;0;0;0;0;0;0;0;
2025-12-12 18:55:56;2025-12-14 00:49:55;2025-12-14 00:49:56;00:00:01;29:53:59;1;0.98116;1;105612;0;0;1;0.98116;1;0.98116;0;0;0;0;1;1;105611;0;0;0;0;0;0;0;0;0;0;0;0;00:00:00:000;00:00:00:000;;0;0;0;0;0;0;0;
2025-12-12 18:55:56;2025-12-14 00:49:56;2025-12-14 00:49:57;00:00:01;29:54:00;1;0.98116;1;105613;0;0;1;0.98116;1;0.98116;0;0;0;0;1;1;105612;0;0;0;0;0;0;0;0;0;0;0;0;00:00:00:000;00:00:00:000;;0;0;0;0;0;0;0;
2025-12-12 18:55:56;2025-12-14 00:49:57;2025-12-14 00:49:58;00:00:01;29:54:01;1;0.98116;1;105614;0;0;1;0.98116;1;0.98116;0;0;0;0;1;1;105613;0;0;0;0;0;0;0;0;0;0;0;0;00:00:00:000;00:00:00:000;;0;0;0;0;0;0;0;
2025-12-12 18:55:56;2025-12-14 00:49:58;2025-12-14 00:49:59;00:00:01;29:54:02;1;0.98116;1;105615;0;0;1;0.98116;1;0.98116;0;0;0;0;1;1;105614;0;0;0;0;0;0;0;0;0;0;0;0;00:00:00:000;00:00:00:000;;0;0;0;0;0;0;0;
2025-12-12 18:55:56;2025-12-14 00:49:59;2025-12-14 00:50:00;00:00:01;29:54:03;1;0.98116;1;105616;0;0;1;0.98116;1;0.98116;0;0;0;0;1;1;105615;0;0;0;0;0;0;0;0;0;0;0;0;00:00:00:000;00:00:00:000;;0;0;0;0;0;0;0;
2025-12-12 18:55:56;2025-12-14 00:50:00;2025-12-14 00:50:01;00:00:01;29:54:04;1;0.981161;1;105617;0;0;1;0.981161;1;0.981161;0;0;0;0;1;1;105616;0;0;0;0;0;0;0;0;0;0;0;0;00:00:00:000;00:00:00:000;;0;0;0;0;0;0;0;
2025-12-12 18:55:56;2025-12-14 00:50:01;2025-12-14 00:50:02;00:00:01;29:54:05;1;0.981161;1;105618;0;0;1;0.981161;1;0.981161;0;0;0;0;1;1;105617;0;0;0;0;0;0;0;0;0;0;0;0;00:00:00:000;00:00:00:000;;0;0;0;0;0;0;0;
2025-12-12 18:55:56;2025-12-14 00:50:02;2025-12-14 00:50:03;00:00:01;29:54:06;1;0.981161;1;105619;0;0;1;0.981161;1;0.981161;0;0;0;0;1;1;105618;0;0;0;0;0;0;0;0;0;0;0;0;00:00:00:000;00:00:00:000;;0;0;0;0;0;0;0;
2025-12-12 18:55:56;2025-12-14 00:50:03;2025-12-14 00:50:04;00:00:01;29:54:07;1;0.981161;1;105620;0;0;1;0.981161;1;0.981161;0;0;0;0;1;1;105619;0;0;0;0;0;0;0;0;0;0;0;0;00:00:00:000;00:00:00:000;;0;0;0;0;0;0;0;
2025-12-12 18:55:56;2025-12-14 00:50:04;2025-12-14 00:50:05;00:00:01;29:54:08;1;0.981161;1;105621;0;0;1;0.981161;1;0.981161;0;0;0;0;1;1;105620;0;0;0;0;0;0;0;0;0;0;0;0;00:00:00:000;00:00:00:000;;0;0;0;0;0;0;0;
2025-12-12 18:55:56;2025-12-14 00:50:05;2025-12-14 00:50:06;00:00:01;29:54:09;1;0.981161;1;105622;0;0;1;0.981161;1;0.981161;0;0;0;0;1;1;105621;0;0;0;0;0;0;0;0;0;0;0;0;00:00:00:000;00:00:00:000;;0;0;0;0;0;0;0;
2025-12-12 18:55:56;2025-12-14 00:50:06;2025-12-14 00:50:07;00:00:01;29:54:10;1;0.981162;1;105623;0;0;1;0.981162;1;0.981162;0;0;0;0;1;1;105622;0;0;0;0;0;0;0;0;0;0;0;0;00:00:00:000;00:00:00:000;;0;0;0;0;0;0;0;
2025-12-12 18:55:56;2025-12-14 00:50:07;2025-12-14 00:50:08;00:00:01;29:54:11;1;0.981162;1;105624;0;0;1;0.981162;1;0.981162;0;0;0;0;1;1;105623;0;0;0;0;0;0;0;0;0;0;0;0;00:00:00:000;00:00:00:000;;0;0;0;0;0;0;0;
2025-12-12 18:55:56;2025-12-14 00:50:08;2025-12-14 00:50:09;00:00:01;29:54:12;1;0.981162;1;105625;0;0;1;0.981162;1;0.981162;0;0;0;0;1;1;105624;0;0;0;0;0;0;0;0;0;0;0;0;00:00:00:000;00:00:00:000;;0;0;0;0;0;0;0;
2025-12-12 18:55:56;2025-12-14 00:50:09;2025-12-14 00:50:10;00:00:01;29:54:13;1;0.981162;1;105626;0;0;1;0.981162;1;0.981162;0;0;0;0;1;1;105625;0;0;0;0;0;0;0;0;0;0;0;0;00:00:00:000;00:00:00:000;;0;0;0;0;0;0;0;
2025-12-12 18:55:56;2025-12-14 00:50:10;2025-12-14 00:50:11;00:00:01;29:54:14;1;0.981162;1;105627;0;0;1;0.981162;1;0.981162;0;0;0;0;1;1;105626;0;0;0;0;0;0;0;0;0;0;0;0;00:00:00:000;00:00:00:000;;0;0;0;0;0;0;0;
2025-12-12 18:55:56;2025-12-14 00:50:11;2025-12-14 00:50:12;00:00:01;29:54:15;1;0.981162;1;105628;0;0;1;0.981162;1;0.981162;0;0;0;0;1;1;105627;0;0;0;0;0;0;0;0;0;0;0;0;00:00:00:000;00:00:00:000;;0;0;0;0;0;0;0;
2025-12-12 18:55:56;2025-12-14 00:50:12;2025-12-14 00:50:13;00:00:01;29:54:16;1;0.981163;1;105629;0;0;1;0.981163;1;0.981163;0;0;0;0;1;1;105628;0;0;0;0;0;0;0;0;0;0;0;0;00:00:00:000;00:00:00:000;;0;0;0;0;0;0;0;
2025-12-12 18:55:56;2025-12-14 00:50:13;2025-12-14 00:50:14;00:00:01;29:54:17;1;0.981163;1;105630;0;0;1;0.981163;1;0.981163;0;0;0;0;1;1;105629;0;0;0;0;0;0;0;0;0;0;0;0;00:00:00:000;00:00:00:000;;0;0;0;0;0;0;0;
2025-12-12 18:55:56;2025-12-14 00:50:14;2025-12-14 00:50:15;00:00:01;29:54:18;1;0.981163;1;105631;0;0;1;0.981163;1;0.981163;0;0;0;0;1;1;105630;0;0;0;0;0;0;0;0;0;0;0;0;00:00:00:000;00:00:00:000;;0;0;0;0;0;0;0;
2025-12-12 18:55:56;2025-12-14 00:50:15;2025-12-14 00:50:16;00:00:01;29:54:19;1;0.981163;1;105632;0;0;1;0.981163;1;0.981163;0;0;0;0;1;1;105631;0;0;0;0;0;0;0;0;0;0;0;0;00:00:00:000;00:00:00:000;;0;0;0;0;0;0;0;
2025-12-12 18:55:56;2025-12-14 00:50:16;2025-12-14 00:50:17;00:00:01;29:54:20;1;0.981163;1;105633;0;0;1;0.981163;1;0.981163;0;0;0;0;1;1;105632;0;0;0;0;0;0;0;0;0;0;0;0;00:00:00:000;00:00:00:000;;0;0;0;0;0;0;0;
2025-12-12 18:55:56;2025-12-14 00:50:17;2025-12-14 00:50:18;00:00:01;29:54:21;1;0.981163;1;105634;0;0;1;0.981163;1;0.981163;0;0;0;0;1;1;105633;0;0;0;0;0;0;0;0;0;0;0;0;00:00:00:000;00:00:00:000;;0;0;0;0;0;0;0;
2025-12-12 18:55:56;2025-12-14 00:50:18;2025-12-14 00:50:19;00:00:01;29:54:22;1;0.981164;1;105635;0;0;1;0.981164;1;0.981164;0;0;0;0;1;1;105634;0;0;0;0;0;0;0;0;0;0;0;0;00:00:00:000;00:00:00:000;;0;0;0;0;0;0;0;
2025-12-12 18:55:56;2025-12-14 00:50:19;2025-12-14 00:50:20;00:00:01;29:54:23;1;0.981164;1;105636;0;0;1;0.981164;1;0.981164;0;0;0;0;1;1;105635;0;0;0;0;0;0;0;0;0;0;0;0;00:00:00:000;00:00:00:000;;0;0;0;0;0;0;0;
2025-12-12 18:55:56;2025-12-14 00:50:20;2025-12-14 00:50:21;00:00:01;29:54:24;1;0.981164;1;105637;0;0;1;0.981164;1;0.981164;0;0;0;0;1;1;105636;0;0;0;0;0;0;0;0;0;0;0;0;00:00:00:000;00:00:00:000;;0;0;0;0;0;0;0;
2025-12-12 18:55:56;2025-12-14 00:50:21;2025-12-14 00:50:22;00:00:01;29:54:25;1;0.981164;1;105638;0;0;1;0.981164;1;0.981164;0;0;0;0;1;1;105637;0;0;0;0;0;0;0;0;0;0;0;0;00:00:00:000;00:00:00:000;;0;0;0;0;0;0;0;
2025-12-12 18:55:56;2025-12-14 00:50:22;2025-12-14 00:50:23;00:00:01;29:54:26;1;0.981164;1;105639;0;0;1;0.981164;1;0.981164;0;0;0;0;1;1;105638;0;0;0;0;0;0;0;0;0;0;0;0;00:00:00:000;00:00:00:000;;0;0;0;0;0;0;0;
2025-12-12 18:55:56;2025-12-14 00:50:23;2025-12-14 00:50:24;00:00:01;29:54:27;1;0.981164;1;105640;0;0;1;0.981164;1;0.981164;0;0;0;0;1;1;105639;0;0;0;0;0;0;0;0;0;0;0;0;00:00:00:000;00:00:00:000;;0;0;0;0;0;0;0;
2025-12-12 18:55:56;2025-12-14 00:50:24;2025-12-14 00:50:25;00:00:01;29:54:28;1;0.981165;1;105641;0;0;1;0.981165;1;0.981165;0;0;0;0;1;1;105640;0;0;0;0;0;0;0;0;0;0;0;0;00:00:00:000;00:00:00:000;;0;0;0;0;0;0;0;
2025-12-12 18:55:56;2025-12-14 00:50:25;2025-12-14 00:50:26;00:00:01;29:54:29;1;0.981165;1;105642;0;0;1;0.981165;1;0.981165;0;0;0;0;1;1;105641;0;0;0;0;0;0;0;0;0;0;0;0;00:00:00:000;00:00:00:000;;0;0;0;0;0;0;0;
2025-12-12 18:55:56;2025-12-14 00:50:26;2025-12-14 00:50:27;00:00:01;29:54:30;1;0.981165;1;105643;0;0;1;0.981165;1;0.981165;0;0;0;0;1;1;105642;0;0;0;0;0;0;0;0;0;0;0;0;00:00:00:000;00:00:00:000;;0;0;0;0;0;0;0;
2025-12-12 18:55:56;2025-12-14 00:50:27;2025-12-14 00:50:28;00:00:01;29:54:31;1;0.981165;1;105644;0;0;1;0.981165;1;0.981165;0;0;0;0;1;1;105643;0;0;0;0;0;0;0;0;0;0;0;0;00:00:00:000;00:00:00:000;;0;0;0;0;0;0;0;
2025-12-12 18:55:56;2025-12-14 00:50:28;2025-12-14 00:50:29;00:00:01;29:54:32;1;0.981165;1;105645;0;0;1;0.981165;1;0.981165;0;0;0;0;1;1;105644;0;0;0;0;0;0;0;0;0;0;0;0;00:00:00:000;00:00:00:000;;0;0;0;0;0;0;0;
2025-12-12 18:55:56;2025-12-14 00:50:29;2025-12-14 00:50:30;00:00:01;29:54:33;1;0.981165;1;105646;0;0;1;0.981165;1;0.981165;0;0;0;0;1;1;105645;0;0;0;0;0;0;0;0;0;0;0;0;00:00:00:000;00:00:00:000;;0;0;0;0;0;0;0;
2025-12-12 18:55:56;2025-12-14 00:50:30;2025-12-14 00:50:31;00:00:01;29:54:34;0.999001;0.981166;1;105647;0;0;0.999001;0.981166;0.999001;0.981166;0;0;0;0;1;1;105646;0;0;0;0;0;0;0;0;0;0;0;0;00:00:00:000;00:00:00:000;;0;0;0;0;0;0;0;
2025-12-12 18:55:56;2025-12-14 00:50:31;2025-12-14 00:50:32;00:00:01;29:54:35;1;0.981166;1;105648;0;0;1;0.981166;1;0.981166;0;0;0;0;1;1;105647;0;0;0;0;0;0;0;0;0;0;0;0;00:00:00:000;00:00:00:000;;0;0;0;0;0;0;0;
2025-12-12 18:55:56;2025-12-14 00:50:32;2025-12-14 00:50:33;00:00:01;29:54:36;1;0.981166;1;105649;0;0;1;0.981166;1;0.981166;0;0;0;0;1;1;105648;0;0;0;0;0;0;0;0;0;0;0;0;00:00:00:000;00:00:00:000;;0;0;0;0;0;0;0;
2025-12-12 18:55:56;2025-12-14 00:50:33;2025-12-14 00:50:34;00:00:01;29:54:37;1;0.981166;1;105650;0;0;1;0.981166;1;0.981166;0;0;0;0;1;1;105649;0;0;0;0;0;0;0;0;0;0;0;0;00:00:00:000;00:00:00:000;;0;0;0;0;0;0;0;
2025-12-12 18:55:56;2025-12-14 00:50:34;2025-12-14 00:50:35;00:00:01;29:54:38;1;0.981166;1;105651;0;0;1;0.981166;1;0.981166;0;0;0;0;1;1;105650;0;0;0;0;0;0;0;0;0;0;0;0;00:00:00:000;00:00:00:000;;0;0;0;0;0;0;0;
2025-12-12 18:55:56;2025-12-14 00:50:35;2025-12-14 00:50:36;00:00:01;29:54:39;1;0.981166;1;105652;0;0;1;0.981166;1;0.981166;0;0;0;0;1;1;105651;0;0;0;0;0;0;0;0;0;0;0;0;00:00:00:000;00:00:00:000;;0;0;0;0;0;0;0;
2025-12-12 18:55:56;2025-12-14 00:50:36;2025-12-14 00:50:37;00:00:01;29:54:40;1;0.981167;1;105653;0;0;1;0.981167;1;0.981167;0;0;0;0;1;1;105652;0;0;0;0;0;0;0;0;0;0;0;0;00:00:00:000;00:00:00:000;;0;0;0;0;0;0;0;
2025-12-12 18:55:56;2025-12-14 00:50:37;2025-12-14 00:50:38;00:00:01;29:54:41;1;0.981167;1;105654;0;0;1;0.981167;1;0.981167;0;0;0;0;1;1;105653;0;0;0;0;0;0;0;0;0;0;0;0;00:00:00:000;00:00:00:000;;0;0;0;0;0;0;0;
2025-12-12 18:55:56;2025-12-14 00:50:38;2025-12-14 00:50:39;00:00:01;29:54:42;1;0.981167;1;105655;0;0;1;0.981167;1;0.981167;0;0;0;0;1;1;105654;0;0;0;0;0;0;0;0;0;0;0;0;00:00:00:000;00:00:00:000;;0;0;0;0;0;0;0;
2025-12-12 18:55:56;2025-12-14 00:50:39;2025-12-14 00:50:40;00:00:01;29:54:43;1;0.981167;1;105656;0;0;1;0.981167;1;0.981167;0;0;0;0;1;1;105655;0;0;0;0;0;0;0;0;0;0;0;0;00:00:00:000;00:00:00:000;;0;0;0;0;0;0;0;
2025-12-12 18:55:56;2025-12-14 00:50:40;2025-12-14 00:50:41;00:00:01;29:54:44;1;0.981167;1;105657;0;0;1;0.981167;1;0.981167;0;0;0;0;1;1;105656;0;0;0;0;0;0;0;0;0;0;0;0;00:00:00:000;00:00:00:000;;0;0;0;0;0;0;0;
2025-12-12 18:55:56;2025-12-14 00:50:41;2025-12-14 00:50:42;00:00:01;29:54:45;1;0.981168;1;105658;0;0;1;0.981168;1;0.981168;0;0;0;0;1;1;105657;0;0;0;0;0;0;0;0;0;0;0;0;00:00:00:000;00:00:00:000;;0;0;0;0;0;0;0;
2025-12-12 18:55:56;2025-12-14 00:50:42;2025-12-14 00:50:43;00:00:01;29:54:46;1;0.981168;1;105659;0;0;1;0.981168;1;0.981168;0;0;0;0;1;1;105658;0;0;0;0;0;0;0;0;0;0;0;0;00:00:00:000;00:00:00:000;;0;0;0;0;0;0;0;
2025-12-12 18:55:56;2025-12-14 00:50:43;2025-12-14 00:50:44;00:00:01;29:54:47;1;0.981168;1;105660;0;0;1;0.981168;1;0.981168;0;0;0;0;1;1;105659;0;0;0;0;0;0;0;0;0;0;0;0;00:00:00:000;00:00:00:000;;0;0;0;0;0;0;0;
2025-12-12 18:55:56;2025-12-14 00:50:44;2025-12-14 00:50:45;00:00:01;29:54:48;1;0.981168;1;105661;0;0;1;0.981168;1;0.981168;0;0;0;0;1;1;105660;0;0;0;0;0;0;0;0;0;0;0;0;00:00:00:000;00:00:00:000;;0;0;0;0;0;0;0;
2025-12-12 18:55:56;2025-12-14 00:50:45;2025-12-14 00:50:46;00:00:01;29:54:49;1;0.981168;1;105662;0;0;1;0.981168;1;0.981168;0;0;0;0;1;1;105661;0;0;0;0;0;0;0;0;0;0;0;0;00:00:00:000;00:00:00:000;;0;0;0;0;0;0;0;
2025-12-12 18:55:56;2025-12-14 00:50:46;2025-12-14 00:50:47;00:00:01;29:54:50;1;0.981168;1;105663;0;0;1;0.981168;1;0.981168;0;0;0;0;1;1;105662;0;0;0;0;0;0;0;0;0;0;0;0;00:00:00:000;00:00:00:000;;0;0;0;0;0;0;0;
2025-12-12 18:55:56;2025-12-14 00:50:47;2025-12-14 00:50:48;00:00:01;29:54:51;1;0.981169;1;105664;0;0;1;0.981169;1;0.981169;0;0;0;0;1;1;105663;0;0;0;0;0;0;0;0;0;0;0;0;00:00:00:000;00:00:00:000;;0;0;0;0;0;0;0;
2025-12-12 18:55:56;2025-12-14 00:50:48;2025-12-14 00:50:49;00:00:01;29:54:52;1;0.981169;1;105665;0;0;1;0.981169;1;0.981169;0;0;0;0;1;1;105664;0;0;0;0;0;0;0;0;0;0;0;0;00:00:00:000;00:00:00:000;;0;0;0;0;0;0;0;
2025-12-12 18:55:56;2025-12-14 00:50:49;2025-12-14 00:50:50;00:00:01;29:54:53;1;0.981169;1;105666;0;0;1;0.981169;1;0.981169;0;0;0;0;1;1;105665;0;0;0;0;0;0;0;0;0;0;0;0;00:00:00:000;00:00:00:000;;0;0;0;0;0;0;0;
2025-12-12 18:55:56;2025-12-14 00:50:50;2025-12-14 00:50:51;00:00:01;29:54:54;1;0.981169;1;105667;0;0;1;0.981169;1;0.981169;0;0;0;0;1;1;105666;0;0;0;0;0;0;0;0;0;0;0;0;00:00:00:000;00:00:00:000;;0;0;0;0;0;0;0;
2025-12-12 18:55:56;2025-12-14 00:50:51;2025-12-14 00:50:52;00:00:01;29:54:55;1;0.981169;1;105668;0;0;1;0.981169;1;0.981169;0;0;0;0;1;1;105667;0;0;0;0;0;0;0;0;0;0;0;0;00:00:00:000;00:00:00:000;;0;0;0;0;0;0;0;
2025-12-12 18:55:56;2025-12-14 00:50:52;2025-12-14 00:50:53;00:00:01;29:54:56;1;0.981169;1;105669;0;0;1;0.981169;1;0.981169;0;0;0;0;1;1;105668;0;0;0;0;0;0;0;0;0;0;0;0;00:00:00:000;00:00:00:000;;0;0;0;0;0;0;0;
2025-12-12 18:55:56;2025-12-14 00:50:53;2025-12-14 00:50:54;00:00:01;29:54:57;1;0.98117;1;105670;0;0;1;0.98117;1;0.98117;0;0;0;0;1;1;105669;0;0;0;0;0;0;0;0;0;0;0;0;00:00:00:000;00:00:00:000;;0;0;0;0;0;0;0;
2025-12-12 18:55:56;2025-12-14 00:50:54;2025-12-14 00:50:55;00:00:01;29:54:58;1;0.98117;1;105671;0;0;1;0.98117;1;0.98117;0;0;0;0;1;1;105670;0;0;0;0;0;0;0;0;0;0;0;0;00:00:00:000;00:00:00:000;;0;0;0;0;0;0;0;
2025-12-12 18:55:56;2025-12-14 00:50:55;2025-12-14 00:50:56;00:00:01;29:54:59;1;0.98117;1;105672;0;0;1;0.98117;1;0.98117;0;0;0;0;1;1;105671;0;0;0;0;0;0;0;0;0;0;0;0;00:00:00:000;00:00:00:000;;0;0;0;0;0;0;0;
2025-12-12 18:55:56;2025-12-14 00:50:56;2025-12-14 00:50:57;00:00:01;29:55:00;1;0.98117;1;105673;0;0;1;0.98117;1;0.98117;0;0;0;0;1;1;105672;0;0;0;0;0;0;0;0;0;0;0;0;00:00:00:000;00:00:00:000;;0;0;0;0;0;0;0;
2025-12-12 18:55:56;2025-12-14 00:50:57;2025-12-14 00:50:58;00:00:01;29:55:01;1;0.98117;1;105674;0;0;1;0.98117;1;0.98117;0;0;0;0;1;1;105673;0;0;0;0;0;0;0;0;0;0;0;0;00:00:00:000;00:00:00:000;;0;0;0;0;0;0;0;
2025-12-12 18:55:56;2025-12-14 00:50:58;2025-12-14 00:50:59;00:00:01;29:55:02;1;0.98117;1;105675;0;0;1;0.98117;1;0.98117;0;0;0;0;1;1;105674;0;0;0;0;0;0;0;0;0;0;0;0;00:00:00:000;00:00:00:000;;0;0;0;0;0;0;0;
2025-12-12 18:55:56;2025-12-14 00:50:59;2025-12-14 00:51:00;00:00:01;29:55:04;0.999001;0.981171;1;105676;0;0;0.999001;0.981171;0.999001;0.981171;0;0;0;0;1;1;105675;0;0;0;0;0;0;0;0;0;0;0;0;00:00:00:000;00:00:00:000;;0;0;0;0;0;0;0;
2025-12-12 18:55:56;2025-12-14 00:51:00;2025-12-14 00:51:01;00:00:01;29:55:05;1;0.981171;1;105677;0;0;1;0.981171;1;0.981171;0;0;0;0;1;1;105676;0;0;0;0;0;0;0;0;0;0;0;0;00:00:00:000;00:00:00:000;;0;0;0;0;0;0;0;
2025-12-12 18:55:56;2025-12-14 00:51:01;2025-12-14 00:51:02;00:00:01;29:55:06;1;0.981171;1;105678;0;0;1;0.981171;1;0.981171;0;0;0;0;1;1;105677;0;0;0;0;0;0;0;0;0;0;0;0;00:00:00:000;00:00:00:000;;0;0;0;0;0;0;0;
2025-12-12 18:55:56;2025-12-14 00:51:02;2025-12-14 00:51:03;00:00:01;29:55:07;1;0.981171;1;105679;0;0;1;0.981171;1;0.981171;0;0;0;0;1;1;105678;0;0;0;0;0;0;0;0;0;0;0;0;00:00:00:000;00:00:00:000;;0;0;0;0;0;0;0;
2025-12-12 18:55:56;2025-12-14 00:51:03;2025-12-14 00:51:04;00:00:01;29:55:08;1;0.981171;1;105680;0;0;1;0.981171;1;0.981171;0;0;0;0;1;1;105679;0;0;0;0;0;0;0;0;0;0;0;0;00:00:00:000;00:00:00:000;;0;0;0;0;0;0;0;
2025-12-12 18:55:56;2025-12-14 00:51:04;2025-12-14 00:51:05;00:00:01;29:55:09;1;0.981171;1;105681;0;0;1;0.981171;1;0.981171;0;0;0;0;1;1;105680;0;0;0;0;0;0;0;0;0;0;0;0;00:00:00:000;00:00:00:000;;0;0;0;0;0;0;0;
2025-12-12 18:55:56;2025-12-14 00:51:05;2025-12-14 00:51:06;00:00:01;29:55:10;1;0.981172;1;105682;0;0;1;0.981172;1;0.981172;0;0;0;0;1;1;105681;0;0;0;0;0;0;0;0;0;0;0;0;00:00:00:000;00:00:00:000;;0;0;0;0;0;0;0;
2025-12-12 18:55:56;2025-12-14 00:51:06;2025-12-14 00:51:07;00:00:01;29:55:11;1;0.981172;1;105683;0;0;1;0.981172;1;0.981172;0;0;0;0;1;1;105682;0;0;0;0;0;0;0;0;0;0;0;0;00:00:00:000;00:00:00:000;;0;0;0;0;0;0;0;
2025-12-12 18:55:56;2025-12-14 00:51:07;2025-12-14 00:51:08;00:00:01;29:55:12;1;0.981172;1;105684;0;0;1;0.981172;1;0.981172;0;0;0;0;1;1;105683;0;0;0;0;0;0;0;0;0;0;0;0;00:00:00:000;00:00:00:000;;0;0;0;0;0;0;0;
2025-12-12 18:55:56;2025-12-14 00:51:08;2025-12-14 00:51:09;00:00:01;29:55:13;1;0.981172;1;105685;0;0;1;0.981172;1;0.981172;0;0;0;0;1;1;105684;0;0;0;0;0;0;0;0;0;0;0;0;00:00:00:000;00:00:00:000;;0;0;0;0;0;0;0;
2025-12-12 18:55:56;2025-12-14 00:51:09;2025-12-14 00:51:10;00:00:01;29:55:14;1;0.981172;1;105686;0;0;1;0.981172;1;0.981172;0;0;0;0;1;1;105685;0;0;0;0;0;0;0;0;0;0;0;0;00:00:00:000;00:00:00:000;;0;0;0;0;0;0;0;
2025-12-12 18:55:56;2025-12-14 00:51:10;2025-12-14 00:51:11;00:00:01;29:55:15;1;0.981172;1;105687;0;0;1;0.981172;1;0.981172;0;0;0;0;1;1;105686;0;0;0;0;0;0;0;0;0;0;0;0;00:00:00:000;00:00:00:000;;0;0;0;0;0;0;0;
2025-12-12 18:55:56;2025-12-14 00:51:11;2025-12-14 00:51:12;00:00:01;29:55:16;1;0.981173;1;105688;0;0;1;0.981173;1;0.981173;0;0;0;0;1;1;105687;0;0;0;0;0;0;0;0;0;0;0;0;00:00:00:000;00:00:00:000;;0;0;0;0;0;0;0;
2025-12-12 18:55:56;2025-12-14 00:51:12;2025-12-14 00:51:13;00:00:01;29:55:17;0;0.981164;0;105688;0;0;0;0.981164;0;0.981164;0;0;0;0;1;0;105687;0;0;0;0;0;0;0;0;0;0;0;0;00:00:00:000;00:00:00:000;;0;0;0;0;0;0;0;
2025-12-12 18:55:56;2025-12-14 00:51:13;2025-12-14 00:51:14;00:00:01;29:55:18;0;0.981154;0;105688;0;0;0;0.981154;0;0.981154;0;0;0;0;1;0;105687;0;0;0;0;0;0;0;0;0;0;0;0;00:00:00:000;00:00:00:000;;0;0;0;0;0;0;0;
2025-12-12 18:55:56;2025-12-14 00:51:14;2025-12-14 00:51:15;00:00:01;29:55:19;0;0.981145;0;105688;0;0;0;0.981145;0;0.981145;0;0;0;0;1;0;105687;0;0;0;0;0;0;0;0;0;0;0;0;00:00:00:000;00:00:00:000;;0;0;0;0;0;0;0;
2025-12-12 18:55:56;2025-12-14 00:51:15;2025-12-14 00:51:16;00:00:01;29:55:20;0;0.981136;0;105688;0;0;0;0.981136;0;0.981136;0;0;0;0;1;0;105687;0;0;0;0;0;0;0;0;0;0;0;0;00:00:00:000;00:00:00:000;;0;0;0;0;0;0;0;
2025-12-12 18:55:56;2025-12-14 00:51:16;2025-12-14 00:51:16;00:00:00;29:55:20;0;0.981131;0;105688;0;0;0;0.981131;0;0.981131;0;0;0;0;1;0;105687;0;0;0;0;0;0;0;0;0;0;0;0;00:00:00:000;00:00:00:000;;0;0;0;0;0;0;0;
