StartTime;LastResetTime;CurrentTime;ElapsedTime(P);ElapsedTime(C);Rate(P);Rate(C);IncomingCall(P);IncomingCall(C);OutgoingCall(P);OutgoingCall(C);MsgRecvPerS(P);MsgRecvPerS(C);MsgSendPerS(P);MsgSendPerS(C);UnexpectedMsg(P);UnexpectedMsg(C);CurrentCall;InitSuccessfulCall(P);InitSuccessfulCall(C);TrafficSuccessfulCall(P);TrafficSuccessfulCall(C);DefaultSuccessfulCall(P);DefaultSuccessfulCall(C);AbortSuccessfulCall(P);AbortSuccessfulCall(C);FailedCall(P);FailedCall(C);FailedRefused(P);FailedRefused(C);FailedAborted(P);FailedAborted(C);FailedTimeout(P);FailedTimeout(C);ResponseTime(P);ResponseTime(C);ResponseTimeRepartition;<50;<75;<100;<150;<300;<5000;>=5000;
2025-12-12 18:40:29;2025-12-12 18:40:29;2025-12-12 18:40:29;00:00:00;00:00:00;0;0;0;0;0;0;0;0;0;0;0;0;0;0;0;0;0;0;0;0;0;0;0;0;0;0;0;0;0;00:00:00:000;00:00:00:000;;0;0;0;0;0;0;0;
2025-12-12 18:40:29;2025-12-12 18:40:29;2025-12-12 18:40:30;00:00:01;00:00:01;0;0;0;0;0;0;0;0;0;0;0;0;0;0;0;0;0;0;0;0;0;0;0;0;0;0;0;0;0;00:00:00:000;00:00:00:000;;0;0;0;0;0;0;0;
2025-12-12 18:40:29;2025-12-12 18:40:30;2025-12-12 18:40:31;00:00:01;00:00:02;0;0;0;0;0;0;0;0;0;0;0;0;0;0;0;0;0;0;0;0;0;0;0;0;0;0;0;0;0;00:00:00:000;00:00:00:000;;0;0;0;0;0;0;0;
2025-12-12 18:40:29;2025-12-12 18:40:31;2025-12-12 18:40:32;00:00:01;00:00:03;0;0;0;0;0;0;0;0;0;0;0;0;0;0;0;0;0;0;0;0;0;0;0;0;0;0;0;0;0;00:00:00:000;00:00:00:000;;0;0;0;0;0;0;0;
2025-12-12 18:40:29;2025-12-12 18:40:32;2025-12-12 18:40:33;00:00:01;00:00:04;0;0;0;0;0;0;0;0;0;0;0;0;0;0;0;0;0;0;0;0;0;0;0;0;0;0;0;0;0;00:00:00:000;00:00:00:000;;0;0;0;0;0;0;0;
2025-12-12 18:40:29;2025-12-12 18:40:33;2025-12-12 18:40:34;00:00:01;00:00:05;0;0;0;0;0;0;0;0;0;0;0;0;0;0;0;0;0;0;0;0;0;0;0;0;0;0;0;0;0;00:00:00:000;00:00:00:000;;0;0;0;0;0;0;0;
2025-12-12 18:40:29;2025-12-12 18:40:34;2025-12-12 18:40:35;00:00:01;00:00:06;0;0;0;0;0;0;0;0;0;0;0;0;0;0;0;0;0;0;0;0;0;0;0;0;0;0;0;0;0;00:00:00:000;00:00:00:000;;0;0;0;0;0;0;0;
2025-12-12 18:40:29;2025-12-12 18:40:35;2025-12-12 18:40:36;00:00:01;00:00:07;0;0;0;0;0;0;0;0;0;0;0;0;0;0;0;0;0;0;0;0;0;0;0;0;0;0;0;0;0;00:00:00:000;00:00:00:000;;0;0;0;0;0;0;0;
2025-12-12 18:40:29;2025-12-12 18:40:36;2025-12-12 18:40:37;00:00:01;00:00:08;0;0;0;0;0;0;0;0;0;0;0;0;0;0;0;0;0;0;0;0;0;0;0;0;0;0;0;0;0;00:00:00:000;00:00:00:000;;0;0;0;0;0;0;0;
2025-12-12 18:40:29;2025-12-12 18:40:37;2025-12-12 18:40:38;00:00:01;00:00:09;0;0;0;0;0;0;0;0;0;0;0;0;0;0;0;0;0;0;0;0;0;0;0;0;0;0;0;0;0;00:00:00:000;00:00:00:000;;0;0;0;0;0;0;0;
2025-12-12 18:40:29;2025-12-12 18:40:38;2025-12-12 18:40:39;00:00:01;00:00:10;0;0;0;0;0;0;0;0;0;0;0;0;0;0;0;0;0;0;0;0;0;0;0;0;0;0;0;0;0;00:00:00:000;00:00:00:000;;0;0;0;0;0;0;0;
2025-12-12 18:40:29;2025-12-12 18:40:39;2025-12-12 18:40:40;00:00:01;00:00:11;0;0;0;0;0;0;0;0;0;0;0;0;0;0;0;0;0;0;0;0;0;0;0;0;0;0;0;0;0;00:00:00:000;00:00:00:000;;0;0;0;0;0;0;0;
2025-12-12 18:40:29;2025-12-12 18:40:40;2025-12-12 18:40:41;00:00:01;00:00:12;0;0;0;0;0;0;0;0;0;0;0;0;0;0;0;0;0;0;0;0;0;0;0;0;0;0;0;0;0;00:00:00:000;00:00:00:000;;0;0;0;0;0;0;0;
2025-12-12 18:40:29;2025-12-12 18:40:41;2025-12-12 18:40:42;00:00:01;00:00:13;0;0;0;0;0;0;0;0;0;0;0;0;0;0;0;0;0;0;0;0;0;0;0;0;0;0;0;0;0;00:00:00:000;00:00:00:000;;0;0;0;0;0;0;0;
2025-12-12 18:40:29;2025-12-12 18:40:42;2025-12-12 18:40:43;00:00:01;00:00:14;0;0;0;0;0;0;0;0;0;0;0;0;0;0;0;0;0;0;0;0;0;0;0;0;0;0;0;0;0;00:00:00:000;00:00:00:000;;0;0;0;0;0;0;0;
2025-12-12 18:40:29;2025-12-12 18:40:43;2025-12-12 18:40:44;00:00:01;00:00:15;0;0;0;0;0;0;0;0;0;0;0;0;0;0;0;0;0;0;0;0;0;0;0;0;0;0;0;0;0;00:00:00:000;00:00:00:000;;0;0;0;0;0;0;0;
2025-12-12 18:40:29;2025-12-12 18:40:44;2025-12-12 18:40:45;00:00:01;00:00:16;0;0;0;0;0;0;0;0;0;0;0;0;0;0;0;0;0;0;0;0;0;0;0;0;0;0;0;0;0;00:00:00:000;00:00:00:000;;0;0;0;0;0;0;0;
2025-12-12 18:40:29;2025-12-12 18:40:45;2025-12-12 18:40:46;00:00:01;00:00:17;0;0;0;0;0;0;0;0;0;0;0;0;0;0;0;0;0;0;0;0;0;0;0;0;0;0;0;0;0;00:00:00:000;00:00:00:000;;0;0;0;0;0;0;0;
2025-12-12 18:40:29;2025-12-12 18:40:46;2025-12-12 18:40:47;00:00:01;00:00:18;0;0;0;0;0;0;0;0;0;0;0;0;0;0;0;0;0;0;0;0;0;0;0;0;0;0;0;0;0;00:00:00:000;00:00:00:000;;0;0;0;0;0;0;0;
2025-12-12 18:40:29;2025-12-12 18:40:47;2025-12-12 18:40:48;00:00:01;00:00:19;0;0;0;0;0;0;0;0;0;0;0;0;0;0;0;0;0;0;0;0;0;0;0;0;0;0;0;0;0;00:00:00:000;00:00:00:000;;0;0;0;0;0;0;0;
2025-12-12 18:40:29;2025-12-12 18:40:48;2025-12-12 18:40:49;00:00:01;00:00:20;0;0;0;0;0;0;0;0;0;0;0;0;0;0;0;0;0;0;0;0;0;0;0;0;0;0;0;0;0;00:00:00:000;00:00:00:000;;0;0;0;0;0;0;0;
2025-12-12 18:40:29;2025-12-12 18:40:49;2025-12-12 18:40:50;00:00:01;00:00:21;0;0;0;0;0;0;0;0;0;0;0;0;0;0;0;0;0;0;0;0;0;0;0;0;0;0;0;0;0;00:00:00:000;00:00:00:000;;0;0;0;0;0;0;0;
2025-12-12 18:40:29;2025-12-12 18:40:50;2025-12-12 18:40:51;00:00:01;00:00:22;0;0;0;0;0;0;0;0;0;0;0;0;0;0;0;0;0;0;0;0;0;0;0;0;0;0;0;0;0;00:00:00:000;00:00:00:000;;0;0;0;0;0;0;0;
2025-12-12 18:40:29;2025-12-12 18:40:51;2025-12-12 18:40:52;00:00:01;00:00:23;0;0;0;0;0;0;0;0;0;0;0;0;0;0;0;0;0;0;0;0;0;0;0;0;0;0;0;0;0;00:00:00:000;00:00:00:000;;0;0;0;0;0;0;0;
2025-12-12 18:40:29;2025-12-12 18:40:52;2025-12-12 18:40:53;00:00:01;00:00:24;0;0;0;0;0;0;0;0;0;0;0;0;0;0;0;0;0;0;0;0;0;0;0;0;0;0;0;0;0;00:00:00:000;00:00:00:000;;0;0;0;0;0;0;0;
2025-12-12 18:40:29;2025-12-12 18:40:53;2025-12-12 18:40:54;00:00:01;00:00:25;0;0;0;0;0;0;0;0;0;0;0;0;0;0;0;0;0;0;0;0;0;0;0;0;0;0;0;0;0;00:00:00:000;00:00:00:000;;0;0;0;0;0;0;0;
2025-12-12 18:40:29;2025-12-12 18:40:54;2025-12-12 18:40:55;00:00:01;00:00:26;0;0;0;0;0;0;0;0;0;0;0;0;0;0;0;0;0;0;0;0;0;0;0;0;0;0;0;0;0;00:00:00:000;00:00:00:000;;0;0;0;0;0;0;0;
2025-12-12 18:40:29;2025-12-12 18:40:55;2025-12-12 18:40:56;00:00:01;00:00:27;0;0;0;0;0;0;0;0;0;0;0;0;0;0;0;0;0;0;0;0;0;0;0;0;0;0;0;0;0;00:00:00:000;00:00:00:000;;0;0;0;0;0;0;0;
2025-12-12 18:40:29;2025-12-12 18:40:56;2025-12-12 18:40:57;00:00:01;00:00:28;0;0;0;0;0;0;0;0;0;0;0;0;0;0;0;0;0;0;0;0;0;0;0;0;0;0;0;0;0;00:00:00:000;00:00:00:000;;0;0;0;0;0;0;0;
2025-12-12 18:40:29;2025-12-12 18:40:57;2025-12-12 18:40:58;00:00:01;00:00:29;0;0;0;0;0;0;0;0;0;0;0;0;0;0;0;0;0;0;0;0;0;0;0;0;0;0;0;0;0;00:00:00:000;00:00:00:000;;0;0;0;0;0;0;0;
2025-12-12 18:40:29;2025-12-12 18:40:58;2025-12-12 18:40:59;00:00:01;00:00:30;0;0;0;0;0;0;0;0;0;0;0;0;0;0;0;0;0;0;0;0;0;0;0;0;0;0;0;0;0;00:00:00:000;00:00:00:000;;0;0;0;0;0;0;0;
2025-12-12 18:40:29;2025-12-12 18:40:59;2025-12-12 18:41:00;00:00:01;00:00:31;0;0;0;0;0;0;0;0;0;0;0;0;0;0;0;0;0;0;0;0;0;0;0;0;0;0;0;0;0;00:00:00:000;00:00:00:000;;0;0;0;0;0;0;0;
2025-12-12 18:40:29;2025-12-12 18:41:00;2025-12-12 18:41:01;00:00:01;00:00:32;0;0;0;0;0;0;0;0;0;0;0;0;0;0;0;0;0;0;0;0;0;0;0;0;0;0;0;0;0;00:00:00:000;00:00:00:000;;0;0;0;0;0;0;0;
2025-12-12 18:40:29;2025-12-12 18:41:01;2025-12-12 18:41:02;00:00:01;00:00:33;0;0;0;0;0;0;0;0;0;0;0;0;0;0;0;0;0;0;0;0;0;0;0;0;0;0;0;0;0;00:00:00:000;00:00:00:000;;0;0;0;0;0;0;0;
2025-12-12 18:40:29;2025-12-12 18:41:02;2025-12-12 18:41:03;00:00:01;00:00:34;0;0;0;0;0;0;0;0;0;0;0;0;0;0;0;0;0;0;0;0;0;0;0;0;0;0;0;0;0;00:00:00:000;00:00:00:000;;0;0;0;0;0;0;0;
2025-12-12 18:40:29;2025-12-12 18:41:03;2025-12-12 18:41:04;00:00:01;00:00:35;0;0;0;0;0;0;0;0;0;0;0;0;0;0;0;0;0;0;0;0;0;0;0;0;0;0;0;0;0;00:00:00:000;00:00:00:000;;0;0;0;0;0;0;0;
2025-12-12 18:40:29;2025-12-12 18:41:04;2025-12-12 18:41:05;00:00:01;00:00:36;0;0;0;0;0;0;0;0;0;0;0;0;0;0;0;0;0;0;0;0;0;0;0;0;0;0;0;0;0;00:00:00:000;00:00:00:000;;0;0;0;0;0;0;0;
2025-12-12 18:40:29;2025-12-12 18:41:05;2025-12-12 18:41:06;00:00:01;00:00:37;0;0;0;0;0;0;0;0;0;0;0;0;0;0;0;0;0;0;0;0;0;0;0;0;0;0;0;0;0;00:00:00:000;00:00:00:000;;0;0;0;0;0;0;0;
2025-12-12 18:40:29;2025-12-12 18:41:06;2025-12-12 18:41:07;00:00:01;00:00:38;0;0;0;0;0;0;0;0;0;0;0;0;0;0;0;0;0;0;0;0;0;0;0;0;0;0;0;0;0;00:00:00:000;00:00:00:000;;0;0;0;0;0;0;0;
2025-12-12 18:40:29;2025-12-12 18:41:07;2025-12-12 18:41:08;00:00:01;00:00:39;0;0;0;0;0;0;0;0;0;0;0;0;0;0;0;0;0;0;0;0;0;0;0;0;0;0;0;0;0;00:00:00:000;00:00:00:000;;0;0;0;0;0;0;0;
2025-12-12 18:40:29;2025-12-12 18:41:08;2025-12-12 18:41:09;00:00:01;00:00:40;0;0;0;0;0;0;0;0;0;0;0;0;0;0;0;0;0;0;0;0;0;0;0;0;0;0;0;0;0;00:00:00:000;00:00:00:000;;0;0;0;0;0;0;0;
2025-12-12 18:40:29;2025-12-12 18:41:09;2025-12-12 18:41:10;00:00:01;00:00:41;0;0;0;0;0;0;0;0;0;0;0;0;0;0;0;0;0;0;0;0;0;0;0;0;0;0;0;0;0;00:00:00:000;00:00:00:000;;0;0;0;0;0;0;0;
2025-12-12 18:40:29;2025-12-12 18:41:10;2025-12-12 18:41:11;00:00:01;00:00:42;0;0;0;0;0;0;0;0;0;0;0;0;0;0;0;0;0;0;0;0;0;0;0;0;0;0;0;0;0;00:00:00:000;00:00:00:000;;0;0;0;0;0;0;0;
2025-12-12 18:40:29;2025-12-12 18:41:11;2025-12-12 18:41:12;00:00:01;00:00:43;0;0;0;0;0;0;0;0;0;0;0;0;0;0;0;0;0;0;0;0;0;0;0;0;0;0;0;0;0;00:00:00:000;00:00:00:000;;0;0;0;0;0;0;0;
2025-12-12 18:40:29;2025-12-12 18:41:12;2025-12-12 18:41:13;00:00:01;00:00:44;0;0;0;0;0;0;0;0;0;0;0;0;0;0;0;0;0;0;0;0;0;0;0;0;0;0;0;0;0;00:00:00:000;00:00:00:000;;0;0;0;0;0;0;0;
2025-12-12 18:40:29;2025-12-12 18:41:13;2025-12-12 18:41:14;00:00:01;00:00:45;0;0;0;0;0;0;0;0;0;0;0;0;0;0;0;0;0;0;0;0;0;0;0;0;0;0;0;0;0;00:00:00:000;00:00:00:000;;0;0;0;0;0;0;0;
2025-12-12 18:40:29;2025-12-12 18:41:14;2025-12-12 18:41:15;00:00:01;00:00:46;0;0;0;0;0;0;0;0;0;0;0;0;0;0;0;0;0;0;0;0;0;0;0;0;0;0;0;0;0;00:00:00:000;00:00:00:000;;0;0;0;0;0;0;0;
2025-12-12 18:40:29;2025-12-12 18:41:15;2025-12-12 18:41:16;00:00:01;00:00:47;0;0;0;0;0;0;0;0;0;0;0;0;0;0;0;0;0;0;0;0;0;0;0;0;0;0;0;0;0;00:00:00:000;00:00:00:000;;0;0;0;0;0;0;0;
2025-12-12 18:40:29;2025-12-12 18:41:16;2025-12-12 18:41:17;00:00:01;00:00:48;0;0;0;0;0;0;0;0;0;0;0;0;0;0;0;0;0;0;0;0;0;0;0;0;0;0;0;0;0;00:00:00:000;00:00:00:000;;0;0;0;0;0;0;0;
2025-12-12 18:40:29;2025-12-12 18:41:17;2025-12-12 18:41:18;00:00:01;00:00:49;0;0;0;0;0;0;0;0;0;0;0;0;0;0;0;0;0;0;0;0;0;0;0;0;0;0;0;0;0;00:00:00:000;00:00:00:000;;0;0;0;0;0;0;0;
2025-12-12 18:40:29;2025-12-12 18:41:18;2025-12-12 18:41:19;00:00:01;00:00:50;0;0;0;0;0;0;0;0;0;0;0;0;0;0;0;0;0;0;0;0;0;0;0;0;0;0;0;0;0;00:00:00:000;00:00:00:000;;0;0;0;0;0;0;0;
2025-12-12 18:40:29;2025-12-12 18:41:19;2025-12-12 18:41:20;00:00:01;00:00:51;0;0;0;0;0;0;0;0;0;0;0;0;0;0;0;0;0;0;0;0;0;0;0;0;0;0;0;0;0;00:00:00:000;00:00:00:000;;0;0;0;0;0;0;0;
2025-12-12 18:40:29;2025-12-12 18:41:20;2025-12-12 18:41:21;00:00:01;00:00:52;0;0;0;0;0;0;0;0;0;0;0;0;0;0;0;0;0;0;0;0;0;0;0;0;0;0;0;0;0;00:00:00:000;00:00:00:000;;0;0;0;0;0;0;0;
2025-12-12 18:40:29;2025-12-12 18:41:21;2025-12-12 18:41:22;00:00:01;00:00:53;0;0;0;0;0;0;0;0;0;0;0;0;0;0;0;0;0;0;0;0;0;0;0;0;0;0;0;0;0;00:00:00:000;00:00:00:000;;0;0;0;0;0;0;0;
2025-12-12 18:40:29;2025-12-12 18:41:22;2025-12-12 18:41:23;00:00:01;00:00:54;0;0;0;0;0;0;0;0;0;0;0;0;0;0;0;0;0;0;0;0;0;0;0;0;0;0;0;0;0;00:00:00:000;00:00:00:000;;0;0;0;0;0;0;0;
2025-12-12 18:40:29;2025-12-12 18:41:23;2025-12-12 18:41:24;00:00:01;00:00:55;0;0;0;0;0;0;0;0;0;0;0;0;0;0;0;0;0;0;0;0;0;0;0;0;0;0;0;0;0;00:00:00:000;00:00:00:000;;0;0;0;0;0;0;0;
2025-12-12 18:40:29;2025-12-12 18:41:24;2025-12-12 18:41:25;00:00:01;00:00:56;0;0;0;0;0;0;0;0;0;0;0;0;0;0;0;0;0;0;0;0;0;0;0;0;0;0;0;0;0;00:00:00:000;00:00:00:000;;0;0;0;0;0;0;0;
2025-12-12 18:40:29;2025-12-12 18:41:25;2025-12-12 18:41:26;00:00:01;00:00:57;0;0;0;0;0;0;0;0;0;0;0;0;0;0;0;0;0;0;0;0;0;0;0;0;0;0;0;0;0;00:00:00:000;00:00:00:000;;0;0;0;0;0;0;0;
2025-12-12 18:40:29;2025-12-12 18:41:26;2025-12-12 18:41:27;00:00:01;00:00:58;0;0;0;0;0;0;0;0;0;0;0;0;0;0;0;0;0;0;0;0;0;0;0;0;0;0;0;0;0;00:00:00:000;00:00:00:000;;0;0;0;0;0;0;0;
2025-12-12 18:40:29;2025-12-12 18:41:27;2025-12-12 18:41:28;00:00:01;00:00:59;0;0;0;0;0;0;0;0;0;0;0;0;0;0;0;0;0;0;0;0;0;0;0;0;0;0;0;0;0;00:00:00:000;00:00:00:000;;0;0;0;0;0;0;0;
2025-12-12 18:40:29;2025-12-12 18:41:28;2025-12-12 18:41:29;00:00:01;00:01:00;0;0;0;0;0;0;0;0;0;0;0;0;0;0;0;0;0;0;0;0;0;0;0;0;0;0;0;0;0;00:00:00:000;00:00:00:000;;0;0;0;0;0;0;0;
2025-12-12 18:40:29;2025-12-12 18:41:29;2025-12-12 18:41:30;00:00:01;00:01:01;0;0;0;0;0;0;0;0;0;0;0;0;0;0;0;0;0;0;0;0;0;0;0;0;0;0;0;0;0;00:00:00:000;00:00:00:000;;0;0;0;0;0;0;0;
2025-12-12 18:40:29;2025-12-12 18:41:30;2025-12-12 18:41:31;00:00:01;00:01:02;0;0;0;0;0;0;0;0;0;0;0;0;0;0;0;0;0;0;0;0;0;0;0;0;0;0;0;0;0;00:00:00:000;00:00:00:000;;0;0;0;0;0;0;0;
2025-12-12 18:40:29;2025-12-12 18:41:31;2025-12-12 18:41:32;00:00:01;00:01:03;0;0;0;0;0;0;0;0;0;0;0;0;0;0;0;0;0;0;0;0;0;0;0;0;0;0;0;0;0;00:00:00:000;00:00:00:000;;0;0;0;0;0;0;0;
2025-12-12 18:40:29;2025-12-12 18:41:33;2025-12-12 18:41:33;00:00:01;00:01:04;0;0;0;0;0;0;0;0;0;0;0;0;0;0;0;0;0;0;0;0;0;0;0;0;0;0;0;0;0;00:00:00:000;00:00:00:000;;0;0;0;0;0;0;0;
2025-12-12 18:40:29;2025-12-12 18:41:33;2025-12-12 18:41:34;00:00:01;00:01:05;0;0;0;0;0;0;0;0;0;0;0;0;0;0;0;0;0;0;0;0;0;0;0;0;0;0;0;0;0;00:00:00:000;00:00:00:000;;0;0;0;0;0;0;0;
2025-12-12 18:40:29;2025-12-12 18:41:35;2025-12-12 18:41:35;00:00:01;00:01:06;0;0;0;0;0;0;0;0;0;0;0;0;0;0;0;0;0;0;0;0;0;0;0;0;0;0;0;0;0;00:00:00:000;00:00:00:000;;0;0;0;0;0;0;0;
2025-12-12 18:40:29;2025-12-12 18:41:36;2025-12-12 18:41:36;00:00:01;00:01:07;0;0;0;0;0;0;0;0;0;0;0;0;0;0;0;0;0;0;0;0;0;0;0;0;0;0;0;0;0;00:00:00:000;00:00:00:000;;0;0;0;0;0;0;0;
2025-12-12 18:40:29;2025-12-12 18:41:36;2025-12-12 18:41:37;00:00:01;00:01:08;0;0;0;0;0;0;0;0;0;0;0;0;0;0;0;0;0;0;0;0;0;0;0;0;0;0;0;0;0;00:00:00:000;00:00:00:000;;0;0;0;0;0;0;0;
2025-12-12 18:40:29;2025-12-12 18:41:37;2025-12-12 18:41:38;00:00:01;00:01:09;0;0;0;0;0;0;0;0;0;0;0;0;0;0;0;0;0;0;0;0;0;0;0;0;0;0;0;0;0;00:00:00:000;00:00:00:000;;0;0;0;0;0;0;0;
2025-12-12 18:40:29;2025-12-12 18:41:38;2025-12-12 18:41:39;00:00:01;00:01:10;0;0;0;0;0;0;0;0;0;0;0;0;0;0;0;0;0;0;0;0;0;0;0;0;0;0;0;0;0;00:00:00:000;00:00:00:000;;0;0;0;0;0;0;0;
2025-12-12 18:40:29;2025-12-12 18:41:39;2025-12-12 18:41:40;00:00:01;00:01:11;0;0;0;0;0;0;0;0;0;0;0;0;0;0;0;0;0;0;0;0;0;0;0;0;0;0;0;0;0;00:00:00:000;00:00:00:000;;0;0;0;0;0;0;0;
2025-12-12 18:40:29;2025-12-12 18:41:40;2025-12-12 18:41:41;00:00:01;00:01:12;0;0;0;0;0;0;0;0;0;0;0;0;0;0;0;0;0;0;0;0;0;0;0;0;0;0;0;0;0;00:00:00:000;00:00:00:000;;0;0;0;0;0;0;0;
2025-12-12 18:40:29;2025-12-12 18:41:41;2025-12-12 18:41:42;00:00:01;00:01:13;0;0;0;0;0;0;0;0;0;0;0;0;0;0;0;0;0;0;0;0;0;0;0;0;0;0;0;0;0;00:00:00:000;00:00:00:000;;0;0;0;0;0;0;0;
2025-12-12 18:40:29;2025-12-12 18:41:42;2025-12-12 18:41:43;00:00:01;00:01:14;0;0;0;0;0;0;0;0;0;0;0;0;0;0;0;0;0;0;0;0;0;0;0;0;0;0;0;0;0;00:00:00:000;00:00:00:000;;0;0;0;0;0;0;0;
2025-12-12 18:40:29;2025-12-12 18:41:43;2025-12-12 18:41:44;00:00:01;00:01:15;0;0;0;0;0;0;0;0;0;0;0;0;0;0;0;0;0;0;0;0;0;0;0;0;0;0;0;0;0;00:00:00:000;00:00:00:000;;0;0;0;0;0;0;0;
2025-12-12 18:40:29;2025-12-12 18:41:44;2025-12-12 18:41:45;00:00:01;00:01:16;0;0;0;0;0;0;0;0;0;0;0;0;0;0;0;0;0;0;0;0;0;0;0;0;0;0;0;0;0;00:00:00:000;00:00:00:000;;0;0;0;0;0;0;0;
2025-12-12 18:40:29;2025-12-12 18:41:45;2025-12-12 18:41:46;00:00:01;00:01:17;0;0;0;0;0;0;0;0;0;0;0;0;0;0;0;0;0;0;0;0;0;0;0;0;0;0;0;0;0;00:00:00:000;00:00:00:000;;0;0;0;0;0;0;0;
2025-12-12 18:40:29;2025-12-12 18:41:46;2025-12-12 18:41:47;00:00:01;00:01:18;0;0;0;0;0;0;0;0;0;0;0;0;0;0;0;0;0;0;0;0;0;0;0;0;0;0;0;0;0;00:00:00:000;00:00:00:000;;0;0;0;0;0;0;0;
2025-12-12 18:40:29;2025-12-12 18:41:47;2025-12-12 18:41:48;00:00:01;00:01:19;0;0;0;0;0;0;0;0;0;0;0;0;0;0;0;0;0;0;0;0;0;0;0;0;0;0;0;0;0;00:00:00:000;00:00:00:000;;0;0;0;0;0;0;0;
2025-12-12 18:40:29;2025-12-12 18:41:48;2025-12-12 18:41:49;00:00:01;00:01:20;0;0;0;0;0;0;0;0;0;0;0;0;0;0;0;0;0;0;0;0;0;0;0;0;0;0;0;0;0;00:00:00:000;00:00:00:000;;0;0;0;0;0;0;0;
2025-12-12 18:40:29;2025-12-12 18:41:49;2025-12-12 18:41:50;00:00:01;00:01:21;0;0;0;0;0;0;0;0;0;0;0;0;0;0;0;0;0;0;0;0;0;0;0;0;0;0;0;0;0;00:00:00:000;00:00:00:000;;0;0;0;0;0;0;0;
2025-12-12 18:40:29;2025-12-12 18:41:50;2025-12-12 18:41:51;00:00:01;00:01:22;0;0;0;0;0;0;0;0;0;0;0;0;0;0;0;0;0;0;0;0;0;0;0;0;0;0;0;0;0;00:00:00:000;00:00:00:000;;0;0;0;0;0;0;0;
2025-12-12 18:40:29;2025-12-12 18:41:51;2025-12-12 18:41:52;00:00:01;00:01:23;0;0;0;0;0;0;0;0;0;0;0;0;0;0;0;0;0;0;0;0;0;0;0;0;0;0;0;0;0;00:00:00:000;00:00:00:000;;0;0;0;0;0;0;0;
2025-12-12 18:40:29;2025-12-12 18:41:52;2025-12-12 18:41:53;00:00:01;00:01:24;0;0;0;0;0;0;0;0;0;0;0;0;0;0;0;0;0;0;0;0;0;0;0;0;0;0;0;0;0;00:00:00:000;00:00:00:000;;0;0;0;0;0;0;0;
2025-12-12 18:40:29;2025-12-12 18:41:53;2025-12-12 18:41:54;00:00:01;00:01:25;0;0;0;0;0;0;0;0;0;0;0;0;0;0;0;0;0;0;0;0;0;0;0;0;0;0;0;0;0;00:00:00:000;00:00:00:000;;0;0;0;0;0;0;0;
2025-12-12 18:40:29;2025-12-12 18:41:54;2025-12-12 18:41:55;00:00:01;00:01:26;0;0;0;0;0;0;0;0;0;0;0;0;0;0;0;0;0;0;0;0;0;0;0;0;0;0;0;0;0;00:00:00:000;00:00:00:000;;0;0;0;0;0;0;0;
2025-12-12 18:40:29;2025-12-12 18:41:55;2025-12-12 18:41:56;00:00:01;00:01:27;0;0;0;0;0;0;0;0;0;0;0;0;0;0;0;0;0;0;0;0;0;0;0;0;0;0;0;0;0;00:00:00:000;00:00:00:000;;0;0;0;0;0;0;0;
2025-12-12 18:40:29;2025-12-12 18:41:56;2025-12-12 18:41:57;00:00:01;00:01:28;0;0;0;0;0;0;0;0;0;0;0;0;0;0;0;0;0;0;0;0;0;0;0;0;0;0;0;0;0;00:00:00:000;00:00:00:000;;0;0;0;0;0;0;0;
2025-12-12 18:40:29;2025-12-12 18:41:57;2025-12-12 18:41:58;00:00:01;00:01:29;0;0;0;0;0;0;0;0;0;0;0;0;0;0;0;0;0;0;0;0;0;0;0;0;0;0;0;0;0;00:00:00:000;00:00:00:000;;0;0;0;0;0;0;0;
2025-12-12 18:40:29;2025-12-12 18:41:58;2025-12-12 18:41:59;00:00:01;00:01:30;0;0;0;0;0;0;0;0;0;0;0;0;0;0;0;0;0;0;0;0;0;0;0;0;0;0;0;0;0;00:00:00:000;00:00:00:000;;0;0;0;0;0;0;0;
2025-12-12 18:40:29;2025-12-12 18:41:59;2025-12-12 18:42:00;00:00:01;00:01:31;0;0;0;0;0;0;0;0;0;0;0;0;0;0;0;0;0;0;0;0;0;0;0;0;0;0;0;0;0;00:00:00:000;00:00:00:000;;0;0;0;0;0;0;0;
2025-12-12 18:40:29;2025-12-12 18:42:00;2025-12-12 18:42:01;00:00:01;00:01:32;0;0;0;0;0;0;0;0;0;0;0;0;0;0;0;0;0;0;0;0;0;0;0;0;0;0;0;0;0;00:00:00:000;00:00:00:000;;0;0;0;0;0;0;0;
2025-12-12 18:40:29;2025-12-12 18:42:01;2025-12-12 18:42:02;00:00:01;00:01:33;0;0;0;0;0;0;0;0;0;0;0;0;0;0;0;0;0;0;0;0;0;0;0;0;0;0;0;0;0;00:00:00:000;00:00:00:000;;0;0;0;0;0;0;0;
2025-12-12 18:40:29;2025-12-12 18:42:02;2025-12-12 18:42:03;00:00:01;00:01:34;0;0;0;0;0;0;0;0;0;0;0;0;0;0;0;0;0;0;0;0;0;0;0;0;0;0;0;0;0;00:00:00:000;00:00:00:000;;0;0;0;0;0;0;0;
2025-12-12 18:40:29;2025-12-12 18:42:03;2025-12-12 18:42:04;00:00:01;00:01:35;0;0;0;0;0;0;0;0;0;0;0;0;0;0;0;0;0;0;0;0;0;0;0;0;0;0;0;0;0;00:00:00:000;00:00:00:000;;0;0;0;0;0;0;0;
2025-12-12 18:40:29;2025-12-12 18:42:04;2025-12-12 18:42:05;00:00:01;00:01:36;0;0;0;0;0;0;0;0;0;0;0;0;0;0;0;0;0;0;0;0;0;0;0;0;0;0;0;0;0;00:00:00:000;00:00:00:000;;0;0;0;0;0;0;0;
2025-12-12 18:40:29;2025-12-12 18:42:05;2025-12-12 18:42:06;00:00:01;00:01:37;0;0;0;0;0;0;0;0;0;0;0;0;0;0;0;0;0;0;0;0;0;0;0;0;0;0;0;0;0;00:00:00:000;00:00:00:000;;0;0;0;0;0;0;0;
2025-12-12 18:40:29;2025-12-12 18:42:06;2025-12-12 18:42:07;00:00:01;00:01:38;0;0;0;0;0;0;0;0;0;0;0;0;0;0;0;0;0;0;0;0;0;0;0;0;0;0;0;0;0;00:00:00:000;00:00:00:000;;0;0;0;0;0;0;0;
2025-12-12 18:40:29;2025-12-12 18:42:07;2025-12-12 18:42:08;00:00:01;00:01:39;0;0;0;0;0;0;0;0;0;0;0;0;0;0;0;0;0;0;0;0;0;0;0;0;0;0;0;0;0;00:00:00:000;00:00:00:000;;0;0;0;0;0;0;0;
2025-12-12 18:40:29;2025-12-12 18:42:08;2025-12-12 18:42:09;00:00:01;00:01:40;0;0;0;0;0;0;0;0;0;0;0;0;0;0;0;0;0;0;0;0;0;0;0;0;0;0;0;0;0;00:00:00:000;00:00:00:000;;0;0;0;0;0;0;0;
2025-12-12 18:40:29;2025-12-12 18:42:09;2025-12-12 18:42:10;00:00:01;00:01:41;0;0;0;0;0;0;0;0;0;0;0;0;0;0;0;0;0;0;0;0;0;0;0;0;0;0;0;0;0;00:00:00:000;00:00:00:000;;0;0;0;0;0;0;0;
2025-12-12 18:40:29;2025-12-12 18:42:10;2025-12-12 18:42:11;00:00:01;00:01:42;0;0;0;0;0;0;0;0;0;0;0;0;0;0;0;0;0;0;0;0;0;0;0;0;0;0;0;0;0;00:00:00:000;00:00:00:000;;0;0;0;0;0;0;0;
2025-12-12 18:40:29;2025-12-12 18:42:11;2025-12-12 18:42:12;00:00:01;00:01:43;0;0;0;0;0;0;0;0;0;0;0;0;0;0;0;0;0;0;0;0;0;0;0;0;0;0;0;0;0;00:00:00:000;00:00:00:000;;0;0;0;0;0;0;0;
2025-12-12 18:40:29;2025-12-12 18:42:12;2025-12-12 18:42:13;00:00:01;00:01:44;0;0;0;0;0;0;0;0;0;0;0;0;0;0;0;0;0;0;0;0;0;0;0;0;0;0;0;0;0;00:00:00:000;00:00:00:000;;0;0;0;0;0;0;0;
2025-12-12 18:40:29;2025-12-12 18:42:13;2025-12-12 18:42:14;00:00:01;00:01:45;0;0;0;0;0;0;0;0;0;0;0;0;0;0;0;0;0;0;0;0;0;0;0;0;0;0;0;0;0;00:00:00:000;00:00:00:000;;0;0;0;0;0;0;0;
2025-12-12 18:40:29;2025-12-12 18:42:14;2025-12-12 18:42:15;00:00:01;00:01:46;0;0;0;0;0;0;0;0;0;0;0;0;0;0;0;0;0;0;0;0;0;0;0;0;0;0;0;0;0;00:00:00:000;00:00:00:000;;0;0;0;0;0;0;0;
2025-12-12 18:40:29;2025-12-12 18:42:15;2025-12-12 18:42:16;00:00:01;00:01:47;0;0;0;0;0;0;0;0;0;0;0;0;0;0;0;0;0;0;0;0;0;0;0;0;0;0;0;0;0;00:00:00:000;00:00:00:000;;0;0;0;0;0;0;0;
2025-12-12 18:40:29;2025-12-12 18:42:16;2025-12-12 18:42:17;00:00:01;00:01:48;0;0;0;0;0;0;0;0;0;0;0;0;0;0;0;0;0;0;0;0;0;0;0;0;0;0;0;0;0;00:00:00:000;00:00:00:000;;0;0;0;0;0;0;0;
2025-12-12 18:40:29;2025-12-12 18:42:17;2025-12-12 18:42:18;00:00:01;00:01:49;0;0;0;0;0;0;0;0;0;0;0;0;0;0;0;0;0;0;0;0;0;0;0;0;0;0;0;0;0;00:00:00:000;00:00:00:000;;0;0;0;0;0;0;0;
2025-12-12 18:40:29;2025-12-12 18:42:18;2025-12-12 18:42:19;00:00:01;00:01:50;0;0;0;0;0;0;0;0;0;0;0;0;0;0;0;0;0;0;0;0;0;0;0;0;0;0;0;0;0;00:00:00:000;00:00:00:000;;0;0;0;0;0;0;0;
2025-12-12 18:40:29;2025-12-12 18:42:19;2025-12-12 18:42:20;00:00:01;00:01:51;0;0;0;0;0;0;0;0;0;0;0;0;0;0;0;0;0;0;0;0;0;0;0;0;0;0;0;0;0;00:00:00:000;00:00:00:000;;0;0;0;0;0;0;0;
2025-12-12 18:40:29;2025-12-12 18:42:20;2025-12-12 18:42:21;00:00:01;00:01:52;0;0;0;0;0;0;0;0;0;0;0;0;0;0;0;0;0;0;0;0;0;0;0;0;0;0;0;0;0;00:00:00:000;00:00:00:000;;0;0;0;0;0;0;0;
2025-12-12 18:40:29;2025-12-12 18:42:21;2025-12-12 18:42:22;00:00:01;00:01:53;0;0;0;0;0;0;0;0;0;0;0;0;0;0;0;0;0;0;0;0;0;0;0;0;0;0;0;0;0;00:00:00:000;00:00:00:000;;0;0;0;0;0;0;0;
2025-12-12 18:40:29;2025-12-12 18:42:22;2025-12-12 18:42:23;00:00:01;00:01:54;0;0;0;0;0;0;0;0;0;0;0;0;0;0;0;0;0;0;0;0;0;0;0;0;0;0;0;0;0;00:00:00:000;00:00:00:000;;0;0;0;0;0;0;0;
2025-12-12 18:40:29;2025-12-12 18:42:23;2025-12-12 18:42:24;00:00:01;00:01:55;0;0;0;0;0;0;0;0;0;0;0;0;0;0;0;0;0;0;0;0;0;0;0;0;0;0;0;0;0;00:00:00:000;00:00:00:000;;0;0;0;0;0;0;0;
2025-12-12 18:40:29;2025-12-12 18:42:24;2025-12-12 18:42:25;00:00:01;00:01:56;0;0;0;0;0;0;0;0;0;0;0;0;0;0;0;0;0;0;0;0;0;0;0;0;0;0;0;0;0;00:00:00:000;00:00:00:000;;0;0;0;0;0;0;0;
2025-12-12 18:40:29;2025-12-12 18:42:25;2025-12-12 18:42:26;00:00:01;00:01:57;0;0;0;0;0;0;0;0;0;0;0;0;0;0;0;0;0;0;0;0;0;0;0;0;0;0;0;0;0;00:00:00:000;00:00:00:000;;0;0;0;0;0;0;0;
2025-12-12 18:40:29;2025-12-12 18:42:26;2025-12-12 18:42:27;00:00:01;00:01:58;0;0;0;0;0;0;0;0;0;0;0;0;0;0;0;0;0;0;0;0;0;0;0;0;0;0;0;0;0;00:00:00:000;00:00:00:000;;0;0;0;0;0;0;0;
2025-12-12 18:40:29;2025-12-12 18:42:27;2025-12-12 18:42:28;00:00:01;00:01:59;0;0;0;0;0;0;0;0;0;0;0;0;0;0;0;0;0;0;0;0;0;0;0;0;0;0;0;0;0;00:00:00:000;00:00:00:000;;0;0;0;0;0;0;0;
2025-12-12 18:40:29;2025-12-12 18:42:28;2025-12-12 18:42:29;00:00:01;00:02:00;0;0;0;0;0;0;0;0;0;0;0;0;0;0;0;0;0;0;0;0;0;0;0;0;0;0;0;0;0;00:00:00:000;00:00:01:000;;0;0;0;0;0;0;0;
2025-12-12 18:40:29;2025-12-12 18:42:29;2025-12-12 18:42:30;00:00:01;00:02:01;0;0;0;0;0;0;0;0;0;0;0;0;0;0;0;0;0;0;0;0;0;0;0;0;0;0;0;0;0;00:00:00:000;00:00:00:000;;0;0;0;0;0;0;0;
2025-12-12 18:40:29;2025-12-12 18:42:30;2025-12-12 18:42:31;00:00:01;00:02:02;0;0;0;0;0;0;0;0;0;0;0;0;0;0;0;0;0;0;0;0;0;0;0;0;0;0;0;0;0;00:00:00:000;00:00:00:000;;0;0;0;0;0;0;0;
2025-12-12 18:40:29;2025-12-12 18:42:31;2025-12-12 18:42:32;00:00:01;00:02:03;0;0;0;0;0;0;0;0;0;0;0;0;0;0;0;0;0;0;0;0;0;0;0;0;0;0;0;0;0;00:00:00:000;00:00:00:000;;0;0;0;0;0;0;0;
2025-12-12 18:40:29;2025-12-12 18:42:32;2025-12-12 18:42:33;00:00:01;00:02:04;0;0;0;0;0;0;0;0;0;0;0;0;0;0;0;0;0;0;0;0;0;0;0;0;0;0;0;0;0;00:00:00:000;00:00:00:000;;0;0;0;0;0;0;0;
2025-12-12 18:40:29;2025-12-12 18:42:33;2025-12-12 18:42:34;00:00:01;00:02:05;0;0;0;0;0;0;0;0;0;0;0;0;0;0;0;0;0;0;0;0;0;0;0;0;0;0;0;0;0;00:00:00:000;00:00:00:000;;0;0;0;0;0;0;0;
2025-12-12 18:40:29;2025-12-12 18:42:34;2025-12-12 18:42:35;00:00:01;00:02:06;0;0;0;0;0;0;0;0;0;0;0;0;0;0;0;0;0;0;0;0;0;0;0;0;0;0;0;0;0;00:00:00:000;00:00:00:000;;0;0;0;0;0;0;0;
2025-12-12 18:40:29;2025-12-12 18:42:35;2025-12-12 18:42:36;00:00:01;00:02:07;0;0;0;0;0;0;0;0;0;0;0;0;0;0;0;0;0;0;0;0;0;0;0;0;0;0;0;0;0;00:00:00:000;00:00:00:000;;0;0;0;0;0;0;0;
2025-12-12 18:40:29;2025-12-12 18:42:36;2025-12-12 18:42:37;00:00:01;00:02:08;0;0;0;0;0;0;0;0;0;0;0;0;0;0;0;0;0;0;0;0;0;0;0;0;0;0;0;0;0;00:00:00:000;00:00:00:000;;0;0;0;0;0;0;0;
2025-12-12 18:40:29;2025-12-12 18:42:37;2025-12-12 18:42:38;00:00:01;00:02:09;0;0;0;0;0;0;0;0;0;0;0;0;0;0;0;0;0;0;0;0;0;0;0;0;0;0;0;0;0;00:00:00:000;00:00:00:000;;0;0;0;0;0;0;0;
2025-12-12 18:40:29;2025-12-12 18:42:38;2025-12-12 18:42:39;00:00:01;00:02:10;0;0;0;0;0;0;0;0;0;0;0;0;0;0;0;0;0;0;0;0;0;0;0;0;0;0;0;0;0;00:00:00:000;00:00:00:000;;0;0;0;0;0;0;0;
2025-12-12 18:40:29;2025-12-12 18:42:39;2025-12-12 18:42:40;00:00:01;00:02:11;0;0;0;0;0;0;0;0;0;0;0;0;0;0;0;0;0;0;0;0;0;0;0;0;0;0;0;0;0;00:00:00:000;00:00:00:000;;0;0;0;0;0;0;0;
2025-12-12 18:40:29;2025-12-12 18:42:40;2025-12-12 18:42:41;00:00:01;00:02:12;0;0;0;0;0;0;0;0;0;0;0;0;0;0;0;0;0;0;0;0;0;0;0;0;0;0;0;0;0;00:00:00:000;00:00:00:000;;0;0;0;0;0;0;0;
2025-12-12 18:40:29;2025-12-12 18:42:41;2025-12-12 18:42:42;00:00:01;00:02:13;0;0;0;0;0;0;0;0;0;0;0;0;0;0;0;0;0;0;0;0;0;0;0;0;0;0;0;0;0;00:00:00:000;00:00:00:000;;0;0;0;0;0;0;0;
2025-12-12 18:40:29;2025-12-12 18:42:43;2025-12-12 18:42:43;00:00:01;00:02:14;0;0;0;0;0;0;0;0;0;0;0;0;0;0;0;0;0;0;0;0;0;0;0;0;0;0;0;0;0;00:00:00:000;00:00:00:000;;0;0;0;0;0;0;0;
2025-12-12 18:40:29;2025-12-12 18:42:44;2025-12-12 18:42:44;00:00:01;00:02:15;0;0;0;0;0;0;0;0;0;0;0;0;0;0;0;0;0;0;0;0;0;0;0;0;0;0;0;0;0;00:00:00:000;00:00:00:000;;0;0;0;0;0;0;0;
2025-12-12 18:40:29;2025-12-12 18:42:45;2025-12-12 18:42:45;00:00:01;00:02:16;0;0;0;0;0;0;0;0;0;0;0;0;0;0;0;0;0;0;0;0;0;0;0;0;0;0;0;0;0;00:00:00:000;00:00:00:000;;0;0;0;0;0;0;0;
2025-12-12 18:40:29;2025-12-12 18:42:45;2025-12-12 18:42:46;00:00:01;00:02:17;0;0;0;0;0;0;0;0;0;0;0;0;0;0;0;0;0;0;0;0;0;0;0;0;0;0;0;0;0;00:00:00:000;00:00:00:000;;0;0;0;0;0;0;0;
2025-12-12 18:40:29;2025-12-12 18:42:46;2025-12-12 18:42:47;00:00:01;00:02:18;0;0;0;0;0;0;0;0;0;0;0;0;0;0;0;0;0;0;0;0;0;0;0;0;0;0;0;0;0;00:00:00:000;00:00:00:000;;0;0;0;0;0;0;0;
2025-12-12 18:40:29;2025-12-12 18:42:47;2025-12-12 18:42:48;00:00:01;00:02:19;0;0;0;0;0;0;0;0;0;0;0;0;0;0;0;0;0;0;0;0;0;0;0;0;0;0;0;0;0;00:00:00:000;00:00:00:000;;0;0;0;0;0;0;0;
2025-12-12 18:40:29;2025-12-12 18:42:48;2025-12-12 18:42:49;00:00:01;00:02:20;0;0;0;0;0;0;0;0;0;0;0;0;0;0;0;0;0;0;0;0;0;0;0;0;0;0;0;0;0;00:00:00:000;00:00:00:000;;0;0;0;0;0;0;0;
2025-12-12 18:40:29;2025-12-12 18:42:49;2025-12-12 18:42:50;00:00:01;00:02:21;0;0;0;0;0;0;0;0;0;0;0;0;0;0;0;0;0;0;0;0;0;0;0;0;0;0;0;0;0;00:00:00:000;00:00:00:000;;0;0;0;0;0;0;0;
2025-12-12 18:40:29;2025-12-12 18:42:50;2025-12-12 18:42:51;00:00:01;00:02:22;0;0;0;0;0;0;0;0;0;0;0;0;0;0;0;0;0;0;0;0;0;0;0;0;0;0;0;0;0;00:00:00:000;00:00:00:000;;0;0;0;0;0;0;0;
2025-12-12 18:40:29;2025-12-12 18:42:51;2025-12-12 18:42:52;00:00:01;00:02:23;0;0;0;0;0;0;0;0;0;0;0;0;0;0;0;0;0;0;0;0;0;0;0;0;0;0;0;0;0;00:00:00:000;00:00:00:000;;0;0;0;0;0;0;0;
2025-12-12 18:40:29;2025-12-12 18:42:53;2025-12-12 18:42:53;00:00:01;00:02:24;0;0;0;0;0;0;0;0;0;0;0;0;0;0;0;0;0;0;0;0;0;0;0;0;0;0;0;0;0;00:00:00:000;00:00:00:000;;0;0;0;0;0;0;0;
2025-12-12 18:40:29;2025-12-12 18:42:54;2025-12-12 18:42:54;00:00:01;00:02:25;0;0;0;0;0;0;0;0;0;0;0;0;0;0;0;0;0;0;0;0;0;0;0;0;0;0;0;0;0;00:00:00:000;00:00:00:000;;0;0;0;0;0;0;0;
2025-12-12 18:40:29;2025-12-12 18:42:55;2025-12-12 18:42:55;00:00:01;00:02:26;0;0;0;0;0;0;0;0;0;0;0;0;0;0;0;0;0;0;0;0;0;0;0;0;0;0;0;0;0;00:00:00:000;00:00:00:000;;0;0;0;0;0;0;0;
2025-12-12 18:40:29;2025-12-12 18:42:56;2025-12-12 18:42:56;00:00:01;00:02:27;0;0;0;0;0;0;0;0;0;0;0;0;0;0;0;0;0;0;0;0;0;0;0;0;0;0;0;0;0;00:00:00:000;00:00:00:000;;0;0;0;0;0;0;0;
2025-12-12 18:40:29;2025-12-12 18:42:57;2025-12-12 18:42:57;00:00:01;00:02:28;0;0;0;0;0;0;0;0;0;0;0;0;0;0;0;0;0;0;0;0;0;0;0;0;0;0;0;0;0;00:00:00:000;00:00:00:000;;0;0;0;0;0;0;0;
2025-12-12 18:40:29;2025-12-12 18:42:57;2025-12-12 18:42:58;00:00:01;00:02:29;0;0;0;0;0;0;0;0;0;0;0;0;0;0;0;0;0;0;0;0;0;0;0;0;0;0;0;0;0;00:00:00:000;00:00:00:000;;0;0;0;0;0;0;0;
2025-12-12 18:40:29;2025-12-12 18:42:58;2025-12-12 18:42:59;00:00:01;00:02:30;0;0;0;0;0;0;0;0;0;0;0;0;0;0;0;0;0;0;0;0;0;0;0;0;0;0;0;0;0;00:00:00:000;00:00:00:000;;0;0;0;0;0;0;0;
2025-12-12 18:40:29;2025-12-12 18:42:59;2025-12-12 18:43:00;00:00:01;00:02:31;0;0;0;0;0;0;0;0;0;0;0;0;0;0;0;0;0;0;0;0;0;0;0;0;0;0;0;0;0;00:00:00:000;00:00:00:000;;0;0;0;0;0;0;0;
2025-12-12 18:40:29;2025-12-12 18:43:00;2025-12-12 18:43:01;00:00:01;00:02:32;0;0;0;0;0;0;0;0;0;0;0;0;0;0;0;0;0;0;0;0;0;0;0;0;0;0;0;0;0;00:00:00:000;00:00:00:000;;0;0;0;0;0;0;0;
2025-12-12 18:40:29;2025-12-12 18:43:01;2025-12-12 18:43:02;00:00:01;00:02:33;0;0;0;0;0;0;0;0;0;0;0;0;0;0;0;0;0;0;0;0;0;0;0;0;0;0;0;0;0;00:00:00:000;00:00:00:000;;0;0;0;0;0;0;0;
2025-12-12 18:40:29;2025-12-12 18:43:02;2025-12-12 18:43:03;00:00:01;00:02:34;0;0;0;0;0;0;0;0;0;0;0;0;0;0;0;0;0;0;0;0;0;0;0;0;0;0;0;0;0;00:00:00:000;00:00:00:000;;0;0;0;0;0;0;0;
2025-12-12 18:40:29;2025-12-12 18:43:03;2025-12-12 18:43:04;00:00:01;00:02:35;0;0;0;0;0;0;0;0;0;0;0;0;0;0;0;0;0;0;0;0;0;0;0;0;0;0;0;0;0;00:00:00:000;00:00:00:000;;0;0;0;0;0;0;0;
2025-12-12 18:40:29;2025-12-12 18:43:04;2025-12-12 18:43:05;00:00:01;00:02:36;0;0;0;0;0;0;0;0;0;0;0;0;0;0;0;0;0;0;0;0;0;0;0;0;0;0;0;0;0;00:00:00:000;00:00:00:000;;0;0;0;0;0;0;0;
2025-12-12 18:40:29;2025-12-12 18:43:05;2025-12-12 18:43:06;00:00:01;00:02:37;0;0;0;0;0;0;0;0;0;0;0;0;0;0;0;0;0;0;0;0;0;0;0;0;0;0;0;0;0;00:00:00:000;00:00:00:000;;0;0;0;0;0;0;0;
2025-12-12 18:40:29;2025-12-12 18:43:06;2025-12-12 18:43:07;00:00:01;00:02:38;0;0;0;0;0;0;0;0;0;0;0;0;0;0;0;0;0;0;0;0;0;0;0;0;0;0;0;0;0;00:00:00:000;00:00:00:000;;0;0;0;0;0;0;0;
2025-12-12 18:40:29;2025-12-12 18:43:07;2025-12-12 18:43:08;00:00:01;00:02:39;0;0;0;0;0;0;0;0;0;0;0;0;0;0;0;0;0;0;0;0;0;0;0;0;0;0;0;0;0;00:00:00:000;00:00:00:000;;0;0;0;0;0;0;0;
2025-12-12 18:40:29;2025-12-12 18:43:08;2025-12-12 18:43:09;00:00:01;00:02:40;0;0;0;0;0;0;0;0;0;0;0;0;0;0;0;0;0;0;0;0;0;0;0;0;0;0;0;0;0;00:00:00:000;00:00:00:000;;0;0;0;0;0;0;0;
2025-12-12 18:40:29;2025-12-12 18:43:09;2025-12-12 18:43:10;00:00:01;00:02:41;0;0;0;0;0;0;0;0;0;0;0;0;0;0;0;0;0;0;0;0;0;0;0;0;0;0;0;0;0;00:00:00:000;00:00:00:000;;0;0;0;0;0;0;0;
2025-12-12 18:40:29;2025-12-12 18:43:10;2025-12-12 18:43:11;00:00:01;00:02:42;0;0;0;0;0;0;0;0;0;0;0;0;0;0;0;0;0;0;0;0;0;0;0;0;0;0;0;0;0;00:00:00:000;00:00:00:000;;0;0;0;0;0;0;0;
2025-12-12 18:40:29;2025-12-12 18:43:11;2025-12-12 18:43:12;00:00:01;00:02:43;0;0;0;0;0;0;0;0;0;0;0;0;0;0;0;0;0;0;0;0;0;0;0;0;0;0;0;0;0;00:00:00:000;00:00:00:000;;0;0;0;0;0;0;0;
2025-12-12 18:40:29;2025-12-12 18:43:12;2025-12-12 18:43:13;00:00:01;00:02:44;0;0;0;0;0;0;0;0;0;0;0;0;0;0;0;0;0;0;0;0;0;0;0;0;0;0;0;0;0;00:00:00:000;00:00:00:000;;0;0;0;0;0;0;0;
2025-12-12 18:40:29;2025-12-12 18:43:13;2025-12-12 18:43:14;00:00:01;00:02:45;0;0;0;0;0;0;0;0;0;0;0;0;0;0;0;0;0;0;0;0;0;0;0;0;0;0;0;0;0;00:00:00:000;00:00:00:000;;0;0;0;0;0;0;0;
2025-12-12 18:40:29;2025-12-12 18:43:14;2025-12-12 18:43:15;00:00:01;00:02:46;0;0;0;0;0;0;0;0;0;0;0;0;0;0;0;0;0;0;0;0;0;0;0;0;0;0;0;0;0;00:00:00:000;00:00:00:000;;0;0;0;0;0;0;0;
2025-12-12 18:40:29;2025-12-12 18:43:15;2025-12-12 18:43:16;00:00:01;00:02:47;0;0;0;0;0;0;0;0;0;0;0;0;0;0;0;0;0;0;0;0;0;0;0;0;0;0;0;0;0;00:00:00:000;00:00:00:000;;0;0;0;0;0;0;0;
2025-12-12 18:40:29;2025-12-12 18:43:16;2025-12-12 18:43:17;00:00:01;00:02:48;0;0;0;0;0;0;0;0;0;0;0;0;0;0;0;0;0;0;0;0;0;0;0;0;0;0;0;0;0;00:00:00:000;00:00:00:000;;0;0;0;0;0;0;0;
2025-12-12 18:40:29;2025-12-12 18:43:18;2025-12-12 18:43:18;00:00:01;00:02:49;0;0;0;0;0;0;0;0;0;0;0;0;0;0;0;0;0;0;0;0;0;0;0;0;0;0;0;0;0;00:00:00:000;00:00:00:000;;0;0;0;0;0;0;0;
2025-12-12 18:40:29;2025-12-12 18:43:19;2025-12-12 18:43:19;00:00:01;00:02:50;0;0;0;0;0;0;0;0;0;0;0;0;0;0;0;0;0;0;0;0;0;0;0;0;0;0;0;0;0;00:00:00:000;00:00:00:000;;0;0;0;0;0;0;0;
2025-12-12 18:40:29;2025-12-12 18:43:19;2025-12-12 18:43:20;00:00:01;00:02:51;0;0;0;0;0;0;0;0;0;0;0;0;0;0;0;0;0;0;0;0;0;0;0;0;0;0;0;0;0;00:00:00:000;00:00:00:000;;0;0;0;0;0;0;0;
2025-12-12 18:40:29;2025-12-12 18:43:20;2025-12-12 18:43:21;00:00:01;00:02:52;0;0;0;0;0;0;0;0;0;0;0;0;0;0;0;0;0;0;0;0;0;0;0;0;0;0;0;0;0;00:00:00:000;00:00:00:000;;0;0;0;0;0;0;0;
2025-12-12 18:40:29;2025-12-12 18:43:21;2025-12-12 18:43:22;00:00:01;00:02:53;0;0;0;0;0;0;0;0;0;0;0;0;0;0;0;0;0;0;0;0;0;0;0;0;0;0;0;0;0;00:00:00:000;00:00:00:000;;0;0;0;0;0;0;0;
2025-12-12 18:40:29;2025-12-12 18:43:22;2025-12-12 18:43:23;00:00:01;00:02:54;0;0;0;0;0;0;0;0;0;0;0;0;0;0;0;0;0;0;0;0;0;0;0;0;0;0;0;0;0;00:00:00:000;00:00:00:000;;0;0;0;0;0;0;0;
2025-12-12 18:40:29;2025-12-12 18:43:23;2025-12-12 18:43:24;00:00:01;00:02:55;0;0;0;0;0;0;0;0;0;0;0;0;0;0;0;0;0;0;0;0;0;0;0;0;0;0;0;0;0;00:00:00:000;00:00:00:000;;0;0;0;0;0;0;0;
2025-12-12 18:40:29;2025-12-12 18:43:25;2025-12-12 18:43:25;00:00:01;00:02:56;0;0;0;0;0;0;0;0;0;0;0;0;0;0;0;0;0;0;0;0;0;0;0;0;0;0;0;0;0;00:00:00:000;00:00:00:000;;0;0;0;0;0;0;0;
2025-12-12 18:40:29;2025-12-12 18:43:25;2025-12-12 18:43:26;00:00:01;00:02:57;0;0;0;0;0;0;0;0;0;0;0;0;0;0;0;0;0;0;0;0;0;0;0;0;0;0;0;0;0;00:00:00:000;00:00:00:000;;0;0;0;0;0;0;0;
2025-12-12 18:40:29;2025-12-12 18:43:26;2025-12-12 18:43:27;00:00:01;00:02:58;0;0;0;0;0;0;0;0;0;0;0;0;0;0;0;0;0;0;0;0;0;0;0;0;0;0;0;0;0;00:00:00:000;00:00:00:000;;0;0;0;0;0;0;0;
2025-12-12 18:40:29;2025-12-12 18:43:27;2025-12-12 18:43:28;00:00:01;00:02:59;0;0;0;0;0;0;0;0;0;0;0;0;0;0;0;0;0;0;0;0;0;0;0;0;0;0;0;0;0;00:00:00:000;00:00:00:000;;0;0;0;0;0;0;0;
2025-12-12 18:40:29;2025-12-12 18:43:28;2025-12-12 18:43:29;00:00:01;00:03:00;0;0;0;0;0;0;0;0;0;0;0;0;0;0;0;0;0;0;0;0;0;0;0;0;0;0;0;0;0;00:00:00:000;00:00:00:000;;0;0;0;0;0;0;0;
2025-12-12 18:40:29;2025-12-12 18:43:29;2025-12-12 18:43:30;00:00:01;00:03:01;0;0;0;0;0;0;0;0;0;0;0;0;0;0;0;0;0;0;0;0;0;0;0;0;0;0;0;0;0;00:00:00:000;00:00:00:000;;0;0;0;0;0;0;0;
2025-12-12 18:40:29;2025-12-12 18:43:31;2025-12-12 18:43:31;00:00:01;00:03:02;0;0;0;0;0;0;0;0;0;0;0;0;0;0;0;0;0;0;0;0;0;0;0;0;0;0;0;0;0;00:00:00:000;00:00:00:000;;0;0;0;0;0;0;0;
2025-12-12 18:40:29;2025-12-12 18:43:31;2025-12-12 18:43:32;00:00:01;00:03:03;0;0;0;0;0;0;0;0;0;0;0;0;0;0;0;0;0;0;0;0;0;0;0;0;0;0;0;0;0;00:00:00:000;00:00:00:000;;0;0;0;0;0;0;0;
2025-12-12 18:40:29;2025-12-12 18:43:32;2025-12-12 18:43:33;00:00:01;00:03:04;0;0;0;0;0;0;0;0;0;0;0;0;0;0;0;0;0;0;0;0;0;0;0;0;0;0;0;0;0;00:00:00:000;00:00:00:000;;0;0;0;0;0;0;0;
2025-12-12 18:40:29;2025-12-12 18:43:33;2025-12-12 18:43:34;00:00:01;00:03:05;0;0;0;0;0;0;0;0;0;0;0;0;0;0;0;0;0;0;0;0;0;0;0;0;0;0;0;0;0;00:00:00:000;00:00:00:000;;0;0;0;0;0;0;0;
2025-12-12 18:40:29;2025-12-12 18:43:35;2025-12-12 18:43:35;00:00:01;00:03:06;0;0;0;0;0;0;0;0;0;0;0;0;0;0;0;0;0;0;0;0;0;0;0;0;0;0;0;0;0;00:00:00:000;00:00:00:000;;0;0;0;0;0;0;0;
2025-12-12 18:40:29;2025-12-12 18:43:35;2025-12-12 18:43:36;00:00:01;00:03:07;0;0;0;0;0;0;0;0;0;0;0;0;0;0;0;0;0;0;0;0;0;0;0;0;0;0;0;0;0;00:00:00:000;00:00:00:000;;0;0;0;0;0;0;0;
2025-12-12 18:40:29;2025-12-12 18:43:36;2025-12-12 18:43:37;00:00:01;00:03:08;0;0;0;0;0;0;0;0;0;0;0;0;0;0;0;0;0;0;0;0;0;0;0;0;0;0;0;0;0;00:00:00:000;00:00:00:000;;0;0;0;0;0;0;0;
2025-12-12 18:40:29;2025-12-12 18:43:37;2025-12-12 18:43:38;00:00:01;00:03:09;0;0;0;0;0;0;0;0;0;0;0;0;0;0;0;0;0;0;0;0;0;0;0;0;0;0;0;0;0;00:00:00:000;00:00:00:000;;0;0;0;0;0;0;0;
2025-12-12 18:40:29;2025-12-12 18:43:38;2025-12-12 18:43:39;00:00:01;00:03:10;0;0;0;0;0;0;0;0;0;0;0;0;0;0;0;0;0;0;0;0;0;0;0;0;0;0;0;0;0;00:00:00:000;00:00:00:000;;0;0;0;0;0;0;0;
2025-12-12 18:40:29;2025-12-12 18:43:40;2025-12-12 18:43:40;00:00:01;00:03:11;0;0;0;0;0;0;0;0;0;0;0;0;0;0;0;0;0;0;0;0;0;0;0;0;0;0;0;0;0;00:00:00:000;00:00:00:000;;0;0;0;0;0;0;0;
2025-12-12 18:40:29;2025-12-12 18:43:41;2025-12-12 18:43:41;00:00:01;00:03:12;0;0;0;0;0;0;0;0;0;0;0;0;0;0;0;0;0;0;0;0;0;0;0;0;0;0;0;0;0;00:00:00:000;00:00:00:000;;0;0;0;0;0;0;0;
2025-12-12 18:40:29;2025-12-12 18:43:42;2025-12-12 18:43:42;00:00:01;00:03:13;0;0;0;0;0;0;0;0;0;0;0;0;0;0;0;0;0;0;0;0;0;0;0;0;0;0;0;0;0;00:00:00:000;00:00:00:000;;0;0;0;0;0;0;0;
2025-12-12 18:40:29;2025-12-12 18:43:42;2025-12-12 18:43:43;00:00:01;00:03:14;0;0;0;0;0;0;0;0;0;0;0;0;0;0;0;0;0;0;0;0;0;0;0;0;0;0;0;0;0;00:00:00:000;00:00:00:000;;0;0;0;0;0;0;0;
2025-12-12 18:40:29;2025-12-12 18:43:43;2025-12-12 18:43:44;00:00:01;00:03:15;0;0;0;0;0;0;0;0;0;0;0;0;0;0;0;0;0;0;0;0;0;0;0;0;0;0;0;0;0;00:00:00:000;00:00:00:000;;0;0;0;0;0;0;0;
2025-12-12 18:40:29;2025-12-12 18:43:44;2025-12-12 18:43:45;00:00:01;00:03:16;0;0;0;0;0;0;0;0;0;0;0;0;0;0;0;0;0;0;0;0;0;0;0;0;0;0;0;0;0;00:00:00:000;00:00:00:000;;0;0;0;0;0;0;0;
2025-12-12 18:40:29;2025-12-12 18:43:45;2025-12-12 18:43:46;00:00:01;00:03:17;0;0;0;0;0;0;0;0;0;0;0;0;0;0;0;0;0;0;0;0;0;0;0;0;0;0;0;0;0;00:00:00:000;00:00:00:000;;0;0;0;0;0;0;0;
2025-12-12 18:40:29;2025-12-12 18:43:46;2025-12-12 18:43:47;00:00:01;00:03:18;0;0;0;0;0;0;0;0;0;0;0;0;0;0;0;0;0;0;0;0;0;0;0;0;0;0;0;0;0;00:00:00:000;00:00:00:000;;0;0;0;0;0;0;0;
2025-12-12 18:40:29;2025-12-12 18:43:47;2025-12-12 18:43:48;00:00:01;00:03:19;0;0;0;0;0;0;0;0;0;0;0;0;0;0;0;0;0;0;0;0;0;0;0;0;0;0;0;0;0;00:00:00:000;00:00:00:000;;0;0;0;0;0;0;0;
2025-12-12 18:40:29;2025-12-12 18:43:48;2025-12-12 18:43:49;00:00:01;00:03:20;0;0;0;0;0;0;0;0;0;0;0;0;0;0;0;0;0;0;0;0;0;0;0;0;0;0;0;0;0;00:00:00:000;00:00:00:000;;0;0;0;0;0;0;0;
2025-12-12 18:40:29;2025-12-12 18:43:49;2025-12-12 18:43:50;00:00:01;00:03:21;0;0;0;0;0;0;0;0;0;0;0;0;0;0;0;0;0;0;0;0;0;0;0;0;0;0;0;0;0;00:00:00:000;00:00:00:000;;0;0;0;0;0;0;0;
2025-12-12 18:40:29;2025-12-12 18:43:50;2025-12-12 18:43:51;00:00:01;00:03:22;0;0;0;0;0;0;0;0;0;0;0;0;0;0;0;0;0;0;0;0;0;0;0;0;0;0;0;0;0;00:00:00:000;00:00:00:000;;0;0;0;0;0;0;0;
2025-12-12 18:40:29;2025-12-12 18:43:51;2025-12-12 18:43:52;00:00:01;00:03:23;0;0;0;0;0;0;0;0;0;0;0;0;0;0;0;0;0;0;0;0;0;0;0;0;0;0;0;0;0;00:00:00:000;00:00:00:000;;0;0;0;0;0;0;0;
2025-12-12 18:40:29;2025-12-12 18:43:52;2025-12-12 18:43:53;00:00:01;00:03:24;0;0;0;0;0;0;0;0;0;0;0;0;0;0;0;0;0;0;0;0;0;0;0;0;0;0;0;0;0;00:00:00:000;00:00:00:000;;0;0;0;0;0;0;0;
2025-12-12 18:40:29;2025-12-12 18:43:53;2025-12-12 18:43:54;00:00:01;00:03:25;0;0;0;0;0;0;0;0;0;0;0;0;0;0;0;0;0;0;0;0;0;0;0;0;0;0;0;0;0;00:00:00:000;00:00:00:000;;0;0;0;0;0;0;0;
2025-12-12 18:40:29;2025-12-12 18:43:54;2025-12-12 18:43:55;00:00:01;00:03:26;0;0;0;0;0;0;0;0;0;0;0;0;0;0;0;0;0;0;0;0;0;0;0;0;0;0;0;0;0;00:00:00:000;00:00:00:000;;0;0;0;0;0;0;0;
2025-12-12 18:40:29;2025-12-12 18:43:55;2025-12-12 18:43:56;00:00:01;00:03:27;0;0;0;0;0;0;0;0;0;0;0;0;0;0;0;0;0;0;0;0;0;0;0;0;0;0;0;0;0;00:00:00:000;00:00:00:000;;0;0;0;0;0;0;0;
2025-12-12 18:40:29;2025-12-12 18:43:56;2025-12-12 18:43:57;00:00:01;00:03:28;0;0;0;0;0;0;0;0;0;0;0;0;0;0;0;0;0;0;0;0;0;0;0;0;0;0;0;0;0;00:00:00:000;00:00:00:000;;0;0;0;0;0;0;0;
2025-12-12 18:40:29;2025-12-12 18:43:57;2025-12-12 18:43:58;00:00:01;00:03:29;0;0;0;0;0;0;0;0;0;0;0;0;0;0;0;0;0;0;0;0;0;0;0;0;0;0;0;0;0;00:00:00:000;00:00:00:000;;0;0;0;0;0;0;0;
2025-12-12 18:40:29;2025-12-12 18:43:58;2025-12-12 18:43:59;00:00:01;00:03:30;0;0;0;0;0;0;0;0;0;0;0;0;0;0;0;0;0;0;0;0;0;0;0;0;0;0;0;0;0;00:00:00:000;00:00:00:000;;0;0;0;0;0;0;0;
2025-12-12 18:40:29;2025-12-12 18:43:59;2025-12-12 18:44:00;00:00:01;00:03:31;0;0;0;0;0;0;0;0;0;0;0;0;0;0;0;0;0;0;0;0;0;0;0;0;0;0;0;0;0;00:00:00:000;00:00:00:000;;0;0;0;0;0;0;0;
2025-12-12 18:40:29;2025-12-12 18:44:00;2025-12-12 18:44:01;00:00:01;00:03:32;0;0;0;0;0;0;0;0;0;0;0;0;0;0;0;0;0;0;0;0;0;0;0;0;0;0;0;0;0;00:00:00:000;00:00:00:000;;0;0;0;0;0;0;0;
2025-12-12 18:40:29;2025-12-12 18:44:01;2025-12-12 18:44:02;00:00:01;00:03:33;0;0;0;0;0;0;0;0;0;0;0;0;0;0;0;0;0;0;0;0;0;0;0;0;0;0;0;0;0;00:00:00:000;00:00:00:000;;0;0;0;0;0;0;0;
2025-12-12 18:40:29;2025-12-12 18:44:02;2025-12-12 18:44:03;00:00:01;00:03:34;0;0;0;0;0;0;0;0;0;0;0;0;0;0;0;0;0;0;0;0;0;0;0;0;0;0;0;0;0;00:00:00:000;00:00:00:000;;0;0;0;0;0;0;0;
2025-12-12 18:40:29;2025-12-12 18:44:03;2025-12-12 18:44:04;00:00:01;00:03:35;0;0;0;0;0;0;0;0;0;0;0;0;0;0;0;0;0;0;0;0;0;0;0;0;0;0;0;0;0;00:00:00:000;00:00:00:000;;0;0;0;0;0;0;0;
2025-12-12 18:40:29;2025-12-12 18:44:04;2025-12-12 18:44:05;00:00:01;00:03:36;0;0;0;0;0;0;0;0;0;0;0;0;0;0;0;0;0;0;0;0;0;0;0;0;0;0;0;0;0;00:00:00:000;00:00:00:000;;0;0;0;0;0;0;0;
2025-12-12 18:40:29;2025-12-12 18:44:05;2025-12-12 18:44:06;00:00:01;00:03:37;0;0;0;0;0;0;0;0;0;0;0;0;0;0;0;0;0;0;0;0;0;0;0;0;0;0;0;0;0;00:00:00:000;00:00:00:000;;0;0;0;0;0;0;0;
2025-12-12 18:40:29;2025-12-12 18:44:06;2025-12-12 18:44:07;00:00:01;00:03:38;0;0;0;0;0;0;0;0;0;0;0;0;0;0;0;0;0;0;0;0;0;0;0;0;0;0;0;0;0;00:00:00:000;00:00:00:000;;0;0;0;0;0;0;0;
2025-12-12 18:40:29;2025-12-12 18:44:07;2025-12-12 18:44:08;00:00:01;00:03:39;0;0;0;0;0;0;0;0;0;0;0;0;0;0;0;0;0;0;0;0;0;0;0;0;0;0;0;0;0;00:00:00:000;00:00:00:000;;0;0;0;0;0;0;0;
2025-12-12 18:40:29;2025-12-12 18:44:08;2025-12-12 18:44:09;00:00:01;00:03:40;0;0;0;0;0;0;0;0;0;0;0;0;0;0;0;0;0;0;0;0;0;0;0;0;0;0;0;0;0;00:00:00:000;00:00:00:000;;0;0;0;0;0;0;0;
2025-12-12 18:40:29;2025-12-12 18:44:09;2025-12-12 18:44:10;00:00:01;00:03:41;0;0;0;0;0;0;0;0;0;0;0;0;0;0;0;0;0;0;0;0;0;0;0;0;0;0;0;0;0;00:00:00:000;00:00:00:000;;0;0;0;0;0;0;0;
2025-12-12 18:40:29;2025-12-12 18:44:10;2025-12-12 18:44:11;00:00:01;00:03:42;0;0;0;0;0;0;0;0;0;0;0;0;0;0;0;0;0;0;0;0;0;0;0;0;0;0;0;0;0;00:00:00:000;00:00:00:000;;0;0;0;0;0;0;0;
2025-12-12 18:40:29;2025-12-12 18:44:11;2025-12-12 18:44:12;00:00:01;00:03:43;0;0;0;0;0;0;0;0;0;0;0;0;0;0;0;0;0;0;0;0;0;0;0;0;0;0;0;0;0;00:00:00:000;00:00:00:000;;0;0;0;0;0;0;0;
2025-12-12 18:40:29;2025-12-12 18:44:12;2025-12-12 18:44:13;00:00:01;00:03:44;0;0;0;0;0;0;0;0;0;0;0;0;0;0;0;0;0;0;0;0;0;0;0;0;0;0;0;0;0;00:00:00:000;00:00:00:000;;0;0;0;0;0;0;0;
2025-12-12 18:40:29;2025-12-12 18:44:13;2025-12-12 18:44:14;00:00:01;00:03:45;0;0;0;0;0;0;0;0;0;0;0;0;0;0;0;0;0;0;0;0;0;0;0;0;0;0;0;0;0;00:00:00:000;00:00:00:000;;0;0;0;0;0;0;0;
2025-12-12 18:40:29;2025-12-12 18:44:14;2025-12-12 18:44:15;00:00:01;00:03:46;0;0;0;0;0;0;0;0;0;0;0;0;0;0;0;0;0;0;0;0;0;0;0;0;0;0;0;0;0;00:00:00:000;00:00:00:000;;0;0;0;0;0;0;0;
2025-12-12 18:40:29;2025-12-12 18:44:15;2025-12-12 18:44:16;00:00:01;00:03:47;0;0;0;0;0;0;0;0;0;0;0;0;0;0;0;0;0;0;0;0;0;0;0;0;0;0;0;0;0;00:00:00:000;00:00:00:000;;0;0;0;0;0;0;0;
2025-12-12 18:40:29;2025-12-12 18:44:16;2025-12-12 18:44:17;00:00:01;00:03:48;0;0;0;0;0;0;0;0;0;0;0;0;0;0;0;0;0;0;0;0;0;0;0;0;0;0;0;0;0;00:00:00:000;00:00:00:000;;0;0;0;0;0;0;0;
2025-12-12 18:40:29;2025-12-12 18:44:17;2025-12-12 18:44:18;00:00:01;00:03:49;0;0;0;0;0;0;0;0;0;0;0;0;0;0;0;0;0;0;0;0;0;0;0;0;0;0;0;0;0;00:00:00:000;00:00:00:000;;0;0;0;0;0;0;0;
2025-12-12 18:40:29;2025-12-12 18:44:18;2025-12-12 18:44:19;00:00:01;00:03:50;0;0;0;0;0;0;0;0;0;0;0;0;0;0;0;0;0;0;0;0;0;0;0;0;0;0;0;0;0;00:00:00:000;00:00:00:000;;0;0;0;0;0;0;0;
2025-12-12 18:40:29;2025-12-12 18:44:19;2025-12-12 18:44:20;00:00:01;00:03:51;0;0;0;0;0;0;0;0;0;0;0;0;0;0;0;0;0;0;0;0;0;0;0;0;0;0;0;0;0;00:00:00:000;00:00:00:000;;0;0;0;0;0;0;0;
2025-12-12 18:40:29;2025-12-12 18:44:20;2025-12-12 18:44:21;00:00:01;00:03:52;0;0;0;0;0;0;0;0;0;0;0;0;0;0;0;0;0;0;0;0;0;0;0;0;0;0;0;0;0;00:00:00:000;00:00:00:000;;0;0;0;0;0;0;0;
2025-12-12 18:40:29;2025-12-12 18:44:21;2025-12-12 18:44:22;00:00:01;00:03:53;0;0;0;0;0;0;0;0;0;0;0;0;0;0;0;0;0;0;0;0;0;0;0;0;0;0;0;0;0;00:00:00:000;00:00:00:000;;0;0;0;0;0;0;0;
2025-12-12 18:40:29;2025-12-12 18:44:22;2025-12-12 18:44:23;00:00:01;00:03:54;0;0;0;0;0;0;0;0;0;0;0;0;0;0;0;0;0;0;0;0;0;0;0;0;0;0;0;0;0;00:00:00:000;00:00:00:000;;0;0;0;0;0;0;0;
2025-12-12 18:40:29;2025-12-12 18:44:23;2025-12-12 18:44:24;00:00:01;00:03:55;0;0;0;0;0;0;0;0;0;0;0;0;0;0;0;0;0;0;0;0;0;0;0;0;0;0;0;0;0;00:00:00:000;00:00:00:000;;0;0;0;0;0;0;0;
2025-12-12 18:40:29;2025-12-12 18:44:24;2025-12-12 18:44:25;00:00:01;00:03:56;0;0;0;0;0;0;0;0;0;0;0;0;0;0;0;0;0;0;0;0;0;0;0;0;0;0;0;0;0;00:00:00:000;00:00:00:000;;0;0;0;0;0;0;0;
2025-12-12 18:40:29;2025-12-12 18:44:25;2025-12-12 18:44:26;00:00:01;00:03:57;0;0;0;0;0;0;0;0;0;0;0;0;0;0;0;0;0;0;0;0;0;0;0;0;0;0;0;0;0;00:00:00:000;00:00:00:000;;0;0;0;0;0;0;0;
2025-12-12 18:40:29;2025-12-12 18:44:26;2025-12-12 18:44:27;00:00:01;00:03:58;0;0;0;0;0;0;0;0;0;0;0;0;0;0;0;0;0;0;0;0;0;0;0;0;0;0;0;0;0;00:00:00:000;00:00:00:000;;0;0;0;0;0;0;0;
2025-12-12 18:40:29;2025-12-12 18:44:27;2025-12-12 18:44:28;00:00:01;00:03:59;0;0;0;0;0;0;0;0;0;0;0;0;0;0;0;0;0;0;0;0;0;0;0;0;0;0;0;0;0;00:00:00:000;00:00:00:000;;0;0;0;0;0;0;0;
2025-12-12 18:40:29;2025-12-12 18:44:28;2025-12-12 18:44:29;00:00:01;00:04:00;0;0;0;0;0;0;0;0;0;0;0;0;0;0;0;0;0;0;0;0;0;0;0;0;0;0;0;0;0;00:00:00:000;00:00:00:000;;0;0;0;0;0;0;0;
2025-12-12 18:40:29;2025-12-12 18:44:29;2025-12-12 18:44:30;00:00:01;00:04:01;0;0;0;0;0;0;0;0;0;0;0;0;0;0;0;0;0;0;0;0;0;0;0;0;0;0;0;0;0;00:00:00:000;00:00:00:000;;0;0;0;0;0;0;0;
2025-12-12 18:40:29;2025-12-12 18:44:30;2025-12-12 18:44:31;00:00:01;00:04:02;0;0;0;0;0;0;0;0;0;0;0;0;0;0;0;0;0;0;0;0;0;0;0;0;0;0;0;0;0;00:00:00:000;00:00:00:000;;0;0;0;0;0;0;0;
2025-12-12 18:40:29;2025-12-12 18:44:32;2025-12-12 18:44:32;00:00:01;00:04:03;0;0;0;0;0;0;0;0;0;0;0;0;0;0;0;0;0;0;0;0;0;0;0;0;0;0;0;0;0;00:00:00:000;00:00:00:000;;0;0;0;0;0;0;0;
2025-12-12 18:40:29;2025-12-12 18:44:33;2025-12-12 18:44:33;00:00:01;00:04:04;0;0;0;0;0;0;0;0;0;0;0;0;0;0;0;0;0;0;0;0;0;0;0;0;0;0;0;0;0;00:00:00:000;00:00:00:000;;0;0;0;0;0;0;0;
2025-12-12 18:40:29;2025-12-12 18:44:34;2025-12-12 18:44:34;00:00:01;00:04:05;0;0;0;0;0;0;0;0;0;0;0;0;0;0;0;0;0;0;0;0;0;0;0;0;0;0;0;0;0;00:00:00:000;00:00:00:000;;0;0;0;0;0;0;0;
2025-12-12 18:40:29;2025-12-12 18:44:34;2025-12-12 18:44:35;00:00:01;00:04:06;0;0;0;0;0;0;0;0;0;0;0;0;0;0;0;0;0;0;0;0;0;0;0;0;0;0;0;0;0;00:00:00:000;00:00:00:000;;0;0;0;0;0;0;0;
2025-12-12 18:40:29;2025-12-12 18:44:35;2025-12-12 18:44:36;00:00:01;00:04:07;0;0;0;0;0;0;0;0;0;0;0;0;0;0;0;0;0;0;0;0;0;0;0;0;0;0;0;0;0;00:00:00:000;00:00:00:000;;0;0;0;0;0;0;0;
2025-12-12 18:40:29;2025-12-12 18:44:36;2025-12-12 18:44:37;00:00:01;00:04:08;0;0;0;0;0;0;0;0;0;0;0;0;0;0;0;0;0;0;0;0;0;0;0;0;0;0;0;0;0;00:00:00:000;00:00:00:000;;0;0;0;0;0;0;0;
2025-12-12 18:40:29;2025-12-12 18:44:37;2025-12-12 18:44:38;00:00:01;00:04:09;0;0;0;0;0;0;0;0;0;0;0;0;0;0;0;0;0;0;0;0;0;0;0;0;0;0;0;0;0;00:00:00:000;00:00:00:000;;0;0;0;0;0;0;0;
2025-12-12 18:40:29;2025-12-12 18:44:38;2025-12-12 18:44:39;00:00:01;00:04:10;0;0;0;0;0;0;0;0;0;0;0;0;0;0;0;0;0;0;0;0;0;0;0;0;0;0;0;0;0;00:00:00:000;00:00:00:000;;0;0;0;0;0;0;0;
2025-12-12 18:40:29;2025-12-12 18:44:39;2025-12-12 18:44:40;00:00:01;00:04:11;0;0;0;0;0;0;0;0;0;0;0;0;0;0;0;0;0;0;0;0;0;0;0;0;0;0;0;0;0;00:00:00:000;00:00:00:000;;0;0;0;0;0;0;0;
2025-12-12 18:40:29;2025-12-12 18:44:40;2025-12-12 18:44:41;00:00:01;00:04:12;0;0;0;0;0;0;0;0;0;0;0;0;0;0;0;0;0;0;0;0;0;0;0;0;0;0;0;0;0;00:00:00:000;00:00:00:000;;0;0;0;0;0;0;0;
2025-12-12 18:40:29;2025-12-12 18:44:41;2025-12-12 18:44:42;00:00:01;00:04:13;0;0;0;0;0;0;0;0;0;0;0;0;0;0;0;0;0;0;0;0;0;0;0;0;0;0;0;0;0;00:00:00:000;00:00:00:000;;0;0;0;0;0;0;0;
2025-12-12 18:40:29;2025-12-12 18:44:42;2025-12-12 18:44:43;00:00:01;00:04:14;0;0;0;0;0;0;0;0;0;0;0;0;0;0;0;0;0;0;0;0;0;0;0;0;0;0;0;0;0;00:00:00:000;00:00:00:000;;0;0;0;0;0;0;0;
2025-12-12 18:40:29;2025-12-12 18:44:43;2025-12-12 18:44:44;00:00:01;00:04:15;0;0;0;0;0;0;0;0;0;0;0;0;0;0;0;0;0;0;0;0;0;0;0;0;0;0;0;0;0;00:00:00:000;00:00:00:000;;0;0;0;0;0;0;0;
2025-12-12 18:40:29;2025-12-12 18:44:44;2025-12-12 18:44:45;00:00:01;00:04:16;0;0;0;0;0;0;0;0;0;0;0;0;0;0;0;0;0;0;0;0;0;0;0;0;0;0;0;0;0;00:00:00:000;00:00:00:000;;0;0;0;0;0;0;0;
2025-12-12 18:40:29;2025-12-12 18:44:46;2025-12-12 18:44:46;00:00:01;00:04:17;0;0;0;0;0;0;0;0;0;0;0;0;0;0;0;0;0;0;0;0;0;0;0;0;0;0;0;0;0;00:00:00:000;00:00:00:000;;0;0;0;0;0;0;0;
2025-12-12 18:40:29;2025-12-12 18:44:47;2025-12-12 18:44:47;00:00:01;00:04:18;0;0;0;0;0;0;0;0;0;0;0;0;0;0;0;0;0;0;0;0;0;0;0;0;0;0;0;0;0;00:00:00:000;00:00:00:000;;0;0;0;0;0;0;0;
2025-12-12 18:40:29;2025-12-12 18:44:47;2025-12-12 18:44:48;00:00:01;00:04:19;0;0;0;0;0;0;0;0;0;0;0;0;0;0;0;0;0;0;0;0;0;0;0;0;0;0;0;0;0;00:00:00:000;00:00:00:000;;0;0;0;0;0;0;0;
2025-12-12 18:40:29;2025-12-12 18:44:48;2025-12-12 18:44:49;00:00:01;00:04:20;0;0;0;0;0;0;0;0;0;0;0;0;0;0;0;0;0;0;0;0;0;0;0;0;0;0;0;0;0;00:00:00:000;00:00:00:000;;0;0;0;0;0;0;0;
2025-12-12 18:40:29;2025-12-12 18:44:49;2025-12-12 18:44:50;00:00:01;00:04:21;0;0;0;0;0;0;0;0;0;0;0;0;0;0;0;0;0;0;0;0;0;0;0;0;0;0;0;0;0;00:00:00:000;00:00:00:000;;0;0;0;0;0;0;0;
2025-12-12 18:40:29;2025-12-12 18:44:51;2025-12-12 18:44:51;00:00:01;00:04:22;0;0;0;0;0;0;0;0;0;0;0;0;0;0;0;0;0;0;0;0;0;0;0;0;0;0;0;0;0;00:00:00:000;00:00:00:000;;0;0;0;0;0;0;0;
2025-12-12 18:40:29;2025-12-12 18:44:51;2025-12-12 18:44:52;00:00:01;00:04:23;0;0;0;0;0;0;0;0;0;0;0;0;0;0;0;0;0;0;0;0;0;0;0;0;0;0;0;0;0;00:00:00:000;00:00:00:000;;0;0;0;0;0;0;0;
2025-12-12 18:40:29;2025-12-12 18:44:52;2025-12-12 18:44:53;00:00:01;00:04:24;0;0;0;0;0;0;0;0;0;0;0;0;0;0;0;0;0;0;0;0;0;0;0;0;0;0;0;0;0;00:00:00:000;00:00:00:000;;0;0;0;0;0;0;0;
2025-12-12 18:40:29;2025-12-12 18:44:53;2025-12-12 18:44:54;00:00:01;00:04:25;0;0;0;0;0;0;0;0;0;0;0;0;0;0;0;0;0;0;0;0;0;0;0;0;0;0;0;0;0;00:00:00:000;00:00:00:000;;0;0;0;0;0;0;0;
2025-12-12 18:40:29;2025-12-12 18:44:54;2025-12-12 18:44:55;00:00:01;00:04:26;0;0;0;0;0;0;0;0;0;0;0;0;0;0;0;0;0;0;0;0;0;0;0;0;0;0;0;0;0;00:00:00:000;00:00:00:000;;0;0;0;0;0;0;0;
2025-12-12 18:40:29;2025-12-12 18:44:55;2025-12-12 18:44:56;00:00:01;00:04:27;0;0;0;0;0;0;0;0;0;0;0;0;0;0;0;0;0;0;0;0;0;0;0;0;0;0;0;0;0;00:00:00:000;00:00:00:000;;0;0;0;0;0;0;0;
2025-12-12 18:40:29;2025-12-12 18:44:56;2025-12-12 18:44:57;00:00:01;00:04:28;0;0;0;0;0;0;0;0;0;0;0;0;0;0;0;0;0;0;0;0;0;0;0;0;0;0;0;0;0;00:00:00:000;00:00:00:000;;0;0;0;0;0;0;0;
2025-12-12 18:40:29;2025-12-12 18:44:57;2025-12-12 18:44:58;00:00:01;00:04:29;0;0;0;0;0;0;0;0;0;0;0;0;0;0;0;0;0;0;0;0;0;0;0;0;0;0;0;0;0;00:00:00:000;00:00:00:000;;0;0;0;0;0;0;0;
2025-12-12 18:40:29;2025-12-12 18:44:58;2025-12-12 18:44:59;00:00:01;00:04:30;0;0;0;0;0;0;0;0;0;0;0;0;0;0;0;0;0;0;0;0;0;0;0;0;0;0;0;0;0;00:00:00:000;00:00:00:000;;0;0;0;0;0;0;0;
2025-12-12 18:40:29;2025-12-12 18:44:59;2025-12-12 18:45:00;00:00:01;00:04:31;0;0;0;0;0;0;0;0;0;0;0;0;0;0;0;0;0;0;0;0;0;0;0;0;0;0;0;0;0;00:00:00:000;00:00:00:000;;0;0;0;0;0;0;0;
2025-12-12 18:40:29;2025-12-12 18:45:00;2025-12-12 18:45:01;00:00:01;00:04:32;0;0;0;0;0;0;0;0;0;0;0;0;0;0;0;0;0;0;0;0;0;0;0;0;0;0;0;0;0;00:00:00:000;00:00:00:000;;0;0;0;0;0;0;0;
2025-12-12 18:40:29;2025-12-12 18:45:01;2025-12-12 18:45:02;00:00:01;00:04:33;0;0;0;0;0;0;0;0;0;0;0;0;0;0;0;0;0;0;0;0;0;0;0;0;0;0;0;0;0;00:00:00:000;00:00:00:000;;0;0;0;0;0;0;0;
2025-12-12 18:40:29;2025-12-12 18:45:02;2025-12-12 18:45:03;00:00:01;00:04:34;0;0;0;0;0;0;0;0;0;0;0;0;0;0;0;0;0;0;0;0;0;0;0;0;0;0;0;0;0;00:00:00:000;00:00:00:000;;0;0;0;0;0;0;0;
2025-12-12 18:40:29;2025-12-12 18:45:03;2025-12-12 18:45:04;00:00:01;00:04:35;0;0;0;0;0;0;0;0;0;0;0;0;0;0;0;0;0;0;0;0;0;0;0;0;0;0;0;0;0;00:00:00:000;00:00:00:000;;0;0;0;0;0;0;0;
2025-12-12 18:40:29;2025-12-12 18:45:04;2025-12-12 18:45:05;00:00:01;00:04:36;0;0;0;0;0;0;0;0;0;0;0;0;0;0;0;0;0;0;0;0;0;0;0;0;0;0;0;0;0;00:00:00:000;00:00:00:000;;0;0;0;0;0;0;0;
2025-12-12 18:40:29;2025-12-12 18:45:05;2025-12-12 18:45:06;00:00:01;00:04:37;0;0;0;0;0;0;0;0;0;0;0;0;0;0;0;0;0;0;0;0;0;0;0;0;0;0;0;0;0;00:00:00:000;00:00:00:000;;0;0;0;0;0;0;0;
2025-12-12 18:40:29;2025-12-12 18:45:06;2025-12-12 18:45:07;00:00:01;00:04:38;0;0;0;0;0;0;0;0;0;0;0;0;0;0;0;0;0;0;0;0;0;0;0;0;0;0;0;0;0;00:00:00:000;00:00:00:000;;0;0;0;0;0;0;0;
2025-12-12 18:40:29;2025-12-12 18:45:07;2025-12-12 18:45:08;00:00:01;00:04:39;0;0;0;0;0;0;0;0;0;0;0;0;0;0;0;0;0;0;0;0;0;0;0;0;0;0;0;0;0;00:00:00:000;00:00:00:000;;0;0;0;0;0;0;0;
2025-12-12 18:40:29;2025-12-12 18:45:08;2025-12-12 18:45:09;00:00:01;00:04:40;0;0;0;0;0;0;0;0;0;0;0;0;0;0;0;0;0;0;0;0;0;0;0;0;0;0;0;0;0;00:00:00:000;00:00:00:000;;0;0;0;0;0;0;0;
2025-12-12 18:40:29;2025-12-12 18:45:09;2025-12-12 18:45:10;00:00:01;00:04:41;0;0;0;0;0;0;0;0;0;0;0;0;0;0;0;0;0;0;0;0;0;0;0;0;0;0;0;0;0;00:00:00:000;00:00:00:000;;0;0;0;0;0;0;0;
2025-12-12 18:40:29;2025-12-12 18:45:10;2025-12-12 18:45:11;00:00:01;00:04:42;0;0;0;0;0;0;0;0;0;0;0;0;0;0;0;0;0;0;0;0;0;0;0;0;0;0;0;0;0;00:00:00:000;00:00:00:000;;0;0;0;0;0;0;0;
2025-12-12 18:40:29;2025-12-12 18:45:11;2025-12-12 18:45:12;00:00:01;00:04:43;0;0;0;0;0;0;0;0;0;0;0;0;0;0;0;0;0;0;0;0;0;0;0;0;0;0;0;0;0;00:00:00:000;00:00:00:000;;0;0;0;0;0;0;0;
2025-12-12 18:40:29;2025-12-12 18:45:12;2025-12-12 18:45:13;00:00:01;00:04:44;0;0;0;0;0;0;0;0;0;0;0;0;0;0;0;0;0;0;0;0;0;0;0;0;0;0;0;0;0;00:00:00:000;00:00:00:000;;0;0;0;0;0;0;0;
2025-12-12 18:40:29;2025-12-12 18:45:13;2025-12-12 18:45:14;00:00:01;00:04:45;0;0;0;0;0;0;0;0;0;0;0;0;0;0;0;0;0;0;0;0;0;0;0;0;0;0;0;0;0;00:00:00:000;00:00:00:000;;0;0;0;0;0;0;0;
2025-12-12 18:40:29;2025-12-12 18:45:14;2025-12-12 18:45:15;00:00:01;00:04:46;0;0;0;0;0;0;0;0;0;0;0;0;0;0;0;0;0;0;0;0;0;0;0;0;0;0;0;0;0;00:00:00:000;00:00:00:000;;0;0;0;0;0;0;0;
2025-12-12 18:40:29;2025-12-12 18:45:15;2025-12-12 18:45:16;00:00:01;00:04:47;0;0;0;0;0;0;0;0;0;0;0;0;0;0;0;0;0;0;0;0;0;0;0;0;0;0;0;0;0;00:00:00:000;00:00:00:000;;0;0;0;0;0;0;0;
2025-12-12 18:40:29;2025-12-12 18:45:16;2025-12-12 18:45:17;00:00:01;00:04:48;0;0;0;0;0;0;0;0;0;0;0;0;0;0;0;0;0;0;0;0;0;0;0;0;0;0;0;0;0;00:00:00:000;00:00:00:000;;0;0;0;0;0;0;0;
2025-12-12 18:40:29;2025-12-12 18:45:17;2025-12-12 18:45:18;00:00:01;00:04:49;0;0;0;0;0;0;0;0;0;0;0;0;0;0;0;0;0;0;0;0;0;0;0;0;0;0;0;0;0;00:00:00:000;00:00:00:000;;0;0;0;0;0;0;0;
2025-12-12 18:40:29;2025-12-12 18:45:18;2025-12-12 18:45:19;00:00:01;00:04:50;0;0;0;0;0;0;0;0;0;0;0;0;0;0;0;0;0;0;0;0;0;0;0;0;0;0;0;0;0;00:00:00:000;00:00:00:000;;0;0;0;0;0;0;0;
2025-12-12 18:40:29;2025-12-12 18:45:19;2025-12-12 18:45:20;00:00:01;00:04:51;0;0;0;0;0;0;0;0;0;0;0;0;0;0;0;0;0;0;0;0;0;0;0;0;0;0;0;0;0;00:00:00:000;00:00:00:000;;0;0;0;0;0;0;0;
2025-12-12 18:40:29;2025-12-12 18:45:20;2025-12-12 18:45:21;00:00:01;00:04:52;0;0;0;0;0;0;0;0;0;0;0;0;0;0;0;0;0;0;0;0;0;0;0;0;0;0;0;0;0;00:00:00:000;00:00:00:000;;0;0;0;0;0;0;0;
2025-12-12 18:40:29;2025-12-12 18:45:21;2025-12-12 18:45:22;00:00:01;00:04:53;0;0;0;0;0;0;0;0;0;0;0;0;0;0;0;0;0;0;0;0;0;0;0;0;0;0;0;0;0;00:00:00:000;00:00:00:000;;0;0;0;0;0;0;0;
2025-12-12 18:40:29;2025-12-12 18:45:22;2025-12-12 18:45:23;00:00:01;00:04:54;0;0;0;0;0;0;0;0;0;0;0;0;0;0;0;0;0;0;0;0;0;0;0;0;0;0;0;0;0;00:00:00:000;00:00:00:000;;0;0;0;0;0;0;0;
2025-12-12 18:40:29;2025-12-12 18:45:23;2025-12-12 18:45:24;00:00:01;00:04:55;0;0;0;0;0;0;0;0;0;0;0;0;0;0;0;0;0;0;0;0;0;0;0;0;0;0;0;0;0;00:00:00:000;00:00:00:000;;0;0;0;0;0;0;0;
2025-12-12 18:40:29;2025-12-12 18:45:24;2025-12-12 18:45:25;00:00:01;00:04:56;0;0;0;0;0;0;0;0;0;0;0;0;0;0;0;0;0;0;0;0;0;0;0;0;0;0;0;0;0;00:00:00:000;00:00:00:000;;0;0;0;0;0;0;0;
2025-12-12 18:40:29;2025-12-12 18:45:25;2025-12-12 18:45:26;00:00:01;00:04:57;0;0;0;0;0;0;0;0;0;0;0;0;0;0;0;0;0;0;0;0;0;0;0;0;0;0;0;0;0;00:00:00:000;00:00:00:000;;0;0;0;0;0;0;0;
2025-12-12 18:40:29;2025-12-12 18:45:26;2025-12-12 18:45:27;00:00:01;00:04:58;0;0;0;0;0;0;0;0;0;0;0;0;0;0;0;0;0;0;0;0;0;0;0;0;0;0;0;0;0;00:00:00:000;00:00:00:000;;0;0;0;0;0;0;0;
2025-12-12 18:40:29;2025-12-12 18:45:27;2025-12-12 18:45:28;00:00:01;00:04:59;0;0;0;0;0;0;0;0;0;0;0;0;0;0;0;0;0;0;0;0;0;0;0;0;0;0;0;0;0;00:00:00:000;00:00:00:000;;0;0;0;0;0;0;0;
2025-12-12 18:40:29;2025-12-12 18:45:28;2025-12-12 18:45:29;00:00:01;00:05:00;0;0;0;0;0;0;0;0;0;0;0;0;0;0;0;0;0;0;0;0;0;0;0;0;0;0;0;0;0;00:00:00:000;00:00:00:000;;0;0;0;0;0;0;0;
2025-12-12 18:40:29;2025-12-12 18:45:29;2025-12-12 18:45:30;00:00:01;00:05:01;0;0;0;0;0;0;0;0;0;0;0;0;0;0;0;0;0;0;0;0;0;0;0;0;0;0;0;0;0;00:00:00:000;00:00:00:000;;0;0;0;0;0;0;0;
2025-12-12 18:40:29;2025-12-12 18:45:30;2025-12-12 18:45:31;00:00:01;00:05:02;0;0;0;0;0;0;0;0;0;0;0;0;0;0;0;0;0;0;0;0;0;0;0;0;0;0;0;0;0;00:00:00:000;00:00:00:000;;0;0;0;0;0;0;0;
2025-12-12 18:40:29;2025-12-12 18:45:31;2025-12-12 18:45:32;00:00:01;00:05:03;0;0;0;0;0;0;0;0;0;0;0;0;0;0;0;0;0;0;0;0;0;0;0;0;0;0;0;0;0;00:00:00:000;00:00:00:000;;0;0;0;0;0;0;0;
2025-12-12 18:40:29;2025-12-12 18:45:32;2025-12-12 18:45:33;00:00:01;00:05:04;0;0;0;0;0;0;0;0;0;0;0;0;0;0;0;0;0;0;0;0;0;0;0;0;0;0;0;0;0;00:00:00:000;00:00:00:000;;0;0;0;0;0;0;0;
2025-12-12 18:40:29;2025-12-12 18:45:33;2025-12-12 18:45:34;00:00:01;00:05:05;0;0;0;0;0;0;0;0;0;0;0;0;0;0;0;0;0;0;0;0;0;0;0;0;0;0;0;0;0;00:00:00:000;00:00:00:000;;0;0;0;0;0;0;0;
2025-12-12 18:40:29;2025-12-12 18:45:34;2025-12-12 18:45:35;00:00:01;00:05:06;0;0;0;0;0;0;0;0;0;0;0;0;0;0;0;0;0;0;0;0;0;0;0;0;0;0;0;0;0;00:00:00:000;00:00:00:000;;0;0;0;0;0;0;0;
2025-12-12 18:40:29;2025-12-12 18:45:35;2025-12-12 18:45:36;00:00:01;00:05:07;0;0;0;0;0;0;0;0;0;0;0;0;0;0;0;0;0;0;0;0;0;0;0;0;0;0;0;0;0;00:00:00:000;00:00:00:000;;0;0;0;0;0;0;0;
2025-12-12 18:40:29;2025-12-12 18:45:36;2025-12-12 18:45:37;00:00:01;00:05:08;0;0;0;0;0;0;0;0;0;0;0;0;0;0;0;0;0;0;0;0;0;0;0;0;0;0;0;0;0;00:00:00:000;00:00:00:000;;0;0;0;0;0;0;0;
2025-12-12 18:40:29;2025-12-12 18:45:37;2025-12-12 18:45:38;00:00:01;00:05:09;0;0;0;0;0;0;0;0;0;0;0;0;0;0;0;0;0;0;0;0;0;0;0;0;0;0;0;0;0;00:00:00:000;00:00:00:000;;0;0;0;0;0;0;0;
2025-12-12 18:40:29;2025-12-12 18:45:38;2025-12-12 18:45:39;00:00:01;00:05:10;0;0;0;0;0;0;0;0;0;0;0;0;0;0;0;0;0;0;0;0;0;0;0;0;0;0;0;0;0;00:00:00:000;00:00:00:000;;0;0;0;0;0;0;0;
2025-12-12 18:40:29;2025-12-12 18:45:39;2025-12-12 18:45:40;00:00:01;00:05:11;0;0;0;0;0;0;0;0;0;0;0;0;0;0;0;0;0;0;0;0;0;0;0;0;0;0;0;0;0;00:00:00:000;00:00:00:000;;0;0;0;0;0;0;0;
2025-12-12 18:40:29;2025-12-12 18:45:40;2025-12-12 18:45:41;00:00:01;00:05:12;0;0;0;0;0;0;0;0;0;0;0;0;0;0;0;0;0;0;0;0;0;0;0;0;0;0;0;0;0;00:00:00:000;00:00:00:000;;0;0;0;0;0;0;0;
2025-12-12 18:40:29;2025-12-12 18:45:41;2025-12-12 18:45:42;00:00:01;00:05:13;0;0;0;0;0;0;0;0;0;0;0;0;0;0;0;0;0;0;0;0;0;0;0;0;0;0;0;0;0;00:00:00:000;00:00:00:000;;0;0;0;0;0;0;0;
2025-12-12 18:40:29;2025-12-12 18:45:42;2025-12-12 18:45:43;00:00:01;00:05:14;0;0;0;0;0;0;0;0;0;0;0;0;0;0;0;0;0;0;0;0;0;0;0;0;0;0;0;0;0;00:00:00:000;00:00:00:000;;0;0;0;0;0;0;0;
2025-12-12 18:40:29;2025-12-12 18:45:43;2025-12-12 18:45:44;00:00:01;00:05:15;0;0;0;0;0;0;0;0;0;0;0;0;0;0;0;0;0;0;0;0;0;0;0;0;0;0;0;0;0;00:00:00:000;00:00:00:000;;0;0;0;0;0;0;0;
2025-12-12 18:40:29;2025-12-12 18:45:44;2025-12-12 18:45:45;00:00:01;00:05:16;0;0;0;0;0;0;0;0;0;0;0;0;0;0;0;0;0;0;0;0;0;0;0;0;0;0;0;0;0;00:00:00:000;00:00:00:000;;0;0;0;0;0;0;0;
2025-12-12 18:40:29;2025-12-12 18:45:45;2025-12-12 18:45:46;00:00:01;00:05:17;0;0;0;0;0;0;0;0;0;0;0;0;0;0;0;0;0;0;0;0;0;0;0;0;0;0;0;0;0;00:00:00:000;00:00:00:000;;0;0;0;0;0;0;0;
2025-12-12 18:40:29;2025-12-12 18:45:46;2025-12-12 18:45:47;00:00:01;00:05:18;0;0;0;0;0;0;0;0;0;0;0;0;0;0;0;0;0;0;0;0;0;0;0;0;0;0;0;0;0;00:00:00:000;00:00:00:000;;0;0;0;0;0;0;0;
2025-12-12 18:40:29;2025-12-12 18:45:47;2025-12-12 18:45:48;00:00:01;00:05:19;0;0;0;0;0;0;0;0;0;0;0;0;0;0;0;0;0;0;0;0;0;0;0;0;0;0;0;0;0;00:00:00:000;00:00:00:000;;0;0;0;0;0;0;0;
2025-12-12 18:40:29;2025-12-12 18:45:48;2025-12-12 18:45:49;00:00:01;00:05:20;0;0;0;0;0;0;0;0;0;0;0;0;0;0;0;0;0;0;0;0;0;0;0;0;0;0;0;0;0;00:00:00:000;00:00:00:000;;0;0;0;0;0;0;0;
2025-12-12 18:40:29;2025-12-12 18:45:49;2025-12-12 18:45:50;00:00:01;00:05:21;0;0;0;0;0;0;0;0;0;0;0;0;0;0;0;0;0;0;0;0;0;0;0;0;0;0;0;0;0;00:00:00:000;00:00:00:000;;0;0;0;0;0;0;0;
2025-12-12 18:40:29;2025-12-12 18:45:50;2025-12-12 18:45:51;00:00:01;00:05:22;0;0;0;0;0;0;0;0;0;0;0;0;0;0;0;0;0;0;0;0;0;0;0;0;0;0;0;0;0;00:00:00:000;00:00:00:000;;0;0;0;0;0;0;0;
2025-12-12 18:40:29;2025-12-12 18:45:51;2025-12-12 18:45:52;00:00:01;00:05:23;0;0;0;0;0;0;0;0;0;0;0;0;0;0;0;0;0;0;0;0;0;0;0;0;0;0;0;0;0;00:00:00:000;00:00:00:000;;0;0;0;0;0;0;0;
2025-12-12 18:40:29;2025-12-12 18:45:52;2025-12-12 18:45:53;00:00:01;00:05:24;0;0;0;0;0;0;0;0;0;0;0;0;0;0;0;0;0;0;0;0;0;0;0;0;0;0;0;0;0;00:00:00:000;00:00:00:000;;0;0;0;0;0;0;0;
2025-12-12 18:40:29;2025-12-12 18:45:53;2025-12-12 18:45:54;00:00:01;00:05:25;0;0;0;0;0;0;0;0;0;0;0;0;0;0;0;0;0;0;0;0;0;0;0;0;0;0;0;0;0;00:00:00:000;00:00:00:000;;0;0;0;0;0;0;0;
2025-12-12 18:40:29;2025-12-12 18:45:54;2025-12-12 18:45:55;00:00:01;00:05:26;0;0;0;0;0;0;0;0;0;0;0;0;0;0;0;0;0;0;0;0;0;0;0;0;0;0;0;0;0;00:00:00:000;00:00:00:000;;0;0;0;0;0;0;0;
2025-12-12 18:40:29;2025-12-12 18:45:55;2025-12-12 18:45:56;00:00:01;00:05:27;0;0;0;0;0;0;0;0;0;0;0;0;0;0;0;0;0;0;0;0;0;0;0;0;0;0;0;0;0;00:00:00:000;00:00:00:000;;0;0;0;0;0;0;0;
2025-12-12 18:40:29;2025-12-12 18:45:56;2025-12-12 18:45:57;00:00:01;00:05:28;0;0;0;0;0;0;0;0;0;0;0;0;0;0;0;0;0;0;0;0;0;0;0;0;0;0;0;0;0;00:00:00:000;00:00:00:000;;0;0;0;0;0;0;0;
2025-12-12 18:40:29;2025-12-12 18:45:57;2025-12-12 18:45:58;00:00:01;00:05:29;0;0;0;0;0;0;0;0;0;0;0;0;0;0;0;0;0;0;0;0;0;0;0;0;0;0;0;0;0;00:00:00:000;00:00:00:000;;0;0;0;0;0;0;0;
2025-12-12 18:40:29;2025-12-12 18:45:58;2025-12-12 18:45:59;00:00:01;00:05:30;0;0;0;0;0;0;0;0;0;0;0;0;0;0;0;0;0;0;0;0;0;0;0;0;0;0;0;0;0;00:00:00:000;00:00:00:000;;0;0;0;0;0;0;0;
2025-12-12 18:40:29;2025-12-12 18:45:59;2025-12-12 18:46:00;00:00:01;00:05:31;0;0;0;0;0;0;0;0;0;0;0;0;0;0;0;0;0;0;0;0;0;0;0;0;0;0;0;0;0;00:00:00:000;00:00:00:000;;0;0;0;0;0;0;0;
2025-12-12 18:40:29;2025-12-12 18:46:00;2025-12-12 18:46:01;00:00:01;00:05:32;0;0;0;0;0;0;0;0;0;0;0;0;0;0;0;0;0;0;0;0;0;0;0;0;0;0;0;0;0;00:00:00:000;00:00:00:000;;0;0;0;0;0;0;0;
2025-12-12 18:40:29;2025-12-12 18:46:01;2025-12-12 18:46:02;00:00:01;00:05:33;0;0;0;0;0;0;0;0;0;0;0;0;0;0;0;0;0;0;0;0;0;0;0;0;0;0;0;0;0;00:00:00:000;00:00:00:000;;0;0;0;0;0;0;0;
2025-12-12 18:40:29;2025-12-12 18:46:02;2025-12-12 18:46:03;00:00:01;00:05:34;0;0;0;0;0;0;0;0;0;0;0;0;0;0;0;0;0;0;0;0;0;0;0;0;0;0;0;0;0;00:00:00:000;00:00:00:000;;0;0;0;0;0;0;0;
2025-12-12 18:40:29;2025-12-12 18:46:03;2025-12-12 18:46:04;00:00:01;00:05:35;0;0;0;0;0;0;0;0;0;0;0;0;0;0;0;0;0;0;0;0;0;0;0;0;0;0;0;0;0;00:00:00:000;00:00:00:000;;0;0;0;0;0;0;0;
2025-12-12 18:40:29;2025-12-12 18:46:04;2025-12-12 18:46:05;00:00:01;00:05:36;0;0;0;0;0;0;0;0;0;0;0;0;0;0;0;0;0;0;0;0;0;0;0;0;0;0;0;0;0;00:00:00:000;00:00:00:000;;0;0;0;0;0;0;0;
2025-12-12 18:40:29;2025-12-12 18:46:05;2025-12-12 18:46:06;00:00:01;00:05:37;0;0;0;0;0;0;0;0;0;0;0;0;0;0;0;0;0;0;0;0;0;0;0;0;0;0;0;0;0;00:00:00:000;00:00:00:000;;0;0;0;0;0;0;0;
2025-12-12 18:40:29;2025-12-12 18:46:06;2025-12-12 18:46:07;00:00:01;00:05:38;0;0;0;0;0;0;0;0;0;0;0;0;0;0;0;0;0;0;0;0;0;0;0;0;0;0;0;0;0;00:00:00:000;00:00:00:000;;0;0;0;0;0;0;0;
2025-12-12 18:40:29;2025-12-12 18:46:07;2025-12-12 18:46:08;00:00:01;00:05:39;0;0;0;0;0;0;0;0;0;0;0;0;0;0;0;0;0;0;0;0;0;0;0;0;0;0;0;0;0;00:00:00:000;00:00:00:000;;0;0;0;0;0;0;0;
2025-12-12 18:40:29;2025-12-12 18:46:08;2025-12-12 18:46:09;00:00:01;00:05:40;0;0;0;0;0;0;0;0;0;0;0;0;0;0;0;0;0;0;0;0;0;0;0;0;0;0;0;0;0;00:00:00:000;00:00:00:000;;0;0;0;0;0;0;0;
2025-12-12 18:40:29;2025-12-12 18:46:09;2025-12-12 18:46:10;00:00:01;00:05:41;0;0;0;0;0;0;0;0;0;0;0;0;0;0;0;0;0;0;0;0;0;0;0;0;0;0;0;0;0;00:00:00:000;00:00:00:000;;0;0;0;0;0;0;0;
2025-12-12 18:40:29;2025-12-12 18:46:10;2025-12-12 18:46:11;00:00:01;00:05:42;0;0;0;0;0;0;0;0;0;0;0;0;0;0;0;0;0;0;0;0;0;0;0;0;0;0;0;0;0;00:00:00:000;00:00:00:000;;0;0;0;0;0;0;0;
2025-12-12 18:40:29;2025-12-12 18:46:11;2025-12-12 18:46:12;00:00:01;00:05:43;0;0;0;0;0;0;0;0;0;0;0;0;0;0;0;0;0;0;0;0;0;0;0;0;0;0;0;0;0;00:00:00:000;00:00:00:000;;0;0;0;0;0;0;0;
2025-12-12 18:40:29;2025-12-12 18:46:12;2025-12-12 18:46:13;00:00:01;00:05:44;0;0;0;0;0;0;0;0;0;0;0;0;0;0;0;0;0;0;0;0;0;0;0;0;0;0;0;0;0;00:00:00:000;00:00:00:000;;0;0;0;0;0;0;0;
2025-12-12 18:40:29;2025-12-12 18:46:13;2025-12-12 18:46:14;00:00:01;00:05:45;0;0;0;0;0;0;0;0;0;0;0;0;0;0;0;0;0;0;0;0;0;0;0;0;0;0;0;0;0;00:00:00:000;00:00:00:000;;0;0;0;0;0;0;0;
2025-12-12 18:40:29;2025-12-12 18:46:14;2025-12-12 18:46:15;00:00:01;00:05:46;0;0;0;0;0;0;0;0;0;0;0;0;0;0;0;0;0;0;0;0;0;0;0;0;0;0;0;0;0;00:00:00:000;00:00:00:000;;0;0;0;0;0;0;0;
2025-12-12 18:40:29;2025-12-12 18:46:15;2025-12-12 18:46:16;00:00:01;00:05:47;0;0;0;0;0;0;0;0;0;0;0;0;0;0;0;0;0;0;0;0;0;0;0;0;0;0;0;0;0;00:00:00:000;00:00:00:000;;0;0;0;0;0;0;0;
2025-12-12 18:40:29;2025-12-12 18:46:16;2025-12-12 18:46:17;00:00:01;00:05:48;0;0;0;0;0;0;0;0;0;0;0;0;0;0;0;0;0;0;0;0;0;0;0;0;0;0;0;0;0;00:00:00:000;00:00:00:000;;0;0;0;0;0;0;0;
2025-12-12 18:40:29;2025-12-12 18:46:17;2025-12-12 18:46:18;00:00:01;00:05:49;0;0;0;0;0;0;0;0;0;0;0;0;0;0;0;0;0;0;0;0;0;0;0;0;0;0;0;0;0;00:00:00:000;00:00:00:000;;0;0;0;0;0;0;0;
2025-12-12 18:40:29;2025-12-12 18:46:18;2025-12-12 18:46:19;00:00:01;00:05:50;0;0;0;0;0;0;0;0;0;0;0;0;0;0;0;0;0;0;0;0;0;0;0;0;0;0;0;0;0;00:00:00:000;00:00:00:000;;0;0;0;0;0;0;0;
2025-12-12 18:40:29;2025-12-12 18:46:19;2025-12-12 18:46:20;00:00:01;00:05:51;0;0;0;0;0;0;0;0;0;0;0;0;0;0;0;0;0;0;0;0;0;0;0;0;0;0;0;0;0;00:00:00:000;00:00:00:000;;0;0;0;0;0;0;0;
2025-12-12 18:40:29;2025-12-12 18:46:20;2025-12-12 18:46:21;00:00:01;00:05:52;0;0;0;0;0;0;0;0;0;0;0;0;0;0;0;0;0;0;0;0;0;0;0;0;0;0;0;0;0;00:00:00:000;00:00:00:000;;0;0;0;0;0;0;0;
2025-12-12 18:40:29;2025-12-12 18:46:21;2025-12-12 18:46:22;00:00:01;00:05:53;0;0;0;0;0;0;0;0;0;0;0;0;0;0;0;0;0;0;0;0;0;0;0;0;0;0;0;0;0;00:00:00:000;00:00:00:000;;0;0;0;0;0;0;0;
2025-12-12 18:40:29;2025-12-12 18:46:22;2025-12-12 18:46:23;00:00:01;00:05:54;0;0;0;0;0;0;0;0;0;0;0;0;0;0;0;0;0;0;0;0;0;0;0;0;0;0;0;0;0;00:00:00:000;00:00:00:000;;0;0;0;0;0;0;0;
2025-12-12 18:40:29;2025-12-12 18:46:23;2025-12-12 18:46:24;00:00:01;00:05:55;0;0;0;0;0;0;0;0;0;0;0;0;0;0;0;0;0;0;0;0;0;0;0;0;0;0;0;0;0;00:00:00:000;00:00:00:000;;0;0;0;0;0;0;0;
2025-12-12 18:40:29;2025-12-12 18:46:24;2025-12-12 18:46:25;00:00:01;00:05:56;0;0;0;0;0;0;0;0;0;0;0;0;0;0;0;0;0;0;0;0;0;0;0;0;0;0;0;0;0;00:00:00:000;00:00:00:000;;0;0;0;0;0;0;0;
2025-12-12 18:40:29;2025-12-12 18:46:25;2025-12-12 18:46:26;00:00:01;00:05:57;0;0;0;0;0;0;0;0;0;0;0;0;0;0;0;0;0;0;0;0;0;0;0;0;0;0;0;0;0;00:00:00:000;00:00:00:000;;0;0;0;0;0;0;0;
2025-12-12 18:40:29;2025-12-12 18:46:26;2025-12-12 18:46:27;00:00:01;00:05:58;0;0;0;0;0;0;0;0;0;0;0;0;0;0;0;0;0;0;0;0;0;0;0;0;0;0;0;0;0;00:00:00:000;00:00:00:000;;0;0;0;0;0;0;0;
2025-12-12 18:40:29;2025-12-12 18:46:27;2025-12-12 18:46:28;00:00:01;00:05:59;0;0;0;0;0;0;0;0;0;0;0;0;0;0;0;0;0;0;0;0;0;0;0;0;0;0;0;0;0;00:00:00:000;00:00:00:000;;0;0;0;0;0;0;0;
2025-12-12 18:40:29;2025-12-12 18:46:28;2025-12-12 18:46:29;00:00:01;00:06:00;0;0;0;0;0;0;0;0;0;0;0;0;0;0;0;0;0;0;0;0;0;0;0;0;0;0;0;0;0;00:00:00:000;00:00:00:000;;0;0;0;0;0;0;0;
2025-12-12 18:40:29;2025-12-12 18:46:29;2025-12-12 18:46:30;00:00:01;00:06:01;0;0;0;0;0;0;0;0;0;0;0;0;0;0;0;0;0;0;0;0;0;0;0;0;0;0;0;0;0;00:00:00:000;00:00:00:000;;0;0;0;0;0;0;0;
2025-12-12 18:40:29;2025-12-12 18:46:30;2025-12-12 18:46:31;00:00:01;00:06:02;0;0;0;0;0;0;0;0;0;0;0;0;0;0;0;0;0;0;0;0;0;0;0;0;0;0;0;0;0;00:00:00:000;00:00:00:000;;0;0;0;0;0;0;0;
2025-12-12 18:40:29;2025-12-12 18:46:31;2025-12-12 18:46:32;00:00:01;00:06:03;0;0;0;0;0;0;0;0;0;0;0;0;0;0;0;0;0;0;0;0;0;0;0;0;0;0;0;0;0;00:00:00:000;00:00:00:000;;0;0;0;0;0;0;0;
2025-12-12 18:40:29;2025-12-12 18:46:32;2025-12-12 18:46:33;00:00:01;00:06:04;0;0;0;0;0;0;0;0;0;0;0;0;0;0;0;0;0;0;0;0;0;0;0;0;0;0;0;0;0;00:00:00:000;00:00:00:000;;0;0;0;0;0;0;0;
2025-12-12 18:40:29;2025-12-12 18:46:33;2025-12-12 18:46:34;00:00:01;00:06:05;0;0;0;0;0;0;0;0;0;0;0;0;0;0;0;0;0;0;0;0;0;0;0;0;0;0;0;0;0;00:00:00:000;00:00:00:000;;0;0;0;0;0;0;0;
2025-12-12 18:40:29;2025-12-12 18:46:34;2025-12-12 18:46:35;00:00:01;00:06:06;0;0;0;0;0;0;0;0;0;0;0;0;0;0;0;0;0;0;0;0;0;0;0;0;0;0;0;0;0;00:00:00:000;00:00:00:000;;0;0;0;0;0;0;0;
2025-12-12 18:40:29;2025-12-12 18:46:35;2025-12-12 18:46:36;00:00:01;00:06:07;0;0;0;0;0;0;0;0;0;0;0;0;0;0;0;0;0;0;0;0;0;0;0;0;0;0;0;0;0;00:00:00:000;00:00:00:000;;0;0;0;0;0;0;0;
2025-12-12 18:40:29;2025-12-12 18:46:36;2025-12-12 18:46:37;00:00:01;00:06:08;0;0;0;0;0;0;0;0;0;0;0;0;0;0;0;0;0;0;0;0;0;0;0;0;0;0;0;0;0;00:00:00:000;00:00:00:000;;0;0;0;0;0;0;0;
2025-12-12 18:40:29;2025-12-12 18:46:37;2025-12-12 18:46:38;00:00:01;00:06:09;0;0;0;0;0;0;0;0;0;0;0;0;0;0;0;0;0;0;0;0;0;0;0;0;0;0;0;0;0;00:00:00:000;00:00:00:000;;0;0;0;0;0;0;0;
2025-12-12 18:40:29;2025-12-12 18:46:38;2025-12-12 18:46:39;00:00:01;00:06:10;0;0;0;0;0;0;0;0;0;0;0;0;0;0;0;0;0;0;0;0;0;0;0;0;0;0;0;0;0;00:00:00:000;00:00:00:000;;0;0;0;0;0;0;0;
2025-12-12 18:40:29;2025-12-12 18:46:39;2025-12-12 18:46:40;00:00:01;00:06:11;0;0;0;0;0;0;0;0;0;0;0;0;0;0;0;0;0;0;0;0;0;0;0;0;0;0;0;0;0;00:00:00:000;00:00:00:000;;0;0;0;0;0;0;0;
2025-12-12 18:40:29;2025-12-12 18:46:40;2025-12-12 18:46:41;00:00:01;00:06:12;0;0;0;0;0;0;0;0;0;0;0;0;0;0;0;0;0;0;0;0;0;0;0;0;0;0;0;0;0;00:00:00:000;00:00:00:000;;0;0;0;0;0;0;0;
2025-12-12 18:40:29;2025-12-12 18:46:41;2025-12-12 18:46:42;00:00:01;00:06:13;0;0;0;0;0;0;0;0;0;0;0;0;0;0;0;0;0;0;0;0;0;0;0;0;0;0;0;0;0;00:00:00:000;00:00:00:000;;0;0;0;0;0;0;0;
2025-12-12 18:40:29;2025-12-12 18:46:42;2025-12-12 18:46:43;00:00:01;00:06:14;0;0;0;0;0;0;0;0;0;0;0;0;0;0;0;0;0;0;0;0;0;0;0;0;0;0;0;0;0;00:00:00:000;00:00:00:000;;0;0;0;0;0;0;0;
2025-12-12 18:40:29;2025-12-12 18:46:43;2025-12-12 18:46:44;00:00:01;00:06:15;0;0;0;0;0;0;0;0;0;0;0;0;0;0;0;0;0;0;0;0;0;0;0;0;0;0;0;0;0;00:00:00:000;00:00:00:000;;0;0;0;0;0;0;0;
2025-12-12 18:40:29;2025-12-12 18:46:44;2025-12-12 18:46:45;00:00:01;00:06:16;0;0;0;0;0;0;0;0;0;0;0;0;0;0;0;0;0;0;0;0;0;0;0;0;0;0;0;0;0;00:00:00:000;00:00:00:000;;0;0;0;0;0;0;0;
2025-12-12 18:40:29;2025-12-12 18:46:45;2025-12-12 18:46:46;00:00:01;00:06:17;0;0;0;0;0;0;0;0;0;0;0;0;0;0;0;0;0;0;0;0;0;0;0;0;0;0;0;0;0;00:00:00:000;00:00:00:000;;0;0;0;0;0;0;0;
2025-12-12 18:40:29;2025-12-12 18:46:46;2025-12-12 18:46:47;00:00:01;00:06:18;0;0;0;0;0;0;0;0;0;0;0;0;0;0;0;0;0;0;0;0;0;0;0;0;0;0;0;0;0;00:00:00:000;00:00:00:000;;0;0;0;0;0;0;0;
2025-12-12 18:40:29;2025-12-12 18:46:47;2025-12-12 18:46:48;00:00:01;00:06:19;0;0;0;0;0;0;0;0;0;0;0;0;0;0;0;0;0;0;0;0;0;0;0;0;0;0;0;0;0;00:00:00:000;00:00:00:000;;0;0;0;0;0;0;0;
2025-12-12 18:40:29;2025-12-12 18:46:48;2025-12-12 18:46:49;00:00:01;00:06:20;0;0;0;0;0;0;0;0;0;0;0;0;0;0;0;0;0;0;0;0;0;0;0;0;0;0;0;0;0;00:00:00:000;00:00:00:000;;0;0;0;0;0;0;0;
2025-12-12 18:40:29;2025-12-12 18:46:49;2025-12-12 18:46:50;00:00:01;00:06:21;0;0;0;0;0;0;0;0;0;0;0;0;0;0;0;0;0;0;0;0;0;0;0;0;0;0;0;0;0;00:00:00:000;00:00:00:000;;0;0;0;0;0;0;0;
2025-12-12 18:40:29;2025-12-12 18:46:50;2025-12-12 18:46:51;00:00:01;00:06:22;0;0;0;0;0;0;0;0;0;0;0;0;0;0;0;0;0;0;0;0;0;0;0;0;0;0;0;0;0;00:00:00:000;00:00:00:000;;0;0;0;0;0;0;0;
2025-12-12 18:40:29;2025-12-12 18:46:51;2025-12-12 18:46:52;00:00:01;00:06:23;0;0;0;0;0;0;0;0;0;0;0;0;0;0;0;0;0;0;0;0;0;0;0;0;0;0;0;0;0;00:00:00:000;00:00:00:000;;0;0;0;0;0;0;0;
2025-12-12 18:40:29;2025-12-12 18:46:52;2025-12-12 18:46:53;00:00:01;00:06:24;0;0;0;0;0;0;0;0;0;0;0;0;0;0;0;0;0;0;0;0;0;0;0;0;0;0;0;0;0;00:00:00:000;00:00:00:000;;0;0;0;0;0;0;0;
2025-12-12 18:40:29;2025-12-12 18:46:53;2025-12-12 18:46:54;00:00:01;00:06:25;0;0;0;0;0;0;0;0;0;0;0;0;0;0;0;0;0;0;0;0;0;0;0;0;0;0;0;0;0;00:00:00:000;00:00:00:000;;0;0;0;0;0;0;0;
2025-12-12 18:40:29;2025-12-12 18:46:54;2025-12-12 18:46:55;00:00:01;00:06:26;0;0;0;0;0;0;0;0;0;0;0;0;0;0;0;0;0;0;0;0;0;0;0;0;0;0;0;0;0;00:00:00:000;00:00:00:000;;0;0;0;0;0;0;0;
2025-12-12 18:40:29;2025-12-12 18:46:55;2025-12-12 18:46:56;00:00:01;00:06:27;0;0;0;0;0;0;0;0;0;0;0;0;0;0;0;0;0;0;0;0;0;0;0;0;0;0;0;0;0;00:00:00:000;00:00:00:000;;0;0;0;0;0;0;0;
2025-12-12 18:40:29;2025-12-12 18:46:56;2025-12-12 18:46:57;00:00:01;00:06:28;0;0;0;0;0;0;0;0;0;0;0;0;0;0;0;0;0;0;0;0;0;0;0;0;0;0;0;0;0;00:00:00:000;00:00:00:000;;0;0;0;0;0;0;0;
2025-12-12 18:40:29;2025-12-12 18:46:57;2025-12-12 18:46:58;00:00:01;00:06:29;0;0;0;0;0;0;0;0;0;0;0;0;0;0;0;0;0;0;0;0;0;0;0;0;0;0;0;0;0;00:00:00:000;00:00:00:000;;0;0;0;0;0;0;0;
2025-12-12 18:40:29;2025-12-12 18:46:58;2025-12-12 18:46:59;00:00:01;00:06:30;0;0;0;0;0;0;0;0;0;0;0;0;0;0;0;0;0;0;0;0;0;0;0;0;0;0;0;0;0;00:00:00:000;00:00:00:000;;0;0;0;0;0;0;0;
2025-12-12 18:40:29;2025-12-12 18:46:59;2025-12-12 18:47:00;00:00:01;00:06:31;0;0;0;0;0;0;0;0;0;0;0;0;0;0;0;0;0;0;0;0;0;0;0;0;0;0;0;0;0;00:00:00:000;00:00:00:000;;0;0;0;0;0;0;0;
2025-12-12 18:40:29;2025-12-12 18:47:00;2025-12-12 18:47:01;00:00:01;00:06:32;0;0;0;0;0;0;0;0;0;0;0;0;0;0;0;0;0;0;0;0;0;0;0;0;0;0;0;0;0;00:00:00:000;00:00:00:000;;0;0;0;0;0;0;0;
2025-12-12 18:40:29;2025-12-12 18:47:01;2025-12-12 18:47:02;00:00:01;00:06:33;0;0;0;0;0;0;0;0;0;0;0;0;0;0;0;0;0;0;0;0;0;0;0;0;0;0;0;0;0;00:00:00:000;00:00:00:000;;0;0;0;0;0;0;0;
2025-12-12 18:40:29;2025-12-12 18:47:02;2025-12-12 18:47:03;00:00:01;00:06:34;0;0;0;0;0;0;0;0;0;0;0;0;0;0;0;0;0;0;0;0;0;0;0;0;0;0;0;0;0;00:00:00:000;00:00:00:000;;0;0;0;0;0;0;0;
2025-12-12 18:40:29;2025-12-12 18:47:03;2025-12-12 18:47:04;00:00:01;00:06:35;0;0;0;0;0;0;0;0;0;0;0;0;0;0;0;0;0;0;0;0;0;0;0;0;0;0;0;0;0;00:00:00:000;00:00:00:000;;0;0;0;0;0;0;0;
2025-12-12 18:40:29;2025-12-12 18:47:04;2025-12-12 18:47:05;00:00:01;00:06:36;0;0;0;0;0;0;0;0;0;0;0;0;0;0;0;0;0;0;0;0;0;0;0;0;0;0;0;0;0;00:00:00:000;00:00:00:000;;0;0;0;0;0;0;0;
2025-12-12 18:40:29;2025-12-12 18:47:05;2025-12-12 18:47:06;00:00:01;00:06:37;0;0;0;0;0;0;0;0;0;0;0;0;0;0;0;0;0;0;0;0;0;0;0;0;0;0;0;0;0;00:00:00:000;00:00:00:000;;0;0;0;0;0;0;0;
2025-12-12 18:40:29;2025-12-12 18:47:06;2025-12-12 18:47:07;00:00:01;00:06:38;0;0;0;0;0;0;0;0;0;0;0;0;0;0;0;0;0;0;0;0;0;0;0;0;0;0;0;0;0;00:00:00:000;00:00:00:000;;0;0;0;0;0;0;0;
2025-12-12 18:40:29;2025-12-12 18:47:07;2025-12-12 18:47:08;00:00:01;00:06:39;0;0;0;0;0;0;0;0;0;0;0;0;0;0;0;0;0;0;0;0;0;0;0;0;0;0;0;0;0;00:00:00:000;00:00:00:000;;0;0;0;0;0;0;0;
2025-12-12 18:40:29;2025-12-12 18:47:08;2025-12-12 18:47:09;00:00:01;00:06:40;0;0;0;0;0;0;0;0;0;0;0;0;0;0;0;0;0;0;0;0;0;0;0;0;0;0;0;0;0;00:00:00:000;00:00:00:000;;0;0;0;0;0;0;0;
2025-12-12 18:40:29;2025-12-12 18:47:09;2025-12-12 18:47:10;00:00:01;00:06:41;0;0;0;0;0;0;0;0;0;0;0;0;0;0;0;0;0;0;0;0;0;0;0;0;0;0;0;0;0;00:00:00:000;00:00:00:000;;0;0;0;0;0;0;0;
2025-12-12 18:40:29;2025-12-12 18:47:10;2025-12-12 18:47:11;00:00:01;00:06:42;0;0;0;0;0;0;0;0;0;0;0;0;0;0;0;0;0;0;0;0;0;0;0;0;0;0;0;0;0;00:00:00:000;00:00:00:000;;0;0;0;0;0;0;0;
2025-12-12 18:40:29;2025-12-12 18:47:11;2025-12-12 18:47:12;00:00:01;00:06:43;0;0;0;0;0;0;0;0;0;0;0;0;0;0;0;0;0;0;0;0;0;0;0;0;0;0;0;0;0;00:00:00:000;00:00:00:000;;0;0;0;0;0;0;0;
2025-12-12 18:40:29;2025-12-12 18:47:12;2025-12-12 18:47:13;00:00:01;00:06:44;0;0;0;0;0;0;0;0;0;0;0;0;0;0;0;0;0;0;0;0;0;0;0;0;0;0;0;0;0;00:00:00:000;00:00:00:000;;0;0;0;0;0;0;0;
2025-12-12 18:40:29;2025-12-12 18:47:13;2025-12-12 18:47:14;00:00:01;00:06:45;0;0;0;0;0;0;0;0;0;0;0;0;0;0;0;0;0;0;0;0;0;0;0;0;0;0;0;0;0;00:00:00:000;00:00:00:000;;0;0;0;0;0;0;0;
2025-12-12 18:40:29;2025-12-12 18:47:14;2025-12-12 18:47:15;00:00:01;00:06:46;0;0;0;0;0;0;0;0;0;0;0;0;0;0;0;0;0;0;0;0;0;0;0;0;0;0;0;0;0;00:00:00:000;00:00:00:000;;0;0;0;0;0;0;0;
2025-12-12 18:40:29;2025-12-12 18:47:15;2025-12-12 18:47:16;00:00:01;00:06:47;0;0;0;0;0;0;0;0;0;0;0;0;0;0;0;0;0;0;0;0;0;0;0;0;0;0;0;0;0;00:00:00:000;00:00:00:000;;0;0;0;0;0;0;0;
2025-12-12 18:40:29;2025-12-12 18:47:16;2025-12-12 18:47:17;00:00:01;00:06:48;0;0;0;0;0;0;0;0;0;0;0;0;0;0;0;0;0;0;0;0;0;0;0;0;0;0;0;0;0;00:00:00:000;00:00:00:000;;0;0;0;0;0;0;0;
2025-12-12 18:40:29;2025-12-12 18:47:17;2025-12-12 18:47:18;00:00:01;00:06:49;0;0;0;0;0;0;0;0;0;0;0;0;0;0;0;0;0;0;0;0;0;0;0;0;0;0;0;0;0;00:00:00:000;00:00:00:000;;0;0;0;0;0;0;0;
2025-12-12 18:40:29;2025-12-12 18:47:18;2025-12-12 18:47:19;00:00:01;00:06:50;0;0;0;0;0;0;0;0;0;0;0;0;0;0;0;0;0;0;0;0;0;0;0;0;0;0;0;0;0;00:00:00:000;00:00:00:000;;0;0;0;0;0;0;0;
2025-12-12 18:40:29;2025-12-12 18:47:19;2025-12-12 18:47:20;00:00:01;00:06:51;0;0;0;0;0;0;0;0;0;0;0;0;0;0;0;0;0;0;0;0;0;0;0;0;0;0;0;0;0;00:00:00:000;00:00:00:000;;0;0;0;0;0;0;0;
2025-12-12 18:40:29;2025-12-12 18:47:20;2025-12-12 18:47:21;00:00:01;00:06:52;0;0;0;0;0;0;0;0;0;0;0;0;0;0;0;0;0;0;0;0;0;0;0;0;0;0;0;0;0;00:00:00:000;00:00:00:000;;0;0;0;0;0;0;0;
2025-12-12 18:40:29;2025-12-12 18:47:21;2025-12-12 18:47:22;00:00:01;00:06:53;0;0;0;0;0;0;0;0;0;0;0;0;0;0;0;0;0;0;0;0;0;0;0;0;0;0;0;0;0;00:00:00:000;00:00:00:000;;0;0;0;0;0;0;0;
2025-12-12 18:40:29;2025-12-12 18:47:22;2025-12-12 18:47:23;00:00:01;00:06:54;0;0;0;0;0;0;0;0;0;0;0;0;0;0;0;0;0;0;0;0;0;0;0;0;0;0;0;0;0;00:00:00:000;00:00:00:000;;0;0;0;0;0;0;0;
2025-12-12 18:40:29;2025-12-12 18:47:23;2025-12-12 18:47:24;00:00:01;00:06:55;0;0;0;0;0;0;0;0;0;0;0;0;0;0;0;0;0;0;0;0;0;0;0;0;0;0;0;0;0;00:00:00:000;00:00:00:000;;0;0;0;0;0;0;0;
2025-12-12 18:40:29;2025-12-12 18:47:24;2025-12-12 18:47:25;00:00:01;00:06:56;0;0;0;0;0;0;0;0;0;0;0;0;0;0;0;0;0;0;0;0;0;0;0;0;0;0;0;0;0;00:00:00:000;00:00:00:000;;0;0;0;0;0;0;0;
2025-12-12 18:40:29;2025-12-12 18:47:25;2025-12-12 18:47:26;00:00:01;00:06:57;0;0;0;0;0;0;0;0;0;0;0;0;0;0;0;0;0;0;0;0;0;0;0;0;0;0;0;0;0;00:00:00:000;00:00:00:000;;0;0;0;0;0;0;0;
2025-12-12 18:40:29;2025-12-12 18:47:26;2025-12-12 18:47:27;00:00:01;00:06:58;0;0;0;0;0;0;0;0;0;0;0;0;0;0;0;0;0;0;0;0;0;0;0;0;0;0;0;0;0;00:00:00:000;00:00:00:000;;0;0;0;0;0;0;0;
2025-12-12 18:40:29;2025-12-12 18:47:27;2025-12-12 18:47:28;00:00:01;00:06:59;0;0;0;0;0;0;0;0;0;0;0;0;0;0;0;0;0;0;0;0;0;0;0;0;0;0;0;0;0;00:00:00:000;00:00:00:000;;0;0;0;0;0;0;0;
2025-12-12 18:40:29;2025-12-12 18:47:28;2025-12-12 18:47:29;00:00:01;00:07:00;0;0;0;0;0;0;0;0;0;0;0;0;0;0;0;0;0;0;0;0;0;0;0;0;0;0;0;0;0;00:00:00:000;00:00:00:000;;0;0;0;0;0;0;0;
2025-12-12 18:40:29;2025-12-12 18:47:29;2025-12-12 18:47:30;00:00:01;00:07:01;0;0;0;0;0;0;0;0;0;0;0;0;0;0;0;0;0;0;0;0;0;0;0;0;0;0;0;0;0;00:00:00:000;00:00:00:000;;0;0;0;0;0;0;0;
2025-12-12 18:40:29;2025-12-12 18:47:30;2025-12-12 18:47:31;00:00:01;00:07:02;0;0;0;0;0;0;0;0;0;0;0;0;0;0;0;0;0;0;0;0;0;0;0;0;0;0;0;0;0;00:00:00:000;00:00:00:000;;0;0;0;0;0;0;0;
2025-12-12 18:40:29;2025-12-12 18:47:31;2025-12-12 18:47:32;00:00:01;00:07:03;0;0;0;0;0;0;0;0;0;0;0;0;0;0;0;0;0;0;0;0;0;0;0;0;0;0;0;0;0;00:00:00:000;00:00:00:000;;0;0;0;0;0;0;0;
2025-12-12 18:40:29;2025-12-12 18:47:32;2025-12-12 18:47:33;00:00:01;00:07:04;0;0;0;0;0;0;0;0;0;0;0;0;0;0;0;0;0;0;0;0;0;0;0;0;0;0;0;0;0;00:00:00:000;00:00:00:000;;0;0;0;0;0;0;0;
2025-12-12 18:40:29;2025-12-12 18:47:33;2025-12-12 18:47:34;00:00:01;00:07:05;0;0;0;0;0;0;0;0;0;0;0;0;0;0;0;0;0;0;0;0;0;0;0;0;0;0;0;0;0;00:00:00:000;00:00:00:000;;0;0;0;0;0;0;0;
2025-12-12 18:40:29;2025-12-12 18:47:34;2025-12-12 18:47:35;00:00:01;00:07:06;0;0;0;0;0;0;0;0;0;0;0;0;0;0;0;0;0;0;0;0;0;0;0;0;0;0;0;0;0;00:00:00:000;00:00:00:000;;0;0;0;0;0;0;0;
2025-12-12 18:40:29;2025-12-12 18:47:35;2025-12-12 18:47:36;00:00:01;00:07:07;0;0;0;0;0;0;0;0;0;0;0;0;0;0;0;0;0;0;0;0;0;0;0;0;0;0;0;0;0;00:00:00:000;00:00:00:000;;0;0;0;0;0;0;0;
2025-12-12 18:40:29;2025-12-12 18:47:36;2025-12-12 18:47:37;00:00:01;00:07:08;0;0;0;0;0;0;0;0;0;0;0;0;0;0;0;0;0;0;0;0;0;0;0;0;0;0;0;0;0;00:00:00:000;00:00:00:000;;0;0;0;0;0;0;0;
2025-12-12 18:40:29;2025-12-12 18:47:37;2025-12-12 18:47:38;00:00:01;00:07:09;0;0;0;0;0;0;0;0;0;0;0;0;0;0;0;0;0;0;0;0;0;0;0;0;0;0;0;0;0;00:00:00:000;00:00:00:000;;0;0;0;0;0;0;0;
2025-12-12 18:40:29;2025-12-12 18:47:38;2025-12-12 18:47:39;00:00:01;00:07:10;0;0;0;0;0;0;0;0;0;0;0;0;0;0;0;0;0;0;0;0;0;0;0;0;0;0;0;0;0;00:00:00:000;00:00:00:000;;0;0;0;0;0;0;0;
2025-12-12 18:40:29;2025-12-12 18:47:39;2025-12-12 18:47:40;00:00:01;00:07:11;0;0;0;0;0;0;0;0;0;0;0;0;0;0;0;0;0;0;0;0;0;0;0;0;0;0;0;0;0;00:00:00:000;00:00:00:000;;0;0;0;0;0;0;0;
2025-12-12 18:40:29;2025-12-12 18:47:40;2025-12-12 18:47:41;00:00:01;00:07:12;0;0;0;0;0;0;0;0;0;0;0;0;0;0;0;0;0;0;0;0;0;0;0;0;0;0;0;0;0;00:00:00:000;00:00:00:000;;0;0;0;0;0;0;0;
2025-12-12 18:40:29;2025-12-12 18:47:41;2025-12-12 18:47:42;00:00:01;00:07:13;0;0;0;0;0;0;0;0;0;0;0;0;0;0;0;0;0;0;0;0;0;0;0;0;0;0;0;0;0;00:00:00:000;00:00:00:000;;0;0;0;0;0;0;0;
2025-12-12 18:40:29;2025-12-12 18:47:42;2025-12-12 18:47:43;00:00:01;00:07:14;0;0;0;0;0;0;0;0;0;0;0;0;0;0;0;0;0;0;0;0;0;0;0;0;0;0;0;0;0;00:00:00:000;00:00:00:000;;0;0;0;0;0;0;0;
2025-12-12 18:40:29;2025-12-12 18:47:43;2025-12-12 18:47:44;00:00:01;00:07:15;0;0;0;0;0;0;0;0;0;0;0;0;0;0;0;0;0;0;0;0;0;0;0;0;0;0;0;0;0;00:00:00:000;00:00:00:000;;0;0;0;0;0;0;0;
2025-12-12 18:40:29;2025-12-12 18:47:44;2025-12-12 18:47:45;00:00:01;00:07:16;0;0;0;0;0;0;0;0;0;0;0;0;0;0;0;0;0;0;0;0;0;0;0;0;0;0;0;0;0;00:00:00:000;00:00:00:000;;0;0;0;0;0;0;0;
2025-12-12 18:40:29;2025-12-12 18:47:45;2025-12-12 18:47:46;00:00:01;00:07:17;0;0;0;0;0;0;0;0;0;0;0;0;0;0;0;0;0;0;0;0;0;0;0;0;0;0;0;0;0;00:00:00:000;00:00:00:000;;0;0;0;0;0;0;0;
2025-12-12 18:40:29;2025-12-12 18:47:46;2025-12-12 18:47:47;00:00:01;00:07:18;0;0;0;0;0;0;0;0;0;0;0;0;0;0;0;0;0;0;0;0;0;0;0;0;0;0;0;0;0;00:00:00:000;00:00:00:000;;0;0;0;0;0;0;0;
2025-12-12 18:40:29;2025-12-12 18:47:47;2025-12-12 18:47:48;00:00:01;00:07:19;0;0;0;0;0;0;0;0;0;0;0;0;0;0;0;0;0;0;0;0;0;0;0;0;0;0;0;0;0;00:00:00:000;00:00:00:000;;0;0;0;0;0;0;0;
2025-12-12 18:40:29;2025-12-12 18:47:48;2025-12-12 18:47:49;00:00:01;00:07:20;0;0;0;0;0;0;0;0;0;0;0;0;0;0;0;0;0;0;0;0;0;0;0;0;0;0;0;0;0;00:00:00:000;00:00:00:000;;0;0;0;0;0;0;0;
2025-12-12 18:40:29;2025-12-12 18:47:49;2025-12-12 18:47:50;00:00:01;00:07:21;0;0;0;0;0;0;0;0;0;0;0;0;0;0;0;0;0;0;0;0;0;0;0;0;0;0;0;0;0;00:00:00:000;00:00:00:000;;0;0;0;0;0;0;0;
2025-12-12 18:40:29;2025-12-12 18:47:50;2025-12-12 18:47:51;00:00:01;00:07:22;0;0;0;0;0;0;0;0;0;0;0;0;0;0;0;0;0;0;0;0;0;0;0;0;0;0;0;0;0;00:00:00:000;00:00:00:000;;0;0;0;0;0;0;0;
2025-12-12 18:40:29;2025-12-12 18:47:51;2025-12-12 18:47:52;00:00:01;00:07:23;0;0;0;0;0;0;0;0;0;0;0;0;0;0;0;0;0;0;0;0;0;0;0;0;0;0;0;0;0;00:00:00:000;00:00:00:000;;0;0;0;0;0;0;0;
2025-12-12 18:40:29;2025-12-12 18:47:52;2025-12-12 18:47:53;00:00:01;00:07:24;0;0;0;0;0;0;0;0;0;0;0;0;0;0;0;0;0;0;0;0;0;0;0;0;0;0;0;0;0;00:00:00:000;00:00:00:000;;0;0;0;0;0;0;0;
2025-12-12 18:40:29;2025-12-12 18:47:53;2025-12-12 18:47:54;00:00:01;00:07:25;0;0;0;0;0;0;0;0;0;0;0;0;0;0;0;0;0;0;0;0;0;0;0;0;0;0;0;0;0;00:00:00:000;00:00:00:000;;0;0;0;0;0;0;0;
2025-12-12 18:40:29;2025-12-12 18:47:54;2025-12-12 18:47:55;00:00:01;00:07:26;0;0;0;0;0;0;0;0;0;0;0;0;0;0;0;0;0;0;0;0;0;0;0;0;0;0;0;0;0;00:00:00:000;00:00:00:000;;0;0;0;0;0;0;0;
2025-12-12 18:40:29;2025-12-12 18:47:55;2025-12-12 18:47:56;00:00:01;00:07:27;0;0;0;0;0;0;0;0;0;0;0;0;0;0;0;0;0;0;0;0;0;0;0;0;0;0;0;0;0;00:00:00:000;00:00:00:000;;0;0;0;0;0;0;0;
2025-12-12 18:40:29;2025-12-12 18:47:56;2025-12-12 18:47:57;00:00:01;00:07:28;0;0;0;0;0;0;0;0;0;0;0;0;0;0;0;0;0;0;0;0;0;0;0;0;0;0;0;0;0;00:00:00:000;00:00:00:000;;0;0;0;0;0;0;0;
2025-12-12 18:40:29;2025-12-12 18:47:57;2025-12-12 18:47:58;00:00:01;00:07:29;0;0;0;0;0;0;0;0;0;0;0;0;0;0;0;0;0;0;0;0;0;0;0;0;0;0;0;0;0;00:00:00:000;00:00:00:000;;0;0;0;0;0;0;0;
2025-12-12 18:40:29;2025-12-12 18:47:58;2025-12-12 18:47:59;00:00:01;00:07:30;0;0;0;0;0;0;0;0;0;0;0;0;0;0;0;0;0;0;0;0;0;0;0;0;0;0;0;0;0;00:00:00:000;00:00:00:000;;0;0;0;0;0;0;0;
2025-12-12 18:40:29;2025-12-12 18:47:59;2025-12-12 18:48:00;00:00:01;00:07:31;0;0;0;0;0;0;0;0;0;0;0;0;0;0;0;0;0;0;0;0;0;0;0;0;0;0;0;0;0;00:00:00:000;00:00:00:000;;0;0;0;0;0;0;0;
2025-12-12 18:40:29;2025-12-12 18:48:00;2025-12-12 18:48:01;00:00:01;00:07:32;0;0;0;0;0;0;0;0;0;0;0;0;0;0;0;0;0;0;0;0;0;0;0;0;0;0;0;0;0;00:00:00:000;00:00:00:000;;0;0;0;0;0;0;0;
2025-12-12 18:40:29;2025-12-12 18:48:01;2025-12-12 18:48:02;00:00:01;00:07:33;0;0;0;0;0;0;0;0;0;0;0;0;0;0;0;0;0;0;0;0;0;0;0;0;0;0;0;0;0;00:00:00:000;00:00:00:000;;0;0;0;0;0;0;0;
2025-12-12 18:40:29;2025-12-12 18:48:02;2025-12-12 18:48:03;00:00:01;00:07:34;0;0;0;0;0;0;0;0;0;0;0;0;0;0;0;0;0;0;0;0;0;0;0;0;0;0;0;0;0;00:00:00:000;00:00:00:000;;0;0;0;0;0;0;0;
2025-12-12 18:40:29;2025-12-12 18:48:03;2025-12-12 18:48:04;00:00:01;00:07:35;0;0;0;0;0;0;0;0;0;0;0;0;0;0;0;0;0;0;0;0;0;0;0;0;0;0;0;0;0;00:00:00:000;00:00:00:000;;0;0;0;0;0;0;0;
2025-12-12 18:40:29;2025-12-12 18:48:04;2025-12-12 18:48:05;00:00:01;00:07:36;0;0;0;0;0;0;0;0;0;0;0;0;0;0;0;0;0;0;0;0;0;0;0;0;0;0;0;0;0;00:00:00:000;00:00:00:000;;0;0;0;0;0;0;0;
2025-12-12 18:40:29;2025-12-12 18:48:05;2025-12-12 18:48:06;00:00:01;00:07:37;0;0;0;0;0;0;0;0;0;0;0;0;0;0;0;0;0;0;0;0;0;0;0;0;0;0;0;0;0;00:00:00:000;00:00:00:000;;0;0;0;0;0;0;0;
2025-12-12 18:40:29;2025-12-12 18:48:06;2025-12-12 18:48:07;00:00:01;00:07:38;0;0;0;0;0;0;0;0;0;0;0;0;0;0;0;0;0;0;0;0;0;0;0;0;0;0;0;0;0;00:00:00:000;00:00:00:000;;0;0;0;0;0;0;0;
2025-12-12 18:40:29;2025-12-12 18:48:07;2025-12-12 18:48:08;00:00:01;00:07:39;0;0;0;0;0;0;0;0;0;0;0;0;0;0;0;0;0;0;0;0;0;0;0;0;0;0;0;0;0;00:00:00:000;00:00:00:000;;0;0;0;0;0;0;0;
2025-12-12 18:40:29;2025-12-12 18:48:08;2025-12-12 18:48:09;00:00:01;00:07:40;0;0;0;0;0;0;0;0;0;0;0;0;0;0;0;0;0;0;0;0;0;0;0;0;0;0;0;0;0;00:00:00:000;00:00:00:000;;0;0;0;0;0;0;0;
2025-12-12 18:40:29;2025-12-12 18:48:09;2025-12-12 18:48:10;00:00:01;00:07:41;0;0;0;0;0;0;0;0;0;0;0;0;0;0;0;0;0;0;0;0;0;0;0;0;0;0;0;0;0;00:00:00:000;00:00:00:000;;0;0;0;0;0;0;0;
2025-12-12 18:40:29;2025-12-12 18:48:10;2025-12-12 18:48:11;00:00:01;00:07:42;0;0;0;0;0;0;0;0;0;0;0;0;0;0;0;0;0;0;0;0;0;0;0;0;0;0;0;0;0;00:00:00:000;00:00:00:000;;0;0;0;0;0;0;0;
2025-12-12 18:40:29;2025-12-12 18:48:11;2025-12-12 18:48:12;00:00:01;00:07:43;0;0;0;0;0;0;0;0;0;0;0;0;0;0;0;0;0;0;0;0;0;0;0;0;0;0;0;0;0;00:00:00:000;00:00:00:000;;0;0;0;0;0;0;0;
2025-12-12 18:40:29;2025-12-12 18:48:12;2025-12-12 18:48:13;00:00:01;00:07:44;0;0;0;0;0;0;0;0;0;0;0;0;0;0;0;0;0;0;0;0;0;0;0;0;0;0;0;0;0;00:00:00:000;00:00:00:000;;0;0;0;0;0;0;0;
2025-12-12 18:40:29;2025-12-12 18:48:13;2025-12-12 18:48:14;00:00:01;00:07:45;0;0;0;0;0;0;0;0;0;0;0;0;0;0;0;0;0;0;0;0;0;0;0;0;0;0;0;0;0;00:00:00:000;00:00:00:000;;0;0;0;0;0;0;0;
2025-12-12 18:40:29;2025-12-12 18:48:14;2025-12-12 18:48:15;00:00:01;00:07:46;0;0;0;0;0;0;0;0;0;0;0;0;0;0;0;0;0;0;0;0;0;0;0;0;0;0;0;0;0;00:00:00:000;00:00:00:000;;0;0;0;0;0;0;0;
2025-12-12 18:40:29;2025-12-12 18:48:15;2025-12-12 18:48:16;00:00:01;00:07:47;0;0;0;0;0;0;0;0;0;0;0;0;0;0;0;0;0;0;0;0;0;0;0;0;0;0;0;0;0;00:00:00:000;00:00:00:000;;0;0;0;0;0;0;0;
2025-12-12 18:40:29;2025-12-12 18:48:16;2025-12-12 18:48:17;00:00:01;00:07:48;0;0;0;0;0;0;0;0;0;0;0;0;0;0;0;0;0;0;0;0;0;0;0;0;0;0;0;0;0;00:00:00:000;00:00:00:000;;0;0;0;0;0;0;0;
2025-12-12 18:40:29;2025-12-12 18:48:17;2025-12-12 18:48:18;00:00:01;00:07:49;0;0;0;0;0;0;0;0;0;0;0;0;0;0;0;0;0;0;0;0;0;0;0;0;0;0;0;0;0;00:00:00:000;00:00:00:000;;0;0;0;0;0;0;0;
2025-12-12 18:40:29;2025-12-12 18:48:18;2025-12-12 18:48:19;00:00:01;00:07:50;0;0;0;0;0;0;0;0;0;0;0;0;0;0;0;0;0;0;0;0;0;0;0;0;0;0;0;0;0;00:00:00:000;00:00:00:000;;0;0;0;0;0;0;0;
2025-12-12 18:40:29;2025-12-12 18:48:19;2025-12-12 18:48:20;00:00:01;00:07:51;0;0;0;0;0;0;0;0;0;0;0;0;0;0;0;0;0;0;0;0;0;0;0;0;0;0;0;0;0;00:00:00:000;00:00:00:000;;0;0;0;0;0;0;0;
2025-12-12 18:40:29;2025-12-12 18:48:20;2025-12-12 18:48:21;00:00:01;00:07:52;0;0;0;0;0;0;0;0;0;0;0;0;0;0;0;0;0;0;0;0;0;0;0;0;0;0;0;0;0;00:00:00:000;00:00:00:000;;0;0;0;0;0;0;0;
2025-12-12 18:40:29;2025-12-12 18:48:21;2025-12-12 18:48:22;00:00:01;00:07:53;0;0;0;0;0;0;0;0;0;0;0;0;0;0;0;0;0;0;0;0;0;0;0;0;0;0;0;0;0;00:00:00:000;00:00:00:000;;0;0;0;0;0;0;0;
2025-12-12 18:40:29;2025-12-12 18:48:22;2025-12-12 18:48:23;00:00:01;00:07:54;0;0;0;0;0;0;0;0;0;0;0;0;0;0;0;0;0;0;0;0;0;0;0;0;0;0;0;0;0;00:00:00:000;00:00:00:000;;0;0;0;0;0;0;0;
2025-12-12 18:40:29;2025-12-12 18:48:23;2025-12-12 18:48:24;00:00:01;00:07:55;0;0;0;0;0;0;0;0;0;0;0;0;0;0;0;0;0;0;0;0;0;0;0;0;0;0;0;0;0;00:00:00:000;00:00:00:000;;0;0;0;0;0;0;0;
2025-12-12 18:40:29;2025-12-12 18:48:24;2025-12-12 18:48:25;00:00:01;00:07:56;0;0;0;0;0;0;0;0;0;0;0;0;0;0;0;0;0;0;0;0;0;0;0;0;0;0;0;0;0;00:00:00:000;00:00:00:000;;0;0;0;0;0;0;0;
2025-12-12 18:40:29;2025-12-12 18:48:25;2025-12-12 18:48:26;00:00:01;00:07:57;0;0;0;0;0;0;0;0;0;0;0;0;0;0;0;0;0;0;0;0;0;0;0;0;0;0;0;0;0;00:00:00:000;00:00:00:000;;0;0;0;0;0;0;0;
2025-12-12 18:40:29;2025-12-12 18:48:26;2025-12-12 18:48:27;00:00:01;00:07:58;0;0;0;0;0;0;0;0;0;0;0;0;0;0;0;0;0;0;0;0;0;0;0;0;0;0;0;0;0;00:00:00:000;00:00:00:000;;0;0;0;0;0;0;0;
2025-12-12 18:40:29;2025-12-12 18:48:27;2025-12-12 18:48:28;00:00:01;00:07:59;0;0;0;0;0;0;0;0;0;0;0;0;0;0;0;0;0;0;0;0;0;0;0;0;0;0;0;0;0;00:00:00:000;00:00:00:000;;0;0;0;0;0;0;0;
2025-12-12 18:40:29;2025-12-12 18:48:28;2025-12-12 18:48:29;00:00:01;00:08:00;0;0;0;0;0;0;0;0;0;0;0;0;0;0;0;0;0;0;0;0;0;0;0;0;0;0;0;0;0;00:00:00:000;00:00:00:000;;0;0;0;0;0;0;0;
2025-12-12 18:40:29;2025-12-12 18:48:29;2025-12-12 18:48:30;00:00:01;00:08:01;0;0;0;0;0;0;0;0;0;0;0;0;0;0;0;0;0;0;0;0;0;0;0;0;0;0;0;0;0;00:00:00:000;00:00:00:000;;0;0;0;0;0;0;0;
2025-12-12 18:40:29;2025-12-12 18:48:30;2025-12-12 18:48:31;00:00:01;00:08:02;0;0;0;0;0;0;0;0;0;0;0;0;0;0;0;0;0;0;0;0;0;0;0;0;0;0;0;0;0;00:00:00:000;00:00:00:000;;0;0;0;0;0;0;0;
2025-12-12 18:40:29;2025-12-12 18:48:31;2025-12-12 18:48:32;00:00:01;00:08:03;0;0;0;0;0;0;0;0;0;0;0;0;0;0;0;0;0;0;0;0;0;0;0;0;0;0;0;0;0;00:00:00:000;00:00:00:000;;0;0;0;0;0;0;0;
2025-12-12 18:40:29;2025-12-12 18:48:32;2025-12-12 18:48:33;00:00:01;00:08:04;0;0;0;0;0;0;0;0;0;0;0;0;0;0;0;0;0;0;0;0;0;0;0;0;0;0;0;0;0;00:00:00:000;00:00:00:000;;0;0;0;0;0;0;0;
2025-12-12 18:40:29;2025-12-12 18:48:33;2025-12-12 18:48:34;00:00:01;00:08:05;0;0;0;0;0;0;0;0;0;0;0;0;0;0;0;0;0;0;0;0;0;0;0;0;0;0;0;0;0;00:00:00:000;00:00:00:000;;0;0;0;0;0;0;0;
2025-12-12 18:40:29;2025-12-12 18:48:34;2025-12-12 18:48:35;00:00:01;00:08:06;0;0;0;0;0;0;0;0;0;0;0;0;0;0;0;0;0;0;0;0;0;0;0;0;0;0;0;0;0;00:00:00:000;00:00:00:000;;0;0;0;0;0;0;0;
2025-12-12 18:40:29;2025-12-12 18:48:35;2025-12-12 18:48:36;00:00:01;00:08:07;0;0;0;0;0;0;0;0;0;0;0;0;0;0;0;0;0;0;0;0;0;0;0;0;0;0;0;0;0;00:00:00:000;00:00:00:000;;0;0;0;0;0;0;0;
2025-12-12 18:40:29;2025-12-12 18:48:36;2025-12-12 18:48:37;00:00:01;00:08:08;0;0;0;0;0;0;0;0;0;0;0;0;0;0;0;0;0;0;0;0;0;0;0;0;0;0;0;0;0;00:00:00:000;00:00:00:000;;0;0;0;0;0;0;0;
2025-12-12 18:40:29;2025-12-12 18:48:37;2025-12-12 18:48:38;00:00:01;00:08:09;0;0;0;0;0;0;0;0;0;0;0;0;0;0;0;0;0;0;0;0;0;0;0;0;0;0;0;0;0;00:00:00:000;00:00:00:000;;0;0;0;0;0;0;0;
2025-12-12 18:40:29;2025-12-12 18:48:38;2025-12-12 18:48:39;00:00:01;00:08:10;0;0;0;0;0;0;0;0;0;0;0;0;0;0;0;0;0;0;0;0;0;0;0;0;0;0;0;0;0;00:00:00:000;00:00:00:000;;0;0;0;0;0;0;0;
2025-12-12 18:40:29;2025-12-12 18:48:39;2025-12-12 18:48:40;00:00:01;00:08:11;0;0;0;0;0;0;0;0;0;0;0;0;0;0;0;0;0;0;0;0;0;0;0;0;0;0;0;0;0;00:00:00:000;00:00:00:000;;0;0;0;0;0;0;0;
2025-12-12 18:40:29;2025-12-12 18:48:40;2025-12-12 18:48:41;00:00:01;00:08:12;0;0;0;0;0;0;0;0;0;0;0;0;0;0;0;0;0;0;0;0;0;0;0;0;0;0;0;0;0;00:00:00:000;00:00:00:000;;0;0;0;0;0;0;0;
2025-12-12 18:40:29;2025-12-12 18:48:41;2025-12-12 18:48:42;00:00:01;00:08:13;0;0;0;0;0;0;0;0;0;0;0;0;0;0;0;0;0;0;0;0;0;0;0;0;0;0;0;0;0;00:00:00:000;00:00:00:000;;0;0;0;0;0;0;0;
2025-12-12 18:40:29;2025-12-12 18:48:42;2025-12-12 18:48:43;00:00:01;00:08:14;0;0;0;0;0;0;0;0;0;0;0;0;0;0;0;0;0;0;0;0;0;0;0;0;0;0;0;0;0;00:00:00:000;00:00:00:000;;0;0;0;0;0;0;0;
2025-12-12 18:40:29;2025-12-12 18:48:43;2025-12-12 18:48:44;00:00:01;00:08:15;0;0;0;0;0;0;0;0;0;0;0;0;0;0;0;0;0;0;0;0;0;0;0;0;0;0;0;0;0;00:00:00:000;00:00:00:000;;0;0;0;0;0;0;0;
2025-12-12 18:40:29;2025-12-12 18:48:44;2025-12-12 18:48:45;00:00:01;00:08:16;0;0;0;0;0;0;0;0;0;0;0;0;0;0;0;0;0;0;0;0;0;0;0;0;0;0;0;0;0;00:00:00:000;00:00:00:000;;0;0;0;0;0;0;0;
2025-12-12 18:40:29;2025-12-12 18:48:45;2025-12-12 18:48:46;00:00:01;00:08:17;0;0;0;0;0;0;0;0;0;0;0;0;0;0;0;0;0;0;0;0;0;0;0;0;0;0;0;0;0;00:00:00:000;00:00:00:000;;0;0;0;0;0;0;0;
2025-12-12 18:40:29;2025-12-12 18:48:46;2025-12-12 18:48:47;00:00:01;00:08:18;0;0;0;0;0;0;0;0;0;0;0;0;0;0;0;0;0;0;0;0;0;0;0;0;0;0;0;0;0;00:00:00:000;00:00:00:000;;0;0;0;0;0;0;0;
2025-12-12 18:40:29;2025-12-12 18:48:47;2025-12-12 18:48:48;00:00:01;00:08:19;0;0;0;0;0;0;0;0;0;0;0;0;0;0;0;0;0;0;0;0;0;0;0;0;0;0;0;0;0;00:00:00:000;00:00:00:000;;0;0;0;0;0;0;0;
2025-12-12 18:40:29;2025-12-12 18:48:48;2025-12-12 18:48:49;00:00:01;00:08:20;0;0;0;0;0;0;0;0;0;0;0;0;0;0;0;0;0;0;0;0;0;0;0;0;0;0;0;0;0;00:00:00:000;00:00:00:000;;0;0;0;0;0;0;0;
2025-12-12 18:40:29;2025-12-12 18:48:49;2025-12-12 18:48:50;00:00:01;00:08:21;0;0;0;0;0;0;0;0;0;0;0;0;0;0;0;0;0;0;0;0;0;0;0;0;0;0;0;0;0;00:00:00:000;00:00:00:000;;0;0;0;0;0;0;0;
2025-12-12 18:40:29;2025-12-12 18:48:50;2025-12-12 18:48:51;00:00:01;00:08:22;0;0;0;0;0;0;0;0;0;0;0;0;0;0;0;0;0;0;0;0;0;0;0;0;0;0;0;0;0;00:00:00:000;00:00:00:000;;0;0;0;0;0;0;0;
2025-12-12 18:40:29;2025-12-12 18:48:51;2025-12-12 18:48:52;00:00:01;00:08:23;0;0;0;0;0;0;0;0;0;0;0;0;0;0;0;0;0;0;0;0;0;0;0;0;0;0;0;0;0;00:00:00:000;00:00:00:000;;0;0;0;0;0;0;0;
2025-12-12 18:40:29;2025-12-12 18:48:52;2025-12-12 18:48:53;00:00:01;00:08:24;0;0;0;0;0;0;0;0;0;0;0;0;0;0;0;0;0;0;0;0;0;0;0;0;0;0;0;0;0;00:00:00:000;00:00:00:000;;0;0;0;0;0;0;0;
2025-12-12 18:40:29;2025-12-12 18:48:53;2025-12-12 18:48:54;00:00:01;00:08:25;0;0;0;0;0;0;0;0;0;0;0;0;0;0;0;0;0;0;0;0;0;0;0;0;0;0;0;0;0;00:00:00:000;00:00:00:000;;0;0;0;0;0;0;0;
2025-12-12 18:40:29;2025-12-12 18:48:54;2025-12-12 18:48:55;00:00:01;00:08:26;0;0;0;0;0;0;0;0;0;0;0;0;0;0;0;0;0;0;0;0;0;0;0;0;0;0;0;0;0;00:00:00:000;00:00:00:000;;0;0;0;0;0;0;0;
2025-12-12 18:40:29;2025-12-12 18:48:55;2025-12-12 18:48:56;00:00:01;00:08:27;0;0;0;0;0;0;0;0;0;0;0;0;0;0;0;0;0;0;0;0;0;0;0;0;0;0;0;0;0;00:00:00:000;00:00:00:000;;0;0;0;0;0;0;0;
2025-12-12 18:40:29;2025-12-12 18:48:56;2025-12-12 18:48:57;00:00:01;00:08:28;0;0;0;0;0;0;0;0;0;0;0;0;0;0;0;0;0;0;0;0;0;0;0;0;0;0;0;0;0;00:00:00:000;00:00:00:000;;0;0;0;0;0;0;0;
2025-12-12 18:40:29;2025-12-12 18:48:57;2025-12-12 18:48:58;00:00:01;00:08:29;0;0;0;0;0;0;0;0;0;0;0;0;0;0;0;0;0;0;0;0;0;0;0;0;0;0;0;0;0;00:00:00:000;00:00:00:000;;0;0;0;0;0;0;0;
2025-12-12 18:40:29;2025-12-12 18:48:58;2025-12-12 18:48:59;00:00:01;00:08:30;0;0;0;0;0;0;0;0;0;0;0;0;0;0;0;0;0;0;0;0;0;0;0;0;0;0;0;0;0;00:00:00:000;00:00:00:000;;0;0;0;0;0;0;0;
2025-12-12 18:40:29;2025-12-12 18:48:59;2025-12-12 18:49:00;00:00:01;00:08:31;0;0;0;0;0;0;0;0;0;0;0;0;0;0;0;0;0;0;0;0;0;0;0;0;0;0;0;0;0;00:00:00:000;00:00:00:000;;0;0;0;0;0;0;0;
2025-12-12 18:40:29;2025-12-12 18:49:00;2025-12-12 18:49:01;00:00:01;00:08:32;0;0;0;0;0;0;0;0;0;0;0;0;0;0;0;0;0;0;0;0;0;0;0;0;0;0;0;0;0;00:00:00:000;00:00:00:000;;0;0;0;0;0;0;0;
2025-12-12 18:40:29;2025-12-12 18:49:01;2025-12-12 18:49:02;00:00:01;00:08:33;0;0;0;0;0;0;0;0;0;0;0;0;0;0;0;0;0;0;0;0;0;0;0;0;0;0;0;0;0;00:00:00:000;00:00:00:000;;0;0;0;0;0;0;0;
2025-12-12 18:40:29;2025-12-12 18:49:02;2025-12-12 18:49:03;00:00:01;00:08:34;0;0;0;0;0;0;0;0;0;0;0;0;0;0;0;0;0;0;0;0;0;0;0;0;0;0;0;0;0;00:00:00:000;00:00:00:000;;0;0;0;0;0;0;0;
2025-12-12 18:40:29;2025-12-12 18:49:03;2025-12-12 18:49:04;00:00:01;00:08:35;0;0;0;0;0;0;0;0;0;0;0;0;0;0;0;0;0;0;0;0;0;0;0;0;0;0;0;0;0;00:00:00:000;00:00:00:000;;0;0;0;0;0;0;0;
2025-12-12 18:40:29;2025-12-12 18:49:04;2025-12-12 18:49:05;00:00:01;00:08:36;0;0;0;0;0;0;0;0;0;0;0;0;0;0;0;0;0;0;0;0;0;0;0;0;0;0;0;0;0;00:00:00:000;00:00:00:000;;0;0;0;0;0;0;0;
2025-12-12 18:40:29;2025-12-12 18:49:05;2025-12-12 18:49:06;00:00:01;00:08:37;0;0;0;0;0;0;0;0;0;0;0;0;0;0;0;0;0;0;0;0;0;0;0;0;0;0;0;0;0;00:00:00:000;00:00:00:000;;0;0;0;0;0;0;0;
2025-12-12 18:40:29;2025-12-12 18:49:06;2025-12-12 18:49:07;00:00:01;00:08:38;0;0;0;0;0;0;0;0;0;0;0;0;0;0;0;0;0;0;0;0;0;0;0;0;0;0;0;0;0;00:00:00:000;00:00:00:000;;0;0;0;0;0;0;0;
2025-12-12 18:40:29;2025-12-12 18:49:07;2025-12-12 18:49:08;00:00:01;00:08:39;0;0;0;0;0;0;0;0;0;0;0;0;0;0;0;0;0;0;0;0;0;0;0;0;0;0;0;0;0;00:00:00:000;00:00:00:000;;0;0;0;0;0;0;0;
2025-12-12 18:40:29;2025-12-12 18:49:08;2025-12-12 18:49:09;00:00:01;00:08:40;0;0;0;0;0;0;0;0;0;0;0;0;0;0;0;0;0;0;0;0;0;0;0;0;0;0;0;0;0;00:00:00:000;00:00:00:000;;0;0;0;0;0;0;0;
2025-12-12 18:40:29;2025-12-12 18:49:09;2025-12-12 18:49:10;00:00:01;00:08:41;0;0;0;0;0;0;0;0;0;0;0;0;0;0;0;0;0;0;0;0;0;0;0;0;0;0;0;0;0;00:00:00:000;00:00:00:000;;0;0;0;0;0;0;0;
2025-12-12 18:40:29;2025-12-12 18:49:10;2025-12-12 18:49:11;00:00:01;00:08:42;0;0;0;0;0;0;0;0;0;0;0;0;0;0;0;0;0;0;0;0;0;0;0;0;0;0;0;0;0;00:00:00:000;00:00:00:000;;0;0;0;0;0;0;0;
2025-12-12 18:40:29;2025-12-12 18:49:11;2025-12-12 18:49:12;00:00:01;00:08:43;0;0;0;0;0;0;0;0;0;0;0;0;0;0;0;0;0;0;0;0;0;0;0;0;0;0;0;0;0;00:00:00:000;00:00:00:000;;0;0;0;0;0;0;0;
2025-12-12 18:40:29;2025-12-12 18:49:12;2025-12-12 18:49:13;00:00:01;00:08:44;0;0;0;0;0;0;0;0;0;0;0;0;0;0;0;0;0;0;0;0;0;0;0;0;0;0;0;0;0;00:00:00:000;00:00:00:000;;0;0;0;0;0;0;0;
2025-12-12 18:40:29;2025-12-12 18:49:13;2025-12-12 18:49:14;00:00:01;00:08:45;0;0;0;0;0;0;0;0;0;0;0;0;0;0;0;0;0;0;0;0;0;0;0;0;0;0;0;0;0;00:00:00:000;00:00:00:000;;0;0;0;0;0;0;0;
2025-12-12 18:40:29;2025-12-12 18:49:14;2025-12-12 18:49:15;00:00:01;00:08:46;0;0;0;0;0;0;0;0;0;0;0;0;0;0;0;0;0;0;0;0;0;0;0;0;0;0;0;0;0;00:00:00:000;00:00:00:000;;0;0;0;0;0;0;0;
2025-12-12 18:40:29;2025-12-12 18:49:15;2025-12-12 18:49:16;00:00:01;00:08:47;0;0;0;0;0;0;0;0;0;0;0;0;0;0;0;0;0;0;0;0;0;0;0;0;0;0;0;0;0;00:00:00:000;00:00:00:000;;0;0;0;0;0;0;0;
2025-12-12 18:40:29;2025-12-12 18:49:16;2025-12-12 18:49:17;00:00:01;00:08:48;0;0;0;0;0;0;0;0;0;0;0;0;0;0;0;0;0;0;0;0;0;0;0;0;0;0;0;0;0;00:00:00:000;00:00:00:000;;0;0;0;0;0;0;0;
2025-12-12 18:40:29;2025-12-12 18:49:17;2025-12-12 18:49:18;00:00:01;00:08:49;0;0;0;0;0;0;0;0;0;0;0;0;0;0;0;0;0;0;0;0;0;0;0;0;0;0;0;0;0;00:00:00:000;00:00:00:000;;0;0;0;0;0;0;0;
2025-12-12 18:40:29;2025-12-12 18:49:18;2025-12-12 18:49:19;00:00:01;00:08:50;0;0;0;0;0;0;0;0;0;0;0;0;0;0;0;0;0;0;0;0;0;0;0;0;0;0;0;0;0;00:00:00:000;00:00:00:000;;0;0;0;0;0;0;0;
2025-12-12 18:40:29;2025-12-12 18:49:19;2025-12-12 18:49:20;00:00:01;00:08:51;0;0;0;0;0;0;0;0;0;0;0;0;0;0;0;0;0;0;0;0;0;0;0;0;0;0;0;0;0;00:00:00:000;00:00:00:000;;0;0;0;0;0;0;0;
2025-12-12 18:40:29;2025-12-12 18:49:20;2025-12-12 18:49:21;00:00:01;00:08:52;0;0;0;0;0;0;0;0;0;0;0;0;0;0;0;0;0;0;0;0;0;0;0;0;0;0;0;0;0;00:00:00:000;00:00:00:000;;0;0;0;0;0;0;0;
2025-12-12 18:40:29;2025-12-12 18:49:21;2025-12-12 18:49:22;00:00:01;00:08:53;0;0;0;0;0;0;0;0;0;0;0;0;0;0;0;0;0;0;0;0;0;0;0;0;0;0;0;0;0;00:00:00:000;00:00:00:000;;0;0;0;0;0;0;0;
2025-12-12 18:40:29;2025-12-12 18:49:22;2025-12-12 18:49:23;00:00:01;00:08:54;0;0;0;0;0;0;0;0;0;0;0;0;0;0;0;0;0;0;0;0;0;0;0;0;0;0;0;0;0;00:00:00:000;00:00:00:000;;0;0;0;0;0;0;0;
2025-12-12 18:40:29;2025-12-12 18:49:23;2025-12-12 18:49:24;00:00:01;00:08:55;0;0;0;0;0;0;0;0;0;0;0;0;0;0;0;0;0;0;0;0;0;0;0;0;0;0;0;0;0;00:00:00:000;00:00:00:000;;0;0;0;0;0;0;0;
2025-12-12 18:40:29;2025-12-12 18:49:24;2025-12-12 18:49:25;00:00:01;00:08:56;0;0;0;0;0;0;0;0;0;0;0;0;0;0;0;0;0;0;0;0;0;0;0;0;0;0;0;0;0;00:00:00:000;00:00:00:000;;0;0;0;0;0;0;0;
2025-12-12 18:40:29;2025-12-12 18:49:25;2025-12-12 18:49:26;00:00:01;00:08:57;0;0;0;0;0;0;0;0;0;0;0;0;0;0;0;0;0;0;0;0;0;0;0;0;0;0;0;0;0;00:00:00:000;00:00:00:000;;0;0;0;0;0;0;0;
2025-12-12 18:40:29;2025-12-12 18:49:26;2025-12-12 18:49:27;00:00:01;00:08:58;0;0;0;0;0;0;0;0;0;0;0;0;0;0;0;0;0;0;0;0;0;0;0;0;0;0;0;0;0;00:00:00:000;00:00:00:000;;0;0;0;0;0;0;0;
2025-12-12 18:40:29;2025-12-12 18:49:27;2025-12-12 18:49:28;00:00:01;00:08:59;0;0;0;0;0;0;0;0;0;0;0;0;0;0;0;0;0;0;0;0;0;0;0;0;0;0;0;0;0;00:00:00:000;00:00:00:000;;0;0;0;0;0;0;0;
2025-12-12 18:40:29;2025-12-12 18:49:28;2025-12-12 18:49:29;00:00:01;00:09:00;0;0;0;0;0;0;0;0;0;0;0;0;0;0;0;0;0;0;0;0;0;0;0;0;0;0;0;0;0;00:00:00:000;00:00:00:000;;0;0;0;0;0;0;0;
2025-12-12 18:40:29;2025-12-12 18:49:29;2025-12-12 18:49:30;00:00:01;00:09:01;0;0;0;0;0;0;0;0;0;0;0;0;0;0;0;0;0;0;0;0;0;0;0;0;0;0;0;0;0;00:00:00:000;00:00:00:000;;0;0;0;0;0;0;0;
2025-12-12 18:40:29;2025-12-12 18:49:30;2025-12-12 18:49:31;00:00:01;00:09:02;0;0;0;0;0;0;0;0;0;0;0;0;0;0;0;0;0;0;0;0;0;0;0;0;0;0;0;0;0;00:00:00:000;00:00:00:000;;0;0;0;0;0;0;0;
2025-12-12 18:40:29;2025-12-12 18:49:31;2025-12-12 18:49:32;00:00:01;00:09:03;0;0;0;0;0;0;0;0;0;0;0;0;0;0;0;0;0;0;0;0;0;0;0;0;0;0;0;0;0;00:00:00:000;00:00:00:000;;0;0;0;0;0;0;0;
2025-12-12 18:40:29;2025-12-12 18:49:32;2025-12-12 18:49:33;00:00:01;00:09:04;0;0;0;0;0;0;0;0;0;0;0;0;0;0;0;0;0;0;0;0;0;0;0;0;0;0;0;0;0;00:00:00:000;00:00:00:000;;0;0;0;0;0;0;0;
2025-12-12 18:40:29;2025-12-12 18:49:33;2025-12-12 18:49:34;00:00:01;00:09:05;0;0;0;0;0;0;0;0;0;0;0;0;0;0;0;0;0;0;0;0;0;0;0;0;0;0;0;0;0;00:00:00:000;00:00:00:000;;0;0;0;0;0;0;0;
2025-12-12 18:40:29;2025-12-12 18:49:34;2025-12-12 18:49:35;00:00:01;00:09:06;0;0;0;0;0;0;0;0;0;0;0;0;0;0;0;0;0;0;0;0;0;0;0;0;0;0;0;0;0;00:00:00:000;00:00:00:000;;0;0;0;0;0;0;0;
2025-12-12 18:40:29;2025-12-12 18:49:35;2025-12-12 18:49:36;00:00:01;00:09:07;0;0;0;0;0;0;0;0;0;0;0;0;0;0;0;0;0;0;0;0;0;0;0;0;0;0;0;0;0;00:00:00:000;00:00:00:000;;0;0;0;0;0;0;0;
2025-12-12 18:40:29;2025-12-12 18:49:36;2025-12-12 18:49:37;00:00:01;00:09:08;0;0;0;0;0;0;0;0;0;0;0;0;0;0;0;0;0;0;0;0;0;0;0;0;0;0;0;0;0;00:00:00:000;00:00:00:000;;0;0;0;0;0;0;0;
2025-12-12 18:40:29;2025-12-12 18:49:37;2025-12-12 18:49:38;00:00:01;00:09:09;0;0;0;0;0;0;0;0;0;0;0;0;0;0;0;0;0;0;0;0;0;0;0;0;0;0;0;0;0;00:00:00:000;00:00:00:000;;0;0;0;0;0;0;0;
2025-12-12 18:40:29;2025-12-12 18:49:38;2025-12-12 18:49:39;00:00:01;00:09:10;0;0;0;0;0;0;0;0;0;0;0;0;0;0;0;0;0;0;0;0;0;0;0;0;0;0;0;0;0;00:00:00:000;00:00:00:000;;0;0;0;0;0;0;0;
2025-12-12 18:40:29;2025-12-12 18:49:39;2025-12-12 18:49:40;00:00:01;00:09:11;0;0;0;0;0;0;0;0;0;0;0;0;0;0;0;0;0;0;0;0;0;0;0;0;0;0;0;0;0;00:00:00:000;00:00:00:000;;0;0;0;0;0;0;0;
2025-12-12 18:40:29;2025-12-12 18:49:40;2025-12-12 18:49:41;00:00:01;00:09:12;0;0;0;0;0;0;0;0;0;0;0;0;0;0;0;0;0;0;0;0;0;0;0;0;0;0;0;0;0;00:00:00:000;00:00:00:000;;0;0;0;0;0;0;0;
2025-12-12 18:40:29;2025-12-12 18:49:41;2025-12-12 18:49:42;00:00:01;00:09:13;0;0;0;0;0;0;0;0;0;0;0;0;0;0;0;0;0;0;0;0;0;0;0;0;0;0;0;0;0;00:00:00:000;00:00:00:000;;0;0;0;0;0;0;0;
2025-12-12 18:40:29;2025-12-12 18:49:42;2025-12-12 18:49:43;00:00:01;00:09:14;0;0;0;0;0;0;0;0;0;0;0;0;0;0;0;0;0;0;0;0;0;0;0;0;0;0;0;0;0;00:00:00:000;00:00:00:000;;0;0;0;0;0;0;0;
2025-12-12 18:40:29;2025-12-12 18:49:43;2025-12-12 18:49:44;00:00:01;00:09:15;0;0;0;0;0;0;0;0;0;0;0;0;0;0;0;0;0;0;0;0;0;0;0;0;0;0;0;0;0;00:00:00:000;00:00:00:000;;0;0;0;0;0;0;0;
2025-12-12 18:40:29;2025-12-12 18:49:44;2025-12-12 18:49:45;00:00:01;00:09:16;0;0;0;0;0;0;0;0;0;0;0;0;0;0;0;0;0;0;0;0;0;0;0;0;0;0;0;0;0;00:00:00:000;00:00:00:000;;0;0;0;0;0;0;0;
2025-12-12 18:40:29;2025-12-12 18:49:45;2025-12-12 18:49:46;00:00:01;00:09:17;0;0;0;0;0;0;0;0;0;0;0;0;0;0;0;0;0;0;0;0;0;0;0;0;0;0;0;0;0;00:00:00:000;00:00:00:000;;0;0;0;0;0;0;0;
2025-12-12 18:40:29;2025-12-12 18:49:46;2025-12-12 18:49:47;00:00:01;00:09:18;0;0;0;0;0;0;0;0;0;0;0;0;0;0;0;0;0;0;0;0;0;0;0;0;0;0;0;0;0;00:00:00:000;00:00:00:000;;0;0;0;0;0;0;0;
2025-12-12 18:40:29;2025-12-12 18:49:47;2025-12-12 18:49:48;00:00:01;00:09:19;0;0;0;0;0;0;0;0;0;0;0;0;0;0;0;0;0;0;0;0;0;0;0;0;0;0;0;0;0;00:00:00:000;00:00:00:000;;0;0;0;0;0;0;0;
2025-12-12 18:40:29;2025-12-12 18:49:48;2025-12-12 18:49:49;00:00:01;00:09:20;0;0;0;0;0;0;0;0;0;0;0;0;0;0;0;0;0;0;0;0;0;0;0;0;0;0;0;0;0;00:00:00:000;00:00:00:000;;0;0;0;0;0;0;0;
2025-12-12 18:40:29;2025-12-12 18:49:49;2025-12-12 18:49:50;00:00:01;00:09:21;0;0;0;0;0;0;0;0;0;0;0;0;0;0;0;0;0;0;0;0;0;0;0;0;0;0;0;0;0;00:00:00:000;00:00:00:000;;0;0;0;0;0;0;0;
2025-12-12 18:40:29;2025-12-12 18:49:50;2025-12-12 18:49:51;00:00:01;00:09:22;0;0;0;0;0;0;0;0;0;0;0;0;0;0;0;0;0;0;0;0;0;0;0;0;0;0;0;0;0;00:00:00:000;00:00:00:000;;0;0;0;0;0;0;0;
2025-12-12 18:40:29;2025-12-12 18:49:51;2025-12-12 18:49:52;00:00:01;00:09:23;0;0;0;0;0;0;0;0;0;0;0;0;0;0;0;0;0;0;0;0;0;0;0;0;0;0;0;0;0;00:00:00:000;00:00:00:000;;0;0;0;0;0;0;0;
2025-12-12 18:40:29;2025-12-12 18:49:52;2025-12-12 18:49:53;00:00:01;00:09:24;0;0;0;0;0;0;0;0;0;0;0;0;0;0;0;0;0;0;0;0;0;0;0;0;0;0;0;0;0;00:00:00:000;00:00:00:000;;0;0;0;0;0;0;0;
2025-12-12 18:40:29;2025-12-12 18:49:53;2025-12-12 18:49:54;00:00:01;00:09:25;0;0;0;0;0;0;0;0;0;0;0;0;0;0;0;0;0;0;0;0;0;0;0;0;0;0;0;0;0;00:00:00:000;00:00:00:000;;0;0;0;0;0;0;0;
2025-12-12 18:40:29;2025-12-12 18:49:54;2025-12-12 18:49:55;00:00:01;00:09:26;0;0;0;0;0;0;0;0;0;0;0;0;0;0;0;0;0;0;0;0;0;0;0;0;0;0;0;0;0;00:00:00:000;00:00:00:000;;0;0;0;0;0;0;0;
2025-12-12 18:40:29;2025-12-12 18:49:55;2025-12-12 18:49:56;00:00:01;00:09:27;0;0;0;0;0;0;0;0;0;0;0;0;0;0;0;0;0;0;0;0;0;0;0;0;0;0;0;0;0;00:00:00:000;00:00:00:000;;0;0;0;0;0;0;0;
2025-12-12 18:40:29;2025-12-12 18:49:56;2025-12-12 18:49:57;00:00:01;00:09:28;0;0;0;0;0;0;0;0;0;0;0;0;0;0;0;0;0;0;0;0;0;0;0;0;0;0;0;0;0;00:00:00:000;00:00:00:000;;0;0;0;0;0;0;0;
2025-12-12 18:40:29;2025-12-12 18:49:57;2025-12-12 18:49:58;00:00:01;00:09:29;0;0;0;0;0;0;0;0;0;0;0;0;0;0;0;0;0;0;0;0;0;0;0;0;0;0;0;0;0;00:00:00:000;00:00:00:000;;0;0;0;0;0;0;0;
2025-12-12 18:40:29;2025-12-12 18:49:58;2025-12-12 18:49:59;00:00:01;00:09:30;0;0;0;0;0;0;0;0;0;0;0;0;0;0;0;0;0;0;0;0;0;0;0;0;0;0;0;0;0;00:00:00:000;00:00:00:000;;0;0;0;0;0;0;0;
2025-12-12 18:40:29;2025-12-12 18:49:59;2025-12-12 18:50:00;00:00:01;00:09:31;0;0;0;0;0;0;0;0;0;0;0;0;0;0;0;0;0;0;0;0;0;0;0;0;0;0;0;0;0;00:00:00:000;00:00:00:000;;0;0;0;0;0;0;0;
2025-12-12 18:40:29;2025-12-12 18:50:00;2025-12-12 18:50:01;00:00:01;00:09:32;0;0;0;0;0;0;0;0;0;0;0;0;0;0;0;0;0;0;0;0;0;0;0;0;0;0;0;0;0;00:00:00:000;00:00:00:000;;0;0;0;0;0;0;0;
2025-12-12 18:40:29;2025-12-12 18:50:01;2025-12-12 18:50:02;00:00:01;00:09:33;0;0;0;0;0;0;0;0;0;0;0;0;0;0;0;0;0;0;0;0;0;0;0;0;0;0;0;0;0;00:00:00:000;00:00:00:000;;0;0;0;0;0;0;0;
2025-12-12 18:40:29;2025-12-12 18:50:02;2025-12-12 18:50:03;00:00:01;00:09:34;0;0;0;0;0;0;0;0;0;0;0;0;0;0;0;0;0;0;0;0;0;0;0;0;0;0;0;0;0;00:00:00:000;00:00:00:000;;0;0;0;0;0;0;0;
2025-12-12 18:40:29;2025-12-12 18:50:03;2025-12-12 18:50:04;00:00:01;00:09:35;0;0;0;0;0;0;0;0;0;0;0;0;0;0;0;0;0;0;0;0;0;0;0;0;0;0;0;0;0;00:00:00:000;00:00:00:000;;0;0;0;0;0;0;0;
2025-12-12 18:40:29;2025-12-12 18:50:04;2025-12-12 18:50:05;00:00:01;00:09:36;0;0;0;0;0;0;0;0;0;0;0;0;0;0;0;0;0;0;0;0;0;0;0;0;0;0;0;0;0;00:00:00:000;00:00:00:000;;0;0;0;0;0;0;0;
2025-12-12 18:40:29;2025-12-12 18:50:05;2025-12-12 18:50:06;00:00:01;00:09:37;0;0;0;0;0;0;0;0;0;0;0;0;0;0;0;0;0;0;0;0;0;0;0;0;0;0;0;0;0;00:00:00:000;00:00:00:000;;0;0;0;0;0;0;0;
2025-12-12 18:40:29;2025-12-12 18:50:06;2025-12-12 18:50:07;00:00:01;00:09:38;0;0;0;0;0;0;0;0;0;0;0;0;0;0;0;0;0;0;0;0;0;0;0;0;0;0;0;0;0;00:00:00:000;00:00:00:000;;0;0;0;0;0;0;0;
2025-12-12 18:40:29;2025-12-12 18:50:07;2025-12-12 18:50:08;00:00:01;00:09:39;0;0;0;0;0;0;0;0;0;0;0;0;0;0;0;0;0;0;0;0;0;0;0;0;0;0;0;0;0;00:00:00:000;00:00:00:000;;0;0;0;0;0;0;0;
2025-12-12 18:40:29;2025-12-12 18:50:08;2025-12-12 18:50:09;00:00:01;00:09:40;0;0;0;0;0;0;0;0;0;0;0;0;0;0;0;0;0;0;0;0;0;0;0;0;0;0;0;0;0;00:00:00:000;00:00:00:000;;0;0;0;0;0;0;0;
2025-12-12 18:40:29;2025-12-12 18:50:09;2025-12-12 18:50:10;00:00:01;00:09:41;0;0;0;0;0;0;0;0;0;0;0;0;0;0;0;0;0;0;0;0;0;0;0;0;0;0;0;0;0;00:00:00:000;00:00:00:000;;0;0;0;0;0;0;0;
2025-12-12 18:40:29;2025-12-12 18:50:10;2025-12-12 18:50:11;00:00:01;00:09:42;0;0;0;0;0;0;0;0;0;0;0;0;0;0;0;0;0;0;0;0;0;0;0;0;0;0;0;0;0;00:00:00:000;00:00:00:000;;0;0;0;0;0;0;0;
2025-12-12 18:40:29;2025-12-12 18:50:11;2025-12-12 18:50:12;00:00:01;00:09:43;0;0;0;0;0;0;0;0;0;0;0;0;0;0;0;0;0;0;0;0;0;0;0;0;0;0;0;0;0;00:00:00:000;00:00:00:000;;0;0;0;0;0;0;0;
2025-12-12 18:40:29;2025-12-12 18:50:13;2025-12-12 18:50:13;00:00:01;00:09:44;0;0;0;0;0;0;0;0;0;0;0;0;0;0;0;0;0;0;0;0;0;0;0;0;0;0;0;0;0;00:00:00:000;00:00:00:000;;0;0;0;0;0;0;0;
2025-12-12 18:40:29;2025-12-12 18:50:13;2025-12-12 18:50:14;00:00:01;00:09:45;0;0;0;0;0;0;0;0;0;0;0;0;0;0;0;0;0;0;0;0;0;0;0;0;0;0;0;0;0;00:00:00:000;00:00:00:000;;0;0;0;0;0;0;0;
2025-12-12 18:40:29;2025-12-12 18:50:14;2025-12-12 18:50:15;00:00:01;00:09:46;0;0;0;0;0;0;0;0;0;0;0;0;0;0;0;0;0;0;0;0;0;0;0;0;0;0;0;0;0;00:00:00:000;00:00:00:000;;0;0;0;0;0;0;0;
2025-12-12 18:40:29;2025-12-12 18:50:15;2025-12-12 18:50:16;00:00:01;00:09:47;0;0;0;0;0;0;0;0;0;0;0;0;0;0;0;0;0;0;0;0;0;0;0;0;0;0;0;0;0;00:00:00:000;00:00:00:000;;0;0;0;0;0;0;0;
2025-12-12 18:40:29;2025-12-12 18:50:16;2025-12-12 18:50:17;00:00:01;00:09:48;0;0;0;0;0;0;0;0;0;0;0;0;0;0;0;0;0;0;0;0;0;0;0;0;0;0;0;0;0;00:00:00:000;00:00:00:000;;0;0;0;0;0;0;0;
2025-12-12 18:40:29;2025-12-12 18:50:17;2025-12-12 18:50:18;00:00:01;00:09:49;0;0;0;0;0;0;0;0;0;0;0;0;0;0;0;0;0;0;0;0;0;0;0;0;0;0;0;0;0;00:00:00:000;00:00:00:000;;0;0;0;0;0;0;0;
2025-12-12 18:40:29;2025-12-12 18:50:18;2025-12-12 18:50:19;00:00:01;00:09:50;0;0;0;0;0;0;0;0;0;0;0;0;0;0;0;0;0;0;0;0;0;0;0;0;0;0;0;0;0;00:00:00:000;00:00:00:000;;0;0;0;0;0;0;0;
2025-12-12 18:40:29;2025-12-12 18:50:19;2025-12-12 18:50:20;00:00:01;00:09:51;0;0;0;0;0;0;0;0;0;0;0;0;0;0;0;0;0;0;0;0;0;0;0;0;0;0;0;0;0;00:00:00:000;00:00:00:000;;0;0;0;0;0;0;0;
2025-12-12 18:40:29;2025-12-12 18:50:20;2025-12-12 18:50:21;00:00:01;00:09:52;0;0;0;0;0;0;0;0;0;0;0;0;0;0;0;0;0;0;0;0;0;0;0;0;0;0;0;0;0;00:00:00:000;00:00:00:000;;0;0;0;0;0;0;0;
2025-12-12 18:40:29;2025-12-12 18:50:21;2025-12-12 18:50:22;00:00:01;00:09:53;0;0;0;0;0;0;0;0;0;0;0;0;0;0;0;0;0;0;0;0;0;0;0;0;0;0;0;0;0;00:00:00:000;00:00:00:000;;0;0;0;0;0;0;0;
2025-12-12 18:40:29;2025-12-12 18:50:23;2025-12-12 18:50:23;00:00:01;00:09:54;0;0;0;0;0;0;0;0;0;0;0;0;0;0;0;0;0;0;0;0;0;0;0;0;0;0;0;0;0;00:00:00:000;00:00:00:000;;0;0;0;0;0;0;0;
2025-12-12 18:40:29;2025-12-12 18:50:24;2025-12-12 18:50:24;00:00:01;00:09:55;0;0;0;0;0;0;0;0;0;0;0;0;0;0;0;0;0;0;0;0;0;0;0;0;0;0;0;0;0;00:00:00:000;00:00:00:000;;0;0;0;0;0;0;0;
2025-12-12 18:40:29;2025-12-12 18:50:25;2025-12-12 18:50:25;00:00:01;00:09:56;0;0;0;0;0;0;0;0;0;0;0;0;0;0;0;0;0;0;0;0;0;0;0;0;0;0;0;0;0;00:00:00:000;00:00:00:000;;0;0;0;0;0;0;0;
2025-12-12 18:40:29;2025-12-12 18:50:26;2025-12-12 18:50:26;00:00:01;00:09:57;0;0;0;0;0;0;0;0;0;0;0;0;0;0;0;0;0;0;0;0;0;0;0;0;0;0;0;0;0;00:00:00:000;00:00:00:000;;0;0;0;0;0;0;0;
2025-12-12 18:40:29;2025-12-12 18:50:27;2025-12-12 18:50:27;00:00:01;00:09:58;0;0;0;0;0;0;0;0;0;0;0;0;0;0;0;0;0;0;0;0;0;0;0;0;0;0;0;0;0;00:00:00:000;00:00:00:000;;0;0;0;0;0;0;0;
2025-12-12 18:40:29;2025-12-12 18:50:28;2025-12-12 18:50:28;00:00:01;00:09:59;0;0;0;0;0;0;0;0;0;0;0;0;0;0;0;0;0;0;0;0;0;0;0;0;0;0;0;0;0;00:00:00:000;00:00:00:000;;0;0;0;0;0;0;0;
2025-12-12 18:40:29;2025-12-12 18:50:29;2025-12-12 18:50:29;00:00:01;00:10:00;0;0;0;0;0;0;0;0;0;0;0;0;0;0;0;0;0;0;0;0;0;0;0;0;0;0;0;0;0;00:00:00:000;00:00:00:000;;0;0;0;0;0;0;0;
2025-12-12 18:40:29;2025-12-12 18:50:29;2025-12-12 18:50:30;00:00:01;00:10:01;0;0;0;0;0;0;0;0;0;0;0;0;0;0;0;0;0;0;0;0;0;0;0;0;0;0;0;0;0;00:00:00:000;00:00:00:000;;0;0;0;0;0;0;0;
2025-12-12 18:40:29;2025-12-12 18:50:30;2025-12-12 18:50:31;00:00:01;00:10:02;0;0;0;0;0;0;0;0;0;0;0;0;0;0;0;0;0;0;0;0;0;0;0;0;0;0;0;0;0;00:00:00:000;00:00:00:000;;0;0;0;0;0;0;0;
2025-12-12 18:40:29;2025-12-12 18:50:31;2025-12-12 18:50:32;00:00:01;00:10:03;0;0;0;0;0;0;0;0;0;0;0;0;0;0;0;0;0;0;0;0;0;0;0;0;0;0;0;0;0;00:00:00:000;00:00:00:000;;0;0;0;0;0;0;0;
2025-12-12 18:40:29;2025-12-12 18:50:32;2025-12-12 18:50:33;00:00:01;00:10:04;0;0;0;0;0;0;0;0;0;0;0;0;0;0;0;0;0;0;0;0;0;0;0;0;0;0;0;0;0;00:00:00:000;00:00:00:000;;0;0;0;0;0;0;0;
2025-12-12 18:40:29;2025-12-12 18:50:33;2025-12-12 18:50:34;00:00:01;00:10:05;0;0;0;0;0;0;0;0;0;0;0;0;0;0;0;0;0;0;0;0;0;0;0;0;0;0;0;0;0;00:00:00:000;00:00:00:000;;0;0;0;0;0;0;0;
2025-12-12 18:40:29;2025-12-12 18:50:34;2025-12-12 18:50:35;00:00:01;00:10:06;0;0;0;0;0;0;0;0;0;0;0;0;0;0;0;0;0;0;0;0;0;0;0;0;0;0;0;0;0;00:00:00:000;00:00:00:000;;0;0;0;0;0;0;0;
2025-12-12 18:40:29;2025-12-12 18:50:35;2025-12-12 18:50:36;00:00:01;00:10:07;0;0;0;0;0;0;0;0;0;0;0;0;0;0;0;0;0;0;0;0;0;0;0;0;0;0;0;0;0;00:00:00:000;00:00:00:000;;0;0;0;0;0;0;0;
2025-12-12 18:40:29;2025-12-12 18:50:36;2025-12-12 18:50:37;00:00:01;00:10:08;0;0;0;0;0;0;0;0;0;0;0;0;0;0;0;0;0;0;0;0;0;0;0;0;0;0;0;0;0;00:00:00:000;00:00:00:000;;0;0;0;0;0;0;0;
2025-12-12 18:40:29;2025-12-12 18:50:37;2025-12-12 18:50:38;00:00:01;00:10:09;0;0;0;0;0;0;0;0;0;0;0;0;0;0;0;0;0;0;0;0;0;0;0;0;0;0;0;0;0;00:00:00:000;00:00:00:000;;0;0;0;0;0;0;0;
2025-12-12 18:40:29;2025-12-12 18:50:38;2025-12-12 18:50:39;00:00:01;00:10:10;0;0;0;0;0;0;0;0;0;0;0;0;0;0;0;0;0;0;0;0;0;0;0;0;0;0;0;0;0;00:00:00:000;00:00:00:000;;0;0;0;0;0;0;0;
2025-12-12 18:40:29;2025-12-12 18:50:39;2025-12-12 18:50:40;00:00:01;00:10:11;0;0;0;0;0;0;0;0;0;0;0;0;0;0;0;0;0;0;0;0;0;0;0;0;0;0;0;0;0;00:00:00:000;00:00:00:000;;0;0;0;0;0;0;0;
2025-12-12 18:40:29;2025-12-12 18:50:40;2025-12-12 18:50:41;00:00:01;00:10:12;0;0;0;0;0;0;0;0;0;0;0;0;0;0;0;0;0;0;0;0;0;0;0;0;0;0;0;0;0;00:00:00:000;00:00:00:000;;0;0;0;0;0;0;0;
2025-12-12 18:40:29;2025-12-12 18:50:41;2025-12-12 18:50:42;00:00:01;00:10:13;0;0;0;0;0;0;0;0;0;0;0;0;0;0;0;0;0;0;0;0;0;0;0;0;0;0;0;0;0;00:00:00:000;00:00:00:000;;0;0;0;0;0;0;0;
2025-12-12 18:40:29;2025-12-12 18:50:42;2025-12-12 18:50:43;00:00:01;00:10:14;0;0;0;0;0;0;0;0;0;0;0;0;0;0;0;0;0;0;0;0;0;0;0;0;0;0;0;0;0;00:00:00:000;00:00:00:000;;0;0;0;0;0;0;0;
2025-12-12 18:40:29;2025-12-12 18:50:43;2025-12-12 18:50:44;00:00:01;00:10:15;0;0;0;0;0;0;0;0;0;0;0;0;0;0;0;0;0;0;0;0;0;0;0;0;0;0;0;0;0;00:00:00:000;00:00:00:000;;0;0;0;0;0;0;0;
2025-12-12 18:40:29;2025-12-12 18:50:44;2025-12-12 18:50:45;00:00:01;00:10:16;0;0;0;0;0;0;0;0;0;0;0;0;0;0;0;0;0;0;0;0;0;0;0;0;0;0;0;0;0;00:00:00:000;00:00:00:000;;0;0;0;0;0;0;0;
2025-12-12 18:40:29;2025-12-12 18:50:45;2025-12-12 18:50:46;00:00:01;00:10:17;0;0;0;0;0;0;0;0;0;0;0;0;0;0;0;0;0;0;0;0;0;0;0;0;0;0;0;0;0;00:00:00:000;00:00:00:000;;0;0;0;0;0;0;0;
2025-12-12 18:40:29;2025-12-12 18:50:46;2025-12-12 18:50:47;00:00:01;00:10:18;0;0;0;0;0;0;0;0;0;0;0;0;0;0;0;0;0;0;0;0;0;0;0;0;0;0;0;0;0;00:00:00:000;00:00:00:000;;0;0;0;0;0;0;0;
2025-12-12 18:40:29;2025-12-12 18:50:47;2025-12-12 18:50:48;00:00:01;00:10:19;0;0;0;0;0;0;0;0;0;0;0;0;0;0;0;0;0;0;0;0;0;0;0;0;0;0;0;0;0;00:00:00:000;00:00:00:000;;0;0;0;0;0;0;0;
2025-12-12 18:40:29;2025-12-12 18:50:48;2025-12-12 18:50:49;00:00:01;00:10:20;0;0;0;0;0;0;0;0;0;0;0;0;0;0;0;0;0;0;0;0;0;0;0;0;0;0;0;0;0;00:00:00:000;00:00:00:000;;0;0;0;0;0;0;0;
2025-12-12 18:40:29;2025-12-12 18:50:49;2025-12-12 18:50:50;00:00:01;00:10:21;0;0;0;0;0;0;0;0;0;0;0;0;0;0;0;0;0;0;0;0;0;0;0;0;0;0;0;0;0;00:00:00:000;00:00:00:000;;0;0;0;0;0;0;0;
2025-12-12 18:40:29;2025-12-12 18:50:50;2025-12-12 18:50:51;00:00:01;00:10:22;0;0;0;0;0;0;0;0;0;0;0;0;0;0;0;0;0;0;0;0;0;0;0;0;0;0;0;0;0;00:00:00:000;00:00:00:000;;0;0;0;0;0;0;0;
2025-12-12 18:40:29;2025-12-12 18:50:51;2025-12-12 18:50:52;00:00:01;00:10:23;0;0;0;0;0;0;0;0;0;0;0;0;0;0;0;0;0;0;0;0;0;0;0;0;0;0;0;0;0;00:00:00:000;00:00:00:000;;0;0;0;0;0;0;0;
2025-12-12 18:40:29;2025-12-12 18:50:52;2025-12-12 18:50:53;00:00:01;00:10:24;0;0;0;0;0;0;0;0;0;0;0;0;0;0;0;0;0;0;0;0;0;0;0;0;0;0;0;0;0;00:00:00:000;00:00:00:000;;0;0;0;0;0;0;0;
2025-12-12 18:40:29;2025-12-12 18:50:53;2025-12-12 18:50:54;00:00:01;00:10:25;0;0;0;0;0;0;0;0;0;0;0;0;0;0;0;0;0;0;0;0;0;0;0;0;0;0;0;0;0;00:00:00:000;00:00:00:000;;0;0;0;0;0;0;0;
2025-12-12 18:40:29;2025-12-12 18:50:54;2025-12-12 18:50:55;00:00:01;00:10:26;0;0;0;0;0;0;0;0;0;0;0;0;0;0;0;0;0;0;0;0;0;0;0;0;0;0;0;0;0;00:00:00:000;00:00:00:000;;0;0;0;0;0;0;0;
2025-12-12 18:40:29;2025-12-12 18:50:55;2025-12-12 18:50:56;00:00:01;00:10:27;0;0;0;0;0;0;0;0;0;0;0;0;0;0;0;0;0;0;0;0;0;0;0;0;0;0;0;0;0;00:00:00:000;00:00:00:000;;0;0;0;0;0;0;0;
2025-12-12 18:40:29;2025-12-12 18:50:56;2025-12-12 18:50:57;00:00:01;00:10:28;0;0;0;0;0;0;0;0;0;0;0;0;0;0;0;0;0;0;0;0;0;0;0;0;0;0;0;0;0;00:00:00:000;00:00:00:000;;0;0;0;0;0;0;0;
2025-12-12 18:40:29;2025-12-12 18:50:58;2025-12-12 18:50:58;00:00:01;00:10:29;0;0;0;0;0;0;0;0;0;0;0;0;0;0;0;0;0;0;0;0;0;0;0;0;0;0;0;0;0;00:00:00:000;00:00:00:000;;0;0;0;0;0;0;0;
2025-12-12 18:40:29;2025-12-12 18:50:58;2025-12-12 18:50:59;00:00:01;00:10:30;0;0;0;0;0;0;0;0;0;0;0;0;0;0;0;0;0;0;0;0;0;0;0;0;0;0;0;0;0;00:00:00:000;00:00:00:000;;0;0;0;0;0;0;0;
2025-12-12 18:40:29;2025-12-12 18:50:59;2025-12-12 18:51:00;00:00:01;00:10:31;0;0;0;0;0;0;0;0;0;0;0;0;0;0;0;0;0;0;0;0;0;0;0;0;0;0;0;0;0;00:00:00:000;00:00:00:000;;0;0;0;0;0;0;0;
2025-12-12 18:40:29;2025-12-12 18:51:00;2025-12-12 18:51:01;00:00:01;00:10:32;0;0;0;0;0;0;0;0;0;0;0;0;0;0;0;0;0;0;0;0;0;0;0;0;0;0;0;0;0;00:00:00:000;00:00:00:000;;0;0;0;0;0;0;0;
2025-12-12 18:40:29;2025-12-12 18:51:02;2025-12-12 18:51:02;00:00:01;00:10:33;0;0;0;0;0;0;0;0;0;0;0;0;0;0;0;0;0;0;0;0;0;0;0;0;0;0;0;0;0;00:00:00:000;00:00:00:000;;0;0;0;0;0;0;0;
2025-12-12 18:40:29;2025-12-12 18:51:03;2025-12-12 18:51:03;00:00:01;00:10:34;0;0;0;0;0;0;0;0;0;0;0;0;0;0;0;0;0;0;0;0;0;0;0;0;0;0;0;0;0;00:00:00:000;00:00:00:000;;0;0;0;0;0;0;0;
2025-12-12 18:40:29;2025-12-12 18:51:04;2025-12-12 18:51:04;00:00:01;00:10:35;0;0;0;0;0;0;0;0;0;0;0;0;0;0;0;0;0;0;0;0;0;0;0;0;0;0;0;0;0;00:00:00:000;00:00:00:000;;0;0;0;0;0;0;0;
2025-12-12 18:40:29;2025-12-12 18:51:05;2025-12-12 18:51:05;00:00:01;00:10:36;0;0;0;0;0;0;0;0;0;0;0;0;0;0;0;0;0;0;0;0;0;0;0;0;0;0;0;0;0;00:00:00:000;00:00:00:000;;0;0;0;0;0;0;0;
2025-12-12 18:40:29;2025-12-12 18:51:06;2025-12-12 18:51:06;00:00:01;00:10:37;0;0;0;0;0;0;0;0;0;0;0;0;0;0;0;0;0;0;0;0;0;0;0;0;0;0;0;0;0;00:00:00:000;00:00:00:000;;0;0;0;0;0;0;0;
2025-12-12 18:40:29;2025-12-12 18:51:06;2025-12-12 18:51:07;00:00:01;00:10:38;0;0;0;0;0;0;0;0;0;0;0;0;0;0;0;0;0;0;0;0;0;0;0;0;0;0;0;0;0;00:00:00:000;00:00:00:000;;0;0;0;0;0;0;0;
2025-12-12 18:40:29;2025-12-12 18:51:07;2025-12-12 18:51:08;00:00:01;00:10:39;0;0;0;0;0;0;0;0;0;0;0;0;0;0;0;0;0;0;0;0;0;0;0;0;0;0;0;0;0;00:00:00:000;00:00:00:000;;0;0;0;0;0;0;0;
2025-12-12 18:40:29;2025-12-12 18:51:08;2025-12-12 18:51:09;00:00:01;00:10:40;0;0;0;0;0;0;0;0;0;0;0;0;0;0;0;0;0;0;0;0;0;0;0;0;0;0;0;0;0;00:00:00:000;00:00:00:000;;0;0;0;0;0;0;0;
2025-12-12 18:40:29;2025-12-12 18:51:09;2025-12-12 18:51:10;00:00:01;00:10:41;0;0;0;0;0;0;0;0;0;0;0;0;0;0;0;0;0;0;0;0;0;0;0;0;0;0;0;0;0;00:00:00:000;00:00:00:000;;0;0;0;0;0;0;0;
2025-12-12 18:40:29;2025-12-12 18:51:10;2025-12-12 18:51:11;00:00:01;00:10:42;0;0;0;0;0;0;0;0;0;0;0;0;0;0;0;0;0;0;0;0;0;0;0;0;0;0;0;0;0;00:00:00:000;00:00:00:000;;0;0;0;0;0;0;0;
2025-12-12 18:40:29;2025-12-12 18:51:11;2025-12-12 18:51:12;00:00:01;00:10:43;0;0;0;0;0;0;0;0;0;0;0;0;0;0;0;0;0;0;0;0;0;0;0;0;0;0;0;0;0;00:00:00:000;00:00:00:000;;0;0;0;0;0;0;0;
2025-12-12 18:40:29;2025-12-12 18:51:12;2025-12-12 18:51:13;00:00:01;00:10:44;0;0;0;0;0;0;0;0;0;0;0;0;0;0;0;0;0;0;0;0;0;0;0;0;0;0;0;0;0;00:00:00:000;00:00:00:000;;0;0;0;0;0;0;0;
2025-12-12 18:40:29;2025-12-12 18:51:13;2025-12-12 18:51:14;00:00:01;00:10:45;0;0;0;0;0;0;0;0;0;0;0;0;0;0;0;0;0;0;0;0;0;0;0;0;0;0;0;0;0;00:00:00:000;00:00:00:000;;0;0;0;0;0;0;0;
2025-12-12 18:40:29;2025-12-12 18:51:14;2025-12-12 18:51:15;00:00:01;00:10:46;0;0;0;0;0;0;0;0;0;0;0;0;0;0;0;0;0;0;0;0;0;0;0;0;0;0;0;0;0;00:00:00:000;00:00:00:000;;0;0;0;0;0;0;0;
2025-12-12 18:40:29;2025-12-12 18:51:15;2025-12-12 18:51:16;00:00:01;00:10:47;0;0;0;0;0;0;0;0;0;0;0;0;0;0;0;0;0;0;0;0;0;0;0;0;0;0;0;0;0;00:00:00:000;00:00:00:000;;0;0;0;0;0;0;0;
2025-12-12 18:40:29;2025-12-12 18:51:16;2025-12-12 18:51:17;00:00:01;00:10:48;0;0;0;0;0;0;0;0;0;0;0;0;0;0;0;0;0;0;0;0;0;0;0;0;0;0;0;0;0;00:00:00:000;00:00:00:000;;0;0;0;0;0;0;0;
2025-12-12 18:40:29;2025-12-12 18:51:17;2025-12-12 18:51:18;00:00:01;00:10:49;0;0;0;0;0;0;0;0;0;0;0;0;0;0;0;0;0;0;0;0;0;0;0;0;0;0;0;0;0;00:00:00:000;00:00:00:000;;0;0;0;0;0;0;0;
2025-12-12 18:40:29;2025-12-12 18:51:18;2025-12-12 18:51:19;00:00:01;00:10:50;0;0;0;0;0;0;0;0;0;0;0;0;0;0;0;0;0;0;0;0;0;0;0;0;0;0;0;0;0;00:00:00:000;00:00:00:000;;0;0;0;0;0;0;0;
2025-12-12 18:40:29;2025-12-12 18:51:20;2025-12-12 18:51:20;00:00:01;00:10:51;0;0;0;0;0;0;0;0;0;0;0;0;0;0;0;0;0;0;0;0;0;0;0;0;0;0;0;0;0;00:00:00:000;00:00:00:000;;0;0;0;0;0;0;0;
2025-12-12 18:40:29;2025-12-12 18:51:21;2025-12-12 18:51:21;00:00:01;00:10:52;0;0;0;0;0;0;0;0;0;0;0;0;0;0;0;0;0;0;0;0;0;0;0;0;0;0;0;0;0;00:00:00:000;00:00:00:000;;0;0;0;0;0;0;0;
2025-12-12 18:40:29;2025-12-12 18:51:21;2025-12-12 18:51:22;00:00:01;00:10:53;0;0;0;0;0;0;0;0;0;0;0;0;0;0;0;0;0;0;0;0;0;0;0;0;0;0;0;0;0;00:00:00:000;00:00:00:000;;0;0;0;0;0;0;0;
2025-12-12 18:40:29;2025-12-12 18:51:23;2025-12-12 18:51:23;00:00:01;00:10:54;0;0;0;0;0;0;0;0;0;0;0;0;0;0;0;0;0;0;0;0;0;0;0;0;0;0;0;0;0;00:00:00:000;00:00:00:000;;0;0;0;0;0;0;0;
2025-12-12 18:40:29;2025-12-12 18:51:23;2025-12-12 18:51:24;00:00:01;00:10:55;0;0;0;0;0;0;0;0;0;0;0;0;0;0;0;0;0;0;0;0;0;0;0;0;0;0;0;0;0;00:00:00:000;00:00:00:000;;0;0;0;0;0;0;0;
2025-12-12 18:40:29;2025-12-12 18:51:24;2025-12-12 18:51:25;00:00:01;00:10:56;0;0;0;0;0;0;0;0;0;0;0;0;0;0;0;0;0;0;0;0;0;0;0;0;0;0;0;0;0;00:00:00:000;00:00:00:000;;0;0;0;0;0;0;0;
2025-12-12 18:40:29;2025-12-12 18:51:25;2025-12-12 18:51:26;00:00:01;00:10:57;0;0;0;0;0;0;0;0;0;0;0;0;0;0;0;0;0;0;0;0;0;0;0;0;0;0;0;0;0;00:00:00:000;00:00:00:000;;0;0;0;0;0;0;0;
2025-12-12 18:40:29;2025-12-12 18:51:26;2025-12-12 18:51:27;00:00:01;00:10:58;0;0;0;0;0;0;0;0;0;0;0;0;0;0;0;0;0;0;0;0;0;0;0;0;0;0;0;0;0;00:00:00:000;00:00:00:000;;0;0;0;0;0;0;0;
2025-12-12 18:40:29;2025-12-12 18:51:27;2025-12-12 18:51:28;00:00:01;00:10:59;0;0;0;0;0;0;0;0;0;0;0;0;0;0;0;0;0;0;0;0;0;0;0;0;0;0;0;0;0;00:00:00:000;00:00:00:000;;0;0;0;0;0;0;0;
2025-12-12 18:40:29;2025-12-12 18:51:28;2025-12-12 18:51:29;00:00:01;00:11:00;0;0;0;0;0;0;0;0;0;0;0;0;0;0;0;0;0;0;0;0;0;0;0;0;0;0;0;0;0;00:00:00:000;00:00:00:000;;0;0;0;0;0;0;0;
2025-12-12 18:40:29;2025-12-12 18:51:29;2025-12-12 18:51:30;00:00:01;00:11:01;0;0;0;0;0;0;0;0;0;0;0;0;0;0;0;0;0;0;0;0;0;0;0;0;0;0;0;0;0;00:00:00:000;00:00:00:000;;0;0;0;0;0;0;0;
2025-12-12 18:40:29;2025-12-12 18:51:30;2025-12-12 18:51:31;00:00:01;00:11:02;0;0;0;0;0;0;0;0;0;0;0;0;0;0;0;0;0;0;0;0;0;0;0;0;0;0;0;0;0;00:00:00:000;00:00:00:000;;0;0;0;0;0;0;0;
2025-12-12 18:40:29;2025-12-12 18:51:31;2025-12-12 18:51:32;00:00:01;00:11:03;0;0;0;0;0;0;0;0;0;0;0;0;0;0;0;0;0;0;0;0;0;0;0;0;0;0;0;0;0;00:00:00:000;00:00:00:000;;0;0;0;0;0;0;0;
2025-12-12 18:40:29;2025-12-12 18:51:32;2025-12-12 18:51:33;00:00:01;00:11:04;0;0;0;0;0;0;0;0;0;0;0;0;0;0;0;0;0;0;0;0;0;0;0;0;0;0;0;0;0;00:00:00:000;00:00:00:000;;0;0;0;0;0;0;0;
2025-12-12 18:40:29;2025-12-12 18:51:33;2025-12-12 18:51:34;00:00:01;00:11:05;0;0;0;0;0;0;0;0;0;0;0;0;0;0;0;0;0;0;0;0;0;0;0;0;0;0;0;0;0;00:00:00:000;00:00:00:000;;0;0;0;0;0;0;0;
2025-12-12 18:40:29;2025-12-12 18:51:34;2025-12-12 18:51:35;00:00:01;00:11:06;0;0;0;0;0;0;0;0;0;0;0;0;0;0;0;0;0;0;0;0;0;0;0;0;0;0;0;0;0;00:00:00:000;00:00:00:000;;0;0;0;0;0;0;0;
2025-12-12 18:40:29;2025-12-12 18:51:35;2025-12-12 18:51:36;00:00:01;00:11:07;0;0;0;0;0;0;0;0;0;0;0;0;0;0;0;0;0;0;0;0;0;0;0;0;0;0;0;0;0;00:00:00:000;00:00:00:000;;0;0;0;0;0;0;0;
2025-12-12 18:40:29;2025-12-12 18:51:36;2025-12-12 18:51:37;00:00:01;00:11:08;0;0;0;0;0;0;0;0;0;0;0;0;0;0;0;0;0;0;0;0;0;0;0;0;0;0;0;0;0;00:00:00:000;00:00:00:000;;0;0;0;0;0;0;0;
2025-12-12 18:40:29;2025-12-12 18:51:37;2025-12-12 18:51:38;00:00:01;00:11:09;0;0;0;0;0;0;0;0;0;0;0;0;0;0;0;0;0;0;0;0;0;0;0;0;0;0;0;0;0;00:00:00:000;00:00:00:000;;0;0;0;0;0;0;0;
2025-12-12 18:40:29;2025-12-12 18:51:38;2025-12-12 18:51:39;00:00:01;00:11:10;0;0;0;0;0;0;0;0;0;0;0;0;0;0;0;0;0;0;0;0;0;0;0;0;0;0;0;0;0;00:00:00:000;00:00:00:000;;0;0;0;0;0;0;0;
2025-12-12 18:40:29;2025-12-12 18:51:39;2025-12-12 18:51:40;00:00:01;00:11:11;0;0;0;0;0;0;0;0;0;0;0;0;0;0;0;0;0;0;0;0;0;0;0;0;0;0;0;0;0;00:00:00:000;00:00:00:000;;0;0;0;0;0;0;0;
2025-12-12 18:40:29;2025-12-12 18:51:40;2025-12-12 18:51:41;00:00:01;00:11:12;0;0;0;0;0;0;0;0;0;0;0;0;0;0;0;0;0;0;0;0;0;0;0;0;0;0;0;0;0;00:00:00:000;00:00:00:000;;0;0;0;0;0;0;0;
2025-12-12 18:40:29;2025-12-12 18:51:41;2025-12-12 18:51:42;00:00:01;00:11:13;0;0;0;0;0;0;0;0;0;0;0;0;0;0;0;0;0;0;0;0;0;0;0;0;0;0;0;0;0;00:00:00:000;00:00:00:000;;0;0;0;0;0;0;0;
2025-12-12 18:40:29;2025-12-12 18:51:42;2025-12-12 18:51:43;00:00:01;00:11:14;0;0;0;0;0;0;0;0;0;0;0;0;0;0;0;0;0;0;0;0;0;0;0;0;0;0;0;0;0;00:00:00:000;00:00:00:000;;0;0;0;0;0;0;0;
2025-12-12 18:40:29;2025-12-12 18:51:44;2025-12-12 18:51:44;00:00:01;00:11:15;0;0;0;0;0;0;0;0;0;0;0;0;0;0;0;0;0;0;0;0;0;0;0;0;0;0;0;0;0;00:00:00:000;00:00:00:000;;0;0;0;0;0;0;0;
2025-12-12 18:40:29;2025-12-12 18:51:44;2025-12-12 18:51:45;00:00:01;00:11:16;0;0;0;0;0;0;0;0;0;0;0;0;0;0;0;0;0;0;0;0;0;0;0;0;0;0;0;0;0;00:00:00:000;00:00:00:000;;0;0;0;0;0;0;0;
2025-12-12 18:40:29;2025-12-12 18:51:45;2025-12-12 18:51:46;00:00:01;00:11:17;0;0;0;0;0;0;0;0;0;0;0;0;0;0;0;0;0;0;0;0;0;0;0;0;0;0;0;0;0;00:00:00:000;00:00:00:000;;0;0;0;0;0;0;0;
2025-12-12 18:40:29;2025-12-12 18:51:46;2025-12-12 18:51:47;00:00:01;00:11:18;0;0;0;0;0;0;0;0;0;0;0;0;0;0;0;0;0;0;0;0;0;0;0;0;0;0;0;0;0;00:00:00:000;00:00:00:000;;0;0;0;0;0;0;0;
2025-12-12 18:40:29;2025-12-12 18:51:47;2025-12-12 18:51:48;00:00:01;00:11:19;0;0;0;0;0;0;0;0;0;0;0;0;0;0;0;0;0;0;0;0;0;0;0;0;0;0;0;0;0;00:00:00:000;00:00:00:000;;0;0;0;0;0;0;0;
2025-12-12 18:40:29;2025-12-12 18:51:48;2025-12-12 18:51:49;00:00:01;00:11:20;0;0;0;0;0;0;0;0;0;0;0;0;0;0;0;0;0;0;0;0;0;0;0;0;0;0;0;0;0;00:00:00:000;00:00:00:000;;0;0;0;0;0;0;0;
2025-12-12 18:40:29;2025-12-12 18:51:49;2025-12-12 18:51:50;00:00:01;00:11:21;0;0;0;0;0;0;0;0;0;0;0;0;0;0;0;0;0;0;0;0;0;0;0;0;0;0;0;0;0;00:00:00:000;00:00:00:000;;0;0;0;0;0;0;0;
2025-12-12 18:40:29;2025-12-12 18:51:50;2025-12-12 18:51:51;00:00:01;00:11:22;0;0;0;0;0;0;0;0;0;0;0;0;0;0;0;0;0;0;0;0;0;0;0;0;0;0;0;0;0;00:00:00:000;00:00:00:000;;0;0;0;0;0;0;0;
2025-12-12 18:40:29;2025-12-12 18:51:51;2025-12-12 18:51:52;00:00:01;00:11:23;0;0;0;0;0;0;0;0;0;0;0;0;0;0;0;0;0;0;0;0;0;0;0;0;0;0;0;0;0;00:00:00:000;00:00:00:000;;0;0;0;0;0;0;0;
2025-12-12 18:40:29;2025-12-12 18:51:52;2025-12-12 18:51:53;00:00:01;00:11:24;0;0;0;0;0;0;0;0;0;0;0;0;0;0;0;0;0;0;0;0;0;0;0;0;0;0;0;0;0;00:00:00:000;00:00:00:000;;0;0;0;0;0;0;0;
2025-12-12 18:40:29;2025-12-12 18:51:53;2025-12-12 18:51:54;00:00:01;00:11:25;0;0;0;0;0;0;0;0;0;0;0;0;0;0;0;0;0;0;0;0;0;0;0;0;0;0;0;0;0;00:00:00:000;00:00:00:000;;0;0;0;0;0;0;0;
2025-12-12 18:40:29;2025-12-12 18:51:54;2025-12-12 18:51:55;00:00:01;00:11:26;0;0;0;0;0;0;0;0;0;0;0;0;0;0;0;0;0;0;0;0;0;0;0;0;0;0;0;0;0;00:00:00:000;00:00:00:000;;0;0;0;0;0;0;0;
2025-12-12 18:40:29;2025-12-12 18:51:55;2025-12-12 18:51:56;00:00:01;00:11:27;0;0;0;0;0;0;0;0;0;0;0;0;0;0;0;0;0;0;0;0;0;0;0;0;0;0;0;0;0;00:00:00:000;00:00:00:000;;0;0;0;0;0;0;0;
2025-12-12 18:40:29;2025-12-12 18:51:56;2025-12-12 18:51:57;00:00:01;00:11:28;0;0;0;0;0;0;0;0;0;0;0;0;0;0;0;0;0;0;0;0;0;0;0;0;0;0;0;0;0;00:00:00:000;00:00:00:000;;0;0;0;0;0;0;0;
2025-12-12 18:40:29;2025-12-12 18:51:57;2025-12-12 18:51:58;00:00:01;00:11:29;0;0;0;0;0;0;0;0;0;0;0;0;0;0;0;0;0;0;0;0;0;0;0;0;0;0;0;0;0;00:00:00:000;00:00:00:000;;0;0;0;0;0;0;0;
2025-12-12 18:40:29;2025-12-12 18:51:58;2025-12-12 18:51:59;00:00:01;00:11:30;0;0;0;0;0;0;0;0;0;0;0;0;0;0;0;0;0;0;0;0;0;0;0;0;0;0;0;0;0;00:00:00:000;00:00:00:000;;0;0;0;0;0;0;0;
2025-12-12 18:40:29;2025-12-12 18:51:59;2025-12-12 18:52:00;00:00:01;00:11:31;0;0;0;0;0;0;0;0;0;0;0;0;0;0;0;0;0;0;0;0;0;0;0;0;0;0;0;0;0;00:00:00:000;00:00:00:000;;0;0;0;0;0;0;0;
2025-12-12 18:40:29;2025-12-12 18:52:00;2025-12-12 18:52:01;00:00:01;00:11:32;0;0;0;0;0;0;0;0;0;0;0;0;0;0;0;0;0;0;0;0;0;0;0;0;0;0;0;0;0;00:00:00:000;00:00:00:000;;0;0;0;0;0;0;0;
2025-12-12 18:40:29;2025-12-12 18:52:01;2025-12-12 18:52:02;00:00:01;00:11:33;0;0;0;0;0;0;0;0;0;0;0;0;0;0;0;0;0;0;0;0;0;0;0;0;0;0;0;0;0;00:00:00:000;00:00:00:000;;0;0;0;0;0;0;0;
2025-12-12 18:40:29;2025-12-12 18:52:02;2025-12-12 18:52:03;00:00:01;00:11:34;0;0;0;0;0;0;0;0;0;0;0;0;0;0;0;0;0;0;0;0;0;0;0;0;0;0;0;0;0;00:00:00:000;00:00:00:000;;0;0;0;0;0;0;0;
2025-12-12 18:40:29;2025-12-12 18:52:03;2025-12-12 18:52:04;00:00:01;00:11:35;0;0;0;0;0;0;0;0;0;0;0;0;0;0;0;0;0;0;0;0;0;0;0;0;0;0;0;0;0;00:00:00:000;00:00:00:000;;0;0;0;0;0;0;0;
2025-12-12 18:40:29;2025-12-12 18:52:04;2025-12-12 18:52:05;00:00:01;00:11:36;0;0;0;0;0;0;0;0;0;0;0;0;0;0;0;0;0;0;0;0;0;0;0;0;0;0;0;0;0;00:00:00:000;00:00:00:000;;0;0;0;0;0;0;0;
2025-12-12 18:40:29;2025-12-12 18:52:05;2025-12-12 18:52:06;00:00:01;00:11:37;0;0;0;0;0;0;0;0;0;0;0;0;0;0;0;0;0;0;0;0;0;0;0;0;0;0;0;0;0;00:00:00:000;00:00:00:000;;0;0;0;0;0;0;0;
2025-12-12 18:40:29;2025-12-12 18:52:06;2025-12-12 18:52:07;00:00:01;00:11:38;0;0;0;0;0;0;0;0;0;0;0;0;0;0;0;0;0;0;0;0;0;0;0;0;0;0;0;0;0;00:00:00:000;00:11:38:000;;0;0;0;0;0;0;0;
2025-12-12 18:40:29;2025-12-12 18:52:07;2025-12-12 18:52:08;00:00:01;00:11:39;0;0;0;0;0;0;0;0;0;0;0;0;0;0;0;0;0;0;0;0;0;0;0;0;0;0;0;0;0;00:00:00:000;00:00:00:000;;0;0;0;0;0;0;0;
2025-12-12 18:40:29;2025-12-12 18:52:08;2025-12-12 18:52:09;00:00:01;00:11:40;0;0;0;0;0;0;0;0;0;0;0;0;0;0;0;0;0;0;0;0;0;0;0;0;0;0;0;0;0;00:00:00:000;00:00:00:000;;0;0;0;0;0;0;0;
2025-12-12 18:40:29;2025-12-12 18:52:09;2025-12-12 18:52:10;00:00:01;00:11:41;0;0;0;0;0;0;0;0;0;0;0;0;0;0;0;0;0;0;0;0;0;0;0;0;0;0;0;0;0;00:00:00:000;00:00:00:000;;0;0;0;0;0;0;0;
2025-12-12 18:40:29;2025-12-12 18:52:10;2025-12-12 18:52:11;00:00:01;00:11:42;0;0;0;0;0;0;0;0;0;0;0;0;0;0;0;0;0;0;0;0;0;0;0;0;0;0;0;0;0;00:00:00:000;00:00:00:000;;0;0;0;0;0;0;0;
2025-12-12 18:40:29;2025-12-12 18:52:11;2025-12-12 18:52:12;00:00:01;00:11:43;0;0;0;0;0;0;0;0;0;0;0;0;0;0;0;0;0;0;0;0;0;0;0;0;0;0;0;0;0;00:00:00:000;00:00:00:000;;0;0;0;0;0;0;0;
2025-12-12 18:40:29;2025-12-12 18:52:12;2025-12-12 18:52:13;00:00:01;00:11:44;0;0;0;0;0;0;0;0;0;0;0;0;0;0;0;0;0;0;0;0;0;0;0;0;0;0;0;0;0;00:00:00:000;00:00:00:000;;0;0;0;0;0;0;0;
2025-12-12 18:40:29;2025-12-12 18:52:13;2025-12-12 18:52:14;00:00:01;00:11:45;0;0;0;0;0;0;0;0;0;0;0;0;0;0;0;0;0;0;0;0;0;0;0;0;0;0;0;0;0;00:00:00:000;00:00:00:000;;0;0;0;0;0;0;0;
2025-12-12 18:40:29;2025-12-12 18:52:14;2025-12-12 18:52:15;00:00:01;00:11:46;0;0;0;0;0;0;0;0;0;0;0;0;0;0;0;0;0;0;0;0;0;0;0;0;0;0;0;0;0;00:00:00:000;00:00:00:000;;0;0;0;0;0;0;0;
2025-12-12 18:40:29;2025-12-12 18:52:15;2025-12-12 18:52:16;00:00:01;00:11:47;0;0;0;0;0;0;0;0;0;0;0;0;0;0;0;0;0;0;0;0;0;0;0;0;0;0;0;0;0;00:00:00:000;00:00:00:000;;0;0;0;0;0;0;0;
2025-12-12 18:40:29;2025-12-12 18:52:16;2025-12-12 18:52:17;00:00:01;00:11:48;0;0;0;0;0;0;0;0;0;0;0;0;0;0;0;0;0;0;0;0;0;0;0;0;0;0;0;0;0;00:00:00:000;00:00:00:000;;0;0;0;0;0;0;0;
2025-12-12 18:40:29;2025-12-12 18:52:17;2025-12-12 18:52:18;00:00:01;00:11:49;0;0;0;0;0;0;0;0;0;0;0;0;0;0;0;0;0;0;0;0;0;0;0;0;0;0;0;0;0;00:00:00:000;00:00:00:000;;0;0;0;0;0;0;0;
2025-12-12 18:40:29;2025-12-12 18:52:18;2025-12-12 18:52:19;00:00:01;00:11:50;0;0;0;0;0;0;0;0;0;0;0;0;0;0;0;0;0;0;0;0;0;0;0;0;0;0;0;0;0;00:00:00:000;00:00:00:000;;0;0;0;0;0;0;0;
2025-12-12 18:40:29;2025-12-12 18:52:20;2025-12-12 18:52:20;00:00:01;00:11:51;0;0;0;0;0;0;0;0;0;0;0;0;0;0;0;0;0;0;0;0;0;0;0;0;0;0;0;0;0;00:00:00:000;00:00:00:000;;0;0;0;0;0;0;0;
2025-12-12 18:40:29;2025-12-12 18:52:20;2025-12-12 18:52:21;00:00:01;00:11:52;0;0;0;0;0;0;0;0;0;0;0;0;0;0;0;0;0;0;0;0;0;0;0;0;0;0;0;0;0;00:00:00:000;00:00:00:000;;0;0;0;0;0;0;0;
2025-12-12 18:40:29;2025-12-12 18:52:21;2025-12-12 18:52:22;00:00:01;00:11:53;0;0;0;0;0;0;0;0;0;0;0;0;0;0;0;0;0;0;0;0;0;0;0;0;0;0;0;0;0;00:00:00:000;00:00:00:000;;0;0;0;0;0;0;0;
2025-12-12 18:40:29;2025-12-12 18:52:22;2025-12-12 18:52:23;00:00:01;00:11:54;0;0;0;0;0;0;0;0;0;0;0;0;0;0;0;0;0;0;0;0;0;0;0;0;0;0;0;0;0;00:00:00:000;00:00:00:000;;0;0;0;0;0;0;0;
2025-12-12 18:40:29;2025-12-12 18:52:23;2025-12-12 18:52:24;00:00:01;00:11:55;0;0;0;0;0;0;0;0;0;0;0;0;0;0;0;0;0;0;0;0;0;0;0;0;0;0;0;0;0;00:00:00:000;00:00:00:000;;0;0;0;0;0;0;0;
2025-12-12 18:40:29;2025-12-12 18:52:24;2025-12-12 18:52:25;00:00:01;00:11:56;0;0;0;0;0;0;0;0;0;0;0;0;0;0;0;0;0;0;0;0;0;0;0;0;0;0;0;0;0;00:00:00:000;00:00:00:000;;0;0;0;0;0;0;0;
2025-12-12 18:40:29;2025-12-12 18:52:25;2025-12-12 18:52:26;00:00:01;00:11:57;0;0;0;0;0;0;0;0;0;0;0;0;0;0;0;0;0;0;0;0;0;0;0;0;0;0;0;0;0;00:00:00:000;00:00:00:000;;0;0;0;0;0;0;0;
2025-12-12 18:40:29;2025-12-12 18:52:26;2025-12-12 18:52:27;00:00:01;00:11:58;0;0;0;0;0;0;0;0;0;0;0;0;0;0;0;0;0;0;0;0;0;0;0;0;0;0;0;0;0;00:00:00:000;00:00:00:000;;0;0;0;0;0;0;0;
2025-12-12 18:40:29;2025-12-12 18:52:27;2025-12-12 18:52:28;00:00:01;00:11:59;0;0;0;0;0;0;0;0;0;0;0;0;0;0;0;0;0;0;0;0;0;0;0;0;0;0;0;0;0;00:00:00:000;00:00:00:000;;0;0;0;0;0;0;0;
2025-12-12 18:40:29;2025-12-12 18:52:28;2025-12-12 18:52:29;00:00:01;00:12:00;0;0;0;0;0;0;0;0;0;0;0;0;0;0;0;0;0;0;0;0;0;0;0;0;0;0;0;0;0;00:00:00:000;00:00:00:000;;0;0;0;0;0;0;0;
2025-12-12 18:40:29;2025-12-12 18:52:29;2025-12-12 18:52:30;00:00:01;00:12:01;0;0;0;0;0;0;0;0;0;0;0;0;0;0;0;0;0;0;0;0;0;0;0;0;0;0;0;0;0;00:00:00:000;00:00:00:000;;0;0;0;0;0;0;0;
2025-12-12 18:40:29;2025-12-12 18:52:30;2025-12-12 18:52:31;00:00:01;00:12:02;0;0;0;0;0;0;0;0;0;0;0;0;0;0;0;0;0;0;0;0;0;0;0;0;0;0;0;0;0;00:00:00:000;00:00:00:000;;0;0;0;0;0;0;0;
2025-12-12 18:40:29;2025-12-12 18:52:31;2025-12-12 18:52:32;00:00:01;00:12:03;0;0;0;0;0;0;0;0;0;0;0;0;0;0;0;0;0;0;0;0;0;0;0;0;0;0;0;0;0;00:00:00:000;00:00:00:000;;0;0;0;0;0;0;0;
2025-12-12 18:40:29;2025-12-12 18:52:32;2025-12-12 18:52:33;00:00:01;00:12:04;0;0;0;0;0;0;0;0;0;0;0;0;0;0;0;0;0;0;0;0;0;0;0;0;0;0;0;0;0;00:00:00:000;00:00:00:000;;0;0;0;0;0;0;0;
2025-12-12 18:40:29;2025-12-12 18:52:33;2025-12-12 18:52:34;00:00:01;00:12:05;0;0;0;0;0;0;0;0;0;0;0;0;0;0;0;0;0;0;0;0;0;0;0;0;0;0;0;0;0;00:00:00:000;00:00:00:000;;0;0;0;0;0;0;0;
2025-12-12 18:40:29;2025-12-12 18:52:34;2025-12-12 18:52:35;00:00:01;00:12:06;0;0;0;0;0;0;0;0;0;0;0;0;0;0;0;0;0;0;0;0;0;0;0;0;0;0;0;0;0;00:00:00:000;00:00:00:000;;0;0;0;0;0;0;0;
2025-12-12 18:40:29;2025-12-12 18:52:35;2025-12-12 18:52:36;00:00:01;00:12:07;0;0;0;0;0;0;0;0;0;0;0;0;0;0;0;0;0;0;0;0;0;0;0;0;0;0;0;0;0;00:00:00:000;00:00:00:000;;0;0;0;0;0;0;0;
2025-12-12 18:40:29;2025-12-12 18:52:36;2025-12-12 18:52:37;00:00:01;00:12:08;0;0;0;0;0;0;0;0;0;0;0;0;0;0;0;0;0;0;0;0;0;0;0;0;0;0;0;0;0;00:00:00:000;00:00:00:000;;0;0;0;0;0;0;0;
2025-12-12 18:40:29;2025-12-12 18:52:37;2025-12-12 18:52:38;00:00:01;00:12:09;0;0;0;0;0;0;0;0;0;0;0;0;0;0;0;0;0;0;0;0;0;0;0;0;0;0;0;0;0;00:00:00:000;00:00:00:000;;0;0;0;0;0;0;0;
2025-12-12 18:40:29;2025-12-12 18:52:38;2025-12-12 18:52:39;00:00:01;00:12:10;0;0;0;0;0;0;0;0;0;0;0;0;0;0;0;0;0;0;0;0;0;0;0;0;0;0;0;0;0;00:00:00:000;00:00:00:000;;0;0;0;0;0;0;0;
2025-12-12 18:40:29;2025-12-12 18:52:39;2025-12-12 18:52:40;00:00:01;00:12:11;0;0;0;0;0;0;0;0;0;0;0;0;0;0;0;0;0;0;0;0;0;0;0;0;0;0;0;0;0;00:00:00:000;00:00:00:000;;0;0;0;0;0;0;0;
2025-12-12 18:40:29;2025-12-12 18:52:40;2025-12-12 18:52:41;00:00:01;00:12:12;0;0;0;0;0;0;0;0;0;0;0;0;0;0;0;0;0;0;0;0;0;0;0;0;0;0;0;0;0;00:00:00:000;00:00:00:000;;0;0;0;0;0;0;0;
2025-12-12 18:40:29;2025-12-12 18:52:41;2025-12-12 18:52:42;00:00:01;00:12:13;0;0;0;0;0;0;0;0;0;0;0;0;0;0;0;0;0;0;0;0;0;0;0;0;0;0;0;0;0;00:00:00:000;00:00:00:000;;0;0;0;0;0;0;0;
2025-12-12 18:40:29;2025-12-12 18:52:42;2025-12-12 18:52:43;00:00:01;00:12:14;0;0;0;0;0;0;0;0;0;0;0;0;0;0;0;0;0;0;0;0;0;0;0;0;0;0;0;0;0;00:00:00:000;00:00:00:000;;0;0;0;0;0;0;0;
2025-12-12 18:40:29;2025-12-12 18:52:43;2025-12-12 18:52:44;00:00:01;00:12:15;0;0;0;0;0;0;0;0;0;0;0;0;0;0;0;0;0;0;0;0;0;0;0;0;0;0;0;0;0;00:00:00:000;00:00:00:000;;0;0;0;0;0;0;0;
2025-12-12 18:40:29;2025-12-12 18:52:44;2025-12-12 18:52:45;00:00:01;00:12:16;0;0;0;0;0;0;0;0;0;0;0;0;0;0;0;0;0;0;0;0;0;0;0;0;0;0;0;0;0;00:00:00:000;00:00:00:000;;0;0;0;0;0;0;0;
2025-12-12 18:40:29;2025-12-12 18:52:45;2025-12-12 18:52:46;00:00:01;00:12:17;0;0;0;0;0;0;0;0;0;0;0;0;0;0;0;0;0;0;0;0;0;0;0;0;0;0;0;0;0;00:00:00:000;00:00:00:000;;0;0;0;0;0;0;0;
2025-12-12 18:40:29;2025-12-12 18:52:46;2025-12-12 18:52:47;00:00:01;00:12:18;0;0;0;0;0;0;0;0;0;0;0;0;0;0;0;0;0;0;0;0;0;0;0;0;0;0;0;0;0;00:00:00:000;00:00:00:000;;0;0;0;0;0;0;0;
2025-12-12 18:40:29;2025-12-12 18:52:47;2025-12-12 18:52:48;00:00:01;00:12:19;0;0;0;0;0;0;0;0;0;0;0;0;0;0;0;0;0;0;0;0;0;0;0;0;0;0;0;0;0;00:00:00:000;00:00:00:000;;0;0;0;0;0;0;0;
2025-12-12 18:40:29;2025-12-12 18:52:48;2025-12-12 18:52:49;00:00:01;00:12:20;0;0;0;0;0;0;0;0;0;0;0;0;0;0;0;0;0;0;0;0;0;0;0;0;0;0;0;0;0;00:00:00:000;00:00:00:000;;0;0;0;0;0;0;0;
2025-12-12 18:40:29;2025-12-12 18:52:49;2025-12-12 18:52:50;00:00:01;00:12:21;0;0;0;0;0;0;0;0;0;0;0;0;0;0;0;0;0;0;0;0;0;0;0;0;0;0;0;0;0;00:00:00:000;00:00:00:000;;0;0;0;0;0;0;0;
2025-12-12 18:40:29;2025-12-12 18:52:50;2025-12-12 18:52:51;00:00:01;00:12:22;0;0;0;0;0;0;0;0;0;0;0;0;0;0;0;0;0;0;0;0;0;0;0;0;0;0;0;0;0;00:00:00:000;00:00:00:000;;0;0;0;0;0;0;0;
2025-12-12 18:40:29;2025-12-12 18:52:51;2025-12-12 18:52:52;00:00:01;00:12:23;0;0;0;0;0;0;0;0;0;0;0;0;0;0;0;0;0;0;0;0;0;0;0;0;0;0;0;0;0;00:00:00:000;00:00:00:000;;0;0;0;0;0;0;0;
2025-12-12 18:40:29;2025-12-12 18:52:52;2025-12-12 18:52:53;00:00:01;00:12:24;0;0;0;0;0;0;0;0;0;0;0;0;0;0;0;0;0;0;0;0;0;0;0;0;0;0;0;0;0;00:00:00:000;00:00:00:000;;0;0;0;0;0;0;0;
2025-12-12 18:40:29;2025-12-12 18:52:53;2025-12-12 18:52:54;00:00:01;00:12:25;0;0;0;0;0;0;0;0;0;0;0;0;0;0;0;0;0;0;0;0;0;0;0;0;0;0;0;0;0;00:00:00:000;00:00:00:000;;0;0;0;0;0;0;0;
2025-12-12 18:40:29;2025-12-12 18:52:54;2025-12-12 18:52:55;00:00:01;00:12:26;0;0;0;0;0;0;0;0;0;0;0;0;0;0;0;0;0;0;0;0;0;0;0;0;0;0;0;0;0;00:00:00:000;00:00:00:000;;0;0;0;0;0;0;0;
2025-12-12 18:40:29;2025-12-12 18:52:55;2025-12-12 18:52:56;00:00:01;00:12:27;0;0;0;0;0;0;0;0;0;0;0;0;0;0;0;0;0;0;0;0;0;0;0;0;0;0;0;0;0;00:00:00:000;00:00:00:000;;0;0;0;0;0;0;0;
2025-12-12 18:40:29;2025-12-12 18:52:56;2025-12-12 18:52:57;00:00:01;00:12:28;0;0;0;0;0;0;0;0;0;0;0;0;0;0;0;0;0;0;0;0;0;0;0;0;0;0;0;0;0;00:00:00:000;00:00:00:000;;0;0;0;0;0;0;0;
2025-12-12 18:40:29;2025-12-12 18:52:57;2025-12-12 18:52:58;00:00:01;00:12:29;0;0;0;0;0;0;0;0;0;0;0;0;0;0;0;0;0;0;0;0;0;0;0;0;0;0;0;0;0;00:00:00:000;00:00:00:000;;0;0;0;0;0;0;0;
2025-12-12 18:40:29;2025-12-12 18:52:58;2025-12-12 18:52:59;00:00:01;00:12:30;0;0;0;0;0;0;0;0;0;0;0;0;0;0;0;0;0;0;0;0;0;0;0;0;0;0;0;0;0;00:00:00:000;00:00:00:000;;0;0;0;0;0;0;0;
2025-12-12 18:40:29;2025-12-12 18:52:59;2025-12-12 18:53:00;00:00:01;00:12:31;0;0;0;0;0;0;0;0;0;0;0;0;0;0;0;0;0;0;0;0;0;0;0;0;0;0;0;0;0;00:00:00:000;00:00:00:000;;0;0;0;0;0;0;0;
2025-12-12 18:40:29;2025-12-12 18:53:00;2025-12-12 18:53:01;00:00:01;00:12:32;0;0;0;0;0;0;0;0;0;0;0;0;0;0;0;0;0;0;0;0;0;0;0;0;0;0;0;0;0;00:00:00:000;00:00:00:000;;0;0;0;0;0;0;0;
2025-12-12 18:40:29;2025-12-12 18:53:01;2025-12-12 18:53:02;00:00:01;00:12:33;0;0;0;0;0;0;0;0;0;0;0;0;0;0;0;0;0;0;0;0;0;0;0;0;0;0;0;0;0;00:00:00:000;00:00:00:000;;0;0;0;0;0;0;0;
2025-12-12 18:40:29;2025-12-12 18:53:02;2025-12-12 18:53:03;00:00:01;00:12:34;0;0;0;0;0;0;0;0;0;0;0;0;0;0;0;0;0;0;0;0;0;0;0;0;0;0;0;0;0;00:00:00:000;00:00:00:000;;0;0;0;0;0;0;0;
2025-12-12 18:40:29;2025-12-12 18:53:03;2025-12-12 18:53:04;00:00:01;00:12:35;0;0;0;0;0;0;0;0;0;0;0;0;0;0;0;0;0;0;0;0;0;0;0;0;0;0;0;0;0;00:00:00:000;00:00:00:000;;0;0;0;0;0;0;0;
2025-12-12 18:40:29;2025-12-12 18:53:04;2025-12-12 18:53:05;00:00:01;00:12:36;0;0;0;0;0;0;0;0;0;0;0;0;0;0;0;0;0;0;0;0;0;0;0;0;0;0;0;0;0;00:00:00:000;00:00:00:000;;0;0;0;0;0;0;0;
2025-12-12 18:40:29;2025-12-12 18:53:05;2025-12-12 18:53:06;00:00:01;00:12:37;0;0;0;0;0;0;0;0;0;0;0;0;0;0;0;0;0;0;0;0;0;0;0;0;0;0;0;0;0;00:00:00:000;00:00:00:000;;0;0;0;0;0;0;0;
2025-12-12 18:40:29;2025-12-12 18:53:06;2025-12-12 18:53:07;00:00:01;00:12:38;0;0;0;0;0;0;0;0;0;0;0;0;0;0;0;0;0;0;0;0;0;0;0;0;0;0;0;0;0;00:00:00:000;00:00:00:000;;0;0;0;0;0;0;0;
2025-12-12 18:40:29;2025-12-12 18:53:08;2025-12-12 18:53:08;00:00:01;00:12:39;0;0;0;0;0;0;0;0;0;0;0;0;0;0;0;0;0;0;0;0;0;0;0;0;0;0;0;0;0;00:00:00:000;00:00:00:000;;0;0;0;0;0;0;0;
2025-12-12 18:40:29;2025-12-12 18:53:09;2025-12-12 18:53:09;00:00:01;00:12:40;0;0;0;0;0;0;0;0;0;0;0;0;0;0;0;0;0;0;0;0;0;0;0;0;0;0;0;0;0;00:00:00:000;00:00:00:000;;0;0;0;0;0;0;0;
2025-12-12 18:40:29;2025-12-12 18:53:10;2025-12-12 18:53:10;00:00:01;00:12:41;0;0;0;0;0;0;0;0;0;0;0;0;0;0;0;0;0;0;0;0;0;0;0;0;0;0;0;0;0;00:00:00:000;00:00:00:000;;0;0;0;0;0;0;0;
2025-12-12 18:40:29;2025-12-12 18:53:11;2025-12-12 18:53:11;00:00:01;00:12:42;0;0;0;0;0;0;0;0;0;0;0;0;0;0;0;0;0;0;0;0;0;0;0;0;0;0;0;0;0;00:00:00:000;00:00:00:000;;0;0;0;0;0;0;0;
2025-12-12 18:40:29;2025-12-12 18:53:12;2025-12-12 18:53:12;00:00:01;00:12:43;0;0;0;0;0;0;0;0;0;0;0;0;0;0;0;0;0;0;0;0;0;0;0;0;0;0;0;0;0;00:00:00:000;00:00:00:000;;0;0;0;0;0;0;0;
2025-12-12 18:40:29;2025-12-12 18:53:13;2025-12-12 18:53:13;00:00:01;00:12:44;0;0;0;0;0;0;0;0;0;0;0;0;0;0;0;0;0;0;0;0;0;0;0;0;0;0;0;0;0;00:00:00:000;00:00:00:000;;0;0;0;0;0;0;0;
2025-12-12 18:40:29;2025-12-12 18:53:14;2025-12-12 18:53:14;00:00:01;00:12:45;0;0;0;0;0;0;0;0;0;0;0;0;0;0;0;0;0;0;0;0;0;0;0;0;0;0;0;0;0;00:00:00:000;00:00:00:000;;0;0;0;0;0;0;0;
2025-12-12 18:40:29;2025-12-12 18:53:15;2025-12-12 18:53:15;00:00:01;00:12:46;0;0;0;0;0;0;0;0;0;0;0;0;0;0;0;0;0;0;0;0;0;0;0;0;0;0;0;0;0;00:00:00:000;00:00:00:000;;0;0;0;0;0;0;0;
2025-12-12 18:40:29;2025-12-12 18:53:15;2025-12-12 18:53:16;00:00:01;00:12:47;0;0;0;0;0;0;0;0;0;0;0;0;0;0;0;0;0;0;0;0;0;0;0;0;0;0;0;0;0;00:00:00:000;00:00:00:000;;0;0;0;0;0;0;0;
2025-12-12 18:40:29;2025-12-12 18:53:16;2025-12-12 18:53:17;00:00:01;00:12:48;0;0;0;0;0;0;0;0;0;0;0;0;0;0;0;0;0;0;0;0;0;0;0;0;0;0;0;0;0;00:00:00:000;00:00:00:000;;0;0;0;0;0;0;0;
2025-12-12 18:40:29;2025-12-12 18:53:17;2025-12-12 18:53:18;00:00:01;00:12:49;0;0;0;0;0;0;0;0;0;0;0;0;0;0;0;0;0;0;0;0;0;0;0;0;0;0;0;0;0;00:00:00:000;00:00:00:000;;0;0;0;0;0;0;0;
2025-12-12 18:40:29;2025-12-12 18:53:18;2025-12-12 18:53:19;00:00:01;00:12:50;0;0;0;0;0;0;0;0;0;0;0;0;0;0;0;0;0;0;0;0;0;0;0;0;0;0;0;0;0;00:00:00:000;00:00:00:000;;0;0;0;0;0;0;0;
2025-12-12 18:40:29;2025-12-12 18:53:19;2025-12-12 18:53:20;00:00:01;00:12:51;0;0;0;0;0;0;0;0;0;0;0;0;0;0;0;0;0;0;0;0;0;0;0;0;0;0;0;0;0;00:00:00:000;00:00:00:000;;0;0;0;0;0;0;0;
2025-12-12 18:40:29;2025-12-12 18:53:20;2025-12-12 18:53:21;00:00:01;00:12:52;0;0;0;0;0;0;0;0;0;0;0;0;0;0;0;0;0;0;0;0;0;0;0;0;0;0;0;0;0;00:00:00:000;00:00:00:000;;0;0;0;0;0;0;0;
2025-12-12 18:40:29;2025-12-12 18:53:21;2025-12-12 18:53:22;00:00:01;00:12:53;0;0;0;0;0;0;0;0;0;0;0;0;0;0;0;0;0;0;0;0;0;0;0;0;0;0;0;0;0;00:00:00:000;00:00:00:000;;0;0;0;0;0;0;0;
2025-12-12 18:40:29;2025-12-12 18:53:22;2025-12-12 18:53:23;00:00:01;00:12:54;0;0;0;0;0;0;0;0;0;0;0;0;0;0;0;0;0;0;0;0;0;0;0;0;0;0;0;0;0;00:00:00:000;00:00:00:000;;0;0;0;0;0;0;0;
2025-12-12 18:40:29;2025-12-12 18:53:24;2025-12-12 18:53:24;00:00:01;00:12:55;0;0;0;0;0;0;0;0;0;0;0;0;0;0;0;0;0;0;0;0;0;0;0;0;0;0;0;0;0;00:00:00:000;00:00:00:000;;0;0;0;0;0;0;0;
2025-12-12 18:40:29;2025-12-12 18:53:25;2025-12-12 18:53:25;00:00:01;00:12:56;0;0;0;0;0;0;0;0;0;0;0;0;0;0;0;0;0;0;0;0;0;0;0;0;0;0;0;0;0;00:00:00:000;00:00:00:000;;0;0;0;0;0;0;0;
2025-12-12 18:40:29;2025-12-12 18:53:26;2025-12-12 18:53:26;00:00:01;00:12:57;0;0;0;0;0;0;0;0;0;0;0;0;0;0;0;0;0;0;0;0;0;0;0;0;0;0;0;0;0;00:00:00:000;00:00:00:000;;0;0;0;0;0;0;0;
2025-12-12 18:40:29;2025-12-12 18:53:26;2025-12-12 18:53:27;00:00:01;00:12:58;0;0;0;0;0;0;0;0;0;0;0;0;0;0;0;0;0;0;0;0;0;0;0;0;0;0;0;0;0;00:00:00:000;00:00:00:000;;0;0;0;0;0;0;0;
2025-12-12 18:40:29;2025-12-12 18:53:27;2025-12-12 18:53:28;00:00:01;00:12:59;0;0;0;0;0;0;0;0;0;0;0;0;0;0;0;0;0;0;0;0;0;0;0;0;0;0;0;0;0;00:00:00:000;00:00:00:000;;0;0;0;0;0;0;0;
2025-12-12 18:40:29;2025-12-12 18:53:28;2025-12-12 18:53:29;00:00:01;00:13:00;0;0;0;0;0;0;0;0;0;0;0;0;0;0;0;0;0;0;0;0;0;0;0;0;0;0;0;0;0;00:00:00:000;00:00:00:000;;0;0;0;0;0;0;0;
2025-12-12 18:40:29;2025-12-12 18:53:29;2025-12-12 18:53:30;00:00:01;00:13:01;0;0;0;0;0;0;0;0;0;0;0;0;0;0;0;0;0;0;0;0;0;0;0;0;0;0;0;0;0;00:00:00:000;00:00:00:000;;0;0;0;0;0;0;0;
2025-12-12 18:40:29;2025-12-12 18:53:30;2025-12-12 18:53:31;00:00:01;00:13:02;0;0;0;0;0;0;0;0;0;0;0;0;0;0;0;0;0;0;0;0;0;0;0;0;0;0;0;0;0;00:00:00:000;00:00:00:000;;0;0;0;0;0;0;0;
2025-12-12 18:40:29;2025-12-12 18:53:31;2025-12-12 18:53:32;00:00:01;00:13:03;0;0;0;0;0;0;0;0;0;0;0;0;0;0;0;0;0;0;0;0;0;0;0;0;0;0;0;0;0;00:00:00:000;00:00:00:000;;0;0;0;0;0;0;0;
2025-12-12 18:40:29;2025-12-12 18:53:32;2025-12-12 18:53:33;00:00:01;00:13:04;0;0;0;0;0;0;0;0;0;0;0;0;0;0;0;0;0;0;0;0;0;0;0;0;0;0;0;0;0;00:00:00:000;00:00:00:000;;0;0;0;0;0;0;0;
2025-12-12 18:40:29;2025-12-12 18:53:33;2025-12-12 18:53:34;00:00:01;00:13:05;0;0;0;0;0;0;0;0;0;0;0;0;0;0;0;0;0;0;0;0;0;0;0;0;0;0;0;0;0;00:00:00:000;00:00:00:000;;0;0;0;0;0;0;0;
2025-12-12 18:40:29;2025-12-12 18:53:34;2025-12-12 18:53:35;00:00:01;00:13:06;0;0;0;0;0;0;0;0;0;0;0;0;0;0;0;0;0;0;0;0;0;0;0;0;0;0;0;0;0;00:00:00:000;00:00:00:000;;0;0;0;0;0;0;0;
2025-12-12 18:40:29;2025-12-12 18:53:35;2025-12-12 18:53:36;00:00:01;00:13:07;0;0;0;0;0;0;0;0;0;0;0;0;0;0;0;0;0;0;0;0;0;0;0;0;0;0;0;0;0;00:00:00:000;00:00:00:000;;0;0;0;0;0;0;0;
2025-12-12 18:40:29;2025-12-12 18:53:36;2025-12-12 18:53:37;00:00:01;00:13:08;0;0;0;0;0;0;0;0;0;0;0;0;0;0;0;0;0;0;0;0;0;0;0;0;0;0;0;0;0;00:00:00:000;00:00:00:000;;0;0;0;0;0;0;0;
2025-12-12 18:40:29;2025-12-12 18:53:37;2025-12-12 18:53:38;00:00:01;00:13:09;0;0;0;0;0;0;0;0;0;0;0;0;0;0;0;0;0;0;0;0;0;0;0;0;0;0;0;0;0;00:00:00:000;00:00:00:000;;0;0;0;0;0;0;0;
2025-12-12 18:40:29;2025-12-12 18:53:38;2025-12-12 18:53:39;00:00:01;00:13:10;0;0;0;0;0;0;0;0;0;0;0;0;0;0;0;0;0;0;0;0;0;0;0;0;0;0;0;0;0;00:00:00:000;00:00:00:000;;0;0;0;0;0;0;0;
2025-12-12 18:40:29;2025-12-12 18:53:39;2025-12-12 18:53:40;00:00:01;00:13:11;0;0;0;0;0;0;0;0;0;0;0;0;0;0;0;0;0;0;0;0;0;0;0;0;0;0;0;0;0;00:00:00:000;00:00:00:000;;0;0;0;0;0;0;0;
2025-12-12 18:40:29;2025-12-12 18:53:40;2025-12-12 18:53:41;00:00:01;00:13:12;0;0;0;0;0;0;0;0;0;0;0;0;0;0;0;0;0;0;0;0;0;0;0;0;0;0;0;0;0;00:00:00:000;00:00:00:000;;0;0;0;0;0;0;0;
2025-12-12 18:40:29;2025-12-12 18:53:41;2025-12-12 18:53:42;00:00:01;00:13:13;0;0;0;0;0;0;0;0;0;0;0;0;0;0;0;0;0;0;0;0;0;0;0;0;0;0;0;0;0;00:00:00:000;00:00:00:000;;0;0;0;0;0;0;0;
2025-12-12 18:40:29;2025-12-12 18:53:42;2025-12-12 18:53:43;00:00:01;00:13:14;0;0;0;0;0;0;0;0;0;0;0;0;0;0;0;0;0;0;0;0;0;0;0;0;0;0;0;0;0;00:00:00:000;00:00:00:000;;0;0;0;0;0;0;0;
2025-12-12 18:40:29;2025-12-12 18:53:43;2025-12-12 18:53:44;00:00:01;00:13:15;0;0;0;0;0;0;0;0;0;0;0;0;0;0;0;0;0;0;0;0;0;0;0;0;0;0;0;0;0;00:00:00:000;00:00:00:000;;0;0;0;0;0;0;0;
2025-12-12 18:40:29;2025-12-12 18:53:44;2025-12-12 18:53:45;00:00:01;00:13:16;0;0;0;0;0;0;0;0;0;0;0;0;0;0;0;0;0;0;0;0;0;0;0;0;0;0;0;0;0;00:00:00:000;00:00:00:000;;0;0;0;0;0;0;0;
2025-12-12 18:40:29;2025-12-12 18:53:45;2025-12-12 18:53:46;00:00:01;00:13:17;0;0;0;0;0;0;0;0;0;0;0;0;0;0;0;0;0;0;0;0;0;0;0;0;0;0;0;0;0;00:00:00:000;00:00:00:000;;0;0;0;0;0;0;0;
2025-12-12 18:40:29;2025-12-12 18:53:46;2025-12-12 18:53:47;00:00:01;00:13:18;0;0;0;0;0;0;0;0;0;0;0;0;0;0;0;0;0;0;0;0;0;0;0;0;0;0;0;0;0;00:00:00:000;00:00:00:000;;0;0;0;0;0;0;0;
2025-12-12 18:40:29;2025-12-12 18:53:47;2025-12-12 18:53:48;00:00:01;00:13:19;0;0;0;0;0;0;0;0;0;0;0;0;0;0;0;0;0;0;0;0;0;0;0;0;0;0;0;0;0;00:00:00:000;00:00:00:000;;0;0;0;0;0;0;0;
2025-12-12 18:40:29;2025-12-12 18:53:49;2025-12-12 18:53:49;00:00:01;00:13:20;0;0;0;0;0;0;0;0;0;0;0;0;0;0;0;0;0;0;0;0;0;0;0;0;0;0;0;0;0;00:00:00:000;00:00:00:000;;0;0;0;0;0;0;0;
2025-12-12 18:40:29;2025-12-12 18:53:49;2025-12-12 18:53:50;00:00:01;00:13:21;0;0;0;0;0;0;0;0;0;0;0;0;0;0;0;0;0;0;0;0;0;0;0;0;0;0;0;0;0;00:00:00:000;00:00:00:000;;0;0;0;0;0;0;0;
2025-12-12 18:40:29;2025-12-12 18:53:50;2025-12-12 18:53:51;00:00:01;00:13:22;0;0;0;0;0;0;0;0;0;0;0;0;0;0;0;0;0;0;0;0;0;0;0;0;0;0;0;0;0;00:00:00:000;00:00:00:000;;0;0;0;0;0;0;0;
2025-12-12 18:40:29;2025-12-12 18:53:51;2025-12-12 18:53:52;00:00:01;00:13:23;0;0;0;0;0;0;0;0;0;0;0;0;0;0;0;0;0;0;0;0;0;0;0;0;0;0;0;0;0;00:00:00:000;00:00:00:000;;0;0;0;0;0;0;0;
2025-12-12 18:40:29;2025-12-12 18:53:52;2025-12-12 18:53:53;00:00:01;00:13:24;0;0;0;0;0;0;0;0;0;0;0;0;0;0;0;0;0;0;0;0;0;0;0;0;0;0;0;0;0;00:00:00:000;00:00:00:000;;0;0;0;0;0;0;0;
2025-12-12 18:40:29;2025-12-12 18:53:53;2025-12-12 18:53:54;00:00:01;00:13:25;0;0;0;0;0;0;0;0;0;0;0;0;0;0;0;0;0;0;0;0;0;0;0;0;0;0;0;0;0;00:00:00:000;00:00:00:000;;0;0;0;0;0;0;0;
2025-12-12 18:40:29;2025-12-12 18:53:54;2025-12-12 18:53:55;00:00:01;00:13:26;0;0;0;0;0;0;0;0;0;0;0;0;0;0;0;0;0;0;0;0;0;0;0;0;0;0;0;0;0;00:00:00:000;00:00:00:000;;0;0;0;0;0;0;0;
2025-12-12 18:40:29;2025-12-12 18:53:56;2025-12-12 18:53:56;00:00:01;00:13:27;0;0;0;0;0;0;0;0;0;0;0;0;0;0;0;0;0;0;0;0;0;0;0;0;0;0;0;0;0;00:00:00:000;00:00:00:000;;0;0;0;0;0;0;0;
2025-12-12 18:40:29;2025-12-12 18:53:56;2025-12-12 18:53:57;00:00:01;00:13:28;0;0;0;0;0;0;0;0;0;0;0;0;0;0;0;0;0;0;0;0;0;0;0;0;0;0;0;0;0;00:00:00:000;00:00:00:000;;0;0;0;0;0;0;0;
2025-12-12 18:40:29;2025-12-12 18:53:57;2025-12-12 18:53:58;00:00:01;00:13:29;0;0;0;0;0;0;0;0;0;0;0;0;0;0;0;0;0;0;0;0;0;0;0;0;0;0;0;0;0;00:00:00:000;00:00:00:000;;0;0;0;0;0;0;0;
2025-12-12 18:40:29;2025-12-12 18:53:58;2025-12-12 18:53:59;00:00:01;00:13:30;0;0;0;0;0;0;0;0;0;0;0;0;0;0;0;0;0;0;0;0;0;0;0;0;0;0;0;0;0;00:00:00:000;00:00:00:000;;0;0;0;0;0;0;0;
2025-12-12 18:40:29;2025-12-12 18:53:59;2025-12-12 18:54:00;00:00:01;00:13:31;0;0;0;0;0;0;0;0;0;0;0;0;0;0;0;0;0;0;0;0;0;0;0;0;0;0;0;0;0;00:00:00:000;00:00:00:000;;0;0;0;0;0;0;0;
2025-12-12 18:40:29;2025-12-12 18:54:00;2025-12-12 18:54:01;00:00:01;00:13:32;0;0;0;0;0;0;0;0;0;0;0;0;0;0;0;0;0;0;0;0;0;0;0;0;0;0;0;0;0;00:00:00:000;00:00:00:000;;0;0;0;0;0;0;0;
2025-12-12 18:40:29;2025-12-12 18:54:01;2025-12-12 18:54:02;00:00:01;00:13:33;0;0;0;0;0;0;0;0;0;0;0;0;0;0;0;0;0;0;0;0;0;0;0;0;0;0;0;0;0;00:00:00:000;00:00:00:000;;0;0;0;0;0;0;0;
2025-12-12 18:40:29;2025-12-12 18:54:02;2025-12-12 18:54:03;00:00:01;00:13:34;0;0;0;0;0;0;0;0;0;0;0;0;0;0;0;0;0;0;0;0;0;0;0;0;0;0;0;0;0;00:00:00:000;00:00:00:000;;0;0;0;0;0;0;0;
2025-12-12 18:40:29;2025-12-12 18:54:03;2025-12-12 18:54:04;00:00:01;00:13:35;0;0;0;0;0;0;0;0;0;0;0;0;0;0;0;0;0;0;0;0;0;0;0;0;0;0;0;0;0;00:00:00:000;00:00:00:000;;0;0;0;0;0;0;0;
2025-12-12 18:40:29;2025-12-12 18:54:04;2025-12-12 18:54:05;00:00:01;00:13:36;0;0;0;0;0;0;0;0;0;0;0;0;0;0;0;0;0;0;0;0;0;0;0;0;0;0;0;0;0;00:00:00:000;00:00:00:000;;0;0;0;0;0;0;0;
2025-12-12 18:40:29;2025-12-12 18:54:05;2025-12-12 18:54:06;00:00:01;00:13:37;0;0;0;0;0;0;0;0;0;0;0;0;0;0;0;0;0;0;0;0;0;0;0;0;0;0;0;0;0;00:00:00:000;00:00:00:000;;0;0;0;0;0;0;0;
2025-12-12 18:40:29;2025-12-12 18:54:06;2025-12-12 18:54:07;00:00:01;00:13:38;0;0;0;0;0;0;0;0;0;0;0;0;0;0;0;0;0;0;0;0;0;0;0;0;0;0;0;0;0;00:00:00:000;00:00:00:000;;0;0;0;0;0;0;0;
2025-12-12 18:40:29;2025-12-12 18:54:07;2025-12-12 18:54:08;00:00:01;00:13:39;0;0;0;0;0;0;0;0;0;0;0;0;0;0;0;0;0;0;0;0;0;0;0;0;0;0;0;0;0;00:00:00:000;00:00:00:000;;0;0;0;0;0;0;0;
2025-12-12 18:40:29;2025-12-12 18:54:08;2025-12-12 18:54:09;00:00:01;00:13:40;0;0;0;0;0;0;0;0;0;0;0;0;0;0;0;0;0;0;0;0;0;0;0;0;0;0;0;0;0;00:00:00:000;00:00:00:000;;0;0;0;0;0;0;0;
2025-12-12 18:40:29;2025-12-12 18:54:09;2025-12-12 18:54:10;00:00:01;00:13:41;0;0;0;0;0;0;0;0;0;0;0;0;0;0;0;0;0;0;0;0;0;0;0;0;0;0;0;0;0;00:00:00:000;00:00:00:000;;0;0;0;0;0;0;0;
2025-12-12 18:40:29;2025-12-12 18:54:10;2025-12-12 18:54:11;00:00:01;00:13:42;0;0;0;0;0;0;0;0;0;0;0;0;0;0;0;0;0;0;0;0;0;0;0;0;0;0;0;0;0;00:00:00:000;00:00:00:000;;0;0;0;0;0;0;0;
2025-12-12 18:40:29;2025-12-12 18:54:11;2025-12-12 18:54:12;00:00:01;00:13:43;0;0;0;0;0;0;0;0;0;0;0;0;0;0;0;0;0;0;0;0;0;0;0;0;0;0;0;0;0;00:00:00:000;00:00:00:000;;0;0;0;0;0;0;0;
2025-12-12 18:40:29;2025-12-12 18:54:12;2025-12-12 18:54:13;00:00:01;00:13:44;0;0;0;0;0;0;0;0;0;0;0;0;0;0;0;0;0;0;0;0;0;0;0;0;0;0;0;0;0;00:00:00:000;00:00:00:000;;0;0;0;0;0;0;0;
2025-12-12 18:40:29;2025-12-12 18:54:13;2025-12-12 18:54:14;00:00:01;00:13:45;0;0;0;0;0;0;0;0;0;0;0;0;0;0;0;0;0;0;0;0;0;0;0;0;0;0;0;0;0;00:00:00:000;00:00:00:000;;0;0;0;0;0;0;0;
2025-12-12 18:40:29;2025-12-12 18:54:14;2025-12-12 18:54:15;00:00:01;00:13:46;0;0;0;0;0;0;0;0;0;0;0;0;0;0;0;0;0;0;0;0;0;0;0;0;0;0;0;0;0;00:00:00:000;00:00:00:000;;0;0;0;0;0;0;0;
2025-12-12 18:40:29;2025-12-12 18:54:15;2025-12-12 18:54:16;00:00:01;00:13:47;0;0;0;0;0;0;0;0;0;0;0;0;0;0;0;0;0;0;0;0;0;0;0;0;0;0;0;0;0;00:00:00:000;00:00:00:000;;0;0;0;0;0;0;0;
2025-12-12 18:40:29;2025-12-12 18:54:16;2025-12-12 18:54:17;00:00:01;00:13:48;0;0;0;0;0;0;0;0;0;0;0;0;0;0;0;0;0;0;0;0;0;0;0;0;0;0;0;0;0;00:00:00:000;00:00:00:000;;0;0;0;0;0;0;0;
2025-12-12 18:40:29;2025-12-12 18:54:17;2025-12-12 18:54:18;00:00:01;00:13:49;0;0;0;0;0;0;0;0;0;0;0;0;0;0;0;0;0;0;0;0;0;0;0;0;0;0;0;0;0;00:00:00:000;00:00:00:000;;0;0;0;0;0;0;0;
2025-12-12 18:40:29;2025-12-12 18:54:18;2025-12-12 18:54:19;00:00:01;00:13:50;0;0;0;0;0;0;0;0;0;0;0;0;0;0;0;0;0;0;0;0;0;0;0;0;0;0;0;0;0;00:00:00:000;00:00:00:000;;0;0;0;0;0;0;0;
2025-12-12 18:40:29;2025-12-12 18:54:19;2025-12-12 18:54:20;00:00:01;00:13:51;0;0;0;0;0;0;0;0;0;0;0;0;0;0;0;0;0;0;0;0;0;0;0;0;0;0;0;0;0;00:00:00:000;00:00:00:000;;0;0;0;0;0;0;0;
2025-12-12 18:40:29;2025-12-12 18:54:20;2025-12-12 18:54:21;00:00:01;00:13:52;0;0;0;0;0;0;0;0;0;0;0;0;0;0;0;0;0;0;0;0;0;0;0;0;0;0;0;0;0;00:00:00:000;00:00:00:000;;0;0;0;0;0;0;0;
2025-12-12 18:40:29;2025-12-12 18:54:21;2025-12-12 18:54:22;00:00:01;00:13:53;0;0;0;0;0;0;0;0;0;0;0;0;0;0;0;0;0;0;0;0;0;0;0;0;0;0;0;0;0;00:00:00:000;00:00:00:000;;0;0;0;0;0;0;0;
2025-12-12 18:40:29;2025-12-12 18:54:22;2025-12-12 18:54:23;00:00:01;00:13:54;0;0;0;0;0;0;0;0;0;0;0;0;0;0;0;0;0;0;0;0;0;0;0;0;0;0;0;0;0;00:00:00:000;00:00:00:000;;0;0;0;0;0;0;0;
2025-12-12 18:40:29;2025-12-12 18:54:23;2025-12-12 18:54:24;00:00:01;00:13:55;0;0;0;0;0;0;0;0;0;0;0;0;0;0;0;0;0;0;0;0;0;0;0;0;0;0;0;0;0;00:00:00:000;00:00:00:000;;0;0;0;0;0;0;0;
2025-12-12 18:40:29;2025-12-12 18:54:24;2025-12-12 18:54:25;00:00:01;00:13:56;0;0;0;0;0;0;0;0;0;0;0;0;0;0;0;0;0;0;0;0;0;0;0;0;0;0;0;0;0;00:00:00:000;00:00:00:000;;0;0;0;0;0;0;0;
2025-12-12 18:40:29;2025-12-12 18:54:25;2025-12-12 18:54:26;00:00:01;00:13:57;0;0;0;0;0;0;0;0;0;0;0;0;0;0;0;0;0;0;0;0;0;0;0;0;0;0;0;0;0;00:00:00:000;00:00:00:000;;0;0;0;0;0;0;0;
2025-12-12 18:40:29;2025-12-12 18:54:26;2025-12-12 18:54:27;00:00:01;00:13:58;0;0;0;0;0;0;0;0;0;0;0;0;0;0;0;0;0;0;0;0;0;0;0;0;0;0;0;0;0;00:00:00:000;00:00:00:000;;0;0;0;0;0;0;0;
2025-12-12 18:40:29;2025-12-12 18:54:27;2025-12-12 18:54:28;00:00:01;00:13:59;0;0;0;0;0;0;0;0;0;0;0;0;0;0;0;0;0;0;0;0;0;0;0;0;0;0;0;0;0;00:00:00:000;00:00:00:000;;0;0;0;0;0;0;0;
2025-12-12 18:40:29;2025-12-12 18:54:28;2025-12-12 18:54:29;00:00:01;00:14:00;0;0;0;0;0;0;0;0;0;0;0;0;0;0;0;0;0;0;0;0;0;0;0;0;0;0;0;0;0;00:00:00:000;00:00:00:000;;0;0;0;0;0;0;0;
2025-12-12 18:40:29;2025-12-12 18:54:29;2025-12-12 18:54:30;00:00:01;00:14:01;0;0;0;0;0;0;0;0;0;0;0;0;0;0;0;0;0;0;0;0;0;0;0;0;0;0;0;0;0;00:00:00:000;00:00:00:000;;0;0;0;0;0;0;0;
2025-12-12 18:40:29;2025-12-12 18:54:30;2025-12-12 18:54:31;00:00:01;00:14:02;0;0;0;0;0;0;0;0;0;0;0;0;0;0;0;0;0;0;0;0;0;0;0;0;0;0;0;0;0;00:00:00:000;00:00:00:000;;0;0;0;0;0;0;0;
2025-12-12 18:40:29;2025-12-12 18:54:31;2025-12-12 18:54:32;00:00:01;00:14:03;0;0;0;0;0;0;0;0;0;0;0;0;0;0;0;0;0;0;0;0;0;0;0;0;0;0;0;0;0;00:00:00:000;00:00:00:000;;0;0;0;0;0;0;0;
2025-12-12 18:40:29;2025-12-12 18:54:32;2025-12-12 18:54:33;00:00:01;00:14:04;0;0;0;0;0;0;0;0;0;0;0;0;0;0;0;0;0;0;0;0;0;0;0;0;0;0;0;0;0;00:00:00:000;00:00:00:000;;0;0;0;0;0;0;0;
2025-12-12 18:40:29;2025-12-12 18:54:33;2025-12-12 18:54:34;00:00:01;00:14:05;0;0;0;0;0;0;0;0;0;0;0;0;0;0;0;0;0;0;0;0;0;0;0;0;0;0;0;0;0;00:00:00:000;00:00:00:000;;0;0;0;0;0;0;0;
2025-12-12 18:40:29;2025-12-12 18:54:34;2025-12-12 18:54:35;00:00:01;00:14:06;0;0;0;0;0;0;0;0;0;0;0;0;0;0;0;0;0;0;0;0;0;0;0;0;0;0;0;0;0;00:00:00:000;00:00:00:000;;0;0;0;0;0;0;0;
2025-12-12 18:40:29;2025-12-12 18:54:35;2025-12-12 18:54:36;00:00:01;00:14:07;0;0;0;0;0;0;0;0;0;0;0;0;0;0;0;0;0;0;0;0;0;0;0;0;0;0;0;0;0;00:00:00:000;00:00:00:000;;0;0;0;0;0;0;0;
2025-12-12 18:40:29;2025-12-12 18:54:36;2025-12-12 18:54:37;00:00:01;00:14:08;0;0;0;0;0;0;0;0;0;0;0;0;0;0;0;0;0;0;0;0;0;0;0;0;0;0;0;0;0;00:00:00:000;00:00:00:000;;0;0;0;0;0;0;0;
2025-12-12 18:40:29;2025-12-12 18:54:37;2025-12-12 18:54:38;00:00:01;00:14:09;0;0;0;0;0;0;0;0;0;0;0;0;0;0;0;0;0;0;0;0;0;0;0;0;0;0;0;0;0;00:00:00:000;00:00:00:000;;0;0;0;0;0;0;0;
2025-12-12 18:40:29;2025-12-12 18:54:38;2025-12-12 18:54:39;00:00:01;00:14:10;0;0;0;0;0;0;0;0;0;0;0;0;0;0;0;0;0;0;0;0;0;0;0;0;0;0;0;0;0;00:00:00:000;00:00:00:000;;0;0;0;0;0;0;0;
2025-12-12 18:40:29;2025-12-12 18:54:39;2025-12-12 18:54:40;00:00:01;00:14:11;0;0;0;0;0;0;0;0;0;0;0;0;0;0;0;0;0;0;0;0;0;0;0;0;0;0;0;0;0;00:00:00:000;00:00:00:000;;0;0;0;0;0;0;0;
2025-12-12 18:40:29;2025-12-12 18:54:40;2025-12-12 18:54:41;00:00:01;00:14:12;0;0;0;0;0;0;0;0;0;0;0;0;0;0;0;0;0;0;0;0;0;0;0;0;0;0;0;0;0;00:00:00:000;00:00:00:000;;0;0;0;0;0;0;0;
2025-12-12 18:40:29;2025-12-12 18:54:41;2025-12-12 18:54:42;00:00:01;00:14:13;0;0;0;0;0;0;0;0;0;0;0;0;0;0;0;0;0;0;0;0;0;0;0;0;0;0;0;0;0;00:00:00:000;00:00:00:000;;0;0;0;0;0;0;0;
2025-12-12 18:40:29;2025-12-12 18:54:42;2025-12-12 18:54:43;00:00:01;00:14:14;0;0;0;0;0;0;0;0;0;0;0;0;0;0;0;0;0;0;0;0;0;0;0;0;0;0;0;0;0;00:00:00:000;00:00:00:000;;0;0;0;0;0;0;0;
2025-12-12 18:40:29;2025-12-12 18:54:43;2025-12-12 18:54:44;00:00:01;00:14:15;0;0;0;0;0;0;0;0;0;0;0;0;0;0;0;0;0;0;0;0;0;0;0;0;0;0;0;0;0;00:00:00:000;00:00:00:000;;0;0;0;0;0;0;0;
2025-12-12 18:40:29;2025-12-12 18:54:44;2025-12-12 18:54:45;00:00:01;00:14:16;0;0;0;0;0;0;0;0;0;0;0;0;0;0;0;0;0;0;0;0;0;0;0;0;0;0;0;0;0;00:00:00:000;00:00:00:000;;0;0;0;0;0;0;0;
2025-12-12 18:40:29;2025-12-12 18:54:45;2025-12-12 18:54:46;00:00:01;00:14:17;0;0;0;0;0;0;0;0;0;0;0;0;0;0;0;0;0;0;0;0;0;0;0;0;0;0;0;0;0;00:00:00:000;00:00:00:000;;0;0;0;0;0;0;0;
2025-12-12 18:40:29;2025-12-12 18:54:46;2025-12-12 18:54:47;00:00:01;00:14:18;0;0;0;0;0;0;0;0;0;0;0;0;0;0;0;0;0;0;0;0;0;0;0;0;0;0;0;0;0;00:00:00:000;00:00:00:000;;0;0;0;0;0;0;0;
2025-12-12 18:40:29;2025-12-12 18:54:47;2025-12-12 18:54:48;00:00:01;00:14:19;0;0;0;0;0;0;0;0;0;0;0;0;0;0;0;0;0;0;0;0;0;0;0;0;0;0;0;0;0;00:00:00:000;00:00:00:000;;0;0;0;0;0;0;0;
2025-12-12 18:40:29;2025-12-12 18:54:48;2025-12-12 18:54:49;00:00:01;00:14:20;0;0;0;0;0;0;0;0;0;0;0;0;0;0;0;0;0;0;0;0;0;0;0;0;0;0;0;0;0;00:00:00:000;00:00:00:000;;0;0;0;0;0;0;0;
2025-12-12 18:40:29;2025-12-12 18:54:49;2025-12-12 18:54:50;00:00:01;00:14:21;0;0;0;0;0;0;0;0;0;0;0;0;0;0;0;0;0;0;0;0;0;0;0;0;0;0;0;0;0;00:00:00:000;00:00:00:000;;0;0;0;0;0;0;0;
2025-12-12 18:40:29;2025-12-12 18:54:50;2025-12-12 18:54:51;00:00:01;00:14:22;0;0;0;0;0;0;0;0;0;0;0;0;0;0;0;0;0;0;0;0;0;0;0;0;0;0;0;0;0;00:00:00:000;00:00:00:000;;0;0;0;0;0;0;0;
2025-12-12 18:40:29;2025-12-12 18:54:51;2025-12-12 18:54:52;00:00:01;00:14:23;0;0;0;0;0;0;0;0;0;0;0;0;0;0;0;0;0;0;0;0;0;0;0;0;0;0;0;0;0;00:00:00:000;00:00:00:000;;0;0;0;0;0;0;0;
2025-12-12 18:40:29;2025-12-12 18:54:52;2025-12-12 18:54:53;00:00:01;00:14:24;0;0;0;0;0;0;0;0;0;0;0;0;0;0;0;0;0;0;0;0;0;0;0;0;0;0;0;0;0;00:00:00:000;00:00:00:000;;0;0;0;0;0;0;0;
2025-12-12 18:40:29;2025-12-12 18:54:53;2025-12-12 18:54:54;00:00:01;00:14:25;0;0;0;0;0;0;0;0;0;0;0;0;0;0;0;0;0;0;0;0;0;0;0;0;0;0;0;0;0;00:00:00:000;00:00:00:000;;0;0;0;0;0;0;0;
2025-12-12 18:40:29;2025-12-12 18:54:54;2025-12-12 18:54:55;00:00:01;00:14:26;0;0;0;0;0;0;0;0;0;0;0;0;0;0;0;0;0;0;0;0;0;0;0;0;0;0;0;0;0;00:00:00:000;00:00:00:000;;0;0;0;0;0;0;0;
2025-12-12 18:40:29;2025-12-12 18:54:55;2025-12-12 18:54:56;00:00:01;00:14:27;0;0;0;0;0;0;0;0;0;0;0;0;0;0;0;0;0;0;0;0;0;0;0;0;0;0;0;0;0;00:00:00:000;00:00:00:000;;0;0;0;0;0;0;0;
2025-12-12 18:40:29;2025-12-12 18:54:56;2025-12-12 18:54:57;00:00:01;00:14:28;0;0;0;0;0;0;0;0;0;0;0;0;0;0;0;0;0;0;0;0;0;0;0;0;0;0;0;0;0;00:00:00:000;00:00:00:000;;0;0;0;0;0;0;0;
2025-12-12 18:40:29;2025-12-12 18:54:57;2025-12-12 18:54:58;00:00:01;00:14:29;0;0;0;0;0;0;0;0;0;0;0;0;0;0;0;0;0;0;0;0;0;0;0;0;0;0;0;0;0;00:00:00:000;00:00:00:000;;0;0;0;0;0;0;0;
2025-12-12 18:40:29;2025-12-12 18:54:58;2025-12-12 18:54:59;00:00:01;00:14:30;0;0;0;0;0;0;0;0;0;0;0;0;0;0;0;0;0;0;0;0;0;0;0;0;0;0;0;0;0;00:00:00:000;00:00:00:000;;0;0;0;0;0;0;0;
2025-12-12 18:40:29;2025-12-12 18:54:59;2025-12-12 18:55:00;00:00:01;00:14:31;0;0;0;0;0;0;0;0;0;0;0;0;0;0;0;0;0;0;0;0;0;0;0;0;0;0;0;0;0;00:00:00:000;00:00:00:000;;0;0;0;0;0;0;0;
2025-12-12 18:40:29;2025-12-12 18:55:00;2025-12-12 18:55:01;00:00:01;00:14:32;0;0;0;0;0;0;0;0;0;0;0;0;0;0;0;0;0;0;0;0;0;0;0;0;0;0;0;0;0;00:00:00:000;00:00:00:000;;0;0;0;0;0;0;0;
2025-12-12 18:40:29;2025-12-12 18:55:01;2025-12-12 18:55:02;00:00:01;00:14:33;0;0;0;0;0;0;0;0;0;0;0;0;0;0;0;0;0;0;0;0;0;0;0;0;0;0;0;0;0;00:00:00:000;00:00:00:000;;0;0;0;0;0;0;0;
2025-12-12 18:40:29;2025-12-12 18:55:02;2025-12-12 18:55:03;00:00:01;00:14:34;0;0;0;0;0;0;0;0;0;0;0;0;0;0;0;0;0;0;0;0;0;0;0;0;0;0;0;0;0;00:00:00:000;00:00:00:000;;0;0;0;0;0;0;0;
2025-12-12 18:40:29;2025-12-12 18:55:03;2025-12-12 18:55:04;00:00:01;00:14:35;0;0;0;0;0;0;0;0;0;0;0;0;0;0;0;0;0;0;0;0;0;0;0;0;0;0;0;0;0;00:00:00:000;00:00:00:000;;0;0;0;0;0;0;0;
2025-12-12 18:40:29;2025-12-12 18:55:04;2025-12-12 18:55:05;00:00:01;00:14:36;0;0;0;0;0;0;0;0;0;0;0;0;0;0;0;0;0;0;0;0;0;0;0;0;0;0;0;0;0;00:00:00:000;00:00:00:000;;0;0;0;0;0;0;0;
2025-12-12 18:40:29;2025-12-12 18:55:05;2025-12-12 18:55:06;00:00:01;00:14:37;0;0;0;0;0;0;0;0;0;0;0;0;0;0;0;0;0;0;0;0;0;0;0;0;0;0;0;0;0;00:00:00:000;00:00:00:000;;0;0;0;0;0;0;0;
2025-12-12 18:40:29;2025-12-12 18:55:06;2025-12-12 18:55:07;00:00:01;00:14:38;0;0;0;0;0;0;0;0;0;0;0;0;0;0;0;0;0;0;0;0;0;0;0;0;0;0;0;0;0;00:00:00:000;00:00:00:000;;0;0;0;0;0;0;0;
2025-12-12 18:40:29;2025-12-12 18:55:07;2025-12-12 18:55:08;00:00:01;00:14:39;0;0;0;0;0;0;0;0;0;0;0;0;0;0;0;0;0;0;0;0;0;0;0;0;0;0;0;0;0;00:00:00:000;00:00:00:000;;0;0;0;0;0;0;0;
2025-12-12 18:40:29;2025-12-12 18:55:08;2025-12-12 18:55:09;00:00:01;00:14:40;0;0;0;0;0;0;0;0;0;0;0;0;0;0;0;0;0;0;0;0;0;0;0;0;0;0;0;0;0;00:00:00:000;00:00:00:000;;0;0;0;0;0;0;0;
2025-12-12 18:40:29;2025-12-12 18:55:09;2025-12-12 18:55:10;00:00:01;00:14:41;0;0;0;0;0;0;0;0;0;0;0;0;0;0;0;0;0;0;0;0;0;0;0;0;0;0;0;0;0;00:00:00:000;00:00:00:000;;0;0;0;0;0;0;0;
2025-12-12 18:40:29;2025-12-12 18:55:10;2025-12-12 18:55:11;00:00:01;00:14:42;0;0;0;0;0;0;0;0;0;0;0;0;0;0;0;0;0;0;0;0;0;0;0;0;0;0;0;0;0;00:00:00:000;00:00:00:000;;0;0;0;0;0;0;0;
2025-12-12 18:40:29;2025-12-12 18:55:11;2025-12-12 18:55:12;00:00:01;00:14:43;0;0;0;0;0;0;0;0;0;0;0;0;0;0;0;0;0;0;0;0;0;0;0;0;0;0;0;0;0;00:00:00:000;00:00:00:000;;0;0;0;0;0;0;0;
2025-12-12 18:40:29;2025-12-12 18:55:12;2025-12-12 18:55:13;00:00:01;00:14:44;0;0;0;0;0;0;0;0;0;0;0;0;0;0;0;0;0;0;0;0;0;0;0;0;0;0;0;0;0;00:00:00:000;00:00:00:000;;0;0;0;0;0;0;0;
2025-12-12 18:40:29;2025-12-12 18:55:13;2025-12-12 18:55:14;00:00:01;00:14:45;0;0;0;0;0;0;0;0;0;0;0;0;0;0;0;0;0;0;0;0;0;0;0;0;0;0;0;0;0;00:00:00:000;00:00:00:000;;0;0;0;0;0;0;0;
2025-12-12 18:40:29;2025-12-12 18:55:14;2025-12-12 18:55:15;00:00:01;00:14:46;0;0;0;0;0;0;0;0;0;0;0;0;0;0;0;0;0;0;0;0;0;0;0;0;0;0;0;0;0;00:00:00:000;00:00:00:000;;0;0;0;0;0;0;0;
2025-12-12 18:40:29;2025-12-12 18:55:15;2025-12-12 18:55:16;00:00:01;00:14:47;0;0;0;0;0;0;0;0;0;0;0;0;0;0;0;0;0;0;0;0;0;0;0;0;0;0;0;0;0;00:00:00:000;00:00:00:000;;0;0;0;0;0;0;0;
2025-12-12 18:40:29;2025-12-12 18:55:16;2025-12-12 18:55:17;00:00:01;00:14:48;0;0;0;0;0;0;0;0;0;0;0;0;0;0;0;0;0;0;0;0;0;0;0;0;0;0;0;0;0;00:00:00:000;00:00:00:000;;0;0;0;0;0;0;0;
2025-12-12 18:40:29;2025-12-12 18:55:17;2025-12-12 18:55:18;00:00:01;00:14:49;0;0;0;0;0;0;0;0;0;0;0;0;0;0;0;0;0;0;0;0;0;0;0;0;0;0;0;0;0;00:00:00:000;00:00:00:000;;0;0;0;0;0;0;0;
2025-12-12 18:40:29;2025-12-12 18:55:18;2025-12-12 18:55:19;00:00:01;00:14:50;0;0;0;0;0;0;0;0;0;0;0;0;0;0;0;0;0;0;0;0;0;0;0;0;0;0;0;0;0;00:00:00:000;00:00:00:000;;0;0;0;0;0;0;0;
2025-12-12 18:40:29;2025-12-12 18:55:19;2025-12-12 18:55:20;00:00:01;00:14:51;0;0;0;0;0;0;0;0;0;0;0;0;0;0;0;0;0;0;0;0;0;0;0;0;0;0;0;0;0;00:00:00:000;00:00:00:000;;0;0;0;0;0;0;0;
2025-12-12 18:40:29;2025-12-12 18:55:20;2025-12-12 18:55:21;00:00:01;00:14:52;0;0;0;0;0;0;0;0;0;0;0;0;0;0;0;0;0;0;0;0;0;0;0;0;0;0;0;0;0;00:00:00:000;00:00:00:000;;0;0;0;0;0;0;0;
2025-12-12 18:40:29;2025-12-12 18:55:21;2025-12-12 18:55:22;00:00:01;00:14:53;0;0;0;0;0;0;0;0;0;0;0;0;0;0;0;0;0;0;0;0;0;0;0;0;0;0;0;0;0;00:00:00:000;00:00:00:000;;0;0;0;0;0;0;0;
2025-12-12 18:40:29;2025-12-12 18:55:22;2025-12-12 18:55:23;00:00:01;00:14:54;0;0;0;0;0;0;0;0;0;0;0;0;0;0;0;0;0;0;0;0;0;0;0;0;0;0;0;0;0;00:00:00:000;00:00:00:000;;0;0;0;0;0;0;0;
2025-12-12 18:40:29;2025-12-12 18:55:23;2025-12-12 18:55:24;00:00:01;00:14:55;0;0;0;0;0;0;0;0;0;0;0;0;0;0;0;0;0;0;0;0;0;0;0;0;0;0;0;0;0;00:00:00:000;00:00:00:000;;0;0;0;0;0;0;0;
2025-12-12 18:40:29;2025-12-12 18:55:24;2025-12-12 18:55:25;00:00:01;00:14:56;0;0;0;0;0;0;0;0;0;0;0;0;0;0;0;0;0;0;0;0;0;0;0;0;0;0;0;0;0;00:00:00:000;00:00:00:000;;0;0;0;0;0;0;0;
2025-12-12 18:40:29;2025-12-12 18:55:25;2025-12-12 18:55:26;00:00:01;00:14:57;0;0;0;0;0;0;0;0;0;0;0;0;0;0;0;0;0;0;0;0;0;0;0;0;0;0;0;0;0;00:00:00:000;00:00:00:000;;0;0;0;0;0;0;0;
2025-12-12 18:40:29;2025-12-12 18:55:26;2025-12-12 18:55:27;00:00:01;00:14:58;0;0;0;0;0;0;0;0;0;0;0;0;0;0;0;0;0;0;0;0;0;0;0;0;0;0;0;0;0;00:00:00:000;00:00:00:000;;0;0;0;0;0;0;0;
2025-12-12 18:40:29;2025-12-12 18:55:27;2025-12-12 18:55:28;00:00:01;00:14:59;0;0;0;0;0;0;0;0;0;0;0;0;0;0;0;0;0;0;0;0;0;0;0;0;0;0;0;0;0;00:00:00:000;00:00:00:000;;0;0;0;0;0;0;0;
2025-12-12 18:40:29;2025-12-12 18:55:28;2025-12-12 18:55:29;00:00:01;00:15:00;0;0;0;0;0;0;0;0;0;0;0;0;0;0;0;0;0;0;0;0;0;0;0;0;0;0;0;0;0;00:00:00:000;00:00:00:000;;0;0;0;0;0;0;0;
2025-12-12 18:40:29;2025-12-12 18:55:29;2025-12-12 18:55:30;00:00:01;00:15:01;0;0;0;0;0;0;0;0;0;0;0;0;0;0;0;0;0;0;0;0;0;0;0;0;0;0;0;0;0;00:00:00:000;00:00:00:000;;0;0;0;0;0;0;0;
2025-12-12 18:40:29;2025-12-12 18:55:30;2025-12-12 18:55:31;00:00:01;00:15:02;0;0;0;0;0;0;0;0;0;0;0;0;0;0;0;0;0;0;0;0;0;0;0;0;0;0;0;0;0;00:00:00:000;00:00:00:000;;0;0;0;0;0;0;0;
2025-12-12 18:40:29;2025-12-12 18:55:31;2025-12-12 18:55:32;00:00:01;00:15:03;0;0;0;0;0;0;0;0;0;0;0;0;0;0;0;0;0;0;0;0;0;0;0;0;0;0;0;0;0;00:00:00:000;00:00:00:000;;0;0;0;0;0;0;0;
2025-12-12 18:40:29;2025-12-12 18:55:32;2025-12-12 18:55:33;00:00:01;00:15:04;0;0;0;0;0;0;0;0;0;0;0;0;0;0;0;0;0;0;0;0;0;0;0;0;0;0;0;0;0;00:00:00:000;00:00:00:000;;0;0;0;0;0;0;0;
2025-12-12 18:40:29;2025-12-12 18:55:33;2025-12-12 18:55:34;00:00:01;00:15:05;0;0;0;0;0;0;0;0;0;0;0;0;0;0;0;0;0;0;0;0;0;0;0;0;0;0;0;0;0;00:00:00:000;00:00:00:000;;0;0;0;0;0;0;0;
2025-12-12 18:40:29;2025-12-12 18:55:34;2025-12-12 18:55:35;00:00:01;00:15:06;0;0;0;0;0;0;0;0;0;0;0;0;0;0;0;0;0;0;0;0;0;0;0;0;0;0;0;0;0;00:00:00:000;00:00:00:000;;0;0;0;0;0;0;0;
2025-12-12 18:40:29;2025-12-12 18:55:35;2025-12-12 18:55:36;00:00:01;00:15:07;0;0;0;0;0;0;0;0;0;0;0;0;0;0;0;0;0;0;0;0;0;0;0;0;0;0;0;0;0;00:00:00:000;00:00:00:000;;0;0;0;0;0;0;0;
2025-12-12 18:40:29;2025-12-12 18:55:36;2025-12-12 18:55:37;00:00:01;00:15:08;0;0;0;0;0;0;0;0;0;0;0;0;0;0;0;0;0;0;0;0;0;0;0;0;0;0;0;0;0;00:00:00:000;00:00:00:000;;0;0;0;0;0;0;0;
2025-12-12 18:40:29;2025-12-12 18:55:37;2025-12-12 18:55:38;00:00:01;00:15:09;0;0;0;0;0;0;0;0;0;0;0;0;0;0;0;0;0;0;0;0;0;0;0;0;0;0;0;0;0;00:00:00:000;00:00:00:000;;0;0;0;0;0;0;0;
2025-12-12 18:40:29;2025-12-12 18:55:38;2025-12-12 18:55:39;00:00:01;00:15:10;0;0;0;0;0;0;0;0;0;0;0;0;0;0;0;0;0;0;0;0;0;0;0;0;0;0;0;0;0;00:00:00:000;00:00:00:000;;0;0;0;0;0;0;0;
2025-12-12 18:40:29;2025-12-12 18:55:39;2025-12-12 18:55:40;00:00:01;00:15:11;0;0;0;0;0;0;0;0;0;0;0;0;0;0;0;0;0;0;0;0;0;0;0;0;0;0;0;0;0;00:00:00:000;00:00:00:000;;0;0;0;0;0;0;0;
2025-12-12 18:40:29;2025-12-12 18:55:40;2025-12-12 18:55:41;00:00:01;00:15:12;0;0;0;0;0;0;0;0;0;0;0;0;0;0;0;0;0;0;0;0;0;0;0;0;0;0;0;0;0;00:00:00:000;00:00:00:000;;0;0;0;0;0;0;0;
2025-12-12 18:40:29;2025-12-12 18:55:41;2025-12-12 18:55:42;00:00:01;00:15:13;0;0;0;0;0;0;0;0;0;0;0;0;0;0;0;0;0;0;0;0;0;0;0;0;0;0;0;0;0;00:00:00:000;00:00:00:000;;0;0;0;0;0;0;0;
2025-12-12 18:40:29;2025-12-12 18:55:42;2025-12-12 18:55:43;00:00:01;00:15:14;0;0;0;0;0;0;0;0;0;0;0;0;0;0;0;0;0;0;0;0;0;0;0;0;0;0;0;0;0;00:00:00:000;00:00:00:000;;0;0;0;0;0;0;0;
2025-12-12 18:40:29;2025-12-12 18:55:43;2025-12-12 18:55:44;00:00:01;00:15:15;0;0;0;0;0;0;0;0;0;0;0;0;0;0;0;0;0;0;0;0;0;0;0;0;0;0;0;0;0;00:00:00:000;00:00:00:000;;0;0;0;0;0;0;0;
2025-12-12 18:40:29;2025-12-12 18:55:44;2025-12-12 18:55:45;00:00:01;00:15:16;0;0;0;0;0;0;0;0;0;0;0;0;0;0;0;0;0;0;0;0;0;0;0;0;0;0;0;0;0;00:00:00:000;00:00:00:000;;0;0;0;0;0;0;0;
2025-12-12 18:40:29;2025-12-12 18:55:45;2025-12-12 18:55:46;00:00:01;00:15:17;0;0;0;0;0;0;0;0;0;0;0;0;0;0;0;0;0;0;0;0;0;0;0;0;0;0;0;0;0;00:00:00:000;00:00:00:000;;0;0;0;0;0;0;0;
2025-12-12 18:40:29;2025-12-12 18:55:46;2025-12-12 18:55:47;00:00:01;00:15:18;0;0;0;0;0;0;0;0;0;0;0;0;0;0;0;0;0;0;0;0;0;0;0;0;0;0;0;0;0;00:00:00:000;00:00:00:000;;0;0;0;0;0;0;0;
2025-12-12 18:40:29;2025-12-12 18:55:47;2025-12-12 18:55:48;00:00:01;00:15:19;0;0;0;0;0;0;0;0;0;0;0;0;0;0;0;0;0;0;0;0;0;0;0;0;0;0;0;0;0;00:00:00:000;00:00:00:000;;0;0;0;0;0;0;0;
2025-12-12 18:40:29;2025-12-12 18:55:48;2025-12-12 18:55:49;00:00:00;00:15:19;0;0;0;0;0;0;0;0;0;0;0;0;0;0;0;0;0;0;0;0;0;0;0;0;0;0;0;0;0;00:00:00:000;00:00:00:000;;0;0;0;0;0;0;0;
