StartTime;LastResetTime;CurrentTime;ElapsedTime(P);ElapsedTime(C);CER received(P);CER received(C);CER sent(P);CER sent(C);CEA received(P);CEA received(C);CEA sent(P);CEA sent(C);UAR received(P);UAR received(C);UAR sent(P);UAR sent(C);UAA received(P);UAA received(C);UAA sent(P);UAA sent(C);SAR received(P);SAR received(C);SAR sent(P);SAR sent(C);SAA received(P);SAA received(C);SAA sent(P);SAA sent(C);LIR received(P);LIR received(C);LIR sent(P);LIR sent(C);LIA received(P);LIA received(C);LIA sent(P);LIA sent(C);MAR received(P);MAR received(C);MAR sent(P);MAR sent(C);MAA received(P);MAA received(C);MAA sent(P);MAA sent(C);RTR received(P);RTR received(C);RTR sent(P);RTR sent(C);RTA received(P);RTA received(C);RTA sent(P);RTA sent(C);PPR received(P);PPR received(C);PPR sent(P);PPR sent(C);PPA received(P);PPA received(C);PPA sent(P);PPA sent(C);User-Name received(P);User-Name received(C);User-Name sent(P);User-Name sent(C);Host-IP-Address received(P);Host-IP-Address received(C);Host-IP-Address sent(P);Host-IP-Address sent(C);Auth-Application-Id received(P);Auth-Application-Id received(C);Auth-Application-Id sent(P);Auth-Application-Id sent(C);Acct-Application-Id received(P);Acct-Application-Id received(C);Acct-Application-Id sent(P);Acct-Application-Id sent(C);Vendor-Specific-Application-Id received(P);Vendor-Specific-Application-Id received(C);Vendor-Specific-Application-Id sent(P);Vendor-Specific-Application-Id sent(C);Session-Id received(P);Session-Id received(C);Session-Id sent(P);Session-Id sent(C);Origin-Host received(P);Origin-Host received(C);Origin-Host sent(P);Origin-Host sent(C);Supported-Vendor-Id received(P);Supported-Vendor-Id received(C);Supported-Vendor-Id sent(P);Supported-Vendor-Id sent(C);Vendor-Id received(P);Vendor-Id received(C);Vendor-Id sent(P);Vendor-Id sent(C);Firmware-Revision received(P);Firmware-Revision received(C);Firmware-Revision sent(P);Firmware-Revision sent(C);Result-Code received(P);Result-Code received(C);Result-Code sent(P);Result-Code sent(C);Product-Name received(P);Product-Name received(C);Product-Name sent(P);Product-Name sent(C);Auth-Session-State received(P);Auth-Session-State received(C);Auth-Session-State sent(P);Auth-Session-State sent(C);Origin-State-Id received(P);Origin-State-Id received(C);Origin-State-Id sent(P);Origin-State-Id sent(C);Destination-Realm received(P);Destination-Realm received(C);Destination-Realm sent(P);Destination-Realm sent(C);Destination-Host received(P);Destination-Host received(C);Destination-Host sent(P);Destination-Host sent(C);Origin-Realm received(P);Origin-Realm received(C);Origin-Realm sent(P);Origin-Realm sent(C);Experimental-Result received(P);Experimental-Result received(C);Experimental-Result sent(P);Experimental-Result sent(C);Experimental-Result-Code received(P);Experimental-Result-Code received(C);Experimental-Result-Code sent(P);Experimental-Result-Code sent(C);Visited-Network-Identifier received(P);Visited-Network-Identifier received(C);Visited-Network-Identifier sent(P);Visited-Network-Identifier sent(C);Public-Identity received(P);Public-Identity received(C);Public-Identity sent(P);Public-Identity sent(C);Server-Name received(P);Server-Name received(C);Server-Name sent(P);Server-Name sent(C);Server-Assignment-Type received(P);Server-Assignment-Type received(C);Server-Assignment-Type sent(P);Server-Assignment-Type sent(C);User-Authorization-Type received(P);User-Authorization-Type received(C);User-Authorization-Type sent(P);User-Authorization-Type sent(C);User-Data-Request-Type received(P);User-Data-Request-Type received(C);User-Data-Request-Type sent(P);User-Data-Request-Type sent(C);User-Data-Already-Available received(P);User-Data-Already-Available received(C);User-Data-Already-Available sent(P);User-Data-Already-Available sent(C);
2025-12-12 18:55:56;2025-12-12 18:55:56;2025-12-12 18:55:56;00:00:00;00:00:00;0;0;0;0;0;0;0;0;0;0;0;0;0;0;0;0;0;0;0;0;0;0;0;0;0;0;0;0;0;0;0;0;0;0;0;0;0;0;0;0;0;0;0;0;0;0;0;0;0;0;0;0;0;0;0;0;0;0;0;0;0;0;0;0;0;0;0;0;0;0;0;0;0;0;0;0;0;0;0;0;0;0;0;0;0;0;0;0;0;0;0;0;0;0;0;0;0;0;0;0;0;0;0;0;0;0;0;0;0;0;0;0;0;0;0;0;0;0;0;0;0;0;0;0;0;0;0;0;0;0;0;0;0;0;0;0;0;0;0;0;0;0;0;0;0;0;0;0;0;0;0;0;0;0;0;0;0;0;0;0;
2025-12-12 18:55:56;2025-12-12 18:55:56;2025-12-12 18:56:01;00:00:05;00:00:05;0;0;0;0;0;0;0;0;0;0;0;0;0;0;0;0;0;0;0;0;0;0;0;0;0;0;0;0;0;0;0;0;0;0;0;0;0;0;0;0;0;0;0;0;0;0;0;0;0;0;0;0;0;0;0;0;0;0;0;0;0;0;0;0;0;0;0;0;0;0;0;0;0;0;0;0;0;0;0;0;0;0;0;0;0;0;0;0;0;0;0;0;0;0;0;0;0;0;0;0;0;0;0;0;0;0;0;0;0;0;0;0;0;0;0;0;0;0;0;0;0;0;0;0;0;0;0;0;0;0;0;0;0;0;0;0;0;0;0;0;0;0;0;0;0;0;0;0;0;0;0;0;0;0;0;0;0;0;0;0;
2025-12-12 18:55:56;2025-12-12 18:56:01;2025-12-12 18:56:06;00:00:05;00:00:10;0;0;0;0;0;0;0;0;0;0;0;0;0;0;0;0;0;0;0;0;0;0;0;0;0;0;0;0;0;0;0;0;0;0;0;0;0;0;0;0;0;0;0;0;0;0;0;0;0;0;0;0;0;0;0;0;0;0;0;0;0;0;0;0;0;0;0;0;0;0;0;0;0;0;0;0;0;0;0;0;0;0;0;0;0;0;0;0;0;0;0;0;0;0;0;0;0;0;0;0;0;0;0;0;0;0;0;0;0;0;0;0;0;0;0;0;0;0;0;0;0;0;0;0;0;0;0;0;0;0;0;0;0;0;0;0;0;0;0;0;0;0;0;0;0;0;0;0;0;0;0;0;0;0;0;0;0;0;0;0;
2025-12-12 18:55:56;2025-12-12 18:56:06;2025-12-12 18:56:11;00:00:05;00:00:15;0;0;0;0;0;0;0;0;0;0;0;0;0;0;0;0;0;0;0;0;0;0;0;0;0;0;0;0;0;0;0;0;0;0;0;0;0;0;0;0;0;0;0;0;0;0;0;0;0;0;0;0;0;0;0;0;0;0;0;0;0;0;0;0;0;0;0;0;0;0;0;0;0;0;0;0;0;0;0;0;0;0;0;0;0;0;0;0;0;0;0;0;0;0;0;0;0;0;0;0;0;0;0;0;0;0;0;0;0;0;0;0;0;0;0;0;0;0;0;0;0;0;0;0;0;0;0;0;0;0;0;0;0;0;0;0;0;0;0;0;0;0;0;0;0;0;0;0;0;0;0;0;0;0;0;0;0;0;0;0;
2025-12-12 18:55:56;2025-12-12 18:56:11;2025-12-12 18:56:16;00:00:05;00:00:20;1;1;0;0;0;0;1;1;0;0;0;0;0;0;0;0;4;4;0;0;0;0;4;4;0;0;0;0;0;0;0;0;0;0;0;0;0;0;0;0;0;0;0;0;0;0;0;0;0;0;0;0;0;0;0;0;0;0;0;0;1;1;1;1;6;6;4;4;6;6;4;4;5;5;4;4;4;4;4;4;5;5;5;5;1;1;0;0;6;6;5;5;1;1;1;1;0;0;5;5;1;1;1;1;4;4;4;4;1;1;0;0;4;4;0;0;4;4;0;0;5;5;5;5;0;0;0;0;0;0;0;0;0;0;0;0;4;4;0;0;4;4;4;4;4;4;0;0;0;0;0;0;4;4;0;0;0;0;0;0;
2025-12-12 18:55:56;2025-12-12 18:56:16;2025-12-12 18:56:21;00:00:05;00:00:25;0;1;0;0;0;0;0;1;0;0;0;0;0;0;0;0;5;9;0;0;0;0;5;9;0;0;0;0;0;0;0;0;0;0;0;0;0;0;0;0;0;0;0;0;0;0;0;0;0;0;0;0;0;0;0;0;0;0;0;0;0;1;0;1;5;11;5;9;5;11;5;9;5;10;5;9;5;9;5;9;5;10;5;10;0;1;0;0;5;11;5;10;0;1;0;1;0;0;5;10;0;1;0;1;5;9;5;9;0;1;0;0;5;9;0;0;5;9;0;0;5;10;5;10;0;0;0;0;0;0;0;0;0;0;0;0;5;9;0;0;5;9;5;9;5;9;0;0;0;0;0;0;5;9;0;0;0;0;0;0;
2025-12-12 18:55:56;2025-12-12 18:56:21;2025-12-12 18:56:26;00:00:05;00:00:30;0;1;0;0;0;0;0;1;0;0;0;0;0;0;0;0;5;14;0;0;0;0;5;14;0;0;0;0;0;0;0;0;0;0;0;0;0;0;0;0;0;0;0;0;0;0;0;0;0;0;0;0;0;0;0;0;0;0;0;0;0;1;0;1;5;16;5;14;5;16;5;14;5;15;5;14;5;14;5;14;5;15;5;15;0;1;0;0;5;16;5;15;0;1;0;1;0;0;5;15;0;1;0;1;5;14;5;14;0;1;0;0;5;14;0;0;5;14;0;0;5;15;5;15;0;0;0;0;0;0;0;0;0;0;0;0;5;14;0;0;5;14;5;14;5;14;0;0;0;0;0;0;5;14;0;0;0;0;0;0;
2025-12-12 18:55:56;2025-12-12 18:56:26;2025-12-12 18:56:31;00:00:05;00:00:35;0;1;0;0;0;0;0;1;0;0;0;0;0;0;0;0;5;19;0;0;0;0;5;19;0;0;0;0;0;0;0;0;0;0;0;0;0;0;0;0;0;0;0;0;0;0;0;0;0;0;0;0;0;0;0;0;0;0;0;0;0;1;0;1;5;21;5;19;5;21;5;19;5;20;5;19;5;19;5;19;5;20;5;20;0;1;0;0;5;21;5;20;0;1;0;1;0;0;5;20;0;1;0;1;5;19;5;19;0;1;0;0;5;19;0;0;5;19;0;0;5;20;5;20;0;0;0;0;0;0;0;0;0;0;0;0;5;19;0;0;5;19;5;19;5;19;0;0;0;0;0;0;5;19;0;0;0;0;0;0;
2025-12-12 18:55:56;2025-12-12 18:56:31;2025-12-12 18:56:36;00:00:05;00:00:40;0;1;0;0;0;0;0;1;0;0;0;0;0;0;0;0;5;24;0;0;0;0;5;24;0;0;0;0;0;0;0;0;0;0;0;0;0;0;0;0;0;0;0;0;0;0;0;0;0;0;0;0;0;0;0;0;0;0;0;0;0;1;0;1;5;26;5;24;5;26;5;24;5;25;5;24;5;24;5;24;5;25;5;25;0;1;0;0;5;26;5;25;0;1;0;1;0;0;5;25;0;1;0;1;5;24;5;24;0;1;0;0;5;24;0;0;5;24;0;0;5;25;5;25;0;0;0;0;0;0;0;0;0;0;0;0;5;24;0;0;5;24;5;24;5;24;0;0;0;0;0;0;5;24;0;0;0;0;0;0;
2025-12-12 18:55:56;2025-12-12 18:56:36;2025-12-12 18:56:41;00:00:05;00:00:45;0;1;0;0;0;0;0;1;0;0;0;0;0;0;0;0;5;29;0;0;0;0;5;29;0;0;0;0;0;0;0;0;0;0;0;0;0;0;0;0;0;0;0;0;0;0;0;0;0;0;0;0;0;0;0;0;0;0;0;0;0;1;0;1;5;31;5;29;5;31;5;29;5;30;5;29;5;29;5;29;5;30;5;30;0;1;0;0;5;31;5;30;0;1;0;1;0;0;5;30;0;1;0;1;5;29;5;29;0;1;0;0;5;29;0;0;5;29;0;0;5;30;5;30;0;0;0;0;0;0;0;0;0;0;0;0;5;29;0;0;5;29;5;29;5;29;0;0;0;0;0;0;5;29;0;0;0;0;0;0;
2025-12-12 18:55:56;2025-12-12 18:56:41;2025-12-12 18:56:46;00:00:05;00:00:50;0;1;0;0;0;0;0;1;0;0;0;0;0;0;0;0;5;34;0;0;0;0;5;34;0;0;0;0;0;0;0;0;0;0;0;0;0;0;0;0;0;0;0;0;0;0;0;0;0;0;0;0;0;0;0;0;0;0;0;0;0;1;0;1;5;36;5;34;5;36;5;34;5;35;5;34;5;34;5;34;5;35;5;35;0;1;0;0;5;36;5;35;0;1;0;1;0;0;5;35;0;1;0;1;5;34;5;34;0;1;0;0;5;34;0;0;5;34;0;0;5;35;5;35;0;0;0;0;0;0;0;0;0;0;0;0;5;34;0;0;5;34;5;34;5;34;0;0;0;0;0;0;5;34;0;0;0;0;0;0;
2025-12-12 18:55:56;2025-12-12 18:56:46;2025-12-12 18:56:51;00:00:05;00:00:55;0;1;0;0;0;0;0;1;0;0;0;0;0;0;0;0;5;39;0;0;0;0;5;39;0;0;0;0;0;0;0;0;0;0;0;0;0;0;0;0;0;0;0;0;0;0;0;0;0;0;0;0;0;0;0;0;0;0;0;0;0;1;0;1;5;41;5;39;5;41;5;39;5;40;5;39;5;39;5;39;5;40;5;40;0;1;0;0;5;41;5;40;0;1;0;1;0;0;5;40;0;1;0;1;5;39;5;39;0;1;0;0;5;39;0;0;5;39;0;0;5;40;5;40;0;0;0;0;0;0;0;0;0;0;0;0;5;39;0;0;5;39;5;39;5;39;0;0;0;0;0;0;5;39;0;0;0;0;0;0;
2025-12-12 18:55:56;2025-12-12 18:56:51;2025-12-12 18:56:56;00:00:05;00:01:00;0;1;0;0;0;0;0;1;0;0;0;0;0;0;0;0;5;44;0;0;0;0;5;44;0;0;0;0;0;0;0;0;0;0;0;0;0;0;0;0;0;0;0;0;0;0;0;0;0;0;0;0;0;0;0;0;0;0;0;0;0;1;0;1;5;46;5;44;5;46;5;44;5;45;5;44;5;44;5;44;5;45;5;45;0;1;0;0;5;46;5;45;0;1;0;1;0;0;5;45;0;1;0;1;5;44;5;44;0;1;0;0;5;44;0;0;5;44;0;0;5;45;5;45;0;0;0;0;0;0;0;0;0;0;0;0;5;44;0;0;5;44;5;44;5;44;0;0;0;0;0;0;5;44;0;0;0;0;0;0;
2025-12-12 18:55:56;2025-12-12 18:56:56;2025-12-12 18:57:01;00:00:05;00:01:05;0;1;0;0;0;0;0;1;0;0;0;0;0;0;0;0;5;49;0;0;0;0;5;49;0;0;0;0;0;0;0;0;0;0;0;0;0;0;0;0;0;0;0;0;0;0;0;0;0;0;0;0;0;0;0;0;0;0;0;0;0;1;0;1;5;51;5;49;5;51;5;49;5;50;5;49;5;49;5;49;5;50;5;50;0;1;0;0;5;51;5;50;0;1;0;1;0;0;5;50;0;1;0;1;5;49;5;49;0;1;0;0;5;49;0;0;5;49;0;0;5;50;5;50;0;0;0;0;0;0;0;0;0;0;0;0;5;49;0;0;5;49;5;49;5;49;0;0;0;0;0;0;5;49;0;0;0;0;0;0;
2025-12-12 18:55:56;2025-12-12 18:57:01;2025-12-12 18:57:06;00:00:05;00:01:10;0;1;0;0;0;0;0;1;0;0;0;0;0;0;0;0;5;54;0;0;0;0;5;54;0;0;0;0;0;0;0;0;0;0;0;0;0;0;0;0;0;0;0;0;0;0;0;0;0;0;0;0;0;0;0;0;0;0;0;0;0;1;0;1;5;56;5;54;5;56;5;54;5;55;5;54;5;54;5;54;5;55;5;55;0;1;0;0;5;56;5;55;0;1;0;1;0;0;5;55;0;1;0;1;5;54;5;54;0;1;0;0;5;54;0;0;5;54;0;0;5;55;5;55;0;0;0;0;0;0;0;0;0;0;0;0;5;54;0;0;5;54;5;54;5;54;0;0;0;0;0;0;5;54;0;0;0;0;0;0;
2025-12-12 18:55:56;2025-12-12 18:57:06;2025-12-12 18:57:11;00:00:05;00:01:15;0;1;0;0;0;0;0;1;0;0;0;0;0;0;0;0;5;59;0;0;0;0;5;59;0;0;0;0;0;0;0;0;0;0;0;0;0;0;0;0;0;0;0;0;0;0;0;0;0;0;0;0;0;0;0;0;0;0;0;0;0;1;0;1;5;61;5;59;5;61;5;59;5;60;5;59;5;59;5;59;5;60;5;60;0;1;0;0;5;61;5;60;0;1;0;1;0;0;5;60;0;1;0;1;5;59;5;59;0;1;0;0;5;59;0;0;5;59;0;0;5;60;5;60;0;0;0;0;0;0;0;0;0;0;0;0;5;59;0;0;5;59;5;59;5;59;0;0;0;0;0;0;5;59;0;0;0;0;0;0;
2025-12-12 18:55:56;2025-12-12 18:57:11;2025-12-12 18:57:16;00:00:05;00:01:20;0;1;0;0;0;0;0;1;0;0;0;0;0;0;0;0;5;64;0;0;0;0;5;64;0;0;0;0;0;0;0;0;0;0;0;0;0;0;0;0;0;0;0;0;0;0;0;0;0;0;0;0;0;0;0;0;0;0;0;0;0;1;0;1;5;66;5;64;5;66;5;64;5;65;5;64;5;64;5;64;5;65;5;65;0;1;0;0;5;66;5;65;0;1;0;1;0;0;5;65;0;1;0;1;5;64;5;64;0;1;0;0;5;64;0;0;5;64;0;0;5;65;5;65;0;0;0;0;0;0;0;0;0;0;0;0;5;64;0;0;5;64;5;64;5;64;0;0;0;0;0;0;5;64;0;0;0;0;0;0;
2025-12-12 18:55:56;2025-12-12 18:57:16;2025-12-12 18:57:21;00:00:05;00:01:25;0;1;0;0;0;0;0;1;0;0;0;0;0;0;0;0;5;69;0;0;0;0;5;69;0;0;0;0;0;0;0;0;0;0;0;0;0;0;0;0;0;0;0;0;0;0;0;0;0;0;0;0;0;0;0;0;0;0;0;0;0;1;0;1;5;71;5;69;5;71;5;69;5;70;5;69;5;69;5;69;5;70;5;70;0;1;0;0;5;71;5;70;0;1;0;1;0;0;5;70;0;1;0;1;5;69;5;69;0;1;0;0;5;69;0;0;5;69;0;0;5;70;5;70;0;0;0;0;0;0;0;0;0;0;0;0;5;69;0;0;5;69;5;69;5;69;0;0;0;0;0;0;5;69;0;0;0;0;0;0;
2025-12-12 18:55:56;2025-12-12 18:57:21;2025-12-12 18:57:26;00:00:05;00:01:30;0;1;0;0;0;0;0;1;0;0;0;0;0;0;0;0;5;74;0;0;0;0;5;74;0;0;0;0;0;0;0;0;0;0;0;0;0;0;0;0;0;0;0;0;0;0;0;0;0;0;0;0;0;0;0;0;0;0;0;0;0;1;0;1;5;76;5;74;5;76;5;74;5;75;5;74;5;74;5;74;5;75;5;75;0;1;0;0;5;76;5;75;0;1;0;1;0;0;5;75;0;1;0;1;5;74;5;74;0;1;0;0;5;74;0;0;5;74;0;0;5;75;5;75;0;0;0;0;0;0;0;0;0;0;0;0;5;74;0;0;5;74;5;74;5;74;0;0;0;0;0;0;5;74;0;0;0;0;0;0;
2025-12-12 18:55:56;2025-12-12 18:57:26;2025-12-12 18:57:31;00:00:05;00:01:35;0;1;0;0;0;0;0;1;0;0;0;0;0;0;0;0;5;79;0;0;0;0;5;79;0;0;0;0;0;0;0;0;0;0;0;0;0;0;0;0;0;0;0;0;0;0;0;0;0;0;0;0;0;0;0;0;0;0;0;0;0;1;0;1;5;81;5;79;5;81;5;79;5;80;5;79;5;79;5;79;5;80;5;80;0;1;0;0;5;81;5;80;0;1;0;1;0;0;5;80;0;1;0;1;5;79;5;79;0;1;0;0;5;79;0;0;5;79;0;0;5;80;5;80;0;0;0;0;0;0;0;0;0;0;0;0;5;79;0;0;5;79;5;79;5;79;0;0;0;0;0;0;5;79;0;0;0;0;0;0;
2025-12-12 18:55:56;2025-12-12 18:57:31;2025-12-12 18:57:36;00:00:05;00:01:40;0;1;0;0;0;0;0;1;0;0;0;0;0;0;0;0;5;84;0;0;0;0;5;84;0;0;0;0;0;0;0;0;0;0;0;0;0;0;0;0;0;0;0;0;0;0;0;0;0;0;0;0;0;0;0;0;0;0;0;0;0;1;0;1;5;86;5;84;5;86;5;84;5;85;5;84;5;84;5;84;5;85;5;85;0;1;0;0;5;86;5;85;0;1;0;1;0;0;5;85;0;1;0;1;5;84;5;84;0;1;0;0;5;84;0;0;5;84;0;0;5;85;5;85;0;0;0;0;0;0;0;0;0;0;0;0;5;84;0;0;5;84;5;84;5;84;0;0;0;0;0;0;5;84;0;0;0;0;0;0;
2025-12-12 18:55:56;2025-12-12 18:57:36;2025-12-12 18:57:41;00:00:05;00:01:45;0;1;0;0;0;0;0;1;0;0;0;0;0;0;0;0;5;89;0;0;0;0;5;89;0;0;0;0;0;0;0;0;0;0;0;0;0;0;0;0;0;0;0;0;0;0;0;0;0;0;0;0;0;0;0;0;0;0;0;0;0;1;0;1;5;91;5;89;5;91;5;89;5;90;5;89;5;89;5;89;5;90;5;90;0;1;0;0;5;91;5;90;0;1;0;1;0;0;5;90;0;1;0;1;5;89;5;89;0;1;0;0;5;89;0;0;5;89;0;0;5;90;5;90;0;0;0;0;0;0;0;0;0;0;0;0;5;89;0;0;5;89;5;89;5;89;0;0;0;0;0;0;5;89;0;0;0;0;0;0;
2025-12-12 18:55:56;2025-12-12 18:57:41;2025-12-12 18:57:46;00:00:05;00:01:50;0;1;0;0;0;0;0;1;0;0;0;0;0;0;0;0;5;94;0;0;0;0;5;94;0;0;0;0;0;0;0;0;0;0;0;0;0;0;0;0;0;0;0;0;0;0;0;0;0;0;0;0;0;0;0;0;0;0;0;0;0;1;0;1;5;96;5;94;5;96;5;94;5;95;5;94;5;94;5;94;5;95;5;95;0;1;0;0;5;96;5;95;0;1;0;1;0;0;5;95;0;1;0;1;5;94;5;94;0;1;0;0;5;94;0;0;5;94;0;0;5;95;5;95;0;0;0;0;0;0;0;0;0;0;0;0;5;94;0;0;5;94;5;94;5;94;0;0;0;0;0;0;5;94;0;0;0;0;0;0;
2025-12-12 18:55:56;2025-12-12 18:57:46;2025-12-12 18:57:51;00:00:05;00:01:55;0;1;0;0;0;0;0;1;0;0;0;0;0;0;0;0;5;99;0;0;0;0;5;99;0;0;0;0;0;0;0;0;0;0;0;0;0;0;0;0;0;0;0;0;0;0;0;0;0;0;0;0;0;0;0;0;0;0;0;0;0;1;0;1;5;101;5;99;5;101;5;99;5;100;5;99;5;99;5;99;5;100;5;100;0;1;0;0;5;101;5;100;0;1;0;1;0;0;5;100;0;1;0;1;5;99;5;99;0;1;0;0;5;99;0;0;5;99;0;0;5;100;5;100;0;0;0;0;0;0;0;0;0;0;0;0;5;99;0;0;5;99;5;99;5;99;0;0;0;0;0;0;5;99;0;0;0;0;0;0;
2025-12-12 18:55:56;2025-12-12 18:57:51;2025-12-12 18:57:56;00:00:05;00:02:00;0;1;0;0;0;0;0;1;0;0;0;0;0;0;0;0;5;104;0;0;0;0;5;104;0;0;0;0;0;0;0;0;0;0;0;0;0;0;0;0;0;0;0;0;0;0;0;0;0;0;0;0;0;0;0;0;0;0;0;0;0;1;0;1;5;106;5;104;5;106;5;104;5;105;5;104;5;104;5;104;5;105;5;105;0;1;0;0;5;106;5;105;0;1;0;1;0;0;5;105;0;1;0;1;5;104;5;104;0;1;0;0;5;104;0;0;5;104;0;0;5;105;5;105;0;0;0;0;0;0;0;0;0;0;0;0;5;104;0;0;5;104;5;104;5;104;0;0;0;0;0;0;5;104;0;0;0;0;0;0;
2025-12-12 18:55:56;2025-12-12 18:57:56;2025-12-12 18:58:01;00:00:05;00:02:05;0;1;0;0;0;0;0;1;0;0;0;0;0;0;0;0;5;109;0;0;0;0;5;109;0;0;0;0;0;0;0;0;0;0;0;0;0;0;0;0;0;0;0;0;0;0;0;0;0;0;0;0;0;0;0;0;0;0;0;0;0;1;0;1;5;111;5;109;5;111;5;109;5;110;5;109;5;109;5;109;5;110;5;110;0;1;0;0;5;111;5;110;0;1;0;1;0;0;5;110;0;1;0;1;5;109;5;109;0;1;0;0;5;109;0;0;5;109;0;0;5;110;5;110;0;0;0;0;0;0;0;0;0;0;0;0;5;109;0;0;5;109;5;109;5;109;0;0;0;0;0;0;5;109;0;0;0;0;0;0;
2025-12-12 18:55:56;2025-12-12 18:58:01;2025-12-12 18:58:06;00:00:05;00:02:10;0;1;0;0;0;0;0;1;0;0;0;0;0;0;0;0;5;114;0;0;0;0;5;114;0;0;0;0;0;0;0;0;0;0;0;0;0;0;0;0;0;0;0;0;0;0;0;0;0;0;0;0;0;0;0;0;0;0;0;0;0;1;0;1;5;116;5;114;5;116;5;114;5;115;5;114;5;114;5;114;5;115;5;115;0;1;0;0;5;116;5;115;0;1;0;1;0;0;5;115;0;1;0;1;5;114;5;114;0;1;0;0;5;114;0;0;5;114;0;0;5;115;5;115;0;0;0;0;0;0;0;0;0;0;0;0;5;114;0;0;5;114;5;114;5;114;0;0;0;0;0;0;5;114;0;0;0;0;0;0;
2025-12-12 18:55:56;2025-12-12 18:58:06;2025-12-12 18:58:11;00:00:05;00:02:15;0;1;0;0;0;0;0;1;0;0;0;0;0;0;0;0;5;119;0;0;0;0;5;119;0;0;0;0;0;0;0;0;0;0;0;0;0;0;0;0;0;0;0;0;0;0;0;0;0;0;0;0;0;0;0;0;0;0;0;0;0;1;0;1;5;121;5;119;5;121;5;119;5;120;5;119;5;119;5;119;5;120;5;120;0;1;0;0;5;121;5;120;0;1;0;1;0;0;5;120;0;1;0;1;5;119;5;119;0;1;0;0;5;119;0;0;5;119;0;0;5;120;5;120;0;0;0;0;0;0;0;0;0;0;0;0;5;119;0;0;5;119;5;119;5;119;0;0;0;0;0;0;5;119;0;0;0;0;0;0;
2025-12-12 18:55:56;2025-12-12 18:58:11;2025-12-12 18:58:16;00:00:05;00:02:20;0;1;0;0;0;0;0;1;0;0;0;0;0;0;0;0;5;124;0;0;0;0;5;124;0;0;0;0;0;0;0;0;0;0;0;0;0;0;0;0;0;0;0;0;0;0;0;0;0;0;0;0;0;0;0;0;0;0;0;0;0;1;0;1;5;126;5;124;5;126;5;124;5;125;5;124;5;124;5;124;5;125;5;125;0;1;0;0;5;126;5;125;0;1;0;1;0;0;5;125;0;1;0;1;5;124;5;124;0;1;0;0;5;124;0;0;5;124;0;0;5;125;5;125;0;0;0;0;0;0;0;0;0;0;0;0;5;124;0;0;5;124;5;124;5;124;0;0;0;0;0;0;5;124;0;0;0;0;0;0;
2025-12-12 18:55:56;2025-12-12 18:58:16;2025-12-12 18:58:21;00:00:05;00:02:25;0;1;0;0;0;0;0;1;0;0;0;0;0;0;0;0;5;129;0;0;0;0;5;129;0;0;0;0;0;0;0;0;0;0;0;0;0;0;0;0;0;0;0;0;0;0;0;0;0;0;0;0;0;0;0;0;0;0;0;0;0;1;0;1;5;131;5;129;5;131;5;129;5;130;5;129;5;129;5;129;5;130;5;130;0;1;0;0;5;131;5;130;0;1;0;1;0;0;5;130;0;1;0;1;5;129;5;129;0;1;0;0;5;129;0;0;5;129;0;0;5;130;5;130;0;0;0;0;0;0;0;0;0;0;0;0;5;129;0;0;5;129;5;129;5;129;0;0;0;0;0;0;5;129;0;0;0;0;0;0;
2025-12-12 18:55:56;2025-12-12 18:58:21;2025-12-12 18:58:26;00:00:05;00:02:30;0;1;0;0;0;0;0;1;0;0;0;0;0;0;0;0;5;134;0;0;0;0;5;134;0;0;0;0;0;0;0;0;0;0;0;0;0;0;0;0;0;0;0;0;0;0;0;0;0;0;0;0;0;0;0;0;0;0;0;0;0;1;0;1;5;136;5;134;5;136;5;134;5;135;5;134;5;134;5;134;5;135;5;135;0;1;0;0;5;136;5;135;0;1;0;1;0;0;5;135;0;1;0;1;5;134;5;134;0;1;0;0;5;134;0;0;5;134;0;0;5;135;5;135;0;0;0;0;0;0;0;0;0;0;0;0;5;134;0;0;5;134;5;134;5;134;0;0;0;0;0;0;5;134;0;0;0;0;0;0;
2025-12-12 18:55:56;2025-12-12 18:58:26;2025-12-12 18:58:31;00:00:05;00:02:35;0;1;0;0;0;0;0;1;0;0;0;0;0;0;0;0;5;139;0;0;0;0;5;139;0;0;0;0;0;0;0;0;0;0;0;0;0;0;0;0;0;0;0;0;0;0;0;0;0;0;0;0;0;0;0;0;0;0;0;0;0;1;0;1;5;141;5;139;5;141;5;139;5;140;5;139;5;139;5;139;5;140;5;140;0;1;0;0;5;141;5;140;0;1;0;1;0;0;5;140;0;1;0;1;5;139;5;139;0;1;0;0;5;139;0;0;5;139;0;0;5;140;5;140;0;0;0;0;0;0;0;0;0;0;0;0;5;139;0;0;5;139;5;139;5;139;0;0;0;0;0;0;5;139;0;0;0;0;0;0;
2025-12-12 18:55:56;2025-12-12 18:58:31;2025-12-12 18:58:36;00:00:05;00:02:40;0;1;0;0;0;0;0;1;0;0;0;0;0;0;0;0;5;144;0;0;0;0;5;144;0;0;0;0;0;0;0;0;0;0;0;0;0;0;0;0;0;0;0;0;0;0;0;0;0;0;0;0;0;0;0;0;0;0;0;0;0;1;0;1;5;146;5;144;5;146;5;144;5;145;5;144;5;144;5;144;5;145;5;145;0;1;0;0;5;146;5;145;0;1;0;1;0;0;5;145;0;1;0;1;5;144;5;144;0;1;0;0;5;144;0;0;5;144;0;0;5;145;5;145;0;0;0;0;0;0;0;0;0;0;0;0;5;144;0;0;5;144;5;144;5;144;0;0;0;0;0;0;5;144;0;0;0;0;0;0;
2025-12-12 18:55:56;2025-12-12 18:58:36;2025-12-12 18:58:41;00:00:05;00:02:45;0;1;0;0;0;0;0;1;0;0;0;0;0;0;0;0;5;149;0;0;0;0;5;149;0;0;0;0;0;0;0;0;0;0;0;0;0;0;0;0;0;0;0;0;0;0;0;0;0;0;0;0;0;0;0;0;0;0;0;0;0;1;0;1;5;151;5;149;5;151;5;149;5;150;5;149;5;149;5;149;5;150;5;150;0;1;0;0;5;151;5;150;0;1;0;1;0;0;5;150;0;1;0;1;5;149;5;149;0;1;0;0;5;149;0;0;5;149;0;0;5;150;5;150;0;0;0;0;0;0;0;0;0;0;0;0;5;149;0;0;5;149;5;149;5;149;0;0;0;0;0;0;5;149;0;0;0;0;0;0;
2025-12-12 18:55:56;2025-12-12 18:58:41;2025-12-12 18:58:46;00:00:05;00:02:50;0;1;0;0;0;0;0;1;0;0;0;0;0;0;0;0;5;154;0;0;0;0;5;154;0;0;0;0;0;0;0;0;0;0;0;0;0;0;0;0;0;0;0;0;0;0;0;0;0;0;0;0;0;0;0;0;0;0;0;0;0;1;0;1;5;156;5;154;5;156;5;154;5;155;5;154;5;154;5;154;5;155;5;155;0;1;0;0;5;156;5;155;0;1;0;1;0;0;5;155;0;1;0;1;5;154;5;154;0;1;0;0;5;154;0;0;5;154;0;0;5;155;5;155;0;0;0;0;0;0;0;0;0;0;0;0;5;154;0;0;5;154;5;154;5;154;0;0;0;0;0;0;5;154;0;0;0;0;0;0;
2025-12-12 18:55:56;2025-12-12 18:58:46;2025-12-12 18:58:51;00:00:05;00:02:55;0;1;0;0;0;0;0;1;0;0;0;0;0;0;0;0;5;159;0;0;0;0;5;159;0;0;0;0;0;0;0;0;0;0;0;0;0;0;0;0;0;0;0;0;0;0;0;0;0;0;0;0;0;0;0;0;0;0;0;0;0;1;0;1;5;161;5;159;5;161;5;159;5;160;5;159;5;159;5;159;5;160;5;160;0;1;0;0;5;161;5;160;0;1;0;1;0;0;5;160;0;1;0;1;5;159;5;159;0;1;0;0;5;159;0;0;5;159;0;0;5;160;5;160;0;0;0;0;0;0;0;0;0;0;0;0;5;159;0;0;5;159;5;159;5;159;0;0;0;0;0;0;5;159;0;0;0;0;0;0;
2025-12-12 18:55:56;2025-12-12 18:58:51;2025-12-12 18:58:56;00:00:05;00:03:00;0;1;0;0;0;0;0;1;0;0;0;0;0;0;0;0;5;164;0;0;0;0;5;164;0;0;0;0;0;0;0;0;0;0;0;0;0;0;0;0;0;0;0;0;0;0;0;0;0;0;0;0;0;0;0;0;0;0;0;0;0;1;0;1;5;166;5;164;5;166;5;164;5;165;5;164;5;164;5;164;5;165;5;165;0;1;0;0;5;166;5;165;0;1;0;1;0;0;5;165;0;1;0;1;5;164;5;164;0;1;0;0;5;164;0;0;5;164;0;0;5;165;5;165;0;0;0;0;0;0;0;0;0;0;0;0;5;164;0;0;5;164;5;164;5;164;0;0;0;0;0;0;5;164;0;0;0;0;0;0;
2025-12-12 18:55:56;2025-12-12 18:58:56;2025-12-12 18:59:01;00:00:05;00:03:05;0;1;0;0;0;0;0;1;0;0;0;0;0;0;0;0;5;169;0;0;0;0;5;169;0;0;0;0;0;0;0;0;0;0;0;0;0;0;0;0;0;0;0;0;0;0;0;0;0;0;0;0;0;0;0;0;0;0;0;0;0;1;0;1;5;171;5;169;5;171;5;169;5;170;5;169;5;169;5;169;5;170;5;170;0;1;0;0;5;171;5;170;0;1;0;1;0;0;5;170;0;1;0;1;5;169;5;169;0;1;0;0;5;169;0;0;5;169;0;0;5;170;5;170;0;0;0;0;0;0;0;0;0;0;0;0;5;169;0;0;5;169;5;169;5;169;0;0;0;0;0;0;5;169;0;0;0;0;0;0;
2025-12-12 18:55:56;2025-12-12 18:59:01;2025-12-12 18:59:06;00:00:05;00:03:10;0;1;0;0;0;0;0;1;0;0;0;0;0;0;0;0;5;174;0;0;0;0;5;174;0;0;0;0;0;0;0;0;0;0;0;0;0;0;0;0;0;0;0;0;0;0;0;0;0;0;0;0;0;0;0;0;0;0;0;0;0;1;0;1;5;176;5;174;5;176;5;174;5;175;5;174;5;174;5;174;5;175;5;175;0;1;0;0;5;176;5;175;0;1;0;1;0;0;5;175;0;1;0;1;5;174;5;174;0;1;0;0;5;174;0;0;5;174;0;0;5;175;5;175;0;0;0;0;0;0;0;0;0;0;0;0;5;174;0;0;5;174;5;174;5;174;0;0;0;0;0;0;5;174;0;0;0;0;0;0;
2025-12-12 18:55:56;2025-12-12 18:59:06;2025-12-12 18:59:11;00:00:05;00:03:15;0;1;0;0;0;0;0;1;0;0;0;0;0;0;0;0;5;179;0;0;0;0;5;179;0;0;0;0;0;0;0;0;0;0;0;0;0;0;0;0;0;0;0;0;0;0;0;0;0;0;0;0;0;0;0;0;0;0;0;0;0;1;0;1;5;181;5;179;5;181;5;179;5;180;5;179;5;179;5;179;5;180;5;180;0;1;0;0;5;181;5;180;0;1;0;1;0;0;5;180;0;1;0;1;5;179;5;179;0;1;0;0;5;179;0;0;5;179;0;0;5;180;5;180;0;0;0;0;0;0;0;0;0;0;0;0;5;179;0;0;5;179;5;179;5;179;0;0;0;0;0;0;5;179;0;0;0;0;0;0;
2025-12-12 18:55:56;2025-12-12 18:59:11;2025-12-12 18:59:16;00:00:05;00:03:20;0;1;0;0;0;0;0;1;0;0;0;0;0;0;0;0;5;184;0;0;0;0;5;184;0;0;0;0;0;0;0;0;0;0;0;0;0;0;0;0;0;0;0;0;0;0;0;0;0;0;0;0;0;0;0;0;0;0;0;0;0;1;0;1;5;186;5;184;5;186;5;184;5;185;5;184;5;184;5;184;5;185;5;185;0;1;0;0;5;186;5;185;0;1;0;1;0;0;5;185;0;1;0;1;5;184;5;184;0;1;0;0;5;184;0;0;5;184;0;0;5;185;5;185;0;0;0;0;0;0;0;0;0;0;0;0;5;184;0;0;5;184;5;184;5;184;0;0;0;0;0;0;5;184;0;0;0;0;0;0;
2025-12-12 18:55:56;2025-12-12 18:59:16;2025-12-12 18:59:21;00:00:05;00:03:25;0;1;0;0;0;0;0;1;0;0;0;0;0;0;0;0;5;189;0;0;0;0;5;189;0;0;0;0;0;0;0;0;0;0;0;0;0;0;0;0;0;0;0;0;0;0;0;0;0;0;0;0;0;0;0;0;0;0;0;0;0;1;0;1;5;191;5;189;5;191;5;189;5;190;5;189;5;189;5;189;5;190;5;190;0;1;0;0;5;191;5;190;0;1;0;1;0;0;5;190;0;1;0;1;5;189;5;189;0;1;0;0;5;189;0;0;5;189;0;0;5;190;5;190;0;0;0;0;0;0;0;0;0;0;0;0;5;189;0;0;5;189;5;189;5;189;0;0;0;0;0;0;5;189;0;0;0;0;0;0;
2025-12-12 18:55:56;2025-12-12 18:59:21;2025-12-12 18:59:26;00:00:05;00:03:30;0;1;0;0;0;0;0;1;0;0;0;0;0;0;0;0;5;194;0;0;0;0;5;194;0;0;0;0;0;0;0;0;0;0;0;0;0;0;0;0;0;0;0;0;0;0;0;0;0;0;0;0;0;0;0;0;0;0;0;0;0;1;0;1;5;196;5;194;5;196;5;194;5;195;5;194;5;194;5;194;5;195;5;195;0;1;0;0;5;196;5;195;0;1;0;1;0;0;5;195;0;1;0;1;5;194;5;194;0;1;0;0;5;194;0;0;5;194;0;0;5;195;5;195;0;0;0;0;0;0;0;0;0;0;0;0;5;194;0;0;5;194;5;194;5;194;0;0;0;0;0;0;5;194;0;0;0;0;0;0;
2025-12-12 18:55:56;2025-12-12 18:59:26;2025-12-12 18:59:31;00:00:05;00:03:35;0;1;0;0;0;0;0;1;0;0;0;0;0;0;0;0;5;199;0;0;0;0;5;199;0;0;0;0;0;0;0;0;0;0;0;0;0;0;0;0;0;0;0;0;0;0;0;0;0;0;0;0;0;0;0;0;0;0;0;0;0;1;0;1;5;201;5;199;5;201;5;199;5;200;5;199;5;199;5;199;5;200;5;200;0;1;0;0;5;201;5;200;0;1;0;1;0;0;5;200;0;1;0;1;5;199;5;199;0;1;0;0;5;199;0;0;5;199;0;0;5;200;5;200;0;0;0;0;0;0;0;0;0;0;0;0;5;199;0;0;5;199;5;199;5;199;0;0;0;0;0;0;5;199;0;0;0;0;0;0;
2025-12-12 18:55:56;2025-12-12 18:59:31;2025-12-12 18:59:36;00:00:05;00:03:40;0;1;0;0;0;0;0;1;0;0;0;0;0;0;0;0;5;204;0;0;0;0;5;204;0;0;0;0;0;0;0;0;0;0;0;0;0;0;0;0;0;0;0;0;0;0;0;0;0;0;0;0;0;0;0;0;0;0;0;0;0;1;0;1;5;206;5;204;5;206;5;204;5;205;5;204;5;204;5;204;5;205;5;205;0;1;0;0;5;206;5;205;0;1;0;1;0;0;5;205;0;1;0;1;5;204;5;204;0;1;0;0;5;204;0;0;5;204;0;0;5;205;5;205;0;0;0;0;0;0;0;0;0;0;0;0;5;204;0;0;5;204;5;204;5;204;0;0;0;0;0;0;5;204;0;0;0;0;0;0;
2025-12-12 18:55:56;2025-12-12 18:59:36;2025-12-12 18:59:41;00:00:05;00:03:45;0;1;0;0;0;0;0;1;0;0;0;0;0;0;0;0;5;209;0;0;0;0;5;209;0;0;0;0;0;0;0;0;0;0;0;0;0;0;0;0;0;0;0;0;0;0;0;0;0;0;0;0;0;0;0;0;0;0;0;0;0;1;0;1;5;211;5;209;5;211;5;209;5;210;5;209;5;209;5;209;5;210;5;210;0;1;0;0;5;211;5;210;0;1;0;1;0;0;5;210;0;1;0;1;5;209;5;209;0;1;0;0;5;209;0;0;5;209;0;0;5;210;5;210;0;0;0;0;0;0;0;0;0;0;0;0;5;209;0;0;5;209;5;209;5;209;0;0;0;0;0;0;5;209;0;0;0;0;0;0;
2025-12-12 18:55:56;2025-12-12 18:59:41;2025-12-12 18:59:46;00:00:05;00:03:50;0;1;0;0;0;0;0;1;0;0;0;0;0;0;0;0;5;214;0;0;0;0;5;214;0;0;0;0;0;0;0;0;0;0;0;0;0;0;0;0;0;0;0;0;0;0;0;0;0;0;0;0;0;0;0;0;0;0;0;0;0;1;0;1;5;216;5;214;5;216;5;214;5;215;5;214;5;214;5;214;5;215;5;215;0;1;0;0;5;216;5;215;0;1;0;1;0;0;5;215;0;1;0;1;5;214;5;214;0;1;0;0;5;214;0;0;5;214;0;0;5;215;5;215;0;0;0;0;0;0;0;0;0;0;0;0;5;214;0;0;5;214;5;214;5;214;0;0;0;0;0;0;5;214;0;0;0;0;0;0;
2025-12-12 18:55:56;2025-12-12 18:59:46;2025-12-12 18:59:51;00:00:05;00:03:55;0;1;0;0;0;0;0;1;0;0;0;0;0;0;0;0;5;219;0;0;0;0;5;219;0;0;0;0;0;0;0;0;0;0;0;0;0;0;0;0;0;0;0;0;0;0;0;0;0;0;0;0;0;0;0;0;0;0;0;0;0;1;0;1;5;221;5;219;5;221;5;219;5;220;5;219;5;219;5;219;5;220;5;220;0;1;0;0;5;221;5;220;0;1;0;1;0;0;5;220;0;1;0;1;5;219;5;219;0;1;0;0;5;219;0;0;5;219;0;0;5;220;5;220;0;0;0;0;0;0;0;0;0;0;0;0;5;219;0;0;5;219;5;219;5;219;0;0;0;0;0;0;5;219;0;0;0;0;0;0;
2025-12-12 18:55:56;2025-12-12 18:59:51;2025-12-12 18:59:56;00:00:05;00:04:00;0;1;0;0;0;0;0;1;0;0;0;0;0;0;0;0;5;224;0;0;0;0;5;224;0;0;0;0;0;0;0;0;0;0;0;0;0;0;0;0;0;0;0;0;0;0;0;0;0;0;0;0;0;0;0;0;0;0;0;0;0;1;0;1;5;226;5;224;5;226;5;224;5;225;5;224;5;224;5;224;5;225;5;225;0;1;0;0;5;226;5;225;0;1;0;1;0;0;5;225;0;1;0;1;5;224;5;224;0;1;0;0;5;224;0;0;5;224;0;0;5;225;5;225;0;0;0;0;0;0;0;0;0;0;0;0;5;224;0;0;5;224;5;224;5;224;0;0;0;0;0;0;5;224;0;0;0;0;0;0;
2025-12-12 18:55:56;2025-12-12 18:59:56;2025-12-12 19:00:01;00:00:05;00:04:05;0;1;0;0;0;0;0;1;0;0;0;0;0;0;0;0;5;229;0;0;0;0;5;229;0;0;0;0;0;0;0;0;0;0;0;0;0;0;0;0;0;0;0;0;0;0;0;0;0;0;0;0;0;0;0;0;0;0;0;0;0;1;0;1;5;231;5;229;5;231;5;229;5;230;5;229;5;229;5;229;5;230;5;230;0;1;0;0;5;231;5;230;0;1;0;1;0;0;5;230;0;1;0;1;5;229;5;229;0;1;0;0;5;229;0;0;5;229;0;0;5;230;5;230;0;0;0;0;0;0;0;0;0;0;0;0;5;229;0;0;5;229;5;229;5;229;0;0;0;0;0;0;5;229;0;0;0;0;0;0;
2025-12-12 18:55:56;2025-12-12 19:00:01;2025-12-12 19:00:06;00:00:05;00:04:10;0;1;0;0;0;0;0;1;0;0;0;0;0;0;0;0;5;234;0;0;0;0;5;234;0;0;0;0;0;0;0;0;0;0;0;0;0;0;0;0;0;0;0;0;0;0;0;0;0;0;0;0;0;0;0;0;0;0;0;0;0;1;0;1;5;236;5;234;5;236;5;234;5;235;5;234;5;234;5;234;5;235;5;235;0;1;0;0;5;236;5;235;0;1;0;1;0;0;5;235;0;1;0;1;5;234;5;234;0;1;0;0;5;234;0;0;5;234;0;0;5;235;5;235;0;0;0;0;0;0;0;0;0;0;0;0;5;234;0;0;5;234;5;234;5;234;0;0;0;0;0;0;5;234;0;0;0;0;0;0;
2025-12-12 18:55:56;2025-12-12 19:00:06;2025-12-12 19:00:11;00:00:05;00:04:15;0;1;0;0;0;0;0;1;0;0;0;0;0;0;0;0;5;239;0;0;0;0;5;239;0;0;0;0;0;0;0;0;0;0;0;0;0;0;0;0;0;0;0;0;0;0;0;0;0;0;0;0;0;0;0;0;0;0;0;0;0;1;0;1;5;241;5;239;5;241;5;239;5;240;5;239;5;239;5;239;5;240;5;240;0;1;0;0;5;241;5;240;0;1;0;1;0;0;5;240;0;1;0;1;5;239;5;239;0;1;0;0;5;239;0;0;5;239;0;0;5;240;5;240;0;0;0;0;0;0;0;0;0;0;0;0;5;239;0;0;5;239;5;239;5;239;0;0;0;0;0;0;5;239;0;0;0;0;0;0;
2025-12-12 18:55:56;2025-12-12 19:00:11;2025-12-12 19:00:16;00:00:05;00:04:20;0;1;0;0;0;0;0;1;0;0;0;0;0;0;0;0;5;244;0;0;0;0;5;244;0;0;0;0;0;0;0;0;0;0;0;0;0;0;0;0;0;0;0;0;0;0;0;0;0;0;0;0;0;0;0;0;0;0;0;0;0;1;0;1;5;246;5;244;5;246;5;244;5;245;5;244;5;244;5;244;5;245;5;245;0;1;0;0;5;246;5;245;0;1;0;1;0;0;5;245;0;1;0;1;5;244;5;244;0;1;0;0;5;244;0;0;5;244;0;0;5;245;5;245;0;0;0;0;0;0;0;0;0;0;0;0;5;244;0;0;5;244;5;244;5;244;0;0;0;0;0;0;5;244;0;0;0;0;0;0;
2025-12-12 18:55:56;2025-12-12 19:00:16;2025-12-12 19:00:21;00:00:05;00:04:25;0;1;0;0;0;0;0;1;0;0;0;0;0;0;0;0;5;249;0;0;0;0;5;249;0;0;0;0;0;0;0;0;0;0;0;0;0;0;0;0;0;0;0;0;0;0;0;0;0;0;0;0;0;0;0;0;0;0;0;0;0;1;0;1;5;251;5;249;5;251;5;249;5;250;5;249;5;249;5;249;5;250;5;250;0;1;0;0;5;251;5;250;0;1;0;1;0;0;5;250;0;1;0;1;5;249;5;249;0;1;0;0;5;249;0;0;5;249;0;0;5;250;5;250;0;0;0;0;0;0;0;0;0;0;0;0;5;249;0;0;5;249;5;249;5;249;0;0;0;0;0;0;5;249;0;0;0;0;0;0;
2025-12-12 18:55:56;2025-12-12 19:00:21;2025-12-12 19:00:26;00:00:05;00:04:30;0;1;0;0;0;0;0;1;0;0;0;0;0;0;0;0;5;254;0;0;0;0;5;254;0;0;0;0;0;0;0;0;0;0;0;0;0;0;0;0;0;0;0;0;0;0;0;0;0;0;0;0;0;0;0;0;0;0;0;0;0;1;0;1;5;256;5;254;5;256;5;254;5;255;5;254;5;254;5;254;5;255;5;255;0;1;0;0;5;256;5;255;0;1;0;1;0;0;5;255;0;1;0;1;5;254;5;254;0;1;0;0;5;254;0;0;5;254;0;0;5;255;5;255;0;0;0;0;0;0;0;0;0;0;0;0;5;254;0;0;5;254;5;254;5;254;0;0;0;0;0;0;5;254;0;0;0;0;0;0;
2025-12-12 18:55:56;2025-12-12 19:00:26;2025-12-12 19:00:31;00:00:05;00:04:35;0;1;0;0;0;0;0;1;0;0;0;0;0;0;0;0;5;259;0;0;0;0;5;259;0;0;0;0;0;0;0;0;0;0;0;0;0;0;0;0;0;0;0;0;0;0;0;0;0;0;0;0;0;0;0;0;0;0;0;0;0;1;0;1;5;261;5;259;5;261;5;259;5;260;5;259;5;259;5;259;5;260;5;260;0;1;0;0;5;261;5;260;0;1;0;1;0;0;5;260;0;1;0;1;5;259;5;259;0;1;0;0;5;259;0;0;5;259;0;0;5;260;5;260;0;0;0;0;0;0;0;0;0;0;0;0;5;259;0;0;5;259;5;259;5;259;0;0;0;0;0;0;5;259;0;0;0;0;0;0;
2025-12-12 18:55:56;2025-12-12 19:00:31;2025-12-12 19:00:36;00:00:05;00:04:40;0;1;0;0;0;0;0;1;0;0;0;0;0;0;0;0;5;264;0;0;0;0;5;264;0;0;0;0;0;0;0;0;0;0;0;0;0;0;0;0;0;0;0;0;0;0;0;0;0;0;0;0;0;0;0;0;0;0;0;0;0;1;0;1;5;266;5;264;5;266;5;264;5;265;5;264;5;264;5;264;5;265;5;265;0;1;0;0;5;266;5;265;0;1;0;1;0;0;5;265;0;1;0;1;5;264;5;264;0;1;0;0;5;264;0;0;5;264;0;0;5;265;5;265;0;0;0;0;0;0;0;0;0;0;0;0;5;264;0;0;5;264;5;264;5;264;0;0;0;0;0;0;5;264;0;0;0;0;0;0;
2025-12-12 18:55:56;2025-12-12 19:00:36;2025-12-12 19:00:41;00:00:05;00:04:45;0;1;0;0;0;0;0;1;0;0;0;0;0;0;0;0;5;269;0;0;0;0;5;269;0;0;0;0;0;0;0;0;0;0;0;0;0;0;0;0;0;0;0;0;0;0;0;0;0;0;0;0;0;0;0;0;0;0;0;0;0;1;0;1;5;271;5;269;5;271;5;269;5;270;5;269;5;269;5;269;5;270;5;270;0;1;0;0;5;271;5;270;0;1;0;1;0;0;5;270;0;1;0;1;5;269;5;269;0;1;0;0;5;269;0;0;5;269;0;0;5;270;5;270;0;0;0;0;0;0;0;0;0;0;0;0;5;269;0;0;5;269;5;269;5;269;0;0;0;0;0;0;5;269;0;0;0;0;0;0;
2025-12-12 18:55:56;2025-12-12 19:00:41;2025-12-12 19:00:46;00:00:05;00:04:50;0;1;0;0;0;0;0;1;0;0;0;0;0;0;0;0;5;274;0;0;0;0;5;274;0;0;0;0;0;0;0;0;0;0;0;0;0;0;0;0;0;0;0;0;0;0;0;0;0;0;0;0;0;0;0;0;0;0;0;0;0;1;0;1;5;276;5;274;5;276;5;274;5;275;5;274;5;274;5;274;5;275;5;275;0;1;0;0;5;276;5;275;0;1;0;1;0;0;5;275;0;1;0;1;5;274;5;274;0;1;0;0;5;274;0;0;5;274;0;0;5;275;5;275;0;0;0;0;0;0;0;0;0;0;0;0;5;274;0;0;5;274;5;274;5;274;0;0;0;0;0;0;5;274;0;0;0;0;0;0;
2025-12-12 18:55:56;2025-12-12 19:00:46;2025-12-12 19:00:51;00:00:05;00:04:55;0;1;0;0;0;0;0;1;0;0;0;0;0;0;0;0;5;279;0;0;0;0;5;279;0;0;0;0;0;0;0;0;0;0;0;0;0;0;0;0;0;0;0;0;0;0;0;0;0;0;0;0;0;0;0;0;0;0;0;0;0;1;0;1;5;281;5;279;5;281;5;279;5;280;5;279;5;279;5;279;5;280;5;280;0;1;0;0;5;281;5;280;0;1;0;1;0;0;5;280;0;1;0;1;5;279;5;279;0;1;0;0;5;279;0;0;5;279;0;0;5;280;5;280;0;0;0;0;0;0;0;0;0;0;0;0;5;279;0;0;5;279;5;279;5;279;0;0;0;0;0;0;5;279;0;0;0;0;0;0;
2025-12-12 18:55:56;2025-12-12 19:00:51;2025-12-12 19:00:56;00:00:05;00:05:00;0;1;0;0;0;0;0;1;0;0;0;0;0;0;0;0;5;284;0;0;0;0;5;284;0;0;0;0;0;0;0;0;0;0;0;0;0;0;0;0;0;0;0;0;0;0;0;0;0;0;0;0;0;0;0;0;0;0;0;0;0;1;0;1;5;286;5;284;5;286;5;284;5;285;5;284;5;284;5;284;5;285;5;285;0;1;0;0;5;286;5;285;0;1;0;1;0;0;5;285;0;1;0;1;5;284;5;284;0;1;0;0;5;284;0;0;5;284;0;0;5;285;5;285;0;0;0;0;0;0;0;0;0;0;0;0;5;284;0;0;5;284;5;284;5;284;0;0;0;0;0;0;5;284;0;0;0;0;0;0;
2025-12-12 18:55:56;2025-12-12 19:00:56;2025-12-12 19:01:01;00:00:05;00:05:05;0;1;0;0;0;0;0;1;0;0;0;0;0;0;0;0;5;289;0;0;0;0;5;289;0;0;0;0;0;0;0;0;0;0;0;0;0;0;0;0;0;0;0;0;0;0;0;0;0;0;0;0;0;0;0;0;0;0;0;0;0;1;0;1;5;291;5;289;5;291;5;289;5;290;5;289;5;289;5;289;5;290;5;290;0;1;0;0;5;291;5;290;0;1;0;1;0;0;5;290;0;1;0;1;5;289;5;289;0;1;0;0;5;289;0;0;5;289;0;0;5;290;5;290;0;0;0;0;0;0;0;0;0;0;0;0;5;289;0;0;5;289;5;289;5;289;0;0;0;0;0;0;5;289;0;0;0;0;0;0;
2025-12-12 18:55:56;2025-12-12 19:01:01;2025-12-12 19:01:06;00:00:05;00:05:10;0;1;0;0;0;0;0;1;0;0;0;0;0;0;0;0;5;294;0;0;0;0;5;294;0;0;0;0;0;0;0;0;0;0;0;0;0;0;0;0;0;0;0;0;0;0;0;0;0;0;0;0;0;0;0;0;0;0;0;0;0;1;0;1;5;296;5;294;5;296;5;294;5;295;5;294;5;294;5;294;5;295;5;295;0;1;0;0;5;296;5;295;0;1;0;1;0;0;5;295;0;1;0;1;5;294;5;294;0;1;0;0;5;294;0;0;5;294;0;0;5;295;5;295;0;0;0;0;0;0;0;0;0;0;0;0;5;294;0;0;5;294;5;294;5;294;0;0;0;0;0;0;5;294;0;0;0;0;0;0;
2025-12-12 18:55:56;2025-12-12 19:01:06;2025-12-12 19:01:11;00:00:05;00:05:15;0;1;0;0;0;0;0;1;0;0;0;0;0;0;0;0;5;299;0;0;0;0;5;299;0;0;0;0;0;0;0;0;0;0;0;0;0;0;0;0;0;0;0;0;0;0;0;0;0;0;0;0;0;0;0;0;0;0;0;0;0;1;0;1;5;301;5;299;5;301;5;299;5;300;5;299;5;299;5;299;5;300;5;300;0;1;0;0;5;301;5;300;0;1;0;1;0;0;5;300;0;1;0;1;5;299;5;299;0;1;0;0;5;299;0;0;5;299;0;0;5;300;5;300;0;0;0;0;0;0;0;0;0;0;0;0;5;299;0;0;5;299;5;299;5;299;0;0;0;0;0;0;5;299;0;0;0;0;0;0;
2025-12-12 18:55:56;2025-12-12 19:01:11;2025-12-12 19:01:16;00:00:05;00:05:20;0;1;0;0;0;0;0;1;0;0;0;0;0;0;0;0;5;304;0;0;0;0;5;304;0;0;0;0;0;0;0;0;0;0;0;0;0;0;0;0;0;0;0;0;0;0;0;0;0;0;0;0;0;0;0;0;0;0;0;0;0;1;0;1;5;306;5;304;5;306;5;304;5;305;5;304;5;304;5;304;5;305;5;305;0;1;0;0;5;306;5;305;0;1;0;1;0;0;5;305;0;1;0;1;5;304;5;304;0;1;0;0;5;304;0;0;5;304;0;0;5;305;5;305;0;0;0;0;0;0;0;0;0;0;0;0;5;304;0;0;5;304;5;304;5;304;0;0;0;0;0;0;5;304;0;0;0;0;0;0;
2025-12-12 18:55:56;2025-12-12 19:01:16;2025-12-12 19:01:21;00:00:05;00:05:25;0;1;0;0;0;0;0;1;0;0;0;0;0;0;0;0;5;309;0;0;0;0;5;309;0;0;0;0;0;0;0;0;0;0;0;0;0;0;0;0;0;0;0;0;0;0;0;0;0;0;0;0;0;0;0;0;0;0;0;0;0;1;0;1;5;311;5;309;5;311;5;309;5;310;5;309;5;309;5;309;5;310;5;310;0;1;0;0;5;311;5;310;0;1;0;1;0;0;5;310;0;1;0;1;5;309;5;309;0;1;0;0;5;309;0;0;5;309;0;0;5;310;5;310;0;0;0;0;0;0;0;0;0;0;0;0;5;309;0;0;5;309;5;309;5;309;0;0;0;0;0;0;5;309;0;0;0;0;0;0;
2025-12-12 18:55:56;2025-12-12 19:01:21;2025-12-12 19:01:26;00:00:05;00:05:30;0;1;0;0;0;0;0;1;0;0;0;0;0;0;0;0;5;314;0;0;0;0;5;314;0;0;0;0;0;0;0;0;0;0;0;0;0;0;0;0;0;0;0;0;0;0;0;0;0;0;0;0;0;0;0;0;0;0;0;0;0;1;0;1;5;316;5;314;5;316;5;314;5;315;5;314;5;314;5;314;5;315;5;315;0;1;0;0;5;316;5;315;0;1;0;1;0;0;5;315;0;1;0;1;5;314;5;314;0;1;0;0;5;314;0;0;5;314;0;0;5;315;5;315;0;0;0;0;0;0;0;0;0;0;0;0;5;314;0;0;5;314;5;314;5;314;0;0;0;0;0;0;5;314;0;0;0;0;0;0;
2025-12-12 18:55:56;2025-12-12 19:01:26;2025-12-12 19:01:31;00:00:05;00:05:35;0;1;0;0;0;0;0;1;0;0;0;0;0;0;0;0;5;319;0;0;0;0;5;319;0;0;0;0;0;0;0;0;0;0;0;0;0;0;0;0;0;0;0;0;0;0;0;0;0;0;0;0;0;0;0;0;0;0;0;0;0;1;0;1;5;321;5;319;5;321;5;319;5;320;5;319;5;319;5;319;5;320;5;320;0;1;0;0;5;321;5;320;0;1;0;1;0;0;5;320;0;1;0;1;5;319;5;319;0;1;0;0;5;319;0;0;5;319;0;0;5;320;5;320;0;0;0;0;0;0;0;0;0;0;0;0;5;319;0;0;5;319;5;319;5;319;0;0;0;0;0;0;5;319;0;0;0;0;0;0;
2025-12-12 18:55:56;2025-12-12 19:01:31;2025-12-12 19:01:36;00:00:05;00:05:40;0;1;0;0;0;0;0;1;0;0;0;0;0;0;0;0;5;324;0;0;0;0;5;324;0;0;0;0;0;0;0;0;0;0;0;0;0;0;0;0;0;0;0;0;0;0;0;0;0;0;0;0;0;0;0;0;0;0;0;0;0;1;0;1;5;326;5;324;5;326;5;324;5;325;5;324;5;324;5;324;5;325;5;325;0;1;0;0;5;326;5;325;0;1;0;1;0;0;5;325;0;1;0;1;5;324;5;324;0;1;0;0;5;324;0;0;5;324;0;0;5;325;5;325;0;0;0;0;0;0;0;0;0;0;0;0;5;324;0;0;5;324;5;324;5;324;0;0;0;0;0;0;5;324;0;0;0;0;0;0;
2025-12-12 18:55:56;2025-12-12 19:01:36;2025-12-12 19:01:41;00:00:05;00:05:45;0;1;0;0;0;0;0;1;0;0;0;0;0;0;0;0;5;329;0;0;0;0;5;329;0;0;0;0;0;0;0;0;0;0;0;0;0;0;0;0;0;0;0;0;0;0;0;0;0;0;0;0;0;0;0;0;0;0;0;0;0;1;0;1;5;331;5;329;5;331;5;329;5;330;5;329;5;329;5;329;5;330;5;330;0;1;0;0;5;331;5;330;0;1;0;1;0;0;5;330;0;1;0;1;5;329;5;329;0;1;0;0;5;329;0;0;5;329;0;0;5;330;5;330;0;0;0;0;0;0;0;0;0;0;0;0;5;329;0;0;5;329;5;329;5;329;0;0;0;0;0;0;5;329;0;0;0;0;0;0;
2025-12-12 18:55:56;2025-12-12 19:01:41;2025-12-12 19:01:46;00:00:05;00:05:50;0;1;0;0;0;0;0;1;0;0;0;0;0;0;0;0;5;334;0;0;0;0;5;334;0;0;0;0;0;0;0;0;0;0;0;0;0;0;0;0;0;0;0;0;0;0;0;0;0;0;0;0;0;0;0;0;0;0;0;0;0;1;0;1;5;336;5;334;5;336;5;334;5;335;5;334;5;334;5;334;5;335;5;335;0;1;0;0;5;336;5;335;0;1;0;1;0;0;5;335;0;1;0;1;5;334;5;334;0;1;0;0;5;334;0;0;5;334;0;0;5;335;5;335;0;0;0;0;0;0;0;0;0;0;0;0;5;334;0;0;5;334;5;334;5;334;0;0;0;0;0;0;5;334;0;0;0;0;0;0;
2025-12-12 18:55:56;2025-12-12 19:01:46;2025-12-12 19:01:51;00:00:05;00:05:55;0;1;0;0;0;0;0;1;0;0;0;0;0;0;0;0;5;339;0;0;0;0;5;339;0;0;0;0;0;0;0;0;0;0;0;0;0;0;0;0;0;0;0;0;0;0;0;0;0;0;0;0;0;0;0;0;0;0;0;0;0;1;0;1;5;341;5;339;5;341;5;339;5;340;5;339;5;339;5;339;5;340;5;340;0;1;0;0;5;341;5;340;0;1;0;1;0;0;5;340;0;1;0;1;5;339;5;339;0;1;0;0;5;339;0;0;5;339;0;0;5;340;5;340;0;0;0;0;0;0;0;0;0;0;0;0;5;339;0;0;5;339;5;339;5;339;0;0;0;0;0;0;5;339;0;0;0;0;0;0;
2025-12-12 18:55:56;2025-12-12 19:01:51;2025-12-12 19:01:56;00:00:05;00:06:00;0;1;0;0;0;0;0;1;0;0;0;0;0;0;0;0;5;344;0;0;0;0;5;344;0;0;0;0;0;0;0;0;0;0;0;0;0;0;0;0;0;0;0;0;0;0;0;0;0;0;0;0;0;0;0;0;0;0;0;0;0;1;0;1;5;346;5;344;5;346;5;344;5;345;5;344;5;344;5;344;5;345;5;345;0;1;0;0;5;346;5;345;0;1;0;1;0;0;5;345;0;1;0;1;5;344;5;344;0;1;0;0;5;344;0;0;5;344;0;0;5;345;5;345;0;0;0;0;0;0;0;0;0;0;0;0;5;344;0;0;5;344;5;344;5;344;0;0;0;0;0;0;5;344;0;0;0;0;0;0;
2025-12-12 18:55:56;2025-12-12 19:01:56;2025-12-12 19:02:01;00:00:05;00:06:05;0;1;0;0;0;0;0;1;0;0;0;0;0;0;0;0;5;349;0;0;0;0;5;349;0;0;0;0;0;0;0;0;0;0;0;0;0;0;0;0;0;0;0;0;0;0;0;0;0;0;0;0;0;0;0;0;0;0;0;0;0;1;0;1;5;351;5;349;5;351;5;349;5;350;5;349;5;349;5;349;5;350;5;350;0;1;0;0;5;351;5;350;0;1;0;1;0;0;5;350;0;1;0;1;5;349;5;349;0;1;0;0;5;349;0;0;5;349;0;0;5;350;5;350;0;0;0;0;0;0;0;0;0;0;0;0;5;349;0;0;5;349;5;349;5;349;0;0;0;0;0;0;5;349;0;0;0;0;0;0;
2025-12-12 18:55:56;2025-12-12 19:02:01;2025-12-12 19:02:06;00:00:05;00:06:10;0;1;0;0;0;0;0;1;0;0;0;0;0;0;0;0;5;354;0;0;0;0;5;354;0;0;0;0;0;0;0;0;0;0;0;0;0;0;0;0;0;0;0;0;0;0;0;0;0;0;0;0;0;0;0;0;0;0;0;0;0;1;0;1;5;356;5;354;5;356;5;354;5;355;5;354;5;354;5;354;5;355;5;355;0;1;0;0;5;356;5;355;0;1;0;1;0;0;5;355;0;1;0;1;5;354;5;354;0;1;0;0;5;354;0;0;5;354;0;0;5;355;5;355;0;0;0;0;0;0;0;0;0;0;0;0;5;354;0;0;5;354;5;354;5;354;0;0;0;0;0;0;5;354;0;0;0;0;0;0;
2025-12-12 18:55:56;2025-12-12 19:02:06;2025-12-12 19:02:11;00:00:05;00:06:15;0;1;0;0;0;0;0;1;0;0;0;0;0;0;0;0;5;359;0;0;0;0;5;359;0;0;0;0;0;0;0;0;0;0;0;0;0;0;0;0;0;0;0;0;0;0;0;0;0;0;0;0;0;0;0;0;0;0;0;0;0;1;0;1;5;361;5;359;5;361;5;359;5;360;5;359;5;359;5;359;5;360;5;360;0;1;0;0;5;361;5;360;0;1;0;1;0;0;5;360;0;1;0;1;5;359;5;359;0;1;0;0;5;359;0;0;5;359;0;0;5;360;5;360;0;0;0;0;0;0;0;0;0;0;0;0;5;359;0;0;5;359;5;359;5;359;0;0;0;0;0;0;5;359;0;0;0;0;0;0;
2025-12-12 18:55:56;2025-12-12 19:02:11;2025-12-12 19:02:16;00:00:05;00:06:20;0;1;0;0;0;0;0;1;0;0;0;0;0;0;0;0;5;364;0;0;0;0;5;364;0;0;0;0;0;0;0;0;0;0;0;0;0;0;0;0;0;0;0;0;0;0;0;0;0;0;0;0;0;0;0;0;0;0;0;0;0;1;0;1;5;366;5;364;5;366;5;364;5;365;5;364;5;364;5;364;5;365;5;365;0;1;0;0;5;366;5;365;0;1;0;1;0;0;5;365;0;1;0;1;5;364;5;364;0;1;0;0;5;364;0;0;5;364;0;0;5;365;5;365;0;0;0;0;0;0;0;0;0;0;0;0;5;364;0;0;5;364;5;364;5;364;0;0;0;0;0;0;5;364;0;0;0;0;0;0;
2025-12-12 18:55:56;2025-12-12 19:02:16;2025-12-12 19:02:21;00:00:05;00:06:25;0;1;0;0;0;0;0;1;0;0;0;0;0;0;0;0;5;369;0;0;0;0;5;369;0;0;0;0;0;0;0;0;0;0;0;0;0;0;0;0;0;0;0;0;0;0;0;0;0;0;0;0;0;0;0;0;0;0;0;0;0;1;0;1;5;371;5;369;5;371;5;369;5;370;5;369;5;369;5;369;5;370;5;370;0;1;0;0;5;371;5;370;0;1;0;1;0;0;5;370;0;1;0;1;5;369;5;369;0;1;0;0;5;369;0;0;5;369;0;0;5;370;5;370;0;0;0;0;0;0;0;0;0;0;0;0;5;369;0;0;5;369;5;369;5;369;0;0;0;0;0;0;5;369;0;0;0;0;0;0;
2025-12-12 18:55:56;2025-12-12 19:02:21;2025-12-12 19:02:26;00:00:05;00:06:30;0;1;0;0;0;0;0;1;0;0;0;0;0;0;0;0;5;374;0;0;0;0;5;374;0;0;0;0;0;0;0;0;0;0;0;0;0;0;0;0;0;0;0;0;0;0;0;0;0;0;0;0;0;0;0;0;0;0;0;0;0;1;0;1;5;376;5;374;5;376;5;374;5;375;5;374;5;374;5;374;5;375;5;375;0;1;0;0;5;376;5;375;0;1;0;1;0;0;5;375;0;1;0;1;5;374;5;374;0;1;0;0;5;374;0;0;5;374;0;0;5;375;5;375;0;0;0;0;0;0;0;0;0;0;0;0;5;374;0;0;5;374;5;374;5;374;0;0;0;0;0;0;5;374;0;0;0;0;0;0;
2025-12-12 18:55:56;2025-12-12 19:02:26;2025-12-12 19:02:31;00:00:05;00:06:35;0;1;0;0;0;0;0;1;0;0;0;0;0;0;0;0;5;379;0;0;0;0;5;379;0;0;0;0;0;0;0;0;0;0;0;0;0;0;0;0;0;0;0;0;0;0;0;0;0;0;0;0;0;0;0;0;0;0;0;0;0;1;0;1;5;381;5;379;5;381;5;379;5;380;5;379;5;379;5;379;5;380;5;380;0;1;0;0;5;381;5;380;0;1;0;1;0;0;5;380;0;1;0;1;5;379;5;379;0;1;0;0;5;379;0;0;5;379;0;0;5;380;5;380;0;0;0;0;0;0;0;0;0;0;0;0;5;379;0;0;5;379;5;379;5;379;0;0;0;0;0;0;5;379;0;0;0;0;0;0;
2025-12-12 18:55:56;2025-12-12 19:02:31;2025-12-12 19:02:36;00:00:05;00:06:40;0;1;0;0;0;0;0;1;0;0;0;0;0;0;0;0;5;384;0;0;0;0;5;384;0;0;0;0;0;0;0;0;0;0;0;0;0;0;0;0;0;0;0;0;0;0;0;0;0;0;0;0;0;0;0;0;0;0;0;0;0;1;0;1;5;386;5;384;5;386;5;384;5;385;5;384;5;384;5;384;5;385;5;385;0;1;0;0;5;386;5;385;0;1;0;1;0;0;5;385;0;1;0;1;5;384;5;384;0;1;0;0;5;384;0;0;5;384;0;0;5;385;5;385;0;0;0;0;0;0;0;0;0;0;0;0;5;384;0;0;5;384;5;384;5;384;0;0;0;0;0;0;5;384;0;0;0;0;0;0;
2025-12-12 18:55:56;2025-12-12 19:02:36;2025-12-12 19:02:41;00:00:05;00:06:45;0;1;0;0;0;0;0;1;0;0;0;0;0;0;0;0;5;389;0;0;0;0;5;389;0;0;0;0;0;0;0;0;0;0;0;0;0;0;0;0;0;0;0;0;0;0;0;0;0;0;0;0;0;0;0;0;0;0;0;0;0;1;0;1;5;391;5;389;5;391;5;389;5;390;5;389;5;389;5;389;5;390;5;390;0;1;0;0;5;391;5;390;0;1;0;1;0;0;5;390;0;1;0;1;5;389;5;389;0;1;0;0;5;389;0;0;5;389;0;0;5;390;5;390;0;0;0;0;0;0;0;0;0;0;0;0;5;389;0;0;5;389;5;389;5;389;0;0;0;0;0;0;5;389;0;0;0;0;0;0;
2025-12-12 18:55:56;2025-12-12 19:02:41;2025-12-12 19:02:46;00:00:05;00:06:50;0;1;0;0;0;0;0;1;0;0;0;0;0;0;0;0;5;394;0;0;0;0;5;394;0;0;0;0;0;0;0;0;0;0;0;0;0;0;0;0;0;0;0;0;0;0;0;0;0;0;0;0;0;0;0;0;0;0;0;0;0;1;0;1;5;396;5;394;5;396;5;394;5;395;5;394;5;394;5;394;5;395;5;395;0;1;0;0;5;396;5;395;0;1;0;1;0;0;5;395;0;1;0;1;5;394;5;394;0;1;0;0;5;394;0;0;5;394;0;0;5;395;5;395;0;0;0;0;0;0;0;0;0;0;0;0;5;394;0;0;5;394;5;394;5;394;0;0;0;0;0;0;5;394;0;0;0;0;0;0;
2025-12-12 18:55:56;2025-12-12 19:02:46;2025-12-12 19:02:51;00:00:05;00:06:55;0;1;0;0;0;0;0;1;0;0;0;0;0;0;0;0;5;399;0;0;0;0;5;399;0;0;0;0;0;0;0;0;0;0;0;0;0;0;0;0;0;0;0;0;0;0;0;0;0;0;0;0;0;0;0;0;0;0;0;0;0;1;0;1;5;401;5;399;5;401;5;399;5;400;5;399;5;399;5;399;5;400;5;400;0;1;0;0;5;401;5;400;0;1;0;1;0;0;5;400;0;1;0;1;5;399;5;399;0;1;0;0;5;399;0;0;5;399;0;0;5;400;5;400;0;0;0;0;0;0;0;0;0;0;0;0;5;399;0;0;5;399;5;399;5;399;0;0;0;0;0;0;5;399;0;0;0;0;0;0;
2025-12-12 18:55:56;2025-12-12 19:02:51;2025-12-12 19:02:56;00:00:05;00:07:00;0;1;0;0;0;0;0;1;0;0;0;0;0;0;0;0;5;404;0;0;0;0;5;404;0;0;0;0;0;0;0;0;0;0;0;0;0;0;0;0;0;0;0;0;0;0;0;0;0;0;0;0;0;0;0;0;0;0;0;0;0;1;0;1;5;406;5;404;5;406;5;404;5;405;5;404;5;404;5;404;5;405;5;405;0;1;0;0;5;406;5;405;0;1;0;1;0;0;5;405;0;1;0;1;5;404;5;404;0;1;0;0;5;404;0;0;5;404;0;0;5;405;5;405;0;0;0;0;0;0;0;0;0;0;0;0;5;404;0;0;5;404;5;404;5;404;0;0;0;0;0;0;5;404;0;0;0;0;0;0;
2025-12-12 18:55:56;2025-12-12 19:02:56;2025-12-12 19:03:01;00:00:05;00:07:05;0;1;0;0;0;0;0;1;0;0;0;0;0;0;0;0;5;409;0;0;0;0;5;409;0;0;0;0;0;0;0;0;0;0;0;0;0;0;0;0;0;0;0;0;0;0;0;0;0;0;0;0;0;0;0;0;0;0;0;0;0;1;0;1;5;411;5;409;5;411;5;409;5;410;5;409;5;409;5;409;5;410;5;410;0;1;0;0;5;411;5;410;0;1;0;1;0;0;5;410;0;1;0;1;5;409;5;409;0;1;0;0;5;409;0;0;5;409;0;0;5;410;5;410;0;0;0;0;0;0;0;0;0;0;0;0;5;409;0;0;5;409;5;409;5;409;0;0;0;0;0;0;5;409;0;0;0;0;0;0;
2025-12-12 18:55:56;2025-12-12 19:03:01;2025-12-12 19:03:06;00:00:05;00:07:10;0;1;0;0;0;0;0;1;0;0;0;0;0;0;0;0;5;414;0;0;0;0;5;414;0;0;0;0;0;0;0;0;0;0;0;0;0;0;0;0;0;0;0;0;0;0;0;0;0;0;0;0;0;0;0;0;0;0;0;0;0;1;0;1;5;416;5;414;5;416;5;414;5;415;5;414;5;414;5;414;5;415;5;415;0;1;0;0;5;416;5;415;0;1;0;1;0;0;5;415;0;1;0;1;5;414;5;414;0;1;0;0;5;414;0;0;5;414;0;0;5;415;5;415;0;0;0;0;0;0;0;0;0;0;0;0;5;414;0;0;5;414;5;414;5;414;0;0;0;0;0;0;5;414;0;0;0;0;0;0;
2025-12-12 18:55:56;2025-12-12 19:03:06;2025-12-12 19:03:11;00:00:05;00:07:15;0;1;0;0;0;0;0;1;0;0;0;0;0;0;0;0;5;419;0;0;0;0;5;419;0;0;0;0;0;0;0;0;0;0;0;0;0;0;0;0;0;0;0;0;0;0;0;0;0;0;0;0;0;0;0;0;0;0;0;0;0;1;0;1;5;421;5;419;5;421;5;419;5;420;5;419;5;419;5;419;5;420;5;420;0;1;0;0;5;421;5;420;0;1;0;1;0;0;5;420;0;1;0;1;5;419;5;419;0;1;0;0;5;419;0;0;5;419;0;0;5;420;5;420;0;0;0;0;0;0;0;0;0;0;0;0;5;419;0;0;5;419;5;419;5;419;0;0;0;0;0;0;5;419;0;0;0;0;0;0;
2025-12-12 18:55:56;2025-12-12 19:03:11;2025-12-12 19:03:16;00:00:05;00:07:20;0;1;0;0;0;0;0;1;0;0;0;0;0;0;0;0;5;424;0;0;0;0;5;424;0;0;0;0;0;0;0;0;0;0;0;0;0;0;0;0;0;0;0;0;0;0;0;0;0;0;0;0;0;0;0;0;0;0;0;0;0;1;0;1;5;426;5;424;5;426;5;424;5;425;5;424;5;424;5;424;5;425;5;425;0;1;0;0;5;426;5;425;0;1;0;1;0;0;5;425;0;1;0;1;5;424;5;424;0;1;0;0;5;424;0;0;5;424;0;0;5;425;5;425;0;0;0;0;0;0;0;0;0;0;0;0;5;424;0;0;5;424;5;424;5;424;0;0;0;0;0;0;5;424;0;0;0;0;0;0;
2025-12-12 18:55:56;2025-12-12 19:03:16;2025-12-12 19:03:21;00:00:05;00:07:25;0;1;0;0;0;0;0;1;0;0;0;0;0;0;0;0;5;429;0;0;0;0;5;429;0;0;0;0;0;0;0;0;0;0;0;0;0;0;0;0;0;0;0;0;0;0;0;0;0;0;0;0;0;0;0;0;0;0;0;0;0;1;0;1;5;431;5;429;5;431;5;429;5;430;5;429;5;429;5;429;5;430;5;430;0;1;0;0;5;431;5;430;0;1;0;1;0;0;5;430;0;1;0;1;5;429;5;429;0;1;0;0;5;429;0;0;5;429;0;0;5;430;5;430;0;0;0;0;0;0;0;0;0;0;0;0;5;429;0;0;5;429;5;429;5;429;0;0;0;0;0;0;5;429;0;0;0;0;0;0;
2025-12-12 18:55:56;2025-12-12 19:03:21;2025-12-12 19:03:26;00:00:05;00:07:30;0;1;0;0;0;0;0;1;0;0;0;0;0;0;0;0;5;434;0;0;0;0;5;434;0;0;0;0;0;0;0;0;0;0;0;0;0;0;0;0;0;0;0;0;0;0;0;0;0;0;0;0;0;0;0;0;0;0;0;0;0;1;0;1;5;436;5;434;5;436;5;434;5;435;5;434;5;434;5;434;5;435;5;435;0;1;0;0;5;436;5;435;0;1;0;1;0;0;5;435;0;1;0;1;5;434;5;434;0;1;0;0;5;434;0;0;5;434;0;0;5;435;5;435;0;0;0;0;0;0;0;0;0;0;0;0;5;434;0;0;5;434;5;434;5;434;0;0;0;0;0;0;5;434;0;0;0;0;0;0;
2025-12-12 18:55:56;2025-12-12 19:03:26;2025-12-12 19:03:31;00:00:05;00:07:35;0;1;0;0;0;0;0;1;0;0;0;0;0;0;0;0;5;439;0;0;0;0;5;439;0;0;0;0;0;0;0;0;0;0;0;0;0;0;0;0;0;0;0;0;0;0;0;0;0;0;0;0;0;0;0;0;0;0;0;0;0;1;0;1;5;441;5;439;5;441;5;439;5;440;5;439;5;439;5;439;5;440;5;440;0;1;0;0;5;441;5;440;0;1;0;1;0;0;5;440;0;1;0;1;5;439;5;439;0;1;0;0;5;439;0;0;5;439;0;0;5;440;5;440;0;0;0;0;0;0;0;0;0;0;0;0;5;439;0;0;5;439;5;439;5;439;0;0;0;0;0;0;5;439;0;0;0;0;0;0;
2025-12-12 18:55:56;2025-12-12 19:03:31;2025-12-12 19:03:36;00:00:05;00:07:40;0;1;0;0;0;0;0;1;0;0;0;0;0;0;0;0;5;444;0;0;0;0;5;444;0;0;0;0;0;0;0;0;0;0;0;0;0;0;0;0;0;0;0;0;0;0;0;0;0;0;0;0;0;0;0;0;0;0;0;0;0;1;0;1;5;446;5;444;5;446;5;444;5;445;5;444;5;444;5;444;5;445;5;445;0;1;0;0;5;446;5;445;0;1;0;1;0;0;5;445;0;1;0;1;5;444;5;444;0;1;0;0;5;444;0;0;5;444;0;0;5;445;5;445;0;0;0;0;0;0;0;0;0;0;0;0;5;444;0;0;5;444;5;444;5;444;0;0;0;0;0;0;5;444;0;0;0;0;0;0;
2025-12-12 18:55:56;2025-12-12 19:03:36;2025-12-13 13:10:03;18:06:27;18:14:07;0;1;0;0;0;0;0;1;0;0;0;0;0;0;0;0;1;445;0;0;0;0;1;445;0;0;0;0;0;0;0;0;0;0;0;0;0;0;0;0;0;0;0;0;0;0;0;0;0;0;0;0;0;0;0;0;0;0;0;0;0;1;0;1;1;447;1;445;1;447;1;445;1;446;1;445;1;445;1;445;1;446;1;446;0;1;0;0;1;447;1;446;0;1;0;1;0;0;1;446;0;1;0;1;1;445;1;445;0;1;0;0;1;445;0;0;1;445;0;0;1;446;1;446;0;0;0;0;0;0;0;0;0;0;0;0;1;445;0;0;1;445;1;445;1;445;0;0;0;0;0;0;1;445;0;0;0;0;0;0;
2025-12-12 18:55:56;2025-12-13 13:10:03;2025-12-13 13:10:08;00:00:05;18:14:12;0;1;0;0;0;0;0;1;0;0;0;0;0;0;0;0;64734;65179;0;0;0;0;64734;65179;0;0;0;0;0;0;0;0;0;0;0;0;0;0;0;0;0;0;0;0;0;0;0;0;0;0;0;0;0;0;0;0;0;0;0;0;0;1;0;1;64734;65181;64734;65179;64734;65181;64734;65179;64734;65180;64734;65179;64734;65179;64734;65179;64734;65180;64734;65180;0;1;0;0;64734;65181;64734;65180;0;1;0;1;0;0;64734;65180;0;1;0;1;64734;65179;64734;65179;0;1;0;0;64734;65179;0;0;64734;65179;0;0;64734;65180;64734;65180;0;0;0;0;0;0;0;0;0;0;0;0;64734;65179;0;0;64734;65179;64734;65179;64734;65179;0;0;0;0;0;0;64734;65179;0;0;0;0;0;0;
2025-12-12 18:55:56;2025-12-13 13:10:08;2025-12-13 13:10:13;00:00:05;18:14:17;0;1;0;0;0;0;0;1;0;0;0;0;0;0;0;0;5;65184;0;0;0;0;5;65184;0;0;0;0;0;0;0;0;0;0;0;0;0;0;0;0;0;0;0;0;0;0;0;0;0;0;0;0;0;0;0;0;0;0;0;0;0;1;0;1;5;65186;5;65184;5;65186;5;65184;5;65185;5;65184;5;65184;5;65184;5;65185;5;65185;0;1;0;0;5;65186;5;65185;0;1;0;1;0;0;5;65185;0;1;0;1;5;65184;5;65184;0;1;0;0;5;65184;0;0;5;65184;0;0;5;65185;5;65185;0;0;0;0;0;0;0;0;0;0;0;0;5;65184;0;0;5;65184;5;65184;5;65184;0;0;0;0;0;0;5;65184;0;0;0;0;0;0;
2025-12-12 18:55:56;2025-12-13 13:10:13;2025-12-13 13:10:18;00:00:05;18:14:22;0;1;0;0;0;0;0;1;0;0;0;0;0;0;0;0;5;65189;0;0;0;0;5;65189;0;0;0;0;0;0;0;0;0;0;0;0;0;0;0;0;0;0;0;0;0;0;0;0;0;0;0;0;0;0;0;0;0;0;0;0;0;1;0;1;5;65191;5;65189;5;65191;5;65189;5;65190;5;65189;5;65189;5;65189;5;65190;5;65190;0;1;0;0;5;65191;5;65190;0;1;0;1;0;0;5;65190;0;1;0;1;5;65189;5;65189;0;1;0;0;5;65189;0;0;5;65189;0;0;5;65190;5;65190;0;0;0;0;0;0;0;0;0;0;0;0;5;65189;0;0;5;65189;5;65189;5;65189;0;0;0;0;0;0;5;65189;0;0;0;0;0;0;
2025-12-12 18:55:56;2025-12-13 13:10:18;2025-12-13 13:10:23;00:00:05;18:14:27;0;1;0;0;0;0;0;1;0;0;0;0;0;0;0;0;5;65194;0;0;0;0;5;65194;0;0;0;0;0;0;0;0;0;0;0;0;0;0;0;0;0;0;0;0;0;0;0;0;0;0;0;0;0;0;0;0;0;0;0;0;0;1;0;1;5;65196;5;65194;5;65196;5;65194;5;65195;5;65194;5;65194;5;65194;5;65195;5;65195;0;1;0;0;5;65196;5;65195;0;1;0;1;0;0;5;65195;0;1;0;1;5;65194;5;65194;0;1;0;0;5;65194;0;0;5;65194;0;0;5;65195;5;65195;0;0;0;0;0;0;0;0;0;0;0;0;5;65194;0;0;5;65194;5;65194;5;65194;0;0;0;0;0;0;5;65194;0;0;0;0;0;0;
2025-12-12 18:55:56;2025-12-13 13:10:23;2025-12-13 13:10:28;00:00:05;18:14:32;0;1;0;0;0;0;0;1;0;0;0;0;0;0;0;0;5;65199;0;0;0;0;5;65199;0;0;0;0;0;0;0;0;0;0;0;0;0;0;0;0;0;0;0;0;0;0;0;0;0;0;0;0;0;0;0;0;0;0;0;0;0;1;0;1;5;65201;5;65199;5;65201;5;65199;5;65200;5;65199;5;65199;5;65199;5;65200;5;65200;0;1;0;0;5;65201;5;65200;0;1;0;1;0;0;5;65200;0;1;0;1;5;65199;5;65199;0;1;0;0;5;65199;0;0;5;65199;0;0;5;65200;5;65200;0;0;0;0;0;0;0;0;0;0;0;0;5;65199;0;0;5;65199;5;65199;5;65199;0;0;0;0;0;0;5;65199;0;0;0;0;0;0;
2025-12-12 18:55:56;2025-12-13 13:10:28;2025-12-13 13:10:33;00:00:05;18:14:37;0;1;0;0;0;0;0;1;0;0;0;0;0;0;0;0;5;65204;0;0;0;0;5;65204;0;0;0;0;0;0;0;0;0;0;0;0;0;0;0;0;0;0;0;0;0;0;0;0;0;0;0;0;0;0;0;0;0;0;0;0;0;1;0;1;5;65206;5;65204;5;65206;5;65204;5;65205;5;65204;5;65204;5;65204;5;65205;5;65205;0;1;0;0;5;65206;5;65205;0;1;0;1;0;0;5;65205;0;1;0;1;5;65204;5;65204;0;1;0;0;5;65204;0;0;5;65204;0;0;5;65205;5;65205;0;0;0;0;0;0;0;0;0;0;0;0;5;65204;0;0;5;65204;5;65204;5;65204;0;0;0;0;0;0;5;65204;0;0;0;0;0;0;
2025-12-12 18:55:56;2025-12-13 13:10:33;2025-12-13 13:10:38;00:00:05;18:14:42;0;1;0;0;0;0;0;1;0;0;0;0;0;0;0;0;5;65209;0;0;0;0;5;65209;0;0;0;0;0;0;0;0;0;0;0;0;0;0;0;0;0;0;0;0;0;0;0;0;0;0;0;0;0;0;0;0;0;0;0;0;0;1;0;1;5;65211;5;65209;5;65211;5;65209;5;65210;5;65209;5;65209;5;65209;5;65210;5;65210;0;1;0;0;5;65211;5;65210;0;1;0;1;0;0;5;65210;0;1;0;1;5;65209;5;65209;0;1;0;0;5;65209;0;0;5;65209;0;0;5;65210;5;65210;0;0;0;0;0;0;0;0;0;0;0;0;5;65209;0;0;5;65209;5;65209;5;65209;0;0;0;0;0;0;5;65209;0;0;0;0;0;0;
2025-12-12 18:55:56;2025-12-13 13:10:38;2025-12-13 13:10:43;00:00:05;18:14:47;0;1;0;0;0;0;0;1;0;0;0;0;0;0;0;0;5;65214;0;0;0;0;5;65214;0;0;0;0;0;0;0;0;0;0;0;0;0;0;0;0;0;0;0;0;0;0;0;0;0;0;0;0;0;0;0;0;0;0;0;0;0;1;0;1;5;65216;5;65214;5;65216;5;65214;5;65215;5;65214;5;65214;5;65214;5;65215;5;65215;0;1;0;0;5;65216;5;65215;0;1;0;1;0;0;5;65215;0;1;0;1;5;65214;5;65214;0;1;0;0;5;65214;0;0;5;65214;0;0;5;65215;5;65215;0;0;0;0;0;0;0;0;0;0;0;0;5;65214;0;0;5;65214;5;65214;5;65214;0;0;0;0;0;0;5;65214;0;0;0;0;0;0;
2025-12-12 18:55:56;2025-12-13 13:10:43;2025-12-13 13:10:48;00:00:05;18:14:52;0;1;0;0;0;0;0;1;0;0;0;0;0;0;0;0;5;65219;0;0;0;0;5;65219;0;0;0;0;0;0;0;0;0;0;0;0;0;0;0;0;0;0;0;0;0;0;0;0;0;0;0;0;0;0;0;0;0;0;0;0;0;1;0;1;5;65221;5;65219;5;65221;5;65219;5;65220;5;65219;5;65219;5;65219;5;65220;5;65220;0;1;0;0;5;65221;5;65220;0;1;0;1;0;0;5;65220;0;1;0;1;5;65219;5;65219;0;1;0;0;5;65219;0;0;5;65219;0;0;5;65220;5;65220;0;0;0;0;0;0;0;0;0;0;0;0;5;65219;0;0;5;65219;5;65219;5;65219;0;0;0;0;0;0;5;65219;0;0;0;0;0;0;
2025-12-12 18:55:56;2025-12-13 13:10:48;2025-12-13 13:10:53;00:00:05;18:14:57;0;1;0;0;0;0;0;1;0;0;0;0;0;0;0;0;5;65224;0;0;0;0;5;65224;0;0;0;0;0;0;0;0;0;0;0;0;0;0;0;0;0;0;0;0;0;0;0;0;0;0;0;0;0;0;0;0;0;0;0;0;0;1;0;1;5;65226;5;65224;5;65226;5;65224;5;65225;5;65224;5;65224;5;65224;5;65225;5;65225;0;1;0;0;5;65226;5;65225;0;1;0;1;0;0;5;65225;0;1;0;1;5;65224;5;65224;0;1;0;0;5;65224;0;0;5;65224;0;0;5;65225;5;65225;0;0;0;0;0;0;0;0;0;0;0;0;5;65224;0;0;5;65224;5;65224;5;65224;0;0;0;0;0;0;5;65224;0;0;0;0;0;0;
2025-12-12 18:55:56;2025-12-13 13:10:53;2025-12-13 13:10:58;00:00:05;18:15:02;0;1;0;0;0;0;0;1;0;0;0;0;0;0;0;0;5;65229;0;0;0;0;5;65229;0;0;0;0;0;0;0;0;0;0;0;0;0;0;0;0;0;0;0;0;0;0;0;0;0;0;0;0;0;0;0;0;0;0;0;0;0;1;0;1;5;65231;5;65229;5;65231;5;65229;5;65230;5;65229;5;65229;5;65229;5;65230;5;65230;0;1;0;0;5;65231;5;65230;0;1;0;1;0;0;5;65230;0;1;0;1;5;65229;5;65229;0;1;0;0;5;65229;0;0;5;65229;0;0;5;65230;5;65230;0;0;0;0;0;0;0;0;0;0;0;0;5;65229;0;0;5;65229;5;65229;5;65229;0;0;0;0;0;0;5;65229;0;0;0;0;0;0;
2025-12-12 18:55:56;2025-12-13 13:10:58;2025-12-13 13:11:03;00:00:05;18:15:07;0;1;0;0;0;0;0;1;0;0;0;0;0;0;0;0;5;65234;0;0;0;0;5;65234;0;0;0;0;0;0;0;0;0;0;0;0;0;0;0;0;0;0;0;0;0;0;0;0;0;0;0;0;0;0;0;0;0;0;0;0;0;1;0;1;5;65236;5;65234;5;65236;5;65234;5;65235;5;65234;5;65234;5;65234;5;65235;5;65235;0;1;0;0;5;65236;5;65235;0;1;0;1;0;0;5;65235;0;1;0;1;5;65234;5;65234;0;1;0;0;5;65234;0;0;5;65234;0;0;5;65235;5;65235;0;0;0;0;0;0;0;0;0;0;0;0;5;65234;0;0;5;65234;5;65234;5;65234;0;0;0;0;0;0;5;65234;0;0;0;0;0;0;
2025-12-12 18:55:56;2025-12-13 13:11:03;2025-12-13 13:11:08;00:00:05;18:15:12;0;1;0;0;0;0;0;1;0;0;0;0;0;0;0;0;5;65239;0;0;0;0;5;65239;0;0;0;0;0;0;0;0;0;0;0;0;0;0;0;0;0;0;0;0;0;0;0;0;0;0;0;0;0;0;0;0;0;0;0;0;0;1;0;1;5;65241;5;65239;5;65241;5;65239;5;65240;5;65239;5;65239;5;65239;5;65240;5;65240;0;1;0;0;5;65241;5;65240;0;1;0;1;0;0;5;65240;0;1;0;1;5;65239;5;65239;0;1;0;0;5;65239;0;0;5;65239;0;0;5;65240;5;65240;0;0;0;0;0;0;0;0;0;0;0;0;5;65239;0;0;5;65239;5;65239;5;65239;0;0;0;0;0;0;5;65239;0;0;0;0;0;0;
2025-12-12 18:55:56;2025-12-13 13:11:08;2025-12-13 13:11:13;00:00:05;18:15:17;0;1;0;0;0;0;0;1;0;0;0;0;0;0;0;0;5;65244;0;0;0;0;5;65244;0;0;0;0;0;0;0;0;0;0;0;0;0;0;0;0;0;0;0;0;0;0;0;0;0;0;0;0;0;0;0;0;0;0;0;0;0;1;0;1;5;65246;5;65244;5;65246;5;65244;5;65245;5;65244;5;65244;5;65244;5;65245;5;65245;0;1;0;0;5;65246;5;65245;0;1;0;1;0;0;5;65245;0;1;0;1;5;65244;5;65244;0;1;0;0;5;65244;0;0;5;65244;0;0;5;65245;5;65245;0;0;0;0;0;0;0;0;0;0;0;0;5;65244;0;0;5;65244;5;65244;5;65244;0;0;0;0;0;0;5;65244;0;0;0;0;0;0;
2025-12-12 18:55:56;2025-12-13 13:11:13;2025-12-13 13:11:19;00:00:05;18:15:22;0;1;0;0;0;0;0;1;0;0;0;0;0;0;0;0;5;65249;0;0;0;0;5;65249;0;0;0;0;0;0;0;0;0;0;0;0;0;0;0;0;0;0;0;0;0;0;0;0;0;0;0;0;0;0;0;0;0;0;0;0;0;1;0;1;5;65251;5;65249;5;65251;5;65249;5;65250;5;65249;5;65249;5;65249;5;65250;5;65250;0;1;0;0;5;65251;5;65250;0;1;0;1;0;0;5;65250;0;1;0;1;5;65249;5;65249;0;1;0;0;5;65249;0;0;5;65249;0;0;5;65250;5;65250;0;0;0;0;0;0;0;0;0;0;0;0;5;65249;0;0;5;65249;5;65249;5;65249;0;0;0;0;0;0;5;65249;0;0;0;0;0;0;
2025-12-12 18:55:56;2025-12-13 13:11:19;2025-12-13 13:11:24;00:00:05;18:15:27;0;1;0;0;0;0;0;1;0;0;0;0;0;0;0;0;5;65254;0;0;0;0;5;65254;0;0;0;0;0;0;0;0;0;0;0;0;0;0;0;0;0;0;0;0;0;0;0;0;0;0;0;0;0;0;0;0;0;0;0;0;0;1;0;1;5;65256;5;65254;5;65256;5;65254;5;65255;5;65254;5;65254;5;65254;5;65255;5;65255;0;1;0;0;5;65256;5;65255;0;1;0;1;0;0;5;65255;0;1;0;1;5;65254;5;65254;0;1;0;0;5;65254;0;0;5;65254;0;0;5;65255;5;65255;0;0;0;0;0;0;0;0;0;0;0;0;5;65254;0;0;5;65254;5;65254;5;65254;0;0;0;0;0;0;5;65254;0;0;0;0;0;0;
2025-12-12 18:55:56;2025-12-13 13:11:24;2025-12-13 13:11:29;00:00:05;18:15:32;0;1;0;0;0;0;0;1;0;0;0;0;0;0;0;0;5;65259;0;0;0;0;5;65259;0;0;0;0;0;0;0;0;0;0;0;0;0;0;0;0;0;0;0;0;0;0;0;0;0;0;0;0;0;0;0;0;0;0;0;0;0;1;0;1;5;65261;5;65259;5;65261;5;65259;5;65260;5;65259;5;65259;5;65259;5;65260;5;65260;0;1;0;0;5;65261;5;65260;0;1;0;1;0;0;5;65260;0;1;0;1;5;65259;5;65259;0;1;0;0;5;65259;0;0;5;65259;0;0;5;65260;5;65260;0;0;0;0;0;0;0;0;0;0;0;0;5;65259;0;0;5;65259;5;65259;5;65259;0;0;0;0;0;0;5;65259;0;0;0;0;0;0;
2025-12-12 18:55:56;2025-12-13 13:11:29;2025-12-13 13:11:34;00:00:05;18:15:37;0;1;0;0;0;0;0;1;0;0;0;0;0;0;0;0;5;65264;0;0;0;0;5;65264;0;0;0;0;0;0;0;0;0;0;0;0;0;0;0;0;0;0;0;0;0;0;0;0;0;0;0;0;0;0;0;0;0;0;0;0;0;1;0;1;5;65266;5;65264;5;65266;5;65264;5;65265;5;65264;5;65264;5;65264;5;65265;5;65265;0;1;0;0;5;65266;5;65265;0;1;0;1;0;0;5;65265;0;1;0;1;5;65264;5;65264;0;1;0;0;5;65264;0;0;5;65264;0;0;5;65265;5;65265;0;0;0;0;0;0;0;0;0;0;0;0;5;65264;0;0;5;65264;5;65264;5;65264;0;0;0;0;0;0;5;65264;0;0;0;0;0;0;
2025-12-12 18:55:56;2025-12-13 13:11:34;2025-12-13 13:11:39;00:00:05;18:15:42;0;1;0;0;0;0;0;1;0;0;0;0;0;0;0;0;5;65269;0;0;0;0;5;65269;0;0;0;0;0;0;0;0;0;0;0;0;0;0;0;0;0;0;0;0;0;0;0;0;0;0;0;0;0;0;0;0;0;0;0;0;0;1;0;1;5;65271;5;65269;5;65271;5;65269;5;65270;5;65269;5;65269;5;65269;5;65270;5;65270;0;1;0;0;5;65271;5;65270;0;1;0;1;0;0;5;65270;0;1;0;1;5;65269;5;65269;0;1;0;0;5;65269;0;0;5;65269;0;0;5;65270;5;65270;0;0;0;0;0;0;0;0;0;0;0;0;5;65269;0;0;5;65269;5;65269;5;65269;0;0;0;0;0;0;5;65269;0;0;0;0;0;0;
2025-12-12 18:55:56;2025-12-13 13:11:39;2025-12-13 13:11:44;00:00:05;18:15:47;0;1;0;0;0;0;0;1;0;0;0;0;0;0;0;0;5;65274;0;0;0;0;5;65274;0;0;0;0;0;0;0;0;0;0;0;0;0;0;0;0;0;0;0;0;0;0;0;0;0;0;0;0;0;0;0;0;0;0;0;0;0;1;0;1;5;65276;5;65274;5;65276;5;65274;5;65275;5;65274;5;65274;5;65274;5;65275;5;65275;0;1;0;0;5;65276;5;65275;0;1;0;1;0;0;5;65275;0;1;0;1;5;65274;5;65274;0;1;0;0;5;65274;0;0;5;65274;0;0;5;65275;5;65275;0;0;0;0;0;0;0;0;0;0;0;0;5;65274;0;0;5;65274;5;65274;5;65274;0;0;0;0;0;0;5;65274;0;0;0;0;0;0;
2025-12-12 18:55:56;2025-12-13 13:11:44;2025-12-13 13:11:49;00:00:05;18:15:52;0;1;0;0;0;0;0;1;0;0;0;0;0;0;0;0;5;65279;0;0;0;0;5;65279;0;0;0;0;0;0;0;0;0;0;0;0;0;0;0;0;0;0;0;0;0;0;0;0;0;0;0;0;0;0;0;0;0;0;0;0;0;1;0;1;5;65281;5;65279;5;65281;5;65279;5;65280;5;65279;5;65279;5;65279;5;65280;5;65280;0;1;0;0;5;65281;5;65280;0;1;0;1;0;0;5;65280;0;1;0;1;5;65279;5;65279;0;1;0;0;5;65279;0;0;5;65279;0;0;5;65280;5;65280;0;0;0;0;0;0;0;0;0;0;0;0;5;65279;0;0;5;65279;5;65279;5;65279;0;0;0;0;0;0;5;65279;0;0;0;0;0;0;
2025-12-12 18:55:56;2025-12-13 13:11:49;2025-12-13 13:11:54;00:00:05;18:15:57;0;1;0;0;0;0;0;1;0;0;0;0;0;0;0;0;5;65284;0;0;0;0;5;65284;0;0;0;0;0;0;0;0;0;0;0;0;0;0;0;0;0;0;0;0;0;0;0;0;0;0;0;0;0;0;0;0;0;0;0;0;0;1;0;1;5;65286;5;65284;5;65286;5;65284;5;65285;5;65284;5;65284;5;65284;5;65285;5;65285;0;1;0;0;5;65286;5;65285;0;1;0;1;0;0;5;65285;0;1;0;1;5;65284;5;65284;0;1;0;0;5;65284;0;0;5;65284;0;0;5;65285;5;65285;0;0;0;0;0;0;0;0;0;0;0;0;5;65284;0;0;5;65284;5;65284;5;65284;0;0;0;0;0;0;5;65284;0;0;0;0;0;0;
2025-12-12 18:55:56;2025-12-13 13:11:54;2025-12-13 13:11:59;00:00:05;18:16:02;0;1;0;0;0;0;0;1;0;0;0;0;0;0;0;0;5;65289;0;0;0;0;5;65289;0;0;0;0;0;0;0;0;0;0;0;0;0;0;0;0;0;0;0;0;0;0;0;0;0;0;0;0;0;0;0;0;0;0;0;0;0;1;0;1;5;65291;5;65289;5;65291;5;65289;5;65290;5;65289;5;65289;5;65289;5;65290;5;65290;0;1;0;0;5;65291;5;65290;0;1;0;1;0;0;5;65290;0;1;0;1;5;65289;5;65289;0;1;0;0;5;65289;0;0;5;65289;0;0;5;65290;5;65290;0;0;0;0;0;0;0;0;0;0;0;0;5;65289;0;0;5;65289;5;65289;5;65289;0;0;0;0;0;0;5;65289;0;0;0;0;0;0;
2025-12-12 18:55:56;2025-12-13 13:11:59;2025-12-13 13:12:04;00:00:05;18:16:07;0;1;0;0;0;0;0;1;0;0;0;0;0;0;0;0;5;65294;0;0;0;0;5;65294;0;0;0;0;0;0;0;0;0;0;0;0;0;0;0;0;0;0;0;0;0;0;0;0;0;0;0;0;0;0;0;0;0;0;0;0;0;1;0;1;5;65296;5;65294;5;65296;5;65294;5;65295;5;65294;5;65294;5;65294;5;65295;5;65295;0;1;0;0;5;65296;5;65295;0;1;0;1;0;0;5;65295;0;1;0;1;5;65294;5;65294;0;1;0;0;5;65294;0;0;5;65294;0;0;5;65295;5;65295;0;0;0;0;0;0;0;0;0;0;0;0;5;65294;0;0;5;65294;5;65294;5;65294;0;0;0;0;0;0;5;65294;0;0;0;0;0;0;
2025-12-12 18:55:56;2025-12-13 13:12:04;2025-12-13 13:12:09;00:00:05;18:16:12;0;1;0;0;0;0;0;1;0;0;0;0;0;0;0;0;5;65299;0;0;0;0;5;65299;0;0;0;0;0;0;0;0;0;0;0;0;0;0;0;0;0;0;0;0;0;0;0;0;0;0;0;0;0;0;0;0;0;0;0;0;0;1;0;1;5;65301;5;65299;5;65301;5;65299;5;65300;5;65299;5;65299;5;65299;5;65300;5;65300;0;1;0;0;5;65301;5;65300;0;1;0;1;0;0;5;65300;0;1;0;1;5;65299;5;65299;0;1;0;0;5;65299;0;0;5;65299;0;0;5;65300;5;65300;0;0;0;0;0;0;0;0;0;0;0;0;5;65299;0;0;5;65299;5;65299;5;65299;0;0;0;0;0;0;5;65299;0;0;0;0;0;0;
2025-12-12 18:55:56;2025-12-13 13:12:09;2025-12-13 13:12:14;00:00:05;18:16:17;0;1;0;0;0;0;0;1;0;0;0;0;0;0;0;0;5;65304;0;0;0;0;5;65304;0;0;0;0;0;0;0;0;0;0;0;0;0;0;0;0;0;0;0;0;0;0;0;0;0;0;0;0;0;0;0;0;0;0;0;0;0;1;0;1;5;65306;5;65304;5;65306;5;65304;5;65305;5;65304;5;65304;5;65304;5;65305;5;65305;0;1;0;0;5;65306;5;65305;0;1;0;1;0;0;5;65305;0;1;0;1;5;65304;5;65304;0;1;0;0;5;65304;0;0;5;65304;0;0;5;65305;5;65305;0;0;0;0;0;0;0;0;0;0;0;0;5;65304;0;0;5;65304;5;65304;5;65304;0;0;0;0;0;0;5;65304;0;0;0;0;0;0;
2025-12-12 18:55:56;2025-12-13 13:12:14;2025-12-13 13:12:19;00:00:05;18:16:22;0;1;0;0;0;0;0;1;0;0;0;0;0;0;0;0;5;65309;0;0;0;0;5;65309;0;0;0;0;0;0;0;0;0;0;0;0;0;0;0;0;0;0;0;0;0;0;0;0;0;0;0;0;0;0;0;0;0;0;0;0;0;1;0;1;5;65311;5;65309;5;65311;5;65309;5;65310;5;65309;5;65309;5;65309;5;65310;5;65310;0;1;0;0;5;65311;5;65310;0;1;0;1;0;0;5;65310;0;1;0;1;5;65309;5;65309;0;1;0;0;5;65309;0;0;5;65309;0;0;5;65310;5;65310;0;0;0;0;0;0;0;0;0;0;0;0;5;65309;0;0;5;65309;5;65309;5;65309;0;0;0;0;0;0;5;65309;0;0;0;0;0;0;
2025-12-12 18:55:56;2025-12-13 13:12:19;2025-12-13 13:12:24;00:00:05;18:16:27;0;1;0;0;0;0;0;1;0;0;0;0;0;0;0;0;5;65314;0;0;0;0;5;65314;0;0;0;0;0;0;0;0;0;0;0;0;0;0;0;0;0;0;0;0;0;0;0;0;0;0;0;0;0;0;0;0;0;0;0;0;0;1;0;1;5;65316;5;65314;5;65316;5;65314;5;65315;5;65314;5;65314;5;65314;5;65315;5;65315;0;1;0;0;5;65316;5;65315;0;1;0;1;0;0;5;65315;0;1;0;1;5;65314;5;65314;0;1;0;0;5;65314;0;0;5;65314;0;0;5;65315;5;65315;0;0;0;0;0;0;0;0;0;0;0;0;5;65314;0;0;5;65314;5;65314;5;65314;0;0;0;0;0;0;5;65314;0;0;0;0;0;0;
2025-12-12 18:55:56;2025-12-13 13:12:24;2025-12-13 13:12:29;00:00:05;18:16:32;0;1;0;0;0;0;0;1;0;0;0;0;0;0;0;0;5;65319;0;0;0;0;5;65319;0;0;0;0;0;0;0;0;0;0;0;0;0;0;0;0;0;0;0;0;0;0;0;0;0;0;0;0;0;0;0;0;0;0;0;0;0;1;0;1;5;65321;5;65319;5;65321;5;65319;5;65320;5;65319;5;65319;5;65319;5;65320;5;65320;0;1;0;0;5;65321;5;65320;0;1;0;1;0;0;5;65320;0;1;0;1;5;65319;5;65319;0;1;0;0;5;65319;0;0;5;65319;0;0;5;65320;5;65320;0;0;0;0;0;0;0;0;0;0;0;0;5;65319;0;0;5;65319;5;65319;5;65319;0;0;0;0;0;0;5;65319;0;0;0;0;0;0;
2025-12-12 18:55:56;2025-12-13 13:12:29;2025-12-13 13:12:34;00:00:05;18:16:37;0;1;0;0;0;0;0;1;0;0;0;0;0;0;0;0;5;65324;0;0;0;0;5;65324;0;0;0;0;0;0;0;0;0;0;0;0;0;0;0;0;0;0;0;0;0;0;0;0;0;0;0;0;0;0;0;0;0;0;0;0;0;1;0;1;5;65326;5;65324;5;65326;5;65324;5;65325;5;65324;5;65324;5;65324;5;65325;5;65325;0;1;0;0;5;65326;5;65325;0;1;0;1;0;0;5;65325;0;1;0;1;5;65324;5;65324;0;1;0;0;5;65324;0;0;5;65324;0;0;5;65325;5;65325;0;0;0;0;0;0;0;0;0;0;0;0;5;65324;0;0;5;65324;5;65324;5;65324;0;0;0;0;0;0;5;65324;0;0;0;0;0;0;
2025-12-12 18:55:56;2025-12-13 13:12:34;2025-12-13 13:12:39;00:00:05;18:16:42;0;1;0;0;0;0;0;1;0;0;0;0;0;0;0;0;5;65329;0;0;0;0;5;65329;0;0;0;0;0;0;0;0;0;0;0;0;0;0;0;0;0;0;0;0;0;0;0;0;0;0;0;0;0;0;0;0;0;0;0;0;0;1;0;1;5;65331;5;65329;5;65331;5;65329;5;65330;5;65329;5;65329;5;65329;5;65330;5;65330;0;1;0;0;5;65331;5;65330;0;1;0;1;0;0;5;65330;0;1;0;1;5;65329;5;65329;0;1;0;0;5;65329;0;0;5;65329;0;0;5;65330;5;65330;0;0;0;0;0;0;0;0;0;0;0;0;5;65329;0;0;5;65329;5;65329;5;65329;0;0;0;0;0;0;5;65329;0;0;0;0;0;0;
2025-12-12 18:55:56;2025-12-13 13:12:39;2025-12-13 13:12:44;00:00:05;18:16:47;0;1;0;0;0;0;0;1;0;0;0;0;0;0;0;0;5;65334;0;0;0;0;5;65334;0;0;0;0;0;0;0;0;0;0;0;0;0;0;0;0;0;0;0;0;0;0;0;0;0;0;0;0;0;0;0;0;0;0;0;0;0;1;0;1;5;65336;5;65334;5;65336;5;65334;5;65335;5;65334;5;65334;5;65334;5;65335;5;65335;0;1;0;0;5;65336;5;65335;0;1;0;1;0;0;5;65335;0;1;0;1;5;65334;5;65334;0;1;0;0;5;65334;0;0;5;65334;0;0;5;65335;5;65335;0;0;0;0;0;0;0;0;0;0;0;0;5;65334;0;0;5;65334;5;65334;5;65334;0;0;0;0;0;0;5;65334;0;0;0;0;0;0;
2025-12-12 18:55:56;2025-12-13 13:12:44;2025-12-13 13:12:49;00:00:05;18:16:52;0;1;0;0;0;0;0;1;0;0;0;0;0;0;0;0;5;65339;0;0;0;0;5;65339;0;0;0;0;0;0;0;0;0;0;0;0;0;0;0;0;0;0;0;0;0;0;0;0;0;0;0;0;0;0;0;0;0;0;0;0;0;1;0;1;5;65341;5;65339;5;65341;5;65339;5;65340;5;65339;5;65339;5;65339;5;65340;5;65340;0;1;0;0;5;65341;5;65340;0;1;0;1;0;0;5;65340;0;1;0;1;5;65339;5;65339;0;1;0;0;5;65339;0;0;5;65339;0;0;5;65340;5;65340;0;0;0;0;0;0;0;0;0;0;0;0;5;65339;0;0;5;65339;5;65339;5;65339;0;0;0;0;0;0;5;65339;0;0;0;0;0;0;
2025-12-12 18:55:56;2025-12-13 13:12:49;2025-12-13 13:12:54;00:00:05;18:16:57;0;1;0;0;0;0;0;1;0;0;0;0;0;0;0;0;5;65344;0;0;0;0;5;65344;0;0;0;0;0;0;0;0;0;0;0;0;0;0;0;0;0;0;0;0;0;0;0;0;0;0;0;0;0;0;0;0;0;0;0;0;0;1;0;1;5;65346;5;65344;5;65346;5;65344;5;65345;5;65344;5;65344;5;65344;5;65345;5;65345;0;1;0;0;5;65346;5;65345;0;1;0;1;0;0;5;65345;0;1;0;1;5;65344;5;65344;0;1;0;0;5;65344;0;0;5;65344;0;0;5;65345;5;65345;0;0;0;0;0;0;0;0;0;0;0;0;5;65344;0;0;5;65344;5;65344;5;65344;0;0;0;0;0;0;5;65344;0;0;0;0;0;0;
2025-12-12 18:55:56;2025-12-13 13:12:54;2025-12-13 13:12:59;00:00:05;18:17:02;0;1;0;0;0;0;0;1;0;0;0;0;0;0;0;0;5;65349;0;0;0;0;5;65349;0;0;0;0;0;0;0;0;0;0;0;0;0;0;0;0;0;0;0;0;0;0;0;0;0;0;0;0;0;0;0;0;0;0;0;0;0;1;0;1;5;65351;5;65349;5;65351;5;65349;5;65350;5;65349;5;65349;5;65349;5;65350;5;65350;0;1;0;0;5;65351;5;65350;0;1;0;1;0;0;5;65350;0;1;0;1;5;65349;5;65349;0;1;0;0;5;65349;0;0;5;65349;0;0;5;65350;5;65350;0;0;0;0;0;0;0;0;0;0;0;0;5;65349;0;0;5;65349;5;65349;5;65349;0;0;0;0;0;0;5;65349;0;0;0;0;0;0;
2025-12-12 18:55:56;2025-12-13 13:12:59;2025-12-13 13:13:04;00:00:05;18:17:07;0;1;0;0;0;0;0;1;0;0;0;0;0;0;0;0;5;65354;0;0;0;0;5;65354;0;0;0;0;0;0;0;0;0;0;0;0;0;0;0;0;0;0;0;0;0;0;0;0;0;0;0;0;0;0;0;0;0;0;0;0;0;1;0;1;5;65356;5;65354;5;65356;5;65354;5;65355;5;65354;5;65354;5;65354;5;65355;5;65355;0;1;0;0;5;65356;5;65355;0;1;0;1;0;0;5;65355;0;1;0;1;5;65354;5;65354;0;1;0;0;5;65354;0;0;5;65354;0;0;5;65355;5;65355;0;0;0;0;0;0;0;0;0;0;0;0;5;65354;0;0;5;65354;5;65354;5;65354;0;0;0;0;0;0;5;65354;0;0;0;0;0;0;
2025-12-12 18:55:56;2025-12-13 13:13:04;2025-12-13 13:13:09;00:00:05;18:17:12;0;1;0;0;0;0;0;1;0;0;0;0;0;0;0;0;5;65359;0;0;0;0;5;65359;0;0;0;0;0;0;0;0;0;0;0;0;0;0;0;0;0;0;0;0;0;0;0;0;0;0;0;0;0;0;0;0;0;0;0;0;0;1;0;1;5;65361;5;65359;5;65361;5;65359;5;65360;5;65359;5;65359;5;65359;5;65360;5;65360;0;1;0;0;5;65361;5;65360;0;1;0;1;0;0;5;65360;0;1;0;1;5;65359;5;65359;0;1;0;0;5;65359;0;0;5;65359;0;0;5;65360;5;65360;0;0;0;0;0;0;0;0;0;0;0;0;5;65359;0;0;5;65359;5;65359;5;65359;0;0;0;0;0;0;5;65359;0;0;0;0;0;0;
2025-12-12 18:55:56;2025-12-13 13:13:09;2025-12-13 13:13:14;00:00:05;18:17:17;0;1;0;0;0;0;0;1;0;0;0;0;0;0;0;0;5;65364;0;0;0;0;5;65364;0;0;0;0;0;0;0;0;0;0;0;0;0;0;0;0;0;0;0;0;0;0;0;0;0;0;0;0;0;0;0;0;0;0;0;0;0;1;0;1;5;65366;5;65364;5;65366;5;65364;5;65365;5;65364;5;65364;5;65364;5;65365;5;65365;0;1;0;0;5;65366;5;65365;0;1;0;1;0;0;5;65365;0;1;0;1;5;65364;5;65364;0;1;0;0;5;65364;0;0;5;65364;0;0;5;65365;5;65365;0;0;0;0;0;0;0;0;0;0;0;0;5;65364;0;0;5;65364;5;65364;5;65364;0;0;0;0;0;0;5;65364;0;0;0;0;0;0;
2025-12-12 18:55:56;2025-12-13 13:13:14;2025-12-13 13:13:19;00:00:05;18:17:22;0;1;0;0;0;0;0;1;0;0;0;0;0;0;0;0;5;65369;0;0;0;0;5;65369;0;0;0;0;0;0;0;0;0;0;0;0;0;0;0;0;0;0;0;0;0;0;0;0;0;0;0;0;0;0;0;0;0;0;0;0;0;1;0;1;5;65371;5;65369;5;65371;5;65369;5;65370;5;65369;5;65369;5;65369;5;65370;5;65370;0;1;0;0;5;65371;5;65370;0;1;0;1;0;0;5;65370;0;1;0;1;5;65369;5;65369;0;1;0;0;5;65369;0;0;5;65369;0;0;5;65370;5;65370;0;0;0;0;0;0;0;0;0;0;0;0;5;65369;0;0;5;65369;5;65369;5;65369;0;0;0;0;0;0;5;65369;0;0;0;0;0;0;
2025-12-12 18:55:56;2025-12-13 13:13:19;2025-12-13 13:13:24;00:00:05;18:17:27;0;1;0;0;0;0;0;1;0;0;0;0;0;0;0;0;5;65374;0;0;0;0;5;65374;0;0;0;0;0;0;0;0;0;0;0;0;0;0;0;0;0;0;0;0;0;0;0;0;0;0;0;0;0;0;0;0;0;0;0;0;0;1;0;1;5;65376;5;65374;5;65376;5;65374;5;65375;5;65374;5;65374;5;65374;5;65375;5;65375;0;1;0;0;5;65376;5;65375;0;1;0;1;0;0;5;65375;0;1;0;1;5;65374;5;65374;0;1;0;0;5;65374;0;0;5;65374;0;0;5;65375;5;65375;0;0;0;0;0;0;0;0;0;0;0;0;5;65374;0;0;5;65374;5;65374;5;65374;0;0;0;0;0;0;5;65374;0;0;0;0;0;0;
2025-12-12 18:55:56;2025-12-13 13:13:24;2025-12-13 13:13:29;00:00:05;18:17:32;0;1;0;0;0;0;0;1;0;0;0;0;0;0;0;0;5;65379;0;0;0;0;5;65379;0;0;0;0;0;0;0;0;0;0;0;0;0;0;0;0;0;0;0;0;0;0;0;0;0;0;0;0;0;0;0;0;0;0;0;0;0;1;0;1;5;65381;5;65379;5;65381;5;65379;5;65380;5;65379;5;65379;5;65379;5;65380;5;65380;0;1;0;0;5;65381;5;65380;0;1;0;1;0;0;5;65380;0;1;0;1;5;65379;5;65379;0;1;0;0;5;65379;0;0;5;65379;0;0;5;65380;5;65380;0;0;0;0;0;0;0;0;0;0;0;0;5;65379;0;0;5;65379;5;65379;5;65379;0;0;0;0;0;0;5;65379;0;0;0;0;0;0;
2025-12-12 18:55:56;2025-12-13 13:13:29;2025-12-13 13:13:34;00:00:05;18:17:37;0;1;0;0;0;0;0;1;0;0;0;0;0;0;0;0;5;65384;0;0;0;0;5;65384;0;0;0;0;0;0;0;0;0;0;0;0;0;0;0;0;0;0;0;0;0;0;0;0;0;0;0;0;0;0;0;0;0;0;0;0;0;1;0;1;5;65386;5;65384;5;65386;5;65384;5;65385;5;65384;5;65384;5;65384;5;65385;5;65385;0;1;0;0;5;65386;5;65385;0;1;0;1;0;0;5;65385;0;1;0;1;5;65384;5;65384;0;1;0;0;5;65384;0;0;5;65384;0;0;5;65385;5;65385;0;0;0;0;0;0;0;0;0;0;0;0;5;65384;0;0;5;65384;5;65384;5;65384;0;0;0;0;0;0;5;65384;0;0;0;0;0;0;
2025-12-12 18:55:56;2025-12-13 13:13:34;2025-12-13 13:13:39;00:00:05;18:17:42;0;1;0;0;0;0;0;1;0;0;0;0;0;0;0;0;5;65389;0;0;0;0;5;65389;0;0;0;0;0;0;0;0;0;0;0;0;0;0;0;0;0;0;0;0;0;0;0;0;0;0;0;0;0;0;0;0;0;0;0;0;0;1;0;1;5;65391;5;65389;5;65391;5;65389;5;65390;5;65389;5;65389;5;65389;5;65390;5;65390;0;1;0;0;5;65391;5;65390;0;1;0;1;0;0;5;65390;0;1;0;1;5;65389;5;65389;0;1;0;0;5;65389;0;0;5;65389;0;0;5;65390;5;65390;0;0;0;0;0;0;0;0;0;0;0;0;5;65389;0;0;5;65389;5;65389;5;65389;0;0;0;0;0;0;5;65389;0;0;0;0;0;0;
2025-12-12 18:55:56;2025-12-13 13:13:39;2025-12-13 13:13:44;00:00:05;18:17:47;0;1;0;0;0;0;0;1;0;0;0;0;0;0;0;0;5;65394;0;0;0;0;5;65394;0;0;0;0;0;0;0;0;0;0;0;0;0;0;0;0;0;0;0;0;0;0;0;0;0;0;0;0;0;0;0;0;0;0;0;0;0;1;0;1;5;65396;5;65394;5;65396;5;65394;5;65395;5;65394;5;65394;5;65394;5;65395;5;65395;0;1;0;0;5;65396;5;65395;0;1;0;1;0;0;5;65395;0;1;0;1;5;65394;5;65394;0;1;0;0;5;65394;0;0;5;65394;0;0;5;65395;5;65395;0;0;0;0;0;0;0;0;0;0;0;0;5;65394;0;0;5;65394;5;65394;5;65394;0;0;0;0;0;0;5;65394;0;0;0;0;0;0;
2025-12-12 18:55:56;2025-12-13 13:13:44;2025-12-13 13:13:49;00:00:05;18:17:52;0;1;0;0;0;0;0;1;0;0;0;0;0;0;0;0;5;65399;0;0;0;0;5;65399;0;0;0;0;0;0;0;0;0;0;0;0;0;0;0;0;0;0;0;0;0;0;0;0;0;0;0;0;0;0;0;0;0;0;0;0;0;1;0;1;5;65401;5;65399;5;65401;5;65399;5;65400;5;65399;5;65399;5;65399;5;65400;5;65400;0;1;0;0;5;65401;5;65400;0;1;0;1;0;0;5;65400;0;1;0;1;5;65399;5;65399;0;1;0;0;5;65399;0;0;5;65399;0;0;5;65400;5;65400;0;0;0;0;0;0;0;0;0;0;0;0;5;65399;0;0;5;65399;5;65399;5;65399;0;0;0;0;0;0;5;65399;0;0;0;0;0;0;
2025-12-12 18:55:56;2025-12-13 13:13:49;2025-12-13 13:13:54;00:00:05;18:17:57;0;1;0;0;0;0;0;1;0;0;0;0;0;0;0;0;5;65404;0;0;0;0;5;65404;0;0;0;0;0;0;0;0;0;0;0;0;0;0;0;0;0;0;0;0;0;0;0;0;0;0;0;0;0;0;0;0;0;0;0;0;0;1;0;1;5;65406;5;65404;5;65406;5;65404;5;65405;5;65404;5;65404;5;65404;5;65405;5;65405;0;1;0;0;5;65406;5;65405;0;1;0;1;0;0;5;65405;0;1;0;1;5;65404;5;65404;0;1;0;0;5;65404;0;0;5;65404;0;0;5;65405;5;65405;0;0;0;0;0;0;0;0;0;0;0;0;5;65404;0;0;5;65404;5;65404;5;65404;0;0;0;0;0;0;5;65404;0;0;0;0;0;0;
2025-12-12 18:55:56;2025-12-13 13:13:54;2025-12-13 13:13:59;00:00:05;18:18:02;0;1;0;0;0;0;0;1;0;0;0;0;0;0;0;0;5;65409;0;0;0;0;5;65409;0;0;0;0;0;0;0;0;0;0;0;0;0;0;0;0;0;0;0;0;0;0;0;0;0;0;0;0;0;0;0;0;0;0;0;0;0;1;0;1;5;65411;5;65409;5;65411;5;65409;5;65410;5;65409;5;65409;5;65409;5;65410;5;65410;0;1;0;0;5;65411;5;65410;0;1;0;1;0;0;5;65410;0;1;0;1;5;65409;5;65409;0;1;0;0;5;65409;0;0;5;65409;0;0;5;65410;5;65410;0;0;0;0;0;0;0;0;0;0;0;0;5;65409;0;0;5;65409;5;65409;5;65409;0;0;0;0;0;0;5;65409;0;0;0;0;0;0;
2025-12-12 18:55:56;2025-12-13 13:13:59;2025-12-13 13:14:04;00:00:05;18:18:07;0;1;0;0;0;0;0;1;0;0;0;0;0;0;0;0;5;65414;0;0;0;0;5;65414;0;0;0;0;0;0;0;0;0;0;0;0;0;0;0;0;0;0;0;0;0;0;0;0;0;0;0;0;0;0;0;0;0;0;0;0;0;1;0;1;5;65416;5;65414;5;65416;5;65414;5;65415;5;65414;5;65414;5;65414;5;65415;5;65415;0;1;0;0;5;65416;5;65415;0;1;0;1;0;0;5;65415;0;1;0;1;5;65414;5;65414;0;1;0;0;5;65414;0;0;5;65414;0;0;5;65415;5;65415;0;0;0;0;0;0;0;0;0;0;0;0;5;65414;0;0;5;65414;5;65414;5;65414;0;0;0;0;0;0;5;65414;0;0;0;0;0;0;
2025-12-12 18:55:56;2025-12-13 13:14:04;2025-12-13 13:14:09;00:00:05;18:18:12;0;1;0;0;0;0;0;1;0;0;0;0;0;0;0;0;5;65419;0;0;0;0;5;65419;0;0;0;0;0;0;0;0;0;0;0;0;0;0;0;0;0;0;0;0;0;0;0;0;0;0;0;0;0;0;0;0;0;0;0;0;0;1;0;1;5;65421;5;65419;5;65421;5;65419;5;65420;5;65419;5;65419;5;65419;5;65420;5;65420;0;1;0;0;5;65421;5;65420;0;1;0;1;0;0;5;65420;0;1;0;1;5;65419;5;65419;0;1;0;0;5;65419;0;0;5;65419;0;0;5;65420;5;65420;0;0;0;0;0;0;0;0;0;0;0;0;5;65419;0;0;5;65419;5;65419;5;65419;0;0;0;0;0;0;5;65419;0;0;0;0;0;0;
2025-12-12 18:55:56;2025-12-13 13:14:09;2025-12-13 13:14:14;00:00:05;18:18:17;0;1;0;0;0;0;0;1;0;0;0;0;0;0;0;0;5;65424;0;0;0;0;5;65424;0;0;0;0;0;0;0;0;0;0;0;0;0;0;0;0;0;0;0;0;0;0;0;0;0;0;0;0;0;0;0;0;0;0;0;0;0;1;0;1;5;65426;5;65424;5;65426;5;65424;5;65425;5;65424;5;65424;5;65424;5;65425;5;65425;0;1;0;0;5;65426;5;65425;0;1;0;1;0;0;5;65425;0;1;0;1;5;65424;5;65424;0;1;0;0;5;65424;0;0;5;65424;0;0;5;65425;5;65425;0;0;0;0;0;0;0;0;0;0;0;0;5;65424;0;0;5;65424;5;65424;5;65424;0;0;0;0;0;0;5;65424;0;0;0;0;0;0;
2025-12-12 18:55:56;2025-12-13 13:14:14;2025-12-13 13:14:19;00:00:05;18:18:22;0;1;0;0;0;0;0;1;0;0;0;0;0;0;0;0;5;65429;0;0;0;0;5;65429;0;0;0;0;0;0;0;0;0;0;0;0;0;0;0;0;0;0;0;0;0;0;0;0;0;0;0;0;0;0;0;0;0;0;0;0;0;1;0;1;5;65431;5;65429;5;65431;5;65429;5;65430;5;65429;5;65429;5;65429;5;65430;5;65430;0;1;0;0;5;65431;5;65430;0;1;0;1;0;0;5;65430;0;1;0;1;5;65429;5;65429;0;1;0;0;5;65429;0;0;5;65429;0;0;5;65430;5;65430;0;0;0;0;0;0;0;0;0;0;0;0;5;65429;0;0;5;65429;5;65429;5;65429;0;0;0;0;0;0;5;65429;0;0;0;0;0;0;
2025-12-12 18:55:56;2025-12-13 13:14:19;2025-12-13 13:14:24;00:00:05;18:18:27;0;1;0;0;0;0;0;1;0;0;0;0;0;0;0;0;5;65434;0;0;0;0;5;65434;0;0;0;0;0;0;0;0;0;0;0;0;0;0;0;0;0;0;0;0;0;0;0;0;0;0;0;0;0;0;0;0;0;0;0;0;0;1;0;1;5;65436;5;65434;5;65436;5;65434;5;65435;5;65434;5;65434;5;65434;5;65435;5;65435;0;1;0;0;5;65436;5;65435;0;1;0;1;0;0;5;65435;0;1;0;1;5;65434;5;65434;0;1;0;0;5;65434;0;0;5;65434;0;0;5;65435;5;65435;0;0;0;0;0;0;0;0;0;0;0;0;5;65434;0;0;5;65434;5;65434;5;65434;0;0;0;0;0;0;5;65434;0;0;0;0;0;0;
2025-12-12 18:55:56;2025-12-13 13:14:24;2025-12-13 13:14:29;00:00:05;18:18:32;0;1;0;0;0;0;0;1;0;0;0;0;0;0;0;0;5;65439;0;0;0;0;5;65439;0;0;0;0;0;0;0;0;0;0;0;0;0;0;0;0;0;0;0;0;0;0;0;0;0;0;0;0;0;0;0;0;0;0;0;0;0;1;0;1;5;65441;5;65439;5;65441;5;65439;5;65440;5;65439;5;65439;5;65439;5;65440;5;65440;0;1;0;0;5;65441;5;65440;0;1;0;1;0;0;5;65440;0;1;0;1;5;65439;5;65439;0;1;0;0;5;65439;0;0;5;65439;0;0;5;65440;5;65440;0;0;0;0;0;0;0;0;0;0;0;0;5;65439;0;0;5;65439;5;65439;5;65439;0;0;0;0;0;0;5;65439;0;0;0;0;0;0;
2025-12-12 18:55:56;2025-12-13 13:14:29;2025-12-13 13:14:34;00:00:05;18:18:37;0;1;0;0;0;0;0;1;0;0;0;0;0;0;0;0;5;65444;0;0;0;0;5;65444;0;0;0;0;0;0;0;0;0;0;0;0;0;0;0;0;0;0;0;0;0;0;0;0;0;0;0;0;0;0;0;0;0;0;0;0;0;1;0;1;5;65446;5;65444;5;65446;5;65444;5;65445;5;65444;5;65444;5;65444;5;65445;5;65445;0;1;0;0;5;65446;5;65445;0;1;0;1;0;0;5;65445;0;1;0;1;5;65444;5;65444;0;1;0;0;5;65444;0;0;5;65444;0;0;5;65445;5;65445;0;0;0;0;0;0;0;0;0;0;0;0;5;65444;0;0;5;65444;5;65444;5;65444;0;0;0;0;0;0;5;65444;0;0;0;0;0;0;
2025-12-12 18:55:56;2025-12-13 13:14:34;2025-12-13 13:14:39;00:00:05;18:18:42;0;1;0;0;0;0;0;1;0;0;0;0;0;0;0;0;5;65449;0;0;0;0;5;65449;0;0;0;0;0;0;0;0;0;0;0;0;0;0;0;0;0;0;0;0;0;0;0;0;0;0;0;0;0;0;0;0;0;0;0;0;0;1;0;1;5;65451;5;65449;5;65451;5;65449;5;65450;5;65449;5;65449;5;65449;5;65450;5;65450;0;1;0;0;5;65451;5;65450;0;1;0;1;0;0;5;65450;0;1;0;1;5;65449;5;65449;0;1;0;0;5;65449;0;0;5;65449;0;0;5;65450;5;65450;0;0;0;0;0;0;0;0;0;0;0;0;5;65449;0;0;5;65449;5;65449;5;65449;0;0;0;0;0;0;5;65449;0;0;0;0;0;0;
2025-12-12 18:55:56;2025-12-13 13:14:39;2025-12-13 13:14:44;00:00:05;18:18:47;0;1;0;0;0;0;0;1;0;0;0;0;0;0;0;0;5;65454;0;0;0;0;5;65454;0;0;0;0;0;0;0;0;0;0;0;0;0;0;0;0;0;0;0;0;0;0;0;0;0;0;0;0;0;0;0;0;0;0;0;0;0;1;0;1;5;65456;5;65454;5;65456;5;65454;5;65455;5;65454;5;65454;5;65454;5;65455;5;65455;0;1;0;0;5;65456;5;65455;0;1;0;1;0;0;5;65455;0;1;0;1;5;65454;5;65454;0;1;0;0;5;65454;0;0;5;65454;0;0;5;65455;5;65455;0;0;0;0;0;0;0;0;0;0;0;0;5;65454;0;0;5;65454;5;65454;5;65454;0;0;0;0;0;0;5;65454;0;0;0;0;0;0;
2025-12-12 18:55:56;2025-12-13 13:14:44;2025-12-13 13:14:49;00:00:05;18:18:52;0;1;0;0;0;0;0;1;0;0;0;0;0;0;0;0;5;65459;0;0;0;0;5;65459;0;0;0;0;0;0;0;0;0;0;0;0;0;0;0;0;0;0;0;0;0;0;0;0;0;0;0;0;0;0;0;0;0;0;0;0;0;1;0;1;5;65461;5;65459;5;65461;5;65459;5;65460;5;65459;5;65459;5;65459;5;65460;5;65460;0;1;0;0;5;65461;5;65460;0;1;0;1;0;0;5;65460;0;1;0;1;5;65459;5;65459;0;1;0;0;5;65459;0;0;5;65459;0;0;5;65460;5;65460;0;0;0;0;0;0;0;0;0;0;0;0;5;65459;0;0;5;65459;5;65459;5;65459;0;0;0;0;0;0;5;65459;0;0;0;0;0;0;
2025-12-12 18:55:56;2025-12-13 13:14:49;2025-12-13 13:14:54;00:00:05;18:18:57;0;1;0;0;0;0;0;1;0;0;0;0;0;0;0;0;5;65464;0;0;0;0;5;65464;0;0;0;0;0;0;0;0;0;0;0;0;0;0;0;0;0;0;0;0;0;0;0;0;0;0;0;0;0;0;0;0;0;0;0;0;0;1;0;1;5;65466;5;65464;5;65466;5;65464;5;65465;5;65464;5;65464;5;65464;5;65465;5;65465;0;1;0;0;5;65466;5;65465;0;1;0;1;0;0;5;65465;0;1;0;1;5;65464;5;65464;0;1;0;0;5;65464;0;0;5;65464;0;0;5;65465;5;65465;0;0;0;0;0;0;0;0;0;0;0;0;5;65464;0;0;5;65464;5;65464;5;65464;0;0;0;0;0;0;5;65464;0;0;0;0;0;0;
2025-12-12 18:55:56;2025-12-13 13:14:54;2025-12-13 13:14:59;00:00:05;18:19:02;0;1;0;0;0;0;0;1;0;0;0;0;0;0;0;0;5;65469;0;0;0;0;5;65469;0;0;0;0;0;0;0;0;0;0;0;0;0;0;0;0;0;0;0;0;0;0;0;0;0;0;0;0;0;0;0;0;0;0;0;0;0;1;0;1;5;65471;5;65469;5;65471;5;65469;5;65470;5;65469;5;65469;5;65469;5;65470;5;65470;0;1;0;0;5;65471;5;65470;0;1;0;1;0;0;5;65470;0;1;0;1;5;65469;5;65469;0;1;0;0;5;65469;0;0;5;65469;0;0;5;65470;5;65470;0;0;0;0;0;0;0;0;0;0;0;0;5;65469;0;0;5;65469;5;65469;5;65469;0;0;0;0;0;0;5;65469;0;0;0;0;0;0;
2025-12-12 18:55:56;2025-12-13 13:14:59;2025-12-13 13:15:04;00:00:05;18:19:07;0;1;0;0;0;0;0;1;0;0;0;0;0;0;0;0;5;65474;0;0;0;0;5;65474;0;0;0;0;0;0;0;0;0;0;0;0;0;0;0;0;0;0;0;0;0;0;0;0;0;0;0;0;0;0;0;0;0;0;0;0;0;1;0;1;5;65476;5;65474;5;65476;5;65474;5;65475;5;65474;5;65474;5;65474;5;65475;5;65475;0;1;0;0;5;65476;5;65475;0;1;0;1;0;0;5;65475;0;1;0;1;5;65474;5;65474;0;1;0;0;5;65474;0;0;5;65474;0;0;5;65475;5;65475;0;0;0;0;0;0;0;0;0;0;0;0;5;65474;0;0;5;65474;5;65474;5;65474;0;0;0;0;0;0;5;65474;0;0;0;0;0;0;
2025-12-12 18:55:56;2025-12-13 13:15:04;2025-12-13 13:15:09;00:00:05;18:19:12;0;1;0;0;0;0;0;1;0;0;0;0;0;0;0;0;5;65479;0;0;0;0;5;65479;0;0;0;0;0;0;0;0;0;0;0;0;0;0;0;0;0;0;0;0;0;0;0;0;0;0;0;0;0;0;0;0;0;0;0;0;0;1;0;1;5;65481;5;65479;5;65481;5;65479;5;65480;5;65479;5;65479;5;65479;5;65480;5;65480;0;1;0;0;5;65481;5;65480;0;1;0;1;0;0;5;65480;0;1;0;1;5;65479;5;65479;0;1;0;0;5;65479;0;0;5;65479;0;0;5;65480;5;65480;0;0;0;0;0;0;0;0;0;0;0;0;5;65479;0;0;5;65479;5;65479;5;65479;0;0;0;0;0;0;5;65479;0;0;0;0;0;0;
2025-12-12 18:55:56;2025-12-13 13:15:09;2025-12-14 00:46:59;11:31:50;29:51:02;0;1;0;0;0;0;0;1;0;0;0;0;0;0;0;0;4;65483;0;0;0;0;4;65483;0;0;0;0;0;0;0;0;0;0;0;0;0;0;0;0;0;0;0;0;0;0;0;0;0;0;0;0;0;0;0;0;0;0;0;0;0;1;0;1;4;65485;4;65483;4;65485;4;65483;4;65484;4;65483;4;65483;4;65483;4;65484;4;65484;0;1;0;0;4;65485;4;65484;0;1;0;1;0;0;4;65484;0;1;0;1;4;65483;4;65483;0;1;0;0;4;65483;0;0;4;65483;0;0;4;65484;4;65484;0;0;0;0;0;0;0;0;0;0;0;0;4;65483;0;0;4;65483;4;65483;4;65483;0;0;0;0;0;0;4;65483;0;0;0;0;0;0;
2025-12-12 18:55:56;2025-12-14 00:46:59;2025-12-14 00:47:04;00:00:05;29:51:07;0;1;0;0;0;0;0;1;0;0;0;0;0;0;0;0;39956;105439;0;0;0;0;39956;105439;0;0;0;0;0;0;0;0;0;0;0;0;0;0;0;0;0;0;0;0;0;0;0;0;0;0;0;0;0;0;0;0;0;0;0;0;0;1;0;1;39956;105441;39956;105439;39956;105441;39956;105439;39956;105440;39956;105439;39956;105439;39956;105439;39956;105440;39956;105440;0;1;0;0;39956;105441;39956;105440;0;1;0;1;0;0;39956;105440;0;1;0;1;39956;105439;39956;105439;0;1;0;0;39956;105439;0;0;39956;105439;0;0;39956;105440;39956;105440;0;0;0;0;0;0;0;0;0;0;0;0;39956;105439;0;0;39956;105439;39956;105439;39956;105439;0;0;0;0;0;0;39956;105439;0;0;0;0;0;0;
2025-12-12 18:55:56;2025-12-14 00:47:04;2025-12-14 00:47:09;00:00:05;29:51:12;0;1;0;0;0;0;0;1;0;0;0;0;0;0;0;0;5;105444;0;0;0;0;5;105444;0;0;0;0;0;0;0;0;0;0;0;0;0;0;0;0;0;0;0;0;0;0;0;0;0;0;0;0;0;0;0;0;0;0;0;0;0;1;0;1;5;105446;5;105444;5;105446;5;105444;5;105445;5;105444;5;105444;5;105444;5;105445;5;105445;0;1;0;0;5;105446;5;105445;0;1;0;1;0;0;5;105445;0;1;0;1;5;105444;5;105444;0;1;0;0;5;105444;0;0;5;105444;0;0;5;105445;5;105445;0;0;0;0;0;0;0;0;0;0;0;0;5;105444;0;0;5;105444;5;105444;5;105444;0;0;0;0;0;0;5;105444;0;0;0;0;0;0;
2025-12-12 18:55:56;2025-12-14 00:47:09;2025-12-14 00:47:14;00:00:05;29:51:17;0;1;0;0;0;0;0;1;0;0;0;0;0;0;0;0;5;105449;0;0;0;0;5;105449;0;0;0;0;0;0;0;0;0;0;0;0;0;0;0;0;0;0;0;0;0;0;0;0;0;0;0;0;0;0;0;0;0;0;0;0;0;1;0;1;5;105451;5;105449;5;105451;5;105449;5;105450;5;105449;5;105449;5;105449;5;105450;5;105450;0;1;0;0;5;105451;5;105450;0;1;0;1;0;0;5;105450;0;1;0;1;5;105449;5;105449;0;1;0;0;5;105449;0;0;5;105449;0;0;5;105450;5;105450;0;0;0;0;0;0;0;0;0;0;0;0;5;105449;0;0;5;105449;5;105449;5;105449;0;0;0;0;0;0;5;105449;0;0;0;0;0;0;
2025-12-12 18:55:56;2025-12-14 00:47:14;2025-12-14 00:47:19;00:00:05;29:51:22;0;1;0;0;0;0;0;1;0;0;0;0;0;0;0;0;5;105454;0;0;0;0;5;105454;0;0;0;0;0;0;0;0;0;0;0;0;0;0;0;0;0;0;0;0;0;0;0;0;0;0;0;0;0;0;0;0;0;0;0;0;0;1;0;1;5;105456;5;105454;5;105456;5;105454;5;105455;5;105454;5;105454;5;105454;5;105455;5;105455;0;1;0;0;5;105456;5;105455;0;1;0;1;0;0;5;105455;0;1;0;1;5;105454;5;105454;0;1;0;0;5;105454;0;0;5;105454;0;0;5;105455;5;105455;0;0;0;0;0;0;0;0;0;0;0;0;5;105454;0;0;5;105454;5;105454;5;105454;0;0;0;0;0;0;5;105454;0;0;0;0;0;0;
2025-12-12 18:55:56;2025-12-14 00:47:19;2025-12-14 00:47:24;00:00:05;29:51:27;0;1;0;0;0;0;0;1;0;0;0;0;0;0;0;0;5;105459;0;0;0;0;5;105459;0;0;0;0;0;0;0;0;0;0;0;0;0;0;0;0;0;0;0;0;0;0;0;0;0;0;0;0;0;0;0;0;0;0;0;0;0;1;0;1;5;105461;5;105459;5;105461;5;105459;5;105460;5;105459;5;105459;5;105459;5;105460;5;105460;0;1;0;0;5;105461;5;105460;0;1;0;1;0;0;5;105460;0;1;0;1;5;105459;5;105459;0;1;0;0;5;105459;0;0;5;105459;0;0;5;105460;5;105460;0;0;0;0;0;0;0;0;0;0;0;0;5;105459;0;0;5;105459;5;105459;5;105459;0;0;0;0;0;0;5;105459;0;0;0;0;0;0;
2025-12-12 18:55:56;2025-12-14 00:47:24;2025-12-14 00:47:29;00:00:05;29:51:32;0;1;0;0;0;0;0;1;0;0;0;0;0;0;0;0;5;105464;0;0;0;0;5;105464;0;0;0;0;0;0;0;0;0;0;0;0;0;0;0;0;0;0;0;0;0;0;0;0;0;0;0;0;0;0;0;0;0;0;0;0;0;1;0;1;5;105466;5;105464;5;105466;5;105464;5;105465;5;105464;5;105464;5;105464;5;105465;5;105465;0;1;0;0;5;105466;5;105465;0;1;0;1;0;0;5;105465;0;1;0;1;5;105464;5;105464;0;1;0;0;5;105464;0;0;5;105464;0;0;5;105465;5;105465;0;0;0;0;0;0;0;0;0;0;0;0;5;105464;0;0;5;105464;5;105464;5;105464;0;0;0;0;0;0;5;105464;0;0;0;0;0;0;
2025-12-12 18:55:56;2025-12-14 00:47:29;2025-12-14 00:47:34;00:00:05;29:51:37;0;1;0;0;0;0;0;1;0;0;0;0;0;0;0;0;5;105469;0;0;0;0;5;105469;0;0;0;0;0;0;0;0;0;0;0;0;0;0;0;0;0;0;0;0;0;0;0;0;0;0;0;0;0;0;0;0;0;0;0;0;0;1;0;1;5;105471;5;105469;5;105471;5;105469;5;105470;5;105469;5;105469;5;105469;5;105470;5;105470;0;1;0;0;5;105471;5;105470;0;1;0;1;0;0;5;105470;0;1;0;1;5;105469;5;105469;0;1;0;0;5;105469;0;0;5;105469;0;0;5;105470;5;105470;0;0;0;0;0;0;0;0;0;0;0;0;5;105469;0;0;5;105469;5;105469;5;105469;0;0;0;0;0;0;5;105469;0;0;0;0;0;0;
2025-12-12 18:55:56;2025-12-14 00:47:34;2025-12-14 00:47:39;00:00:05;29:51:42;0;1;0;0;0;0;0;1;0;0;0;0;0;0;0;0;5;105474;0;0;0;0;5;105474;0;0;0;0;0;0;0;0;0;0;0;0;0;0;0;0;0;0;0;0;0;0;0;0;0;0;0;0;0;0;0;0;0;0;0;0;0;1;0;1;5;105476;5;105474;5;105476;5;105474;5;105475;5;105474;5;105474;5;105474;5;105475;5;105475;0;1;0;0;5;105476;5;105475;0;1;0;1;0;0;5;105475;0;1;0;1;5;105474;5;105474;0;1;0;0;5;105474;0;0;5;105474;0;0;5;105475;5;105475;0;0;0;0;0;0;0;0;0;0;0;0;5;105474;0;0;5;105474;5;105474;5;105474;0;0;0;0;0;0;5;105474;0;0;0;0;0;0;
2025-12-12 18:55:56;2025-12-14 00:47:39;2025-12-14 00:47:44;00:00:05;29:51:47;0;1;0;0;0;0;0;1;0;0;0;0;0;0;0;0;5;105479;0;0;0;0;5;105479;0;0;0;0;0;0;0;0;0;0;0;0;0;0;0;0;0;0;0;0;0;0;0;0;0;0;0;0;0;0;0;0;0;0;0;0;0;1;0;1;5;105481;5;105479;5;105481;5;105479;5;105480;5;105479;5;105479;5;105479;5;105480;5;105480;0;1;0;0;5;105481;5;105480;0;1;0;1;0;0;5;105480;0;1;0;1;5;105479;5;105479;0;1;0;0;5;105479;0;0;5;105479;0;0;5;105480;5;105480;0;0;0;0;0;0;0;0;0;0;0;0;5;105479;0;0;5;105479;5;105479;5;105479;0;0;0;0;0;0;5;105479;0;0;0;0;0;0;
2025-12-12 18:55:56;2025-12-14 00:47:44;2025-12-14 00:47:49;00:00:05;29:51:52;0;1;0;0;0;0;0;1;0;0;0;0;0;0;0;0;5;105484;0;0;0;0;5;105484;0;0;0;0;0;0;0;0;0;0;0;0;0;0;0;0;0;0;0;0;0;0;0;0;0;0;0;0;0;0;0;0;0;0;0;0;0;1;0;1;5;105486;5;105484;5;105486;5;105484;5;105485;5;105484;5;105484;5;105484;5;105485;5;105485;0;1;0;0;5;105486;5;105485;0;1;0;1;0;0;5;105485;0;1;0;1;5;105484;5;105484;0;1;0;0;5;105484;0;0;5;105484;0;0;5;105485;5;105485;0;0;0;0;0;0;0;0;0;0;0;0;5;105484;0;0;5;105484;5;105484;5;105484;0;0;0;0;0;0;5;105484;0;0;0;0;0;0;
2025-12-12 18:55:56;2025-12-14 00:47:49;2025-12-14 00:47:54;00:00:05;29:51:57;0;1;0;0;0;0;0;1;0;0;0;0;0;0;0;0;5;105489;0;0;0;0;5;105489;0;0;0;0;0;0;0;0;0;0;0;0;0;0;0;0;0;0;0;0;0;0;0;0;0;0;0;0;0;0;0;0;0;0;0;0;0;1;0;1;5;105491;5;105489;5;105491;5;105489;5;105490;5;105489;5;105489;5;105489;5;105490;5;105490;0;1;0;0;5;105491;5;105490;0;1;0;1;0;0;5;105490;0;1;0;1;5;105489;5;105489;0;1;0;0;5;105489;0;0;5;105489;0;0;5;105490;5;105490;0;0;0;0;0;0;0;0;0;0;0;0;5;105489;0;0;5;105489;5;105489;5;105489;0;0;0;0;0;0;5;105489;0;0;0;0;0;0;
2025-12-12 18:55:56;2025-12-14 00:47:54;2025-12-14 00:47:59;00:00:05;29:52:02;0;1;0;0;0;0;0;1;0;0;0;0;0;0;0;0;5;105494;0;0;0;0;5;105494;0;0;0;0;0;0;0;0;0;0;0;0;0;0;0;0;0;0;0;0;0;0;0;0;0;0;0;0;0;0;0;0;0;0;0;0;0;1;0;1;5;105496;5;105494;5;105496;5;105494;5;105495;5;105494;5;105494;5;105494;5;105495;5;105495;0;1;0;0;5;105496;5;105495;0;1;0;1;0;0;5;105495;0;1;0;1;5;105494;5;105494;0;1;0;0;5;105494;0;0;5;105494;0;0;5;105495;5;105495;0;0;0;0;0;0;0;0;0;0;0;0;5;105494;0;0;5;105494;5;105494;5;105494;0;0;0;0;0;0;5;105494;0;0;0;0;0;0;
2025-12-12 18:55:56;2025-12-14 00:47:59;2025-12-14 00:48:04;00:00:05;29:52:07;0;1;0;0;0;0;0;1;0;0;0;0;0;0;0;0;5;105499;0;0;0;0;5;105499;0;0;0;0;0;0;0;0;0;0;0;0;0;0;0;0;0;0;0;0;0;0;0;0;0;0;0;0;0;0;0;0;0;0;0;0;0;1;0;1;5;105501;5;105499;5;105501;5;105499;5;105500;5;105499;5;105499;5;105499;5;105500;5;105500;0;1;0;0;5;105501;5;105500;0;1;0;1;0;0;5;105500;0;1;0;1;5;105499;5;105499;0;1;0;0;5;105499;0;0;5;105499;0;0;5;105500;5;105500;0;0;0;0;0;0;0;0;0;0;0;0;5;105499;0;0;5;105499;5;105499;5;105499;0;0;0;0;0;0;5;105499;0;0;0;0;0;0;
2025-12-12 18:55:56;2025-12-14 00:48:04;2025-12-14 00:48:09;00:00:05;29:52:12;0;1;0;0;0;0;0;1;0;0;0;0;0;0;0;0;5;105504;0;0;0;0;5;105504;0;0;0;0;0;0;0;0;0;0;0;0;0;0;0;0;0;0;0;0;0;0;0;0;0;0;0;0;0;0;0;0;0;0;0;0;0;1;0;1;5;105506;5;105504;5;105506;5;105504;5;105505;5;105504;5;105504;5;105504;5;105505;5;105505;0;1;0;0;5;105506;5;105505;0;1;0;1;0;0;5;105505;0;1;0;1;5;105504;5;105504;0;1;0;0;5;105504;0;0;5;105504;0;0;5;105505;5;105505;0;0;0;0;0;0;0;0;0;0;0;0;5;105504;0;0;5;105504;5;105504;5;105504;0;0;0;0;0;0;5;105504;0;0;0;0;0;0;
2025-12-12 18:55:56;2025-12-14 00:48:09;2025-12-14 00:48:14;00:00:05;29:52:17;0;1;0;0;0;0;0;1;0;0;0;0;0;0;0;0;5;105509;0;0;0;0;5;105509;0;0;0;0;0;0;0;0;0;0;0;0;0;0;0;0;0;0;0;0;0;0;0;0;0;0;0;0;0;0;0;0;0;0;0;0;0;1;0;1;5;105511;5;105509;5;105511;5;105509;5;105510;5;105509;5;105509;5;105509;5;105510;5;105510;0;1;0;0;5;105511;5;105510;0;1;0;1;0;0;5;105510;0;1;0;1;5;105509;5;105509;0;1;0;0;5;105509;0;0;5;105509;0;0;5;105510;5;105510;0;0;0;0;0;0;0;0;0;0;0;0;5;105509;0;0;5;105509;5;105509;5;105509;0;0;0;0;0;0;5;105509;0;0;0;0;0;0;
2025-12-12 18:55:56;2025-12-14 00:48:14;2025-12-14 00:48:19;00:00:05;29:52:22;0;1;0;0;0;0;0;1;0;0;0;0;0;0;0;0;5;105514;0;0;0;0;5;105514;0;0;0;0;0;0;0;0;0;0;0;0;0;0;0;0;0;0;0;0;0;0;0;0;0;0;0;0;0;0;0;0;0;0;0;0;0;1;0;1;5;105516;5;105514;5;105516;5;105514;5;105515;5;105514;5;105514;5;105514;5;105515;5;105515;0;1;0;0;5;105516;5;105515;0;1;0;1;0;0;5;105515;0;1;0;1;5;105514;5;105514;0;1;0;0;5;105514;0;0;5;105514;0;0;5;105515;5;105515;0;0;0;0;0;0;0;0;0;0;0;0;5;105514;0;0;5;105514;5;105514;5;105514;0;0;0;0;0;0;5;105514;0;0;0;0;0;0;
2025-12-12 18:55:56;2025-12-14 00:48:19;2025-12-14 00:48:24;00:00:05;29:52:27;0;1;0;0;0;0;0;1;0;0;0;0;0;0;0;0;5;105519;0;0;0;0;5;105519;0;0;0;0;0;0;0;0;0;0;0;0;0;0;0;0;0;0;0;0;0;0;0;0;0;0;0;0;0;0;0;0;0;0;0;0;0;1;0;1;5;105521;5;105519;5;105521;5;105519;5;105520;5;105519;5;105519;5;105519;5;105520;5;105520;0;1;0;0;5;105521;5;105520;0;1;0;1;0;0;5;105520;0;1;0;1;5;105519;5;105519;0;1;0;0;5;105519;0;0;5;105519;0;0;5;105520;5;105520;0;0;0;0;0;0;0;0;0;0;0;0;5;105519;0;0;5;105519;5;105519;5;105519;0;0;0;0;0;0;5;105519;0;0;0;0;0;0;
2025-12-12 18:55:56;2025-12-14 00:48:24;2025-12-14 00:48:29;00:00:05;29:52:32;0;1;0;0;0;0;0;1;0;0;0;0;0;0;0;0;5;105524;0;0;0;0;5;105524;0;0;0;0;0;0;0;0;0;0;0;0;0;0;0;0;0;0;0;0;0;0;0;0;0;0;0;0;0;0;0;0;0;0;0;0;0;1;0;1;5;105526;5;105524;5;105526;5;105524;5;105525;5;105524;5;105524;5;105524;5;105525;5;105525;0;1;0;0;5;105526;5;105525;0;1;0;1;0;0;5;105525;0;1;0;1;5;105524;5;105524;0;1;0;0;5;105524;0;0;5;105524;0;0;5;105525;5;105525;0;0;0;0;0;0;0;0;0;0;0;0;5;105524;0;0;5;105524;5;105524;5;105524;0;0;0;0;0;0;5;105524;0;0;0;0;0;0;
2025-12-12 18:55:56;2025-12-14 00:48:29;2025-12-14 00:48:34;00:00:05;29:52:37;0;1;0;0;0;0;0;1;0;0;0;0;0;0;0;0;5;105529;0;0;0;0;5;105529;0;0;0;0;0;0;0;0;0;0;0;0;0;0;0;0;0;0;0;0;0;0;0;0;0;0;0;0;0;0;0;0;0;0;0;0;0;1;0;1;5;105531;5;105529;5;105531;5;105529;5;105530;5;105529;5;105529;5;105529;5;105530;5;105530;0;1;0;0;5;105531;5;105530;0;1;0;1;0;0;5;105530;0;1;0;1;5;105529;5;105529;0;1;0;0;5;105529;0;0;5;105529;0;0;5;105530;5;105530;0;0;0;0;0;0;0;0;0;0;0;0;5;105529;0;0;5;105529;5;105529;5;105529;0;0;0;0;0;0;5;105529;0;0;0;0;0;0;
2025-12-12 18:55:56;2025-12-14 00:48:34;2025-12-14 00:48:39;00:00:05;29:52:42;0;1;0;0;0;0;0;1;0;0;0;0;0;0;0;0;5;105534;0;0;0;0;5;105534;0;0;0;0;0;0;0;0;0;0;0;0;0;0;0;0;0;0;0;0;0;0;0;0;0;0;0;0;0;0;0;0;0;0;0;0;0;1;0;1;5;105536;5;105534;5;105536;5;105534;5;105535;5;105534;5;105534;5;105534;5;105535;5;105535;0;1;0;0;5;105536;5;105535;0;1;0;1;0;0;5;105535;0;1;0;1;5;105534;5;105534;0;1;0;0;5;105534;0;0;5;105534;0;0;5;105535;5;105535;0;0;0;0;0;0;0;0;0;0;0;0;5;105534;0;0;5;105534;5;105534;5;105534;0;0;0;0;0;0;5;105534;0;0;0;0;0;0;
2025-12-12 18:55:56;2025-12-14 00:48:39;2025-12-14 00:48:44;00:00:05;29:52:47;0;1;0;0;0;0;0;1;0;0;0;0;0;0;0;0;5;105539;0;0;0;0;5;105539;0;0;0;0;0;0;0;0;0;0;0;0;0;0;0;0;0;0;0;0;0;0;0;0;0;0;0;0;0;0;0;0;0;0;0;0;0;1;0;1;5;105541;5;105539;5;105541;5;105539;5;105540;5;105539;5;105539;5;105539;5;105540;5;105540;0;1;0;0;5;105541;5;105540;0;1;0;1;0;0;5;105540;0;1;0;1;5;105539;5;105539;0;1;0;0;5;105539;0;0;5;105539;0;0;5;105540;5;105540;0;0;0;0;0;0;0;0;0;0;0;0;5;105539;0;0;5;105539;5;105539;5;105539;0;0;0;0;0;0;5;105539;0;0;0;0;0;0;
2025-12-12 18:55:56;2025-12-14 00:48:44;2025-12-14 00:48:49;00:00:05;29:52:52;0;1;0;0;0;0;0;1;0;0;0;0;0;0;0;0;5;105544;0;0;0;0;5;105544;0;0;0;0;0;0;0;0;0;0;0;0;0;0;0;0;0;0;0;0;0;0;0;0;0;0;0;0;0;0;0;0;0;0;0;0;0;1;0;1;5;105546;5;105544;5;105546;5;105544;5;105545;5;105544;5;105544;5;105544;5;105545;5;105545;0;1;0;0;5;105546;5;105545;0;1;0;1;0;0;5;105545;0;1;0;1;5;105544;5;105544;0;1;0;0;5;105544;0;0;5;105544;0;0;5;105545;5;105545;0;0;0;0;0;0;0;0;0;0;0;0;5;105544;0;0;5;105544;5;105544;5;105544;0;0;0;0;0;0;5;105544;0;0;0;0;0;0;
2025-12-12 18:55:56;2025-12-14 00:48:49;2025-12-14 00:48:54;00:00:05;29:52:57;0;1;0;0;0;0;0;1;0;0;0;0;0;0;0;0;5;105549;0;0;0;0;5;105549;0;0;0;0;0;0;0;0;0;0;0;0;0;0;0;0;0;0;0;0;0;0;0;0;0;0;0;0;0;0;0;0;0;0;0;0;0;1;0;1;5;105551;5;105549;5;105551;5;105549;5;105550;5;105549;5;105549;5;105549;5;105550;5;105550;0;1;0;0;5;105551;5;105550;0;1;0;1;0;0;5;105550;0;1;0;1;5;105549;5;105549;0;1;0;0;5;105549;0;0;5;105549;0;0;5;105550;5;105550;0;0;0;0;0;0;0;0;0;0;0;0;5;105549;0;0;5;105549;5;105549;5;105549;0;0;0;0;0;0;5;105549;0;0;0;0;0;0;
2025-12-12 18:55:56;2025-12-14 00:48:54;2025-12-14 00:48:59;00:00:05;29:53:02;0;1;0;0;0;0;0;1;0;0;0;0;0;0;0;0;5;105554;0;0;0;0;5;105554;0;0;0;0;0;0;0;0;0;0;0;0;0;0;0;0;0;0;0;0;0;0;0;0;0;0;0;0;0;0;0;0;0;0;0;0;0;1;0;1;5;105556;5;105554;5;105556;5;105554;5;105555;5;105554;5;105554;5;105554;5;105555;5;105555;0;1;0;0;5;105556;5;105555;0;1;0;1;0;0;5;105555;0;1;0;1;5;105554;5;105554;0;1;0;0;5;105554;0;0;5;105554;0;0;5;105555;5;105555;0;0;0;0;0;0;0;0;0;0;0;0;5;105554;0;0;5;105554;5;105554;5;105554;0;0;0;0;0;0;5;105554;0;0;0;0;0;0;
2025-12-12 18:55:56;2025-12-14 00:48:59;2025-12-14 00:49:04;00:00:05;29:53:07;0;1;0;0;0;0;0;1;0;0;0;0;0;0;0;0;5;105559;0;0;0;0;5;105559;0;0;0;0;0;0;0;0;0;0;0;0;0;0;0;0;0;0;0;0;0;0;0;0;0;0;0;0;0;0;0;0;0;0;0;0;0;1;0;1;5;105561;5;105559;5;105561;5;105559;5;105560;5;105559;5;105559;5;105559;5;105560;5;105560;0;1;0;0;5;105561;5;105560;0;1;0;1;0;0;5;105560;0;1;0;1;5;105559;5;105559;0;1;0;0;5;105559;0;0;5;105559;0;0;5;105560;5;105560;0;0;0;0;0;0;0;0;0;0;0;0;5;105559;0;0;5;105559;5;105559;5;105559;0;0;0;0;0;0;5;105559;0;0;0;0;0;0;
2025-12-12 18:55:56;2025-12-14 00:49:04;2025-12-14 00:49:09;00:00:05;29:53:12;0;1;0;0;0;0;0;1;0;0;0;0;0;0;0;0;5;105564;0;0;0;0;5;105564;0;0;0;0;0;0;0;0;0;0;0;0;0;0;0;0;0;0;0;0;0;0;0;0;0;0;0;0;0;0;0;0;0;0;0;0;0;1;0;1;5;105566;5;105564;5;105566;5;105564;5;105565;5;105564;5;105564;5;105564;5;105565;5;105565;0;1;0;0;5;105566;5;105565;0;1;0;1;0;0;5;105565;0;1;0;1;5;105564;5;105564;0;1;0;0;5;105564;0;0;5;105564;0;0;5;105565;5;105565;0;0;0;0;0;0;0;0;0;0;0;0;5;105564;0;0;5;105564;5;105564;5;105564;0;0;0;0;0;0;5;105564;0;0;0;0;0;0;
2025-12-12 18:55:56;2025-12-14 00:49:09;2025-12-14 00:49:14;00:00:05;29:53:17;0;1;0;0;0;0;0;1;0;0;0;0;0;0;0;0;5;105569;0;0;0;0;5;105569;0;0;0;0;0;0;0;0;0;0;0;0;0;0;0;0;0;0;0;0;0;0;0;0;0;0;0;0;0;0;0;0;0;0;0;0;0;1;0;1;5;105571;5;105569;5;105571;5;105569;5;105570;5;105569;5;105569;5;105569;5;105570;5;105570;0;1;0;0;5;105571;5;105570;0;1;0;1;0;0;5;105570;0;1;0;1;5;105569;5;105569;0;1;0;0;5;105569;0;0;5;105569;0;0;5;105570;5;105570;0;0;0;0;0;0;0;0;0;0;0;0;5;105569;0;0;5;105569;5;105569;5;105569;0;0;0;0;0;0;5;105569;0;0;0;0;0;0;
2025-12-12 18:55:56;2025-12-14 00:49:14;2025-12-14 00:49:19;00:00:05;29:53:22;0;1;0;0;0;0;0;1;0;0;0;0;0;0;0;0;5;105574;0;0;0;0;5;105574;0;0;0;0;0;0;0;0;0;0;0;0;0;0;0;0;0;0;0;0;0;0;0;0;0;0;0;0;0;0;0;0;0;0;0;0;0;1;0;1;5;105576;5;105574;5;105576;5;105574;5;105575;5;105574;5;105574;5;105574;5;105575;5;105575;0;1;0;0;5;105576;5;105575;0;1;0;1;0;0;5;105575;0;1;0;1;5;105574;5;105574;0;1;0;0;5;105574;0;0;5;105574;0;0;5;105575;5;105575;0;0;0;0;0;0;0;0;0;0;0;0;5;105574;0;0;5;105574;5;105574;5;105574;0;0;0;0;0;0;5;105574;0;0;0;0;0;0;
2025-12-12 18:55:56;2025-12-14 00:49:19;2025-12-14 00:49:24;00:00:05;29:53:27;0;1;0;0;0;0;0;1;0;0;0;0;0;0;0;0;5;105579;0;0;0;0;5;105579;0;0;0;0;0;0;0;0;0;0;0;0;0;0;0;0;0;0;0;0;0;0;0;0;0;0;0;0;0;0;0;0;0;0;0;0;0;1;0;1;5;105581;5;105579;5;105581;5;105579;5;105580;5;105579;5;105579;5;105579;5;105580;5;105580;0;1;0;0;5;105581;5;105580;0;1;0;1;0;0;5;105580;0;1;0;1;5;105579;5;105579;0;1;0;0;5;105579;0;0;5;105579;0;0;5;105580;5;105580;0;0;0;0;0;0;0;0;0;0;0;0;5;105579;0;0;5;105579;5;105579;5;105579;0;0;0;0;0;0;5;105579;0;0;0;0;0;0;
2025-12-12 18:55:56;2025-12-14 00:49:24;2025-12-14 00:49:29;00:00:05;29:53:32;0;1;0;0;0;0;0;1;0;0;0;0;0;0;0;0;5;105584;0;0;0;0;5;105584;0;0;0;0;0;0;0;0;0;0;0;0;0;0;0;0;0;0;0;0;0;0;0;0;0;0;0;0;0;0;0;0;0;0;0;0;0;1;0;1;5;105586;5;105584;5;105586;5;105584;5;105585;5;105584;5;105584;5;105584;5;105585;5;105585;0;1;0;0;5;105586;5;105585;0;1;0;1;0;0;5;105585;0;1;0;1;5;105584;5;105584;0;1;0;0;5;105584;0;0;5;105584;0;0;5;105585;5;105585;0;0;0;0;0;0;0;0;0;0;0;0;5;105584;0;0;5;105584;5;105584;5;105584;0;0;0;0;0;0;5;105584;0;0;0;0;0;0;
2025-12-12 18:55:56;2025-12-14 00:49:29;2025-12-14 00:49:34;00:00:05;29:53:37;0;1;0;0;0;0;0;1;0;0;0;0;0;0;0;0;5;105589;0;0;0;0;5;105589;0;0;0;0;0;0;0;0;0;0;0;0;0;0;0;0;0;0;0;0;0;0;0;0;0;0;0;0;0;0;0;0;0;0;0;0;0;1;0;1;5;105591;5;105589;5;105591;5;105589;5;105590;5;105589;5;105589;5;105589;5;105590;5;105590;0;1;0;0;5;105591;5;105590;0;1;0;1;0;0;5;105590;0;1;0;1;5;105589;5;105589;0;1;0;0;5;105589;0;0;5;105589;0;0;5;105590;5;105590;0;0;0;0;0;0;0;0;0;0;0;0;5;105589;0;0;5;105589;5;105589;5;105589;0;0;0;0;0;0;5;105589;0;0;0;0;0;0;
2025-12-12 18:55:56;2025-12-14 00:49:34;2025-12-14 00:49:39;00:00:05;29:53:42;0;1;0;0;0;0;0;1;0;0;0;0;0;0;0;0;5;105594;0;0;0;0;5;105594;0;0;0;0;0;0;0;0;0;0;0;0;0;0;0;0;0;0;0;0;0;0;0;0;0;0;0;0;0;0;0;0;0;0;0;0;0;1;0;1;5;105596;5;105594;5;105596;5;105594;5;105595;5;105594;5;105594;5;105594;5;105595;5;105595;0;1;0;0;5;105596;5;105595;0;1;0;1;0;0;5;105595;0;1;0;1;5;105594;5;105594;0;1;0;0;5;105594;0;0;5;105594;0;0;5;105595;5;105595;0;0;0;0;0;0;0;0;0;0;0;0;5;105594;0;0;5;105594;5;105594;5;105594;0;0;0;0;0;0;5;105594;0;0;0;0;0;0;
2025-12-12 18:55:56;2025-12-14 00:49:39;2025-12-14 00:49:44;00:00:05;29:53:47;0;1;0;0;0;0;0;1;0;0;0;0;0;0;0;0;5;105599;0;0;0;0;5;105599;0;0;0;0;0;0;0;0;0;0;0;0;0;0;0;0;0;0;0;0;0;0;0;0;0;0;0;0;0;0;0;0;0;0;0;0;0;1;0;1;5;105601;5;105599;5;105601;5;105599;5;105600;5;105599;5;105599;5;105599;5;105600;5;105600;0;1;0;0;5;105601;5;105600;0;1;0;1;0;0;5;105600;0;1;0;1;5;105599;5;105599;0;1;0;0;5;105599;0;0;5;105599;0;0;5;105600;5;105600;0;0;0;0;0;0;0;0;0;0;0;0;5;105599;0;0;5;105599;5;105599;5;105599;0;0;0;0;0;0;5;105599;0;0;0;0;0;0;
2025-12-12 18:55:56;2025-12-14 00:49:44;2025-12-14 00:49:49;00:00:05;29:53:52;0;1;0;0;0;0;0;1;0;0;0;0;0;0;0;0;5;105604;0;0;0;0;5;105604;0;0;0;0;0;0;0;0;0;0;0;0;0;0;0;0;0;0;0;0;0;0;0;0;0;0;0;0;0;0;0;0;0;0;0;0;0;1;0;1;5;105606;5;105604;5;105606;5;105604;5;105605;5;105604;5;105604;5;105604;5;105605;5;105605;0;1;0;0;5;105606;5;105605;0;1;0;1;0;0;5;105605;0;1;0;1;5;105604;5;105604;0;1;0;0;5;105604;0;0;5;105604;0;0;5;105605;5;105605;0;0;0;0;0;0;0;0;0;0;0;0;5;105604;0;0;5;105604;5;105604;5;105604;0;0;0;0;0;0;5;105604;0;0;0;0;0;0;
2025-12-12 18:55:56;2025-12-14 00:49:49;2025-12-14 00:49:54;00:00:05;29:53:57;0;1;0;0;0;0;0;1;0;0;0;0;0;0;0;0;5;105609;0;0;0;0;5;105609;0;0;0;0;0;0;0;0;0;0;0;0;0;0;0;0;0;0;0;0;0;0;0;0;0;0;0;0;0;0;0;0;0;0;0;0;0;1;0;1;5;105611;5;105609;5;105611;5;105609;5;105610;5;105609;5;105609;5;105609;5;105610;5;105610;0;1;0;0;5;105611;5;105610;0;1;0;1;0;0;5;105610;0;1;0;1;5;105609;5;105609;0;1;0;0;5;105609;0;0;5;105609;0;0;5;105610;5;105610;0;0;0;0;0;0;0;0;0;0;0;0;5;105609;0;0;5;105609;5;105609;5;105609;0;0;0;0;0;0;5;105609;0;0;0;0;0;0;
2025-12-12 18:55:56;2025-12-14 00:49:54;2025-12-14 00:49:59;00:00:05;29:54:02;0;1;0;0;0;0;0;1;0;0;0;0;0;0;0;0;5;105614;0;0;0;0;5;105614;0;0;0;0;0;0;0;0;0;0;0;0;0;0;0;0;0;0;0;0;0;0;0;0;0;0;0;0;0;0;0;0;0;0;0;0;0;1;0;1;5;105616;5;105614;5;105616;5;105614;5;105615;5;105614;5;105614;5;105614;5;105615;5;105615;0;1;0;0;5;105616;5;105615;0;1;0;1;0;0;5;105615;0;1;0;1;5;105614;5;105614;0;1;0;0;5;105614;0;0;5;105614;0;0;5;105615;5;105615;0;0;0;0;0;0;0;0;0;0;0;0;5;105614;0;0;5;105614;5;105614;5;105614;0;0;0;0;0;0;5;105614;0;0;0;0;0;0;
2025-12-12 18:55:56;2025-12-14 00:49:59;2025-12-14 00:50:04;00:00:05;29:54:07;0;1;0;0;0;0;0;1;0;0;0;0;0;0;0;0;5;105619;0;0;0;0;5;105619;0;0;0;0;0;0;0;0;0;0;0;0;0;0;0;0;0;0;0;0;0;0;0;0;0;0;0;0;0;0;0;0;0;0;0;0;0;1;0;1;5;105621;5;105619;5;105621;5;105619;5;105620;5;105619;5;105619;5;105619;5;105620;5;105620;0;1;0;0;5;105621;5;105620;0;1;0;1;0;0;5;105620;0;1;0;1;5;105619;5;105619;0;1;0;0;5;105619;0;0;5;105619;0;0;5;105620;5;105620;0;0;0;0;0;0;0;0;0;0;0;0;5;105619;0;0;5;105619;5;105619;5;105619;0;0;0;0;0;0;5;105619;0;0;0;0;0;0;
2025-12-12 18:55:56;2025-12-14 00:50:04;2025-12-14 00:50:09;00:00:05;29:54:12;0;1;0;0;0;0;0;1;0;0;0;0;0;0;0;0;5;105624;0;0;0;0;5;105624;0;0;0;0;0;0;0;0;0;0;0;0;0;0;0;0;0;0;0;0;0;0;0;0;0;0;0;0;0;0;0;0;0;0;0;0;0;1;0;1;5;105626;5;105624;5;105626;5;105624;5;105625;5;105624;5;105624;5;105624;5;105625;5;105625;0;1;0;0;5;105626;5;105625;0;1;0;1;0;0;5;105625;0;1;0;1;5;105624;5;105624;0;1;0;0;5;105624;0;0;5;105624;0;0;5;105625;5;105625;0;0;0;0;0;0;0;0;0;0;0;0;5;105624;0;0;5;105624;5;105624;5;105624;0;0;0;0;0;0;5;105624;0;0;0;0;0;0;
2025-12-12 18:55:56;2025-12-14 00:50:09;2025-12-14 00:50:14;00:00:05;29:54:17;0;1;0;0;0;0;0;1;0;0;0;0;0;0;0;0;5;105629;0;0;0;0;5;105629;0;0;0;0;0;0;0;0;0;0;0;0;0;0;0;0;0;0;0;0;0;0;0;0;0;0;0;0;0;0;0;0;0;0;0;0;0;1;0;1;5;105631;5;105629;5;105631;5;105629;5;105630;5;105629;5;105629;5;105629;5;105630;5;105630;0;1;0;0;5;105631;5;105630;0;1;0;1;0;0;5;105630;0;1;0;1;5;105629;5;105629;0;1;0;0;5;105629;0;0;5;105629;0;0;5;105630;5;105630;0;0;0;0;0;0;0;0;0;0;0;0;5;105629;0;0;5;105629;5;105629;5;105629;0;0;0;0;0;0;5;105629;0;0;0;0;0;0;
2025-12-12 18:55:56;2025-12-14 00:50:14;2025-12-14 00:50:19;00:00:05;29:54:22;0;1;0;0;0;0;0;1;0;0;0;0;0;0;0;0;5;105634;0;0;0;0;5;105634;0;0;0;0;0;0;0;0;0;0;0;0;0;0;0;0;0;0;0;0;0;0;0;0;0;0;0;0;0;0;0;0;0;0;0;0;0;1;0;1;5;105636;5;105634;5;105636;5;105634;5;105635;5;105634;5;105634;5;105634;5;105635;5;105635;0;1;0;0;5;105636;5;105635;0;1;0;1;0;0;5;105635;0;1;0;1;5;105634;5;105634;0;1;0;0;5;105634;0;0;5;105634;0;0;5;105635;5;105635;0;0;0;0;0;0;0;0;0;0;0;0;5;105634;0;0;5;105634;5;105634;5;105634;0;0;0;0;0;0;5;105634;0;0;0;0;0;0;
2025-12-12 18:55:56;2025-12-14 00:50:19;2025-12-14 00:50:24;00:00:05;29:54:27;0;1;0;0;0;0;0;1;0;0;0;0;0;0;0;0;5;105639;0;0;0;0;5;105639;0;0;0;0;0;0;0;0;0;0;0;0;0;0;0;0;0;0;0;0;0;0;0;0;0;0;0;0;0;0;0;0;0;0;0;0;0;1;0;1;5;105641;5;105639;5;105641;5;105639;5;105640;5;105639;5;105639;5;105639;5;105640;5;105640;0;1;0;0;5;105641;5;105640;0;1;0;1;0;0;5;105640;0;1;0;1;5;105639;5;105639;0;1;0;0;5;105639;0;0;5;105639;0;0;5;105640;5;105640;0;0;0;0;0;0;0;0;0;0;0;0;5;105639;0;0;5;105639;5;105639;5;105639;0;0;0;0;0;0;5;105639;0;0;0;0;0;0;
2025-12-12 18:55:56;2025-12-14 00:50:24;2025-12-14 00:50:29;00:00:05;29:54:32;0;1;0;0;0;0;0;1;0;0;0;0;0;0;0;0;5;105644;0;0;0;0;5;105644;0;0;0;0;0;0;0;0;0;0;0;0;0;0;0;0;0;0;0;0;0;0;0;0;0;0;0;0;0;0;0;0;0;0;0;0;0;1;0;1;5;105646;5;105644;5;105646;5;105644;5;105645;5;105644;5;105644;5;105644;5;105645;5;105645;0;1;0;0;5;105646;5;105645;0;1;0;1;0;0;5;105645;0;1;0;1;5;105644;5;105644;0;1;0;0;5;105644;0;0;5;105644;0;0;5;105645;5;105645;0;0;0;0;0;0;0;0;0;0;0;0;5;105644;0;0;5;105644;5;105644;5;105644;0;0;0;0;0;0;5;105644;0;0;0;0;0;0;
2025-12-12 18:55:56;2025-12-14 00:50:29;2025-12-14 00:50:34;00:00:05;29:54:37;0;1;0;0;0;0;0;1;0;0;0;0;0;0;0;0;5;105649;0;0;0;0;5;105649;0;0;0;0;0;0;0;0;0;0;0;0;0;0;0;0;0;0;0;0;0;0;0;0;0;0;0;0;0;0;0;0;0;0;0;0;0;1;0;1;5;105651;5;105649;5;105651;5;105649;5;105650;5;105649;5;105649;5;105649;5;105650;5;105650;0;1;0;0;5;105651;5;105650;0;1;0;1;0;0;5;105650;0;1;0;1;5;105649;5;105649;0;1;0;0;5;105649;0;0;5;105649;0;0;5;105650;5;105650;0;0;0;0;0;0;0;0;0;0;0;0;5;105649;0;0;5;105649;5;105649;5;105649;0;0;0;0;0;0;5;105649;0;0;0;0;0;0;
2025-12-12 18:55:56;2025-12-14 00:50:34;2025-12-14 00:50:39;00:00:05;29:54:42;0;1;0;0;0;0;0;1;0;0;0;0;0;0;0;0;5;105654;0;0;0;0;5;105654;0;0;0;0;0;0;0;0;0;0;0;0;0;0;0;0;0;0;0;0;0;0;0;0;0;0;0;0;0;0;0;0;0;0;0;0;0;1;0;1;5;105656;5;105654;5;105656;5;105654;5;105655;5;105654;5;105654;5;105654;5;105655;5;105655;0;1;0;0;5;105656;5;105655;0;1;0;1;0;0;5;105655;0;1;0;1;5;105654;5;105654;0;1;0;0;5;105654;0;0;5;105654;0;0;5;105655;5;105655;0;0;0;0;0;0;0;0;0;0;0;0;5;105654;0;0;5;105654;5;105654;5;105654;0;0;0;0;0;0;5;105654;0;0;0;0;0;0;
2025-12-12 18:55:56;2025-12-14 00:50:39;2025-12-14 00:50:44;00:00:05;29:54:47;0;1;0;0;0;0;0;1;0;0;0;0;0;0;0;0;5;105659;0;0;0;0;5;105659;0;0;0;0;0;0;0;0;0;0;0;0;0;0;0;0;0;0;0;0;0;0;0;0;0;0;0;0;0;0;0;0;0;0;0;0;0;1;0;1;5;105661;5;105659;5;105661;5;105659;5;105660;5;105659;5;105659;5;105659;5;105660;5;105660;0;1;0;0;5;105661;5;105660;0;1;0;1;0;0;5;105660;0;1;0;1;5;105659;5;105659;0;1;0;0;5;105659;0;0;5;105659;0;0;5;105660;5;105660;0;0;0;0;0;0;0;0;0;0;0;0;5;105659;0;0;5;105659;5;105659;5;105659;0;0;0;0;0;0;5;105659;0;0;0;0;0;0;
2025-12-12 18:55:56;2025-12-14 00:50:44;2025-12-14 00:50:49;00:00:05;29:54:52;0;1;0;0;0;0;0;1;0;0;0;0;0;0;0;0;5;105664;0;0;0;0;5;105664;0;0;0;0;0;0;0;0;0;0;0;0;0;0;0;0;0;0;0;0;0;0;0;0;0;0;0;0;0;0;0;0;0;0;0;0;0;1;0;1;5;105666;5;105664;5;105666;5;105664;5;105665;5;105664;5;105664;5;105664;5;105665;5;105665;0;1;0;0;5;105666;5;105665;0;1;0;1;0;0;5;105665;0;1;0;1;5;105664;5;105664;0;1;0;0;5;105664;0;0;5;105664;0;0;5;105665;5;105665;0;0;0;0;0;0;0;0;0;0;0;0;5;105664;0;0;5;105664;5;105664;5;105664;0;0;0;0;0;0;5;105664;0;0;0;0;0;0;
2025-12-12 18:55:56;2025-12-14 00:50:49;2025-12-14 00:50:54;00:00:05;29:54:57;0;1;0;0;0;0;0;1;0;0;0;0;0;0;0;0;5;105669;0;0;0;0;5;105669;0;0;0;0;0;0;0;0;0;0;0;0;0;0;0;0;0;0;0;0;0;0;0;0;0;0;0;0;0;0;0;0;0;0;0;0;0;1;0;1;5;105671;5;105669;5;105671;5;105669;5;105670;5;105669;5;105669;5;105669;5;105670;5;105670;0;1;0;0;5;105671;5;105670;0;1;0;1;0;0;5;105670;0;1;0;1;5;105669;5;105669;0;1;0;0;5;105669;0;0;5;105669;0;0;5;105670;5;105670;0;0;0;0;0;0;0;0;0;0;0;0;5;105669;0;0;5;105669;5;105669;5;105669;0;0;0;0;0;0;5;105669;0;0;0;0;0;0;
2025-12-12 18:55:56;2025-12-14 00:50:54;2025-12-14 00:50:59;00:00:05;29:55:02;0;1;0;0;0;0;0;1;0;0;0;0;0;0;0;0;5;105674;0;0;0;0;5;105674;0;0;0;0;0;0;0;0;0;0;0;0;0;0;0;0;0;0;0;0;0;0;0;0;0;0;0;0;0;0;0;0;0;0;0;0;0;1;0;1;5;105676;5;105674;5;105676;5;105674;5;105675;5;105674;5;105674;5;105674;5;105675;5;105675;0;1;0;0;5;105676;5;105675;0;1;0;1;0;0;5;105675;0;1;0;1;5;105674;5;105674;0;1;0;0;5;105674;0;0;5;105674;0;0;5;105675;5;105675;0;0;0;0;0;0;0;0;0;0;0;0;5;105674;0;0;5;105674;5;105674;5;105674;0;0;0;0;0;0;5;105674;0;0;0;0;0;0;
2025-12-12 18:55:56;2025-12-14 00:50:59;2025-12-14 00:51:04;00:00:05;29:55:07;0;1;0;0;0;0;0;1;0;0;0;0;0;0;0;0;5;105679;0;0;0;0;5;105679;0;0;0;0;0;0;0;0;0;0;0;0;0;0;0;0;0;0;0;0;0;0;0;0;0;0;0;0;0;0;0;0;0;0;0;0;0;1;0;1;5;105681;5;105679;5;105681;5;105679;5;105680;5;105679;5;105679;5;105679;5;105680;5;105680;0;1;0;0;5;105681;5;105680;0;1;0;1;0;0;5;105680;0;1;0;1;5;105679;5;105679;0;1;0;0;5;105679;0;0;5;105679;0;0;5;105680;5;105680;0;0;0;0;0;0;0;0;0;0;0;0;5;105679;0;0;5;105679;5;105679;5;105679;0;0;0;0;0;0;5;105679;0;0;0;0;0;0;
2025-12-12 18:55:56;2025-12-14 00:51:04;2025-12-14 00:51:09;00:00:05;29:55:12;0;1;0;0;0;0;0;1;0;0;0;0;0;0;0;0;5;105684;0;0;0;0;5;105684;0;0;0;0;0;0;0;0;0;0;0;0;0;0;0;0;0;0;0;0;0;0;0;0;0;0;0;0;0;0;0;0;0;0;0;0;0;1;0;1;5;105686;5;105684;5;105686;5;105684;5;105685;5;105684;5;105684;5;105684;5;105685;5;105685;0;1;0;0;5;105686;5;105685;0;1;0;1;0;0;5;105685;0;1;0;1;5;105684;5;105684;0;1;0;0;5;105684;0;0;5;105684;0;0;5;105685;5;105685;0;0;0;0;0;0;0;0;0;0;0;0;5;105684;0;0;5;105684;5;105684;5;105684;0;0;0;0;0;0;5;105684;0;0;0;0;0;0;
2025-12-12 18:55:56;2025-12-14 00:51:09;2025-12-14 00:51:14;00:00:05;29:55:17;0;1;0;0;0;0;0;1;0;0;0;0;0;0;0;0;3;105687;0;0;0;0;3;105687;0;0;0;0;0;0;0;0;0;0;0;0;0;0;0;0;0;0;0;0;0;0;0;0;0;0;0;0;0;0;0;0;0;0;0;0;0;1;0;1;3;105689;3;105687;3;105689;3;105687;3;105688;3;105687;3;105687;3;105687;3;105688;3;105688;0;1;0;0;3;105689;3;105688;0;1;0;1;0;0;3;105688;0;1;0;1;3;105687;3;105687;0;1;0;0;3;105687;0;0;3;105687;0;0;3;105688;3;105688;0;0;0;0;0;0;0;0;0;0;0;0;3;105687;0;0;3;105687;3;105687;3;105687;0;0;0;0;0;0;3;105687;0;0;0;0;0;0;
2025-12-12 18:55:56;2025-12-14 00:51:14;2025-12-14 00:51:16;00:00:02;29:55:20;0;1;0;0;0;0;0;1;0;0;0;0;0;0;0;0;0;105687;0;0;0;0;0;105687;0;0;0;0;0;0;0;0;0;0;0;0;0;0;0;0;0;0;0;0;0;0;0;0;0;0;0;0;0;0;0;0;0;0;0;0;0;1;0;1;0;105689;0;105687;0;105689;0;105687;0;105688;0;105687;0;105687;0;105687;0;105688;0;105688;0;1;0;0;0;105689;0;105688;0;1;0;1;0;0;0;105688;0;1;0;1;0;105687;0;105687;0;1;0;0;0;105687;0;0;0;105687;0;0;0;105688;0;105688;0;0;0;0;0;0;0;0;0;0;0;0;0;105687;0;0;0;105687;0;105687;0;105687;0;0;0;0;0;0;0;105687;0;0;0;0;0;0;
